"ID","Version","GenBank.title","Release.date","Organism.name","Virus.Lineage","Species","Family","Length","Submitters","Strain","Isolate_x","Geo.location","Country","Collection.date","Tissue.Specimen.Source","Host","Environmental","CDS.count","Artificial","UNVERIFIED","X1A","X1A.strand","X1B","X1B.strand","X2","X2.strand","class","clade_color","color"
"PX237222","PX237222.1","Pigeon astrovirus isolate pigeon/FSU1, complete genome","08-SEP-2025","Pigeon astrovirus","Viruses;Riboviria;Orthornavirae;Pisuviricota;Stelpaviricetes;Stellavirales;Astroviridae","","Astroviridae",6960,"Chen,J., Tan,S., Lu,Q. and Wang,X.","","pigeon/FSU1","China",NA,"04-Jul-2025","","Pigeon","No",3,"No","No","86-3098",1,"3091-4618",1,"4636-6682",1,"Aves","P",NA
"PV793827","PV793827.1","MAG: Astroviridae sp. isolate AstroviridaeCranefe81 ORF1a-like, ORF1b-like, and ORF2-like genes, complete sequence","16-JUL-2025","Astroviridae sp.","Viruses;Riboviria;Orthornavirae;Pisuviricota;Stelpaviricetes;Stellavirales;Astroviridae","","Astroviridae",7275,"Gao,J. and Ni,B.","","AstroviridaeCranefe81","China",NA,"Jan-2024","Siberian crane feces","Leucogeranus leucogeranus","Yes",0,"No","No","100-3406",1,"3390-4938",1,"4931-7178",1,"Aves","B",NA
"PV793829","PV793829.1","MAG: Avastrovirus sp. isolate AstroviridaeGoosefe94 ORF1a-like, ORF1b-like, and ORF2-like genes, complete sequence","16-JUL-2025","Avastrovirus sp.","Viruses;Riboviria;Orthornavirae;Pisuviricota;Stelpaviricetes;Stellavirales;Astroviridae;Avastrovirus","","Astroviridae",7104,"Gao,J. and Ni,B.","","AstroviridaeGoosefe94","China",NA,"Jan-2024","wild geese feces","Anser sp.","Yes",0,"No","No","42-3228",1,"3230-4757",1,"4683-6879",1,"Aves","B",NA
"PV793828","PV793828.1","MAG: Avastrovirus sp. isolate AstroviridaeGoosefe87 non-structural polyprotein-like, RNA-dependent RNA polymerase-like, and capsid protein-like genes, complete sequence","16-JUL-2025","Avastrovirus sp.","Viruses;Riboviria;Orthornavirae;Pisuviricota;Stelpaviricetes;Stellavirales;Astroviridae;Avastrovirus","","Astroviridae",7416,"Gao,J. and Ni,B.","","AstroviridaeGoosefe87","China",NA,"Jan-2024","wild geese feces","Anser sp.","Yes",0,"No","No","142-3511",1,"3495-5046",1,"4924-7243",1,"Aves","B",NA
"PV793826","PV793826.1","MAG: Astroviridae sp. isolate AstroviridaeCranefe67 ORF1a-like, ORF1b-like, and ORF2-like genes, complete sequence","16-JUL-2025","Astroviridae sp.","Viruses;Riboviria;Orthornavirae;Pisuviricota;Stelpaviricetes;Stellavirales;Astroviridae","","Astroviridae",7211,"Gao,J. and Ni,B.","","AstroviridaeCranefe67","China",NA,"Jan-2024","Siberian crane feces","Leucogeranus leucogeranus","Yes",0,"No","No","70-3358",1,"3342-4896",1,"4889-7124",1,"Aves","B",NA
"PV780437","PV780437.1","Goose astrovirus isolate JX05, complete genome","29-JUN-2025","Goose astrovirus","Viruses;Riboviria;Orthornavirae;Pisuviricota;Stelpaviricetes;Stellavirales;Astroviridae;Avastrovirus","","Astroviridae",7186,"Li,H.","","JX05","China",NA,"28-Apr-2025","","Anser anser","No",3,"No","No","22-3277",1,"3267-4818",1,"4836-6951",1,"Aves",NA,NA
"PV780436","PV780436.1","Goose astrovirus isolate JX04, complete genome","29-JUN-2025","Goose astrovirus","Viruses;Riboviria;Orthornavirae;Pisuviricota;Stelpaviricetes;Stellavirales;Astroviridae;Avastrovirus","","Astroviridae",7179,"Li,H.","","JX04","China",NA,"27-Jan-2023","","Anser anser","No",3,"No","No","15-3270",1,"3260-4811",1,"4829-6944",1,"Aves",NA,NA
"PV780435","PV780435.1","Goose astrovirus isolate JX03, complete genome","29-JUN-2025","Goose astrovirus","Viruses;Riboviria;Orthornavirae;Pisuviricota;Stelpaviricetes;Stellavirales;Astroviridae;Avastrovirus","","Astroviridae",7177,"Li,H.","","JX03","China",NA,"27-Jan-2023","","Anser anser","No",3,"No","No","13-3268",1,"3258-4809",1,"4827-6942",1,"Aves",NA,NA
"PV780434","PV780434.1","Goose astrovirus isolate JX02, complete genome","29-JUN-2025","Goose astrovirus","Viruses;Riboviria;Orthornavirae;Pisuviricota;Stelpaviricetes;Stellavirales;Astroviridae;Avastrovirus","","Astroviridae",7217,"Li,H.","","JX02","China",NA,"27-Jan-2023","","Anser anser","No",3,"No","No","53-3308",1,"3298-4849",1,"4867-6982",1,"Aves",NA,NA
"PP871812","PP871812.1","MAG: Avastrovirus sp. isolate astro_vt_94 genomic sequence","14-JUN-2025","Avastrovirus sp.","Viruses;Riboviria;Orthornavirae;Pisuviricota;Stelpaviricetes;Stellavirales;Astroviridae;Avastrovirus","","Astroviridae",7130,"Armero,A., Nguyen,C.V., Kha,N.M., Nguyen,C.N.M., Le,C.T.T., Nguyen,V.T.B., Bui,C.M., Pham,A.H., Voong,P.V., Tran,D.T.N., Thwaites,G.E., Pham,D.T., Daszak,P. and Firth,C.","","astro_vt_94","Viet Nam",NA,"21-Dec-2014/02-Apr-2016","rectal swab","Canis lupus familiaris","Yes",3,"No","No","0-3381",1,"3362-4922",1,"4946-7109",1,"Mammalia","B",NA
"PP871808","PP871808.1","MAG: Avastrovirus sp. isolate astro_vt_90 genomic sequence","14-JUN-2025","Avastrovirus sp.","Viruses;Riboviria;Orthornavirae;Pisuviricota;Stelpaviricetes;Stellavirales;Astroviridae;Avastrovirus","","Astroviridae",6652,"Armero,A., Nguyen,C.V., Kha,N.M., Nguyen,C.N.M., Le,C.T.T., Nguyen,V.T.B., Bui,C.M., Pham,A.H., Voong,P.V., Tran,D.T.N., Thwaites,G.E., Pham,D.T., Daszak,P. and Firth,C.","","astro_vt_90","Viet Nam",NA,"16-Jun-2015/02-Apr-2016","rectal swab","Gallus gallus","Yes",3,"No","No","0-3018",1,"3014-4538",1,"4605-6591",1,"Aves","P",NA
"PP871804","PP871804.1","MAG: Avastrovirus sp. isolate astro_vt_86 genomic sequence","14-JUN-2025","Avastrovirus sp.","Viruses;Riboviria;Orthornavirae;Pisuviricota;Stelpaviricetes;Stellavirales;Astroviridae;Avastrovirus","","Astroviridae",7369,"Armero,A., Nguyen,C.V., Kha,N.M., Nguyen,C.N.M., Le,C.T.T., Nguyen,V.T.B., Bui,C.M., Pham,A.H., Voong,P.V., Tran,D.T.N., Thwaites,G.E., Pham,D.T., Daszak,P. and Firth,C.","","astro_vt_86","Viet Nam",NA,"29-May-2014/16-Mar-2015","rectal swab, feces","Canis lupus familiaris","Yes",3,"No","No","0-3420",1,"3401-4961",1,"4985-7148",1,"Mammalia","B",NA
"PP871798","PP871798.1","MAG: Avastrovirus sp. isolate astro_vt_80 genomic sequence","14-JUN-2025","Avastrovirus sp.","Viruses;Riboviria;Orthornavirae;Pisuviricota;Stelpaviricetes;Stellavirales;Astroviridae;Avastrovirus","","Astroviridae",6822,"Armero,A., Nguyen,C.V., Kha,N.M., Nguyen,C.N.M., Le,C.T.T., Nguyen,V.T.B., Bui,C.M., Pham,A.H., Voong,P.V., Tran,D.T.N., Thwaites,G.E., Pham,D.T., Daszak,P. and Firth,C.","","astro_vt_80","Viet Nam",NA,"09-Apr-2015/14-Apr-2015","rectal swab, feces","Sus scrofa (wild boar)","Yes",3,"No","No","0-3021",1,"3017-4541",1,"4560-6609",1,"Mammalia","P",NA
"PP871786","PP871786.1","MAG: Avastrovirus sp. isolate astro_vt_68 genomic sequence","14-JUN-2025","Avastrovirus sp.","Viruses;Riboviria;Orthornavirae;Pisuviricota;Stelpaviricetes;Stellavirales;Astroviridae;Avastrovirus","","Astroviridae",6791,"Armero,A., Nguyen,C.V., Kha,N.M., Nguyen,C.N.M., Le,C.T.T., Nguyen,V.T.B., Bui,C.M., Pham,A.H., Voong,P.V., Tran,D.T.N., Thwaites,G.E., Pham,D.T., Daszak,P. and Firth,C.","","astro_vt_68","Viet Nam",NA,"08-Jul-2014/11-Oct-2016","rectal swab","Gallus gallus","Yes",3,"No","No","148-3187",1,"3183-4707",1,"4726-6772",1,"Aves","P",NA
"PV600843","PV600843.1","Goose astrovirus isolate HNJZ-2023, complete genome","13-MAY-2025","Goose astrovirus","Viruses;Riboviria;Orthornavirae;Pisuviricota;Stelpaviricetes;Stellavirales;Astroviridae;Avastrovirus","","Astroviridae",7183,"Peng,Z.","","HNJZ-2023","China: Henan",NA,"2023","","Goose","No",3,"No","No","18-3273",1,"3263-4814",1,"4832-6947",1,"Aves",NA,NA
"PV524668","PV524668.1","Goose astrovirus 2 isolate JXNC1, complete genome","23-APR-2025","Goose astrovirus 2","Viruses;Riboviria;Orthornavirae;Pisuviricota;Stelpaviricetes;Stellavirales;Astroviridae;Avastrovirus","","Astroviridae",7173,"Zhang,F., Xie,Q. and Ye,J.","","JXNC1","China: Jiangxi",NA,"15-Mar-2025","liver; spleen","Goose","No",3,"No","No","18-3264",1,"3263-4814",1,"4832-6947",1,"Aves",NA,NA
"PV169360","PV169360.1","Duck astrovirus strain HN24XY06, complete genome","05-APR-2025","Duck astrovirus","Viruses;Riboviria;Orthornavirae;Pisuviricota;Stelpaviricetes;Stellavirales;Astroviridae;Avastrovirus;Avastrovirus intestini","Avastrovirus intestini","Astroviridae",7755,"Jiao,F.","HN24XY06","","China",NA,"2024","","Duck","No",3,"No","No","22-3745",1,"3735-5286",1,"5309-7505",1,"Aves",NA,NA
"OR134528","OR134528.1","Duck astrovirus strain AHK-2022, complete genome","01-APR-2025","Duck astrovirus","Viruses;Riboviria;Orthornavirae;Pisuviricota;Stelpaviricetes;Stellavirales;Astroviridae;Avastrovirus;Avastrovirus intestini","Avastrovirus intestini","Astroviridae",7754,"Xu,J.J.Y.","AHK-2022","","China",NA,"26-Oct-2022","","Muscovy duck","No",3,"No","No","22-3745",1,"3735-5286",1,"5309-7505",1,"Aves","B",NA
"OR134527","OR134527.1","Duck astrovirus strain JSJ-2022, complete genome","01-APR-2025","Duck astrovirus","Viruses;Riboviria;Orthornavirae;Pisuviricota;Stelpaviricetes;Stellavirales;Astroviridae;Avastrovirus;Avastrovirus intestini","Avastrovirus intestini","Astroviridae",7754,"Xu,J.J.Y.","JSJ-2022","","China",NA,"22-Oct-2022","","Muscovy duck","No",3,"No","No","22-3745",1,"3735-5286",1,"5309-7505",1,"Aves",NA,NA
"OR134526","OR134526.1","Duck astrovirus strain ZJI-2022, complete genome","01-APR-2025","Duck astrovirus","Viruses;Riboviria;Orthornavirae;Pisuviricota;Stelpaviricetes;Stellavirales;Astroviridae;Avastrovirus;Avastrovirus intestini","Avastrovirus intestini","Astroviridae",7754,"Xu,J.J.Y.","ZJI-2022","","China",NA,"10-Nov-2022","","Muscovy duck","No",3,"No","No","22-3745",1,"3735-5286",1,"5309-7505",1,"Aves",NA,NA
"OR134525","OR134525.1","Duck astrovirus strain ZJH-2022, complete genome","01-APR-2025","Duck astrovirus","Viruses;Riboviria;Orthornavirae;Pisuviricota;Stelpaviricetes;Stellavirales;Astroviridae;Avastrovirus;Avastrovirus intestini","Avastrovirus intestini","Astroviridae",7754,"Xu,J.J.Y.","ZJH-2022","","China",NA,"16-Sep-2022","","Muscovy duck","No",3,"No","No","22-3745",1,"3735-5286",1,"5309-7505",1,"Aves",NA,NA
"OR134524","OR134524.1","Duck astrovirus strain FJG-2022, complete genome","01-APR-2025","Duck astrovirus","Viruses;Riboviria;Orthornavirae;Pisuviricota;Stelpaviricetes;Stellavirales;Astroviridae;Avastrovirus;Avastrovirus intestini","Avastrovirus intestini","Astroviridae",7754,"Xu,J.J.Y.","FJG-2022","","China",NA,"27-Nov-2022","","Muscovy duck","No",3,"No","No","22-3745",1,"3735-5286",1,"5309-7505",1,"Aves",NA,NA
"OR134523","OR134523.1","Duck astrovirus strain FJF-2022, complete genome","01-APR-2025","Duck astrovirus","Viruses;Riboviria;Orthornavirae;Pisuviricota;Stelpaviricetes;Stellavirales;Astroviridae;Avastrovirus;Avastrovirus intestini","Avastrovirus intestini","Astroviridae",7754,"Xu,J.J.Y.","FJF-2022","","China",NA,"12-Dec-2022","","Muscovy duck","No",3,"No","No","22-3745",1,"3735-5286",1,"5309-7505",1,"Aves",NA,NA
"OR134522","OR134522.1","Duck astrovirus strain GDE-2022, complete genome","01-APR-2025","Duck astrovirus","Viruses;Riboviria;Orthornavirae;Pisuviricota;Stelpaviricetes;Stellavirales;Astroviridae;Avastrovirus;Avastrovirus intestini","Avastrovirus intestini","Astroviridae",7754,"Xu,J.J.Y.","GDE-2022","","China",NA,"29-Oct-2022","","Muscovy duck","No",3,"No","No","22-3745",1,"3735-5286",1,"5309-7505",1,"Aves",NA,NA
"OR134521","OR134521.1","Duck astrovirus strain GDD-2022, complete genome","01-APR-2025","Duck astrovirus","Viruses;Riboviria;Orthornavirae;Pisuviricota;Stelpaviricetes;Stellavirales;Astroviridae;Avastrovirus;Avastrovirus intestini","Avastrovirus intestini","Astroviridae",7754,"Xu,J.J.Y.","GDD-2022","","China",NA,"22-Oct-2022","","Muscovy duck","No",3,"No","No","22-3745",1,"3735-5286",1,"5309-7505",1,"Aves",NA,NA
"OR134520","OR134520.1","Duck astrovirus strain GDC-2022, complete genome","01-APR-2025","Duck astrovirus","Viruses;Riboviria;Orthornavirae;Pisuviricota;Stelpaviricetes;Stellavirales;Astroviridae;Avastrovirus;Avastrovirus intestini","Avastrovirus intestini","Astroviridae",7754,"Xu,J.J.Y.","GDC-2022","","China",NA,"15-Oct-2022","","Muscovy duck","No",3,"No","No","22-3745",1,"3735-5286",1,"5309-7505",1,"Aves",NA,NA
"OR134519","OR134519.1","Duck astrovirus strain GDB-2022, complete genome","01-APR-2025","Duck astrovirus","Viruses;Riboviria;Orthornavirae;Pisuviricota;Stelpaviricetes;Stellavirales;Astroviridae;Avastrovirus;Avastrovirus intestini","Avastrovirus intestini","Astroviridae",7754,"Xu,J.J.Y.","GDB-2022","","China",NA,"12-Oct-2022","","Muscovy duck","No",3,"No","No","22-3745",1,"3735-5286",1,"5309-7505",1,"Aves",NA,NA
"OR134518","OR134518.1","Duck astrovirus strain GDA-2022, complete genome","01-APR-2025","Duck astrovirus","Viruses;Riboviria;Orthornavirae;Pisuviricota;Stelpaviricetes;Stellavirales;Astroviridae;Avastrovirus;Avastrovirus intestini","Avastrovirus intestini","Astroviridae",7754,"Xu,J.J.Y.","GDA-2022","","China",NA,"15-Aug-2022","","Muscovy duck","No",3,"No","No","22-3745",1,"3735-5286",1,"5309-7505",1,"Aves",NA,NA
"PV093029","PV093029.1","Chicken astrovirus strain WHM13 ORF1a, ORF1b, and capsid protein genes, complete cds","05-MAR-2025","Chicken astrovirus","Viruses;Riboviria;Orthornavirae;Pisuviricota;Stelpaviricetes;Stellavirales;Astroviridae;Avastrovirus","","Astroviridae",7485,"Li,C., Zhu,W., Liu,S., Niu,R., Qian,L., Holmes,E.C., Li,J. and Shi,W.","WHM13","","China",NA,"01-Jan-2023","feces","Neogale vison","No",3,"No","No","10-3430",1,"3411-4971",1,"4995-7209",1,"Mammalia","B",NA
"PV093028","PV093028.1","Chicken astrovirus strain WHM12 ORF1a, ORF1b, and capsid protein genes, complete cds","05-MAR-2025","Chicken astrovirus","Viruses;Riboviria;Orthornavirae;Pisuviricota;Stelpaviricetes;Stellavirales;Astroviridae;Avastrovirus","","Astroviridae",7482,"Li,C., Zhu,W., Liu,S., Niu,R., Qian,L., Holmes,E.C., Li,J. and Shi,W.","WHM12","","China",NA,"01-Jan-2023","feces","Neogale vison","No",3,"No","No","7-3427",1,"3408-4968",1,"4992-7206",1,"Mammalia",NA,NA
"PV093027","PV093027.1","Chicken astrovirus strain WHM11 ORF1a, ORF1b, and capsid protein genes, complete cds","05-MAR-2025","Chicken astrovirus","Viruses;Riboviria;Orthornavirae;Pisuviricota;Stelpaviricetes;Stellavirales;Astroviridae;Avastrovirus","","Astroviridae",7480,"Li,C., Zhu,W., Liu,S., Niu,R., Qian,L., Holmes,E.C., Li,J. and Shi,W.","WHM11","","China",NA,"01-Jan-2023","feces","Neogale vison","No",3,"No","No","10-3430",1,"3411-4971",1,"4995-7209",1,"Mammalia",NA,NA
"PV093026","PV093026.1","Chicken astrovirus strain WHM10 ORF1a, ORF1b, and capsid protein genes, complete cds","05-MAR-2025","Chicken astrovirus","Viruses;Riboviria;Orthornavirae;Pisuviricota;Stelpaviricetes;Stellavirales;Astroviridae;Avastrovirus","","Astroviridae",7485,"Li,C., Zhu,W., Liu,S., Niu,R., Qian,L., Holmes,E.C., Li,J. and Shi,W.","WHM10","","China",NA,"01-Jan-2023","feces","Neogale vison","No",3,"No","No","10-3430",1,"3411-4971",1,"4995-7209",1,"Mammalia",NA,NA
"PV093025","PV093025.1","Chicken astrovirus strain WHM09 ORF1a, ORF1b, and capsid protein genes, complete cds","05-MAR-2025","Chicken astrovirus","Viruses;Riboviria;Orthornavirae;Pisuviricota;Stelpaviricetes;Stellavirales;Astroviridae;Avastrovirus","","Astroviridae",7481,"Li,C., Zhu,W., Liu,S., Niu,R., Qian,L., Holmes,E.C., Li,J. and Shi,W.","WHM09","","China",NA,"01-Jan-2023","feces","Neogale vison","No",3,"No","No","8-3428",1,"3409-4969",1,"4993-7207",1,"Mammalia",NA,NA
"PV093023","PV093023.1","Chicken astrovirus strain WHM05 ORF1a, ORF1b, and capsid protein genes, complete cds","05-MAR-2025","Chicken astrovirus","Viruses;Riboviria;Orthornavirae;Pisuviricota;Stelpaviricetes;Stellavirales;Astroviridae;Avastrovirus","","Astroviridae",6915,"Li,C., Zhu,W., Liu,S., Niu,R., Qian,L., Holmes,E.C., Li,J. and Shi,W.","WHM05","","China",NA,"01-Jan-2023","feces","Neogale vison","No",3,"No","No","69-3039",1,"3107-4559",1,"4578-6618",1,"Mammalia",NA,NA
"PV093022","PV093022.1","Chicken astrovirus strain WHM01 ORF1a, ORF1b, and capsid protein genes, complete cds","05-MAR-2025","Chicken astrovirus","Viruses;Riboviria;Orthornavirae;Pisuviricota;Stelpaviricetes;Stellavirales;Astroviridae;Avastrovirus","","Astroviridae",6919,"Li,C., Zhu,W., Liu,S., Niu,R., Qian,L., Holmes,E.C., Li,J. and Shi,W.","WHM01","","China",NA,"01-Jan-2023","feces","Neogale vison","No",3,"No","No","74-3044",1,"3112-4564",1,"4583-6623",1,"Mammalia","P",NA
"PV093021","PV093021.1","Turkey astrovirus strain WHM13 ORF1a, ORF1b, and capsid protein genes, complete cds","05-MAR-2025","Turkey astrovirus","Viruses;Riboviria;Orthornavirae;Pisuviricota;Stelpaviricetes;Stellavirales;Astroviridae;Avastrovirus","","Astroviridae",6966,"Li,C., Zhu,W., Liu,S., Niu,R., Qian,L., Holmes,E.C., Li,J. and Shi,W.","WHM13","","China",NA,"01-Jan-2023","feces","Neogale vison","No",3,"No","No","0-3300",1,"3284-4829",1,"4847-6860",1,"Mammalia",NA,NA
"PV093020","PV093020.1","Turkey astrovirus strain WHM06 ORF1a, ORF1b, and capsid protein genes, complete cds","05-MAR-2025","Turkey astrovirus","Viruses;Riboviria;Orthornavirae;Pisuviricota;Stelpaviricetes;Stellavirales;Astroviridae;Avastrovirus","","Astroviridae",6922,"Li,C., Zhu,W., Liu,S., Niu,R., Qian,L., Holmes,E.C., Li,J. and Shi,W.","WHM06","","China",NA,"01-Jan-2023","feces","Neogale vison","No",3,"No","No","125-3296",1,"3280-4825",1,"4843-6856",1,"Mammalia",NA,NA
"PV093019","PV093019.1","Turkey astrovirus strain WHM05 ORF1a, ORF1b, and capsid protein genes, complete cds","05-MAR-2025","Turkey astrovirus","Viruses;Riboviria;Orthornavirae;Pisuviricota;Stelpaviricetes;Stellavirales;Astroviridae;Avastrovirus","","Astroviridae",6960,"Li,C., Zhu,W., Liu,S., Niu,R., Qian,L., Holmes,E.C., Li,J. and Shi,W.","WHM05","","China",NA,"01-Jan-2023","feces","Neogale vison","No",3,"No","No","125-3296",1,"3280-4825",1,"4843-6856",1,"Mammalia",NA,NA
"PV093018","PV093018.1","Turkey astrovirus strain WHM01 ORF1a, ORF1b, and capsid protein genes, complete cds","05-MAR-2025","Turkey astrovirus","Viruses;Riboviria;Orthornavirae;Pisuviricota;Stelpaviricetes;Stellavirales;Astroviridae;Avastrovirus","","Astroviridae",6963,"Li,C., Zhu,W., Liu,S., Niu,R., Qian,L., Holmes,E.C., Li,J. and Shi,W.","WHM01","","China",NA,"01-Jan-2023","feces","Neogale vison","No",3,"No","No","126-3297",1,"3281-4826",1,"4844-6857",1,"Mammalia","B",NA
"PQ740944","PQ740944.1","Goose astrovirus isolate CH/HBXT/2022, complete genome","09-FEB-2025","Goose astrovirus","Viruses;Riboviria;Orthornavirae;Pisuviricota;Stelpaviricetes;Stellavirales;Astroviridae;Avastrovirus","","Astroviridae",7158,"Li,X.Y., Liu,J.J., Li,Y., Yang,P.P. and Zhao,J.","","CH/HBXT/2022","China",NA,"2022","kidney","Goose","No",3,"No","No","0-3255",1,"3245-4796",1,"4814-6929",1,"Aves",NA,NA
"PP786658","PP786658.1","Goose astrovirus isolate JY202323, complete genome","03-FEB-2025","Goose astrovirus","Viruses;Riboviria;Orthornavirae;Pisuviricota;Stelpaviricetes;Stellavirales;Astroviridae;Avastrovirus","","Astroviridae",7252,"Wang,A., Wu,Z., Xie,J. and Feng,Q.","","JY202323","China",NA,"03-Feb-2023","","Goose","No",3,"No","No","22-3304",1,"3294-4839",1,"4868-6983",1,"Aves",NA,NA
"PQ893528","PQ893528.1","MAG: Avastrovirus isolate NSW/2021 genomic sequence","28-JAN-2025","Avastrovirus","Viruses;Riboviria;Orthornavirae;Pisuviricota;Stelpaviricetes;Stellavirales;Astroviridae","","Astroviridae",6894,"Jenns,K., Eden,J.-S., Olsson,A. and Phalen,D.","","NSW/2021","Australia",NA,"Jan-2021","intestines","Eolophus roseicapilla","Yes",3,"No","No","13-3109",1,"3135-4605",1,"4623-6681",1,"Aves",NA,NA
"PQ893527","PQ893527.1","MAG: Avastrovirus isolate QLD/2021 genomic sequence","28-JAN-2025","Avastrovirus","Viruses;Riboviria;Orthornavirae;Pisuviricota;Stelpaviricetes;Stellavirales;Astroviridae","","Astroviridae",6773,"Jenns,K., Eden,J.-S., Olsson,A. and Phalen,D.","","QLD/2021","Australia",NA,"Jan-2021","intestines","Alisterus scapularis","Yes",3,"No","No","0-2940",1,"2936-4460",1,"4478-6515",1,"Aves","P",NA
"PQ552759","PQ552759.1","Goose astrovirus 2 strain GD2406, complete genome","26-NOV-2024","Goose astrovirus 2","Viruses;Riboviria;Orthornavirae;Pisuviricota;Stelpaviricetes;Stellavirales;Astroviridae;Avastrovirus","","Astroviridae",7183,"Sun,R. and Liu,H.","GD2406","","China",NA,"2024","","Duck","No",3,"No","No","18-3273",1,"3263-4814",1,"4832-6947",1,"Aves",NA,NA
"PQ435198","PQ435198.1","Goose astrovirus 2 strain JL2309, complete genome","26-OCT-2024","Goose astrovirus 2","Viruses;Riboviria;Orthornavirae;Pisuviricota;Stelpaviricetes;Stellavirales;Astroviridae;Avastrovirus","","Astroviridae",7183,"Lin,Z. and Liu,H.","JL2309","","China",NA,"2023","tissue","Goose","No",3,"No","No","18-3273",1,"3263-4814",1,"4832-6947",1,"Aves",NA,NA
"PQ220257","PQ220257.1","MAG: Avastrovirus sp. isolate ASTV-1 ORF1a gene, partial cds; ORF1b gene, complete cds; and capsid protein gene, partial cds","09-OCT-2024","Avastrovirus sp.","Viruses;Riboviria;Orthornavirae;Pisuviricota;Stelpaviricetes;Stellavirales;Astroviridae;Avastrovirus","","Astroviridae",5677,"Sun,Y. and Yang,S.","","ASTV-1","China: Shigatse City, Tibet",NA,"2020-12","feces","Anser indicus (Bar-headed goose)","Yes",3,"No","No","0-2037",1,"2186-3575",1,"3568-5677",1,"Aves",NA,NA
"PQ308726","PQ308726.1","Goose astrovirus isolate GAstV_GDFS_Goose_2024, complete genome","05-OCT-2024","Goose astrovirus","Viruses;Riboviria;Orthornavirae;Pisuviricota;Stelpaviricetes;Stellavirales;Astroviridae;Avastrovirus","","Astroviridae",6947,"Xu,P.","","GAstV_GDFS_Goose_2024","China",NA,"2024","","Goose","No",3,"No","No","18-3273",1,"3263-4814",1,"4832-6947",1,"Aves",NA,NA
"PP382210","PP382210.1","Goose astrovirus isolate J2/2021, complete genome","30-AUG-2024","Goose astrovirus","Viruses;Riboviria;Orthornavirae;Pisuviricota;Stelpaviricetes;Stellavirales;Astroviridae;Avastrovirus","","Astroviridae",7146,"Guo,C. and Zhang,D.B.","","J2/2021","China",NA,"14-Oct-2021","kidney","Jiangnan White Goose","No",3,"No","No","13-3268",1,"3258-4809",1,"4827-6942",1,"Aves",NA,NA
"PP382209","PP382209.1","Goose astrovirus isolate J3/2021, complete genome","30-AUG-2024","Goose astrovirus","Viruses;Riboviria;Orthornavirae;Pisuviricota;Stelpaviricetes;Stellavirales;Astroviridae;Avastrovirus","","Astroviridae",7288,"Gus,C. and Zhang,D.B.","","J3/2021","China",NA,"14-Oct-2021","kidney","Jiangnan White Goose","No",3,"No","No","22-3304",1,"3294-4839",1,"4868-6983",1,"Aves",NA,NA
"PP623814","PP623814.1","Avian avastrovirus 4 isolate MP22-196, complete genome","19-AUG-2024","Avian avastrovirus 4","Viruses;Riboviria;Orthornavirae;Pisuviricota;Stelpaviricetes;Stellavirales;Astroviridae;Avastrovirus","Avastrovirus marecae","Astroviridae",6566,"Ng,Y.M.","","MP22-196","China: Hong Kong",NA,"09-Nov-2022","","Mareca falcata","No",3,"No","No","14-2825",1,"2815-4315",1,"4296-6345",1,"Aves","R",NA
"OR827024","OR827024.1","Goose astrovirus isolate GAstV-JSXZ, complete genome","19-AUG-2024","Goose astrovirus","Viruses;Riboviria;Orthornavirae;Pisuviricota;Stelpaviricetes;Stellavirales;Astroviridae;Avastrovirus","","Astroviridae",7299,"Wei,F., Tang,Y. and Diao,Y.","","GAstV-JSXZ","China",NA,"06-Sep-2022","kidney","Goose","No",3,"No","No","22-3304",1,"3294-4839",1,"4868-6992",1,"Aves",NA,NA
"PP478076","PP478076.1","Avian astrovirus isolate PL_pigeon_24/2023, complete genome","03-AUG-2024","Avian astrovirus","Viruses;Riboviria;Orthornavirae;Pisuviricota;Stelpaviricetes;Stellavirales;Astroviridae;Avastrovirus","","Astroviridae",6833,"Lukaszuk,E., Dziewulska,D., Custer,J., Kraberger,S., Varsani,A. and Stenzel,T.","","PL_pigeon_24/2023","Poland",NA,"Apr-2023","cloacal swab","Pigeon","No",2,"No","No","12-3027",1,"3026-4550",1,"4568-6590",1,"Aves","P",NA
"PP478075","PP478075.1","Avian astrovirus isolate PL_pigeon_4a/2023, complete genome","03-AUG-2024","Avian astrovirus","Viruses;Riboviria;Orthornavirae;Pisuviricota;Stelpaviricetes;Stellavirales;Astroviridae;Avastrovirus","","Astroviridae",6828,"Lukaszuk,E., Dziewulska,D., Custer,J., Kraberger,S., Varsani,A. and Stenzel,T.","","PL_pigeon_4a/2023","Poland",NA,"May-2023","cloacal swab","Pigeon","No",2,"No","No","5-3014",1,"3013-4537",1,"4555-6565",1,"Aves","P",NA
"MW588064","MW588064.1","Mute swan feces associated avastrovius 2 strain Abbotsbury/A/2016 ORF1a, ORF1b, and ORF2 genes, complete cds","19-JUL-2024","Mute swan feces associated avastrovius 2","Viruses;Riboviria;Orthornavirae;Pisuviricota;Stelpaviricetes;Stellavirales;Astroviridae;Avastrovirus","","Astroviridae",7274,"Francois,S. and Hill,S.C.","Abbotsbury/A/2016","","United Kingdom",NA,"","Cygnus olor fecal material","Cygnus olor","No",3,"No","No","9-3288",1,"3437-4820",1,"4813-7069",1,"","B",NA
"MW588063","MW588063.1","Mute swan feces associated avastrovius 1 strain Abbotsbury/B/2016 ORF1a, ORF1b, and ORF2 genes, complete cds","19-JUL-2024","Mute swan feces associated avastrovius 1","Viruses;Riboviria;Orthornavirae;Pisuviricota;Stelpaviricetes;Stellavirales;Astroviridae;Avastrovirus","","Astroviridae",7269,"Francois,S. and Hill,S.C.","Abbotsbury/B/2016","","United Kingdom",NA,"","Cygnus olor fecal material","Cygnus olor","No",3,"No","No","37-3520",1,"3501-5061",1,"5083-7207",1,"","B",NA
"MW588062","MW588062.1","Mute swan feces associated avastrovius 1 strain Abbotsbury/A/2016 ORF1a, ORF1b, and ORF2 genes, complete cds","19-JUL-2024","Mute swan feces associated avastrovius 1","Viruses;Riboviria;Orthornavirae;Pisuviricota;Stelpaviricetes;Stellavirales;Astroviridae;Avastrovirus","","Astroviridae",7249,"Francois,S. and Hill,S.C.","Abbotsbury/A/2016","","United Kingdom",NA,"","Cygnus olor fecal material","Cygnus olor","No",3,"No","No","24-3507",1,"3488-5048",1,"5071-7246",1,"","B",NA
"PP966939","PP966939.1","Goose astrovirus 2 isolate GZ2301, complete genome","14-JUL-2024","Goose astrovirus 2","Viruses;Riboviria;Orthornavirae;Pisuviricota;Stelpaviricetes;Stellavirales;Astroviridae;Avastrovirus","","Astroviridae",7060,"Zhang,L., Ye,Q., Zhan,X., Zhang,C., Liu,T. and Liu,W.","","GZ2301","China",NA,"2023","","Goose","No",3,"No","No","18-3273",1,"3263-4817",1,"4835-6950",1,"Aves",NA,NA
"PP711188","PP711188.1","MAG: Hetplan gecko astrovirus isolate Hplan-A_304122 genomic sequence","22-JUN-2024","Hetplan gecko astrovirus","Viruses;Riboviria;Orthornavirae;Pisuviricota;Stelpaviricetes;Stellavirales;Astroviridae","","Astroviridae",7172,"Mahar,J.E., Wille,M., Harvey,E., Moritz,C.C. and Holmes,E.C.","","Hplan-A_304122","Australia: Kimberley region Western Australia",NA,"2017","pooled lizard liver RNA, sampled in situ","Heteronotia planiceps","Yes",3,"No","No","2-3119",1,"3115-4630",1,"4663-7018",1,"Lepidosauria","R",NA
"PP763758","PP763758.1","Goose astrovirus 1 isolate AAstV/Goose/CHN/2023/C102, complete genome","14-MAY-2024","Goose astrovirus 1","Viruses;Riboviria;Orthornavirae;Pisuviricota;Stelpaviricetes;Stellavirales;Astroviridae;Avastrovirus","","Astroviridae",7295,"Chen,G., Zhang,H. and Hao,X.","","AAstV/Goose/CHN/2023/C102","China: Sichuan province",NA,"Jun-2023","liver","Goose","No",3,"No","No","22-3304",1,"3288-4839",1,"4832-6992",1,"Aves","B",NA
"PP444710","PP444710.1","Goose astrovirus isolate GAstV GDCS Goose 2023, complete sequence","16-MAR-2024","Goose astrovirus","Viruses;Riboviria;Orthornavirae;Pisuviricota;Stelpaviricetes;Stellavirales;Astroviridae;Avastrovirus","","Astroviridae",7166,"Xu,P., Huang,W. and Qin,Y.","","GAstV GDCS Goose 2023","China",NA,"2023","","Goose","No",3,"No","No","18-3273",1,"3263-4814",1,"4832-6947",1,"Aves",NA,NA
"PP444709","PP444709.1","Goose astrovirus isolate GAstV_GXNN_Goose_2023, complete sequence","16-MAR-2024","Goose astrovirus","Viruses;Riboviria;Orthornavirae;Pisuviricota;Stelpaviricetes;Stellavirales;Astroviridae;Avastrovirus","","Astroviridae",7166,"Xu,P., Huang,W. and Qin,Y.","","GAstV_GXNN_Goose_2023","China",NA,"2023","","Goose","No",3,"No","No","18-3273",1,"3263-4814",1,"4832-6947",1,"Aves",NA,NA
"PP352010","PP352010.1","MAG: Astrovirus sp. isolate Hunan/CHN/2022 genomic sequence","04-MAR-2024","Astrovirus sp.","Viruses;Riboviria;Orthornavirae;Pisuviricota;Stelpaviricetes;Stellavirales;Astroviridae","","Astroviridae",6191,"Li,C.X., He,B., Yi,L. and Hu,Y.Z.","","Hunan/CHN/2022","China: Hunan",NA,"2022","liver","Pelophylax nigromaculatus","Yes",2,"No","No","60-2689",1,"2690-4088",1,"4111-6191",1,"Amphibia","R",NA
"PP108251","PP108251.1","Goose astrovirus strain AAstV/Goose/CHN/2023/C1, complete genome","01-FEB-2024","Goose astrovirus","Viruses;Riboviria;Orthornavirae;Pisuviricota;Stelpaviricetes;Stellavirales;Astroviridae;Avastrovirus","","Astroviridae",7261,"Chen,G., Zhang,H. and Shi,l.","AAstV/Goose/CHN/2023/C1","","China: Sichuan province",NA,"15-Aug-2023","liver","Goose","No",3,"No","No","22-3304",1,"3288-4839",1,"4832-6983",1,"Aves",NA,NA
"OR965521","OR965521.1","Goose astrovirus isolate AAstV/Goose/CHN/2023/MG-23, complete genome","26-DEC-2023","Goose astrovirus","Viruses;Riboviria;Orthornavirae;Pisuviricota;Stelpaviricetes;Stellavirales;Astroviridae;Avastrovirus","","Astroviridae",7175,"Yang,L., Yang,Q., Ding,Y. and Yang,K.","","AAstV/Goose/CHN/2023/MG-23","China",NA,"Jul-2023","","Goose","No",3,"No","No","10-3265",1,"3255-4806",1,"4824-6939",1,"Aves",NA,NA
"OR958817","OR958817.1","Goose astrovirus isolate AAstV/Goose/CHN/2023/HR2306/1, complete genome","26-DEC-2023","Goose astrovirus","Viruses;Riboviria;Orthornavirae;Pisuviricota;Stelpaviricetes;Stellavirales;Astroviridae;Avastrovirus","","Astroviridae",7175,"Ding,Y., Yang,Q. and Yang,L.","","AAstV/Goose/CHN/2023/HR2306/1","China",NA,"Jun-2023","","Goose","No",3,"No","No","10-3265",1,"3255-4806",1,"4824-6939",1,"Aves",NA,NA
"OR906208","OR906208.1","Goose astrovirus isolate HNxy2111, complete genome","23-DEC-2023","Goose astrovirus","Viruses;Riboviria;Orthornavirae;Pisuviricota;Stelpaviricetes;Stellavirales;Astroviridae;Avastrovirus","","Astroviridae",7175,"He,S., Dong,J. and Jiao,F.","","HNxy2111","China",NA,"2021","gosling kidney","Goose","No",3,"No","No","10-3265",1,"3255-4806",1,"4824-6939",1,"Aves",NA,NA
"OR906207","OR906207.1","Goose astrovirus isolate HNxy2106, complete genome","23-DEC-2023","Goose astrovirus","Viruses;Riboviria;Orthornavirae;Pisuviricota;Stelpaviricetes;Stellavirales;Astroviridae;Avastrovirus","","Astroviridae",7175,"He,S., Dong,J. and Jiao,F.","","HNxy2106","China",NA,"2021","gosling kidney","Goose","No",3,"No","No","10-3265",1,"3255-4806",1,"4824-6939",1,"Aves",NA,NA
"OR924093","OR924093.1","Goose astrovirus strain L1002, complete genome","18-DEC-2023","Goose astrovirus","Viruses;Riboviria;Orthornavirae;Pisuviricota;Stelpaviricetes;Stellavirales;Astroviridae;Avastrovirus","","Astroviridae",7308,"Deng,C., Luo,J. and Li,Y.","L1002","","China",NA,"10-May-2021","Throat and anal swabs","Goose","No",3,"No","No","22-3304",1,"3294-4839",1,"4868-6983",1,"Aves",NA,NA
"OR924092","OR924092.1","Duck astrovirus strain G2174, complete genome","18-DEC-2023","Duck astrovirus","Viruses;Riboviria;Orthornavirae;Pisuviricota;Stelpaviricetes;Stellavirales;Astroviridae;Avastrovirus;Avastrovirus intestini","Avastrovirus intestini","Astroviridae",7287,"Deng,C., Zhang,F., Luo,J. and Li,Y.","G2174","","China",NA,"02-Nov-2021","Throat and anal swabs","Duck","No",3,"No","No","12-3375",1,"3365-4910",1,"4926-7110",1,"Aves","B",NA
"OR924091","OR924091.1","Duck astrovirus strain X1257, complete genome","18-DEC-2023","Duck astrovirus","Viruses;Riboviria;Orthornavirae;Pisuviricota;Stelpaviricetes;Stellavirales;Astroviridae;Avastrovirus;Avastrovirus intestini","Avastrovirus intestini","Astroviridae",7287,"Deng,C., Zhang,F., Luo,J. and Li,Y.","X1257","","China",NA,"24-Mar-2021","Throat and anal swabs","Goose","No",3,"No","No","12-3375",1,"3365-4910",1,"4926-7110",1,"Aves","B",NA
"OR924090","OR924090.1","Duck astrovirus strain X2250, complete genome","18-DEC-2023","Duck astrovirus","Viruses;Riboviria;Orthornavirae;Pisuviricota;Stelpaviricetes;Stellavirales;Astroviridae;Avastrovirus;Avastrovirus intestini","Avastrovirus intestini","Astroviridae",7287,"Deng,C., Zhang,F., Luo,J. and Li,Y.","X2250","","China",NA,"09-Nov-2021","Throat and anal swabs","Goose","No",3,"No","No","12-3375",1,"3365-4910",1,"4926-7110",1,"Aves","B",NA
"OR924089","OR924089.1","Duck astrovirus CPH strain NM1002, complete genome","18-DEC-2023","Duck astrovirus CPH","Viruses;Riboviria;Orthornavirae;Pisuviricota;Stelpaviricetes;Stellavirales;Astroviridae;Avastrovirus","","Astroviridae",7463,"Deng,C., Luo,J. and Li,Y.","NM1002","","China",NA,"23-Mar-2021","tissue","Duck","No",3,"No","No","19-3445",1,"3435-4986",1,"5006-7244",1,"Aves",NA,NA
"OR924088","OR924088.1","Duck astrovirus CPH strain NM1001, complete genome","18-DEC-2023","Duck astrovirus CPH","Viruses;Riboviria;Orthornavirae;Pisuviricota;Stelpaviricetes;Stellavirales;Astroviridae;Avastrovirus","","Astroviridae",7463,"Deng,C., Luo,J. and Li,Y.","NM1001","","China",NA,"23-Mar-2021","tissue","Duck","No",3,"No","No","19-3445",1,"3435-4986",1,"5006-7244",1,"Aves",NA,NA
"OR924087","OR924087.1","Duck astrovirus CPH strain SD1002, complete genome","18-DEC-2023","Duck astrovirus CPH","Viruses;Riboviria;Orthornavirae;Pisuviricota;Stelpaviricetes;Stellavirales;Astroviridae;Avastrovirus","","Astroviridae",7463,"Deng,C., Luo,J. and Li,Y.","SD1002","","China",NA,"23-Mar-2021","tissue","Duck","No",3,"No","No","19-3445",1,"3435-4986",1,"5006-7244",1,"Aves",NA,NA
"OR924086","OR924086.1","Duck astrovirus CPH strain SD1001, complete genome","18-DEC-2023","Duck astrovirus CPH","Viruses;Riboviria;Orthornavirae;Pisuviricota;Stelpaviricetes;Stellavirales;Astroviridae;Avastrovirus","","Astroviridae",7463,"Deng,C., Luo,J. and Li,Y.","SD1001","","China",NA,"23-Mar-2021","tissue","Duck","No",3,"No","No","19-3445",1,"3435-4986",1,"5006-7244",1,"Aves",NA,NA
"OR907134","OR907134.1","Goose astrovirus strain G2332, complete genome","18-DEC-2023","Goose astrovirus","Viruses;Riboviria;Orthornavirae;Pisuviricota;Stelpaviricetes;Stellavirales;Astroviridae;Avastrovirus","","Astroviridae",7299,"Li,Y., Luo,J., Zhang,F.Y., Shang,J.J., Feng,Y.J., Meng,G., Deng,C.R., Jiang,W.M., Yu,X.H., Liu,G.H. and Liu,H.L.","G2332","","China",NA,"26-Oct-2022","Throat and anal swabs","Goose","No",3,"No","No","22-3304",1,"3294-4839",1,"4868-6992",1,"Aves","B",NA
"OR907133","OR907133.1","Goose astrovirus strain C1357, complete genome","18-DEC-2023","Goose astrovirus","Viruses;Riboviria;Orthornavirae;Pisuviricota;Stelpaviricetes;Stellavirales;Astroviridae;Avastrovirus","","Astroviridae",7288,"Li,Y., Luo,J., Zhang,F.Y., Shang,J.J., Feng,Y.J., Meng,G., Deng,C.R., Jiang,W.M., Yu,X.H., Liu,G.H. and Liu,H.L.","C1357","","China",NA,"21-Mar-2023","Throat and anal swabs","Goose","No",3,"No","No","22-3304",1,"3294-4839",1,"4868-6983",1,"Aves",NA,NA
"OR907132","OR907132.1","Goose astrovirus strain A1082, complete genome","18-DEC-2023","Goose astrovirus","Viruses;Riboviria;Orthornavirae;Pisuviricota;Stelpaviricetes;Stellavirales;Astroviridae;Avastrovirus","","Astroviridae",7288,"Li,Y., Luo,J., Zhang,F.Y., Shang,J.J., Feng,Y.J., Meng,G., Deng,C.R., Jiang,W.M., Yu,X.H., Liu,G.H. and Liu,H.L.","A1082","","China",NA,"07-Mar-2023","Throat and anal swabs","Goose","No",3,"No","No","22-3304",1,"3294-4839",1,"4868-6983",1,"Aves",NA,NA
"OR907131","OR907131.1","Goose astrovirus strain C1330, complete genome","18-DEC-2023","Goose astrovirus","Viruses;Riboviria;Orthornavirae;Pisuviricota;Stelpaviricetes;Stellavirales;Astroviridae;Avastrovirus","","Astroviridae",7288,"Li,Y., Luo,J., Zhang,F.Y., Shang,J.J., Feng,Y.J., Meng,G., Deng,C.R., Jiang,W.M., Yu,X.H., Liu,G.H. and Liu,H.L.","C1330","","China",NA,"21-Mar-2023","Throat and anal swabs","Goose","No",3,"No","No","22-3304",1,"3294-4839",1,"4868-6983",1,"Aves",NA,NA
"OR907130","OR907130.1","Duck astrovirus CPH strain Q3001, complete genome","18-DEC-2023","Duck astrovirus CPH","Viruses;Riboviria;Orthornavirae;Pisuviricota;Stelpaviricetes;Stellavirales;Astroviridae;Avastrovirus","","Astroviridae",7463,"Li,Y., Luo,J., Zhang,F.Y., Shang,J.J., Feng,Y.J., Meng,G., Deng,C.R., Jiang,W.M., Yu,X.H., Liu,G.H. and Liu,H.L.","Q3001","","China",NA,"22-May-2022","tissue","Duck","No",3,"No","No","19-3445",1,"3435-4986",1,"5006-7244",1,"Aves",NA,NA
"OR907129","OR907129.1","Duck astrovirus CPH strain T119, complete genome","18-DEC-2023","Duck astrovirus CPH","Viruses;Riboviria;Orthornavirae;Pisuviricota;Stelpaviricetes;Stellavirales;Astroviridae;Avastrovirus","","Astroviridae",7463,"Li,Y., Luo,J., Zhang,F.Y., Shang,J.J., Feng,Y.J., Meng,G., Deng,C.R., Jiang,W.M., Yu,X.H., Liu,G.H. and Liu,H.L.","T119","","China",NA,"01-Apr-2023","tissue","Duck","No",3,"No","No","19-3445",1,"3435-4986",1,"5006-7244",1,"Aves",NA,NA
"OR907128","OR907128.1","Duck astrovirus CPH strain T129, complete genome","18-DEC-2023","Duck astrovirus CPH","Viruses;Riboviria;Orthornavirae;Pisuviricota;Stelpaviricetes;Stellavirales;Astroviridae;Avastrovirus","","Astroviridae",7463,"Li,Y., Luo,J., Zhang,F.Y., Shang,J.J., Feng,Y.J., Meng,G., Deng,C.R., Jiang,W.M., Yu,X.H., Liu,G.H. and Liu,H.L.","T129","","China",NA,"04-Apr-2023","tissue","Duck","No",3,"No","No","19-3445",1,"3435-4986",1,"5006-7244",1,"Aves",NA,NA
"OR907127","OR907127.1","Duck astrovirus CPH strain C1350, complete genome","18-DEC-2023","Duck astrovirus CPH","Viruses;Riboviria;Orthornavirae;Pisuviricota;Stelpaviricetes;Stellavirales;Astroviridae;Avastrovirus","","Astroviridae",7463,"Li,Y., Luo,J., Zhang,F.Y., Shang,J.J., Feng,Y.J., Meng,G., Deng,C.R., Jiang,W.M., Yu,X.H., Liu,G.H. and Liu,H.L.","C1350","","China",NA,"21-Mar-2023","Throat and anal swabs","Goose","No",3,"No","No","19-3445",1,"3435-4986",1,"5006-7244",1,"Aves",NA,NA
"OR907126","OR907126.1","Duck astrovirus CPH strain T90, complete genome","18-DEC-2023","Duck astrovirus CPH","Viruses;Riboviria;Orthornavirae;Pisuviricota;Stelpaviricetes;Stellavirales;Astroviridae;Avastrovirus","","Astroviridae",7463,"Li,Y., Luo,J., Zhang,F.Y., Shang,J.J., Feng,Y.J., Meng,G., Deng,C.R., Jiang,W.M., Yu,X.H., Liu,G.H. and Liu,H.L.","T90","","China",NA,"29-Mar-2023","tissue","Duck","No",3,"No","No","19-3445",1,"3435-4986",1,"5006-7244",1,"Aves",NA,NA
"OR907125","OR907125.1","Duck astrovirus CPH strain T221, complete genome","18-DEC-2023","Duck astrovirus CPH","Viruses;Riboviria;Orthornavirae;Pisuviricota;Stelpaviricetes;Stellavirales;Astroviridae;Avastrovirus","","Astroviridae",7463,"Li,Y., Luo,J., Zhang,F.Y., Shang,J.J., Feng,Y.J., Meng,G., Deng,C.R., Jiang,W.M., Yu,X.H., Liu,G.H. and Liu,H.L.","T221","","China",NA,"10-May-2023","tissue","Duck","No",3,"No","No","19-3445",1,"3435-4986",1,"5006-7244",1,"Aves","B",NA
"OR902765","OR902765.1","Goose astrovirus strain U50, complete genome","18-DEC-2023","Goose astrovirus","Viruses;Riboviria;Orthornavirae;Pisuviricota;Stelpaviricetes;Stellavirales;Astroviridae;Avastrovirus","","Astroviridae",7177,"Li,Y., Luo,J., Zhang,F.Y., Shang,J.J., Feng,Y.J., Meng,G., Deng,C.R., Jiang,W.M., Yu,X.H., Liu,G.H. and Liu,H.L.","U50","","China",NA,"19-Jun-2023","tissue","Goose","No",3,"No","No","13-3268",1,"3258-4809",1,"4827-6942",1,"Aves",NA,NA
"OR902764","OR902764.1","Goose astrovirus strain U52, complete genome","18-DEC-2023","Goose astrovirus","Viruses;Riboviria;Orthornavirae;Pisuviricota;Stelpaviricetes;Stellavirales;Astroviridae;Avastrovirus","","Astroviridae",7177,"Li,Y., Luo,J., Zhang,F.Y., Shang,J.J., Feng,Y.J., Meng,G., Deng,C.R., Jiang,W.M., Yu,X.H., Liu,G.H. and Liu,H.L.","U52","","China",NA,"21-Jun-2023","tissue","Goose","No",3,"No","No","13-3268",1,"3258-4809",1,"4827-6942",1,"Aves",NA,NA
"OR902763","OR902763.1","Goose astrovirus strain U56, complete genome","18-DEC-2023","Goose astrovirus","Viruses;Riboviria;Orthornavirae;Pisuviricota;Stelpaviricetes;Stellavirales;Astroviridae;Avastrovirus","","Astroviridae",7177,"Li,Y., Luo,J., Zhang,F.Y., Shang,J.J., Feng,Y.J., Meng,G., Deng,C.R., Jiang,W.M., Yu,X.H., Liu,G.H. and Liu,H.L.","U56","","China",NA,"25-Jun-2023","tissue","Goose","No",3,"No","No","13-3268",1,"3258-4809",1,"4827-6942",1,"Aves",NA,NA
"OR902762","OR902762.1","Goose astrovirus strain U61, complete genome","18-DEC-2023","Goose astrovirus","Viruses;Riboviria;Orthornavirae;Pisuviricota;Stelpaviricetes;Stellavirales;Astroviridae;Avastrovirus","","Astroviridae",7177,"Li,Y., Luo,J., Zhang,F.Y., Shang,J.J., Feng,Y.J., Meng,G., Deng,C.R., Jiang,W.M., Yu,X.H., Liu,G.H. and Liu,H.L.","U61","","China",NA,"10-Jul-2023","tissue","Goose","No",3,"No","No","13-3268",1,"3258-4809",1,"4827-6942",1,"Aves",NA,NA
"OR902761","OR902761.1","Goose astrovirus strain Q2001, complete genome","18-DEC-2023","Goose astrovirus","Viruses;Riboviria;Orthornavirae;Pisuviricota;Stelpaviricetes;Stellavirales;Astroviridae;Avastrovirus","","Astroviridae",7177,"Li,Y., Luo,J., Zhang,F.Y., Shang,J.J., Feng,Y.J., Meng,G., Deng,C.R., Jiang,W.M., Yu,X.H., Liu,G.H. and Liu,H.L.","Q2001","","China",NA,"21-Oct-2023","tissue","Goose","No",3,"No","No","13-3268",1,"3258-4809",1,"4827-6942",1,"Aves",NA,NA
"OR902760","OR902760.1","Duck astrovirus strain C1365, complete genome","18-DEC-2023","Duck astrovirus","Viruses;Riboviria;Orthornavirae;Pisuviricota;Stelpaviricetes;Stellavirales;Astroviridae;Avastrovirus;Avastrovirus intestini","Avastrovirus intestini","Astroviridae",7287,"Li,Y., Luo,J., Zhang,F.Y., Shang,J.J., Feng,Y.J., Meng,G., Deng,C.R., Jiang,W.M., Yu,X.H., Liu,G.H. and Liu,H.L.","C1365","","China",NA,"20-Mar-2023","Throat and anal swabs","Goose","No",3,"No","No","12-3375",1,"3365-4910",1,"4926-7110",1,"Aves",NA,NA
"OR902759","OR902759.1","Duck astrovirus strain C1388, complete genome","18-DEC-2023","Duck astrovirus","Viruses;Riboviria;Orthornavirae;Pisuviricota;Stelpaviricetes;Stellavirales;Astroviridae;Avastrovirus;Avastrovirus intestini","Avastrovirus intestini","Astroviridae",7287,"Li,Y., Luo,J., Zhang,F.Y., Shang,J.J., Feng,Y.J., Meng,G., Deng,C.R., Jiang,W.M., Yu,X.H., Liu,G.H. and Liu,H.L.","C1388","","China",NA,"20-May-2023","Throat and anal swabs","Goose","No",3,"No","No","12-3375",1,"3365-4910",1,"4926-7110",1,"Aves","B",NA
"OQ986679","OQ986679.1","MAG: Avian astrovirus 3 isolate GEIG genomic sequence","10-DEC-2023","Avian astrovirus 3","Viruses;Riboviria;Orthornavirae;Pisuviricota;Stelpaviricetes;Stellavirales;Astroviridae","","Astroviridae",6531,"French,R.K., Anderson,S.H., Cain,K.E., Greene,T.C., Minor,M., Miskelly,C.M., Montoya,J.M., Muller,C.G., Taylor,M.W., Recovery Team,K. and Holmes,E.C.","","GEIG","New Zealand: Pukenui/Anchor Island",NA,"Feb-2021/Mar-2021","cloacal swab","Gerygone igata","Yes",3,"No","No","0-2553",1,"2648-4040",1,"3834-6327",1,"","G",NA
"OQ986609","OQ986609.1","MAG: Avian astrovirus 9 isolate RHFU genomic sequence","10-DEC-2023","Avian astrovirus 9","Viruses;Riboviria;Orthornavirae;Pisuviricota;Stelpaviricetes;Stellavirales;Astroviridae","","Astroviridae",6664,"French,R.K., Anderson,S.H., Cain,K.E., Greene,T.C., Minor,M., Miskelly,C.M., Montoya,J.M., Muller,C.G., Taylor,M.W., Recovery Team,K. and Holmes,E.C.","","RHFU","New Zealand: Pukenui/Anchor Island",NA,"Feb-2021/Mar-2021","cloacal swab","Rhipidura fuliginosa","Yes",3,"No","No","4037-6656",-1,"2490-3900",-1,"176-2537",-1,"","G",NA
"OQ986608","OQ986608.1","MAG: Avian astrovirus 5 isolate RHFU genomic sequence","10-DEC-2023","Avian astrovirus 5","Viruses;Riboviria;Orthornavirae;Pisuviricota;Stelpaviricetes;Stellavirales;Astroviridae","","Astroviridae",6520,"French,R.K., Anderson,S.H., Cain,K.E., Greene,T.C., Minor,M., Miskelly,C.M., Montoya,J.M., Muller,C.G., Taylor,M.W., Recovery Team,K. and Holmes,E.C.","","RHFU","New Zealand: Pukenui/Anchor Island",NA,"Feb-2021/Mar-2021","cloacal swab","Rhipidura fuliginosa","Yes",3,"No","No","36-2637",1,"2732-4127",1,"4130-6443",1,"","G",NA
"OQ986607","OQ986607.1","MAG: Avian astrovirus 4 isolate GEIG genomic sequence","10-DEC-2023","Avian astrovirus 4","Viruses;Riboviria;Orthornavirae;Pisuviricota;Stelpaviricetes;Stellavirales;Astroviridae","","Astroviridae",6631,"French,R.K., Anderson,S.H., Cain,K.E., Greene,T.C., Minor,M., Miskelly,C.M., Montoya,J.M., Muller,C.G., Taylor,M.W., Recovery Team,K. and Holmes,E.C.","","GEIG","New Zealand: Pukenui/Anchor Island",NA,"Feb-2021/Mar-2021","cloacal swab","Gerygone igata","Yes",3,"No","No","164-2726",1,"2701-4216",1,"4194-6450",1,"","G",NA
"OQ986677","OQ986677.1","MAG: Avian astrovirus 15 isolate GEIG genomic sequence","10-DEC-2023","Avian astrovirus 15","Viruses;Riboviria;Orthornavirae;Pisuviricota;Stelpaviricetes;Stellavirales;Astroviridae","","Astroviridae",4789,"French,R.K., Anderson,S.H., Cain,K.E., Greene,T.C., Minor,M., Miskelly,C.M., Montoya,J.M., Muller,C.G., Taylor,M.W., Recovery Team,K. and Holmes,E.C.","","GEIG","New Zealand: Pukenui/Anchor Island",NA,"Feb-2021/Mar-2021","cloacal swab","Gerygone igata","Yes",3,"No","No","2-770",1,"772-2362",1,"2066-4607",1,"",NA,NA
"OQ986606","OQ986606.1","MAG: Avian astrovirus 14 isolate GEIG genomic sequence","10-DEC-2023","Avian astrovirus 14","Viruses;Riboviria;Orthornavirae;Pisuviricota;Stelpaviricetes;Stellavirales;Astroviridae","","Astroviridae",6655,"French,R.K., Anderson,S.H., Cain,K.E., Greene,T.C., Minor,M., Miskelly,C.M., Montoya,J.M., Muller,C.G., Taylor,M.W., Recovery Team,K. and Holmes,E.C.","","GEIG","New Zealand: Pukenui/Anchor Island",NA,"Feb-2021/Mar-2021","cloacal swab","Gerygone igata","Yes",3,"No","No","37-2632",1,"2655-4254",1,"4123-6469",1,"","G",NA
"OP946449","OP946449.1","Goose astrovirus isolate GAstV-SDHZ, complete genome","29-OCT-2023","Goose astrovirus","Viruses;Riboviria;Orthornavirae;Pisuviricota;Stelpaviricetes;Stellavirales;Astroviridae;Avastrovirus","","Astroviridae",7166,"Wei,F., Tang,Y. and Diao,Y.","","GAstV-SDHZ","China",NA,"2022","","Laying hens","No",3,"No","No","13-3268",1,"3258-4809",1,"4827-6942",1,"Aves",NA,NA
"OR571426","OR571426.1","Chicken astrovirus isolate SDAU2022-3, complete genome","22-OCT-2023","Chicken astrovirus","Viruses;Riboviria;Orthornavirae;Pisuviricota;Stelpaviricetes;Stellavirales;Astroviridae;Avastrovirus","","Astroviridae",7331,"Bi,X.","","SDAU2022-3","China",NA,"2023","","Gallus gallus","No",3,"No","No","21-3441",1,"3422-4982",1,"5006-7223",1,"Aves",NA,NA
"OR286522","OR286522.1","Chicken astrovirus isolate SDAU2022-1, complete genome","18-OCT-2023","Chicken astrovirus","Viruses;Riboviria;Orthornavirae;Pisuviricota;Stelpaviricetes;Stellavirales;Astroviridae;Avastrovirus","","Astroviridae",7331,"Bi,X.","","SDAU2022-1","China",NA,"2022","","Gallus gallus","No",3,"No","No","21-3441",1,"3422-4982",1,"5006-7223",1,"Aves","B",NA
"OR286521","OR286521.1","Chicken astrovirus isolate SDAU2022-2, complete genome","18-OCT-2023","Chicken astrovirus","Viruses;Riboviria;Orthornavirae;Pisuviricota;Stelpaviricetes;Stellavirales;Astroviridae;Avastrovirus","","Astroviridae",7331,"Bi,X.","","SDAU2022-2","China",NA,"2022","","Gallus gallus","No",3,"No","No","21-3441",1,"3422-4982",1,"5006-7223",1,"Aves",NA,NA
"OR545548","OR545548.1","Chicken astrovirus isolate AAstV/Chicken/CHN/2022/SQ2201, complete genome","17-OCT-2023","Chicken astrovirus","Viruses;Riboviria;Orthornavirae;Pisuviricota;Stelpaviricetes;Stellavirales;Astroviridae;Avastrovirus","","Astroviridae",7542,"Qian,K., Qian,H. and Qin,A.","","AAstV/Chicken/CHN/2022/SQ2201","China",NA,"2022","","Gallus gallus","No",3,"No","No","10-3430",1,"3411-4971",1,"4995-7209",1,"Aves",NA,NA
"OR351273","OR351273.1","Chicken astrovirus isolate JS202103, complete genome","27-SEP-2023","Chicken astrovirus","Viruses;Riboviria;Orthornavirae;Pisuviricota;Stelpaviricetes;Stellavirales;Astroviridae;Avastrovirus","","Astroviridae",7507,"Yin,L. and Yu,S.","","JS202103","China",NA,"2021","LMH cells","Gallus gallus","No",3,"No","No","21-3444",1,"3425-4985",1,"5009-7226",1,"Aves","B",NA
"OR211592","OR211592.1","Goose astrovirus isolate GAstV-HBLY, complete genome","13-SEP-2023","Goose astrovirus","Viruses;Riboviria;Orthornavirae;Pisuviricota;Stelpaviricetes;Stellavirales;Astroviridae;Avastrovirus","","Astroviridae",7308,"Ji,J.S., Yuan,W.Z. and Zhao,K.","","GAstV-HBLY","China",NA,"2023","","Goose","No",3,"No","No","22-3304",1,"3294-4839",1,"4868-6983",1,"Aves",NA,NA
"MW826483","MW826483.1","Avastrovirus sp. isolate YSN01 genomic sequence","05-SEP-2023","Avastrovirus sp.","Viruses;Riboviria;Orthornavirae;Pisuviricota;Stelpaviricetes;Stellavirales;Astroviridae;Avastrovirus","","Astroviridae",6948,"Zhu,W., Huang,Y. and Yang,J.","","YSN01","China",NA,"Jul-2019","feces","Montifringilla taczanowskii","No",3,"No","No","110-2807",1,"2932-4294",1,"4312-6829",1,"Aves",NA,NA
"MW826482","MW826482.1","Avastrovirus sp. isolate YSN02 genomic sequence","05-SEP-2023","Avastrovirus sp.","Viruses;Riboviria;Orthornavirae;Pisuviricota;Stelpaviricetes;Stellavirales;Astroviridae;Avastrovirus","","Astroviridae",6835,"Zhu,W., Huang,Y. and Yang,J.","","YSN02","China",NA,"Jul-2019","feces","Montifringilla taczanowskii","No",3,"No","No","46-2788",1,"2988-4377",1,"4291-6646",1,"Aves","G",NA
"OQ787033","OQ787033.1","Goose astrovirus isolate JL01/0801/19 non-structural polyprotein (ORF1a) gene, complete cds; RNA-dependent RNA polymerase (ORF1b) gene, partial cds; and capsid protein (ORF2) gene, complete cds","02-AUG-2023","Goose astrovirus","Viruses;Riboviria;Orthornavirae;Pisuviricota;Stelpaviricetes;Stellavirales;Astroviridae;Avastrovirus","","Astroviridae",6930,"Xue,Z.","","JL01/0801/19","China: Ji Lin Province",NA,"2019-08-01","liver, kidney","Goose","No",3,"No","No","80-3185",1,"3175-4726",1,"4744-6859",1,"Aves",NA,NA
"ON400505","ON400505.1","Goose astrovirus isolate GAstV-GD2104, complete genome","14-JUN-2023","Goose astrovirus","Viruses;Riboviria;Orthornavirae;Pisuviricota;Stelpaviricetes;Stellavirales;Astroviridae;Avastrovirus","","Astroviridae",7212,"Xu,J.Y., Gao,L.G. and Chen,F.","","GAstV-GD2104","China",NA,"01-Dec-2021","kidney","Goose","No",3,"No","No","50-3305",1,"3295-4846",1,"4864-6979",1,"Aves",NA,NA
"OQ909424","OQ909424.1","Goose astrovirus strain SCG3, partial genome","07-JUN-2023","Goose astrovirus","Viruses;Riboviria;Orthornavirae;Pisuviricota;Stelpaviricetes;Stellavirales;Astroviridae;Avastrovirus","","Astroviridae",7014,"Xu,L.","SCG3","Sichuan","China",NA,"09-May-2021","","Goose","No",3,"No","No","0-3255",1,"3245-4796",1,"4814-6929",1,"Aves",NA,NA
"ON382522","ON382522.1","Goose astrovirus isolate GAstV-GD2105, complete genome","07-JUN-2023","Goose astrovirus","Viruses;Riboviria;Orthornavirae;Pisuviricota;Stelpaviricetes;Stellavirales;Astroviridae;Avastrovirus","","Astroviridae",7191,"Xu,J.Y., Gao,L.G. and Chen,F.","","GAstV-GD2105","China",NA,"15-Jan-2022","kidney","Goose","No",3,"No","No","38-3293",1,"3283-4834",1,"4852-6967",1,"Aves",NA,NA
"ON382521","ON382521.1","Goose astrovirus isolate GAstV-GD2103, complete genome","07-JUN-2023","Goose astrovirus","Viruses;Riboviria;Orthornavirae;Pisuviricota;Stelpaviricetes;Stellavirales;Astroviridae;Avastrovirus","","Astroviridae",7193,"Xu,J.Y., Gao,G.G. and Chen,F.","","GAstV-GD2103","China",NA,"16-Nov-2021","kidney","Goose","No",3,"No","No","13-3268",1,"3258-4809",1,"4827-6942",1,"Aves",NA,NA
"ON382520","ON382520.1","Goose astrovirus isolate GAstV-GD2102, complete genome","07-JUN-2023","Goose astrovirus","Viruses;Riboviria;Orthornavirae;Pisuviricota;Stelpaviricetes;Stellavirales;Astroviridae;Avastrovirus","","Astroviridae",7187,"Xu,J.Y., Gao,L.G. and Zhu,P.D.","","GAstV-GD2102","China",NA,"16-Nov-2021","kidney","Goose","No",3,"No","No","34-3289",1,"3279-4830",1,"4848-6963",1,"Aves",NA,NA
"ON382519","ON382519.1","Goose astrovirus isolate GAstV-GD2101, complete genome","07-JUN-2023","Goose astrovirus","Viruses;Riboviria;Orthornavirae;Pisuviricota;Stelpaviricetes;Stellavirales;Astroviridae;Avastrovirus","","Astroviridae",7183,"Xu,J.Y. and Gao,L.G.","","GAstV-GD2101","China",NA,"26-Oct-2021","kidney","Goose","No",3,"No","No","43-3298",1,"3288-4839",1,"4857-6972",1,"Aves",NA,NA
"OQ685946","OQ685946.1","MAG: Chicken astrovirus isolate CAstV/ck/TZ/Iringa/2151-IM162/2019, complete genome","26-MAY-2023","Chicken astrovirus","Viruses;Riboviria;Orthornavirae;Pisuviricota;Stelpaviricetes;Stellavirales;Astroviridae;Avastrovirus","","Astroviridae",7337,"Kariithi,H.M., Volkening,J.D., Chiwanga,G.H., Pantin-Jackwood,M.J., Msoffe,P.L.M. and Suarez,D.L.","","CAstV/ck/TZ/Iringa/2151-IM162/2019","Tanzania: Iringa (Miomboni)",NA,"11-Apr-2019","cloacal swab","Gallus gallus","Yes",3,"No","No","69-3363",1,"3344-4904",1,"4928-7094",1,"Aves","B",NA
"OQ685945","OQ685945.1","MAG: Avian nephritis virus isolate ANV/ck/TZ/Iringa/2151-IM162/2019, complete genome","26-MAY-2023","Avian nephritis virus","Viruses;Riboviria;Orthornavirae;Pisuviricota;Stelpaviricetes;Stellavirales;Astroviridae;Avastrovirus","","Astroviridae",6938,"Kariithi,H.M., Volkening,J.D., Pantin-Jackwood,M.J., Chiwanga,G.H., Msoffe,P.L.M. and Suarez,D.L.","","ANV/ck/TZ/Iringa/2151-IM162/2019","Tanzania: Iringa (Miomboni)",NA,"11-Apr-2019","cloacal swab","Gallus gallus","Yes",4,"No","No","21-3063",1,"3131-4583",1,"4602-6615",1,"Aves","P",NA
"OP776630","OP776630.1","Goose astrovirus strain GDYJ-21-01, complete genome","14-MAY-2023","Goose astrovirus","Viruses;Riboviria;Orthornavirae;Pisuviricota;Stelpaviricetes;Stellavirales;Astroviridae;Avastrovirus","","Astroviridae",7299,"Liu,C., Dong,J., Li,L. and Sun,M.","GDYJ-21-01","","China",NA,"2021","","Goose","No",3,"No","No","22-3304",1,"3294-4839",1,"4868-6983",1,"Aves",NA,NA
"OP776629","OP776629.1","Goose astrovirus strain GDZJ-21-01, complete genome","14-MAY-2023","Goose astrovirus","Viruses;Riboviria;Orthornavirae;Pisuviricota;Stelpaviricetes;Stellavirales;Astroviridae;Avastrovirus","","Astroviridae",7183,"Liu,C., Dong,J., Li,L. and Sun,M.","GDZJ-21-01","","China",NA,"2021","","Goose","No",3,"No","No","18-3273",1,"3263-4814",1,"4832-6947",1,"Aves",NA,NA
"OP272633","OP272633.1","Goose astrovirus isolate AH33-3, partial genome","04-APR-2023","Goose astrovirus","Viruses;Riboviria;Orthornavirae;Pisuviricota;Stelpaviricetes;Stellavirales;Astroviridae;Avastrovirus","","Astroviridae",7225,"Ma,P., Zhang,M., Zhang,L. and Li,Y.","","AH33-3","China",NA,"2021","liver, spleen, kidney","Goose","No",3,"No","No","0-3519",1,"3512-5081",1,"5047-7225",1,"Aves","B",NA
"OP169001","OP169001.1","Chicken astrovirus isolate AAstV/Chicken/CHN/2021/HA2101, complete genome","03-APR-2023","Chicken astrovirus","Viruses;Riboviria;Orthornavirae;Pisuviricota;Stelpaviricetes;Stellavirales;Astroviridae;Avastrovirus","","Astroviridae",7632,"Qian,K., Song,R., Qin,A. and Shao,H.","","AAstV/Chicken/CHN/2021/HA2101","China",NA,"2021","","Gallus gallus","No",3,"No","No","70-3490",1,"3471-5031",1,"5055-7269",1,"Aves",NA,NA
"OP179660","OP179660.1","Goose astrovirus strain GoAstv-C2, partial genome","01-APR-2023","Goose astrovirus","Viruses;Riboviria;Orthornavirae;Pisuviricota;Stelpaviricetes;Stellavirales;Astroviridae;Avastrovirus","","Astroviridae",7035,"Cen,X.","GoAstv-C2","","China",NA,"25-Jun-2022","","Goose","No",3,"No","No","9-3264",1,"3254-4805",1,"4823-6938",1,"Aves",NA,NA
"OP621341","OP621341.1","Goose astrovirus strain AAstV/Goose/CHN/2019/SD03, complete genome","21-MAR-2023","Goose astrovirus","Viruses;Riboviria;Orthornavirae;Pisuviricota;Stelpaviricetes;Stellavirales;Astroviridae;Avastrovirus","","Astroviridae",7175,"Ren,Z., Zhang,Q. and Su,J.","AAstV/Goose/CHN/2019/SD03","","China: Shandong province",NA,"2019-10-09","liver, kidney","Goose","No",3,"No","No","10-3265",1,"3255-4806",1,"4824-6939",1,"Aves",NA,NA
"OP621340","OP621340.1","Goose astrovirus strain AAstV/Goose/CHN/2019/JX03, complete genome","21-MAR-2023","Goose astrovirus","Viruses;Riboviria;Orthornavirae;Pisuviricota;Stelpaviricetes;Stellavirales;Astroviridae;Avastrovirus","","Astroviridae",7175,"Ren,Z., Zhang,Q. and Su,J.","AAstV/Goose/CHN/2019/JX03","","China: Jiangxi province",NA,"2019-12-02","liver, kidney","Goose","No",3,"No","No","10-3265",1,"3255-4806",1,"4824-6939",1,"Aves",NA,NA
"OP621339","OP621339.1","Goose astrovirus strain AAstV/Goose/CHN/2019/JX02, complete genome","21-MAR-2023","Goose astrovirus","Viruses;Riboviria;Orthornavirae;Pisuviricota;Stelpaviricetes;Stellavirales;Astroviridae;Avastrovirus","","Astroviridae",7175,"Ren,Z., Zhang,Q. and Su,J.","AAstV/Goose/CHN/2019/JX02","","China: Jiangxi province",NA,"2019-12-02","liver, kidney","Goose","No",3,"No","No","10-3265",1,"3255-4806",1,"4824-6939",1,"Aves",NA,NA
"OP621338","OP621338.1","Goose astrovirus strain AAstV/Goose/CHN/2018/JX01, complete genome","21-MAR-2023","Goose astrovirus","Viruses;Riboviria;Orthornavirae;Pisuviricota;Stelpaviricetes;Stellavirales;Astroviridae;Avastrovirus","","Astroviridae",7175,"Ren,Z., Zhang,Q. and Su,J.","AAstV/Goose/CHN/2018/JX01","","China: Jiangxi province",NA,"2018-03-29","liver, kidney","Goose","No",3,"No","No","10-3265",1,"3255-4806",1,"4824-6939",1,"Aves",NA,NA
"OP621337","OP621337.1","Goose astrovirus strain AAstV/Goose/CHN/2018/JS01, complete genome","21-MAR-2023","Goose astrovirus","Viruses;Riboviria;Orthornavirae;Pisuviricota;Stelpaviricetes;Stellavirales;Astroviridae;Avastrovirus","","Astroviridae",7175,"Ren,Z., Zhang,Q. and Su,J.","AAstV/Goose/CHN/2018/JS01","","China: Jiangsu province",NA,"2018-02-06","liver, kidney","Goose","No",3,"No","No","10-3265",1,"3255-4806",1,"4824-6939",1,"Aves",NA,NA
"OP621336","OP621336.1","Goose astrovirus strain AAstV/Goose/CHN/2018/HB02, complete genome","21-MAR-2023","Goose astrovirus","Viruses;Riboviria;Orthornavirae;Pisuviricota;Stelpaviricetes;Stellavirales;Astroviridae;Avastrovirus","","Astroviridae",7175,"Ren,Z., Zhang,Q. and Su,J.","AAstV/Goose/CHN/2018/HB02","","China: Hebei province",NA,"2018-04-22","liver, kidney","Goose","No",3,"No","No","10-3265",1,"3255-4806",1,"4824-6939",1,"Aves",NA,NA
"OP621335","OP621335.1","Goose astrovirus strain AAstV/Goose/CHN/2021/AH02, complete genome","21-MAR-2023","Goose astrovirus","Viruses;Riboviria;Orthornavirae;Pisuviricota;Stelpaviricetes;Stellavirales;Astroviridae;Avastrovirus","","Astroviridae",7175,"Ren,Z., Zhang,Q. and Su,J.","AAstV/Goose/CHN/2021/AH02","","China: Anhui province",NA,"2021-05-08","liver, kidney","Goose","No",3,"No","No","10-3265",1,"3255-4806",1,"4824-6939",1,"Aves",NA,NA
"OP621334","OP621334.1","Goose astrovirus strain AAstV/Goose/CHN/2019/AH01, complete genome","21-MAR-2023","Goose astrovirus","Viruses;Riboviria;Orthornavirae;Pisuviricota;Stelpaviricetes;Stellavirales;Astroviridae;Avastrovirus","","Astroviridae",7175,"Ren,Z., Zhang,Q. and Su,J.","AAstV/Goose/CHN/2019/AH01","","China: Anhui province",NA,"2019-11-15","liver, kidney","Goose","No",3,"No","No","10-3265",1,"3255-4806",1,"4824-6939",1,"Aves",NA,NA
"OP621333","OP621333.1","Goose astrovirus strain AAstV/Goose/CHN/2019/JX-Embryo, complete genome","21-MAR-2023","Goose astrovirus","Viruses;Riboviria;Orthornavirae;Pisuviricota;Stelpaviricetes;Stellavirales;Astroviridae;Avastrovirus","","Astroviridae",7175,"Ren,Z., Zhang,Q. and Su,J.","AAstV/Goose/CHN/2019/JX-Embryo","","China: Jiangxi province",NA,"2019-12-16","liver, kidney","Goose","No",3,"No","No","10-3265",1,"3255-4806",1,"4824-6939",1,"Aves",NA,NA
"OP621332","OP621332.1","Goose astrovirus strain AAstV/Goose/CHN/2020/SD04, complete genome","21-MAR-2023","Goose astrovirus","Viruses;Riboviria;Orthornavirae;Pisuviricota;Stelpaviricetes;Stellavirales;Astroviridae;Avastrovirus","","Astroviridae",7175,"Ren,Z., Zhang,Q. and Su,J.","AAstV/Goose/CHN/2020/SD04","","China: Shandong province",NA,"2020-11-18","liver, kidney","Goose","No",3,"No","No","10-3265",1,"3255-4806",1,"4824-6939",1,"Aves",NA,NA
"OP621331","OP621331.1","Goose astrovirus strain AAstV/Goose/CHN/2019/SD02, complete genome","21-MAR-2023","Goose astrovirus","Viruses;Riboviria;Orthornavirae;Pisuviricota;Stelpaviricetes;Stellavirales;Astroviridae;Avastrovirus","","Astroviridae",7175,"Ren,Z., Zhang,Q. and Su,J.","AAstV/Goose/CHN/2019/SD02","","China: Shandong province",NA,"2019-05-03","liver, kidney","Goose","No",3,"No","No","10-3265",1,"3255-4806",1,"4824-6939",1,"Aves",NA,NA
"OP621330","OP621330.1","Goose astrovirus strain AAstV/Goose/CHN/2021/JX04, complete genome","21-MAR-2023","Goose astrovirus","Viruses;Riboviria;Orthornavirae;Pisuviricota;Stelpaviricetes;Stellavirales;Astroviridae;Avastrovirus","","Astroviridae",7175,"Ren,Z., Zhang,Q. and Su,J.","AAstV/Goose/CHN/2021/JX04","","China: Jiangxi province",NA,"2021-03-16","liver, kidney","Goose","No",3,"No","No","10-3265",1,"3255-4806",1,"4824-6939",1,"Aves",NA,NA
"OP484924","OP484924.1","Goose astrovirus strain AAstV/Goose/CHN/2018/HB01, complete genome","21-MAR-2023","Goose astrovirus","Viruses;Riboviria;Orthornavirae;Pisuviricota;Stelpaviricetes;Stellavirales;Astroviridae;Avastrovirus","","Astroviridae",7175,"Ren,Z., Zhang,Q. and Su,J.","AAstV/Goose/CHN/2018/HB01","","China: Hebei province",NA,"2018-04-11","liver, kidney","Goose","No",3,"No","No","10-3265",1,"3255-4806",1,"4824-6939",1,"Aves","B",NA
"OP484923","OP484923.1","Goose astrovirus strain AAstV/Goose/CHN/2018/GD01, complete genome","21-MAR-2023","Goose astrovirus","Viruses;Riboviria;Orthornavirae;Pisuviricota;Stelpaviricetes;Stellavirales;Astroviridae;Avastrovirus","","Astroviridae",7175,"Ren,Z., Zhang,Q. and Su,J.","AAstV/Goose/CHN/2018/GD01","","China: Guangdong province",NA,"2018-03-09","liver, kidney","Goose","No",3,"No","No","10-3265",1,"3255-4806",1,"4824-6939",1,"Aves",NA,NA
"ON954324","ON954324.1","Goose astrovirus strain GAsTV/2021/CHN, complete genome","18-MAR-2023","Goose astrovirus","Viruses;Riboviria;Orthornavirae;Pisuviricota;Stelpaviricetes;Stellavirales;Astroviridae;Avastrovirus","","Astroviridae",7210,"Wang,X.","GAsTV/2021/CHN","","China",NA,"2021","tissue","Goose","No",3,"No","No","59-3314",1,"3304-4855",1,"4873-6988",1,"Aves",NA,NA
"OM469237","OM469237.1","MAG: Avastrovirus sp. isolate ANV/PB55-SI14/Switzerland/2019 ORF1ab polyprotein, non-structural polyprotein, and capsid protein genes, partial cds","03-MAR-2023","Avastrovirus sp.","Viruses;Riboviria;Orthornavirae;Pisuviricota;Stelpaviricetes;Stellavirales;Astroviridae;Avastrovirus","","Astroviridae",5130,"Kubacki,J., Qi,W. and Fraefel,C.","","ANV/PB55-SI14/Switzerland/2019","Switzerland",NA,"2019","ground feces","Gallus gallus","Yes",3,"No","No","0-1560",1,"1559-3083",1,"3102-5130",1,"Aves",NA,NA
"OM469236","OM469236.1","MAG: Avastrovirus sp. isolate ANV/PB5-HI5/Switzerland/2019 ORF1ab polyprotein, non-structural polyprotein, and capsid protein genes, complete cds","03-MAR-2023","Avastrovirus sp.","Viruses;Riboviria;Orthornavirae;Pisuviricota;Stelpaviricetes;Stellavirales;Astroviridae;Avastrovirus","","Astroviridae",6936,"Kubacki,J., Qi,W. and Fraefel,C.","","ANV/PB5-HI5/Switzerland/2019","Switzerland",NA,"2019","ground feces","Gallus gallus","Yes",3,"No","No","14-3044",1,"3043-4567",1,"4586-6620",1,"Aves",NA,NA
"OM469235","OM469235.1","MAG: Avastrovirus sp. isolate ANV/PB15-HI11/Switzerland/2019 ORF1ab polyprotein, non-structural polyprotein, and capsid protein genes, complete cds","03-MAR-2023","Avastrovirus sp.","Viruses;Riboviria;Orthornavirae;Pisuviricota;Stelpaviricetes;Stellavirales;Astroviridae;Avastrovirus","","Astroviridae",6922,"Kubacki,J., Qi,W. and Fraefel,C.","","ANV/PB15-HI11/Switzerland/2019","Switzerland",NA,"2019","ground feces","Gallus gallus","Yes",3,"No","No","19-3049",1,"3048-4572",1,"4591-6625",1,"Aves",NA,NA
"OM469234","OM469234.1","MAG: Avastrovirus sp. isolate ANV/PB1-HI5/Switzerland/2019 ORF1ab polyprotein, non-structural polyprotein, and capsid protein genes, complete cds","03-MAR-2023","Avastrovirus sp.","Viruses;Riboviria;Orthornavirae;Pisuviricota;Stelpaviricetes;Stellavirales;Astroviridae;Avastrovirus","","Astroviridae",6767,"Kubacki,J., Qi,W. and Fraefel,C.","","ANV/PB1-HI5/Switzerland/2019","Switzerland",NA,"2019","ground feces","Gallus gallus","Yes",3,"No","No","6-3036",1,"3035-4559",1,"4578-6612",1,"Aves",NA,NA
"OM469233","OM469233.1","MAG: Avastrovirus sp. isolate ANV/PB11-HI6/Switzerland/2019 ORF1ab polyprotein, non-structural polyprotein, and capsid protein genes, complete cds","03-MAR-2023","Avastrovirus sp.","Viruses;Riboviria;Orthornavirae;Pisuviricota;Stelpaviricetes;Stellavirales;Astroviridae;Avastrovirus","","Astroviridae",6894,"Kubacki,J., Qi,W. and Fraefel,C.","","ANV/PB11-HI6/Switzerland/2019","Switzerland",NA,"2019","ground feces","Gallus gallus","Yes",3,"No","No","21-3051",1,"3050-4574",1,"4593-6627",1,"Aves",NA,NA
"OM469232","OM469232.1","MAG: Avastrovirus sp. isolate ANV/PB7-HI6/Switzerland/2019 ORF1ab polyprotein, non-structural polyprotein, and capsid protein genes, complete cds","03-MAR-2023","Avastrovirus sp.","Viruses;Riboviria;Orthornavirae;Pisuviricota;Stelpaviricetes;Stellavirales;Astroviridae;Avastrovirus","","Astroviridae",6874,"Kubacki,J., Qi,W. and Fraefel,C.","","ANV/PB7-HI6/Switzerland/2019","Switzerland",NA,"2019","ground feces","Gallus gallus","Yes",3,"No","No","13-3043",1,"3042-4566",1,"4585-6619",1,"Aves","P",NA
"OM469231","OM469231.1","MAG: Avastrovirus sp. isolate ANV/PB21-SI5/Switzerland/2019 ORF1ab polyprotein, non-structural polyprotein, and capsid protein genes, complete cds","03-MAR-2023","Avastrovirus sp.","Viruses;Riboviria;Orthornavirae;Pisuviricota;Stelpaviricetes;Stellavirales;Astroviridae;Avastrovirus","","Astroviridae",6893,"Kubacki,J., Qi,W. and Fraefel,C.","","ANV/PB21-SI5/Switzerland/2019","Switzerland",NA,"2019","ground feces","Gallus gallus","Yes",3,"No","No","14-3053",1,"3052-4576",1,"4595-6626",1,"Aves",NA,NA
"OM469230","OM469230.1","MAG: Avastrovirus sp. isolate ANV/PB31-SI19/Switzerland/2019 ORF1ab polyprotein and non-structural polyprotein genes, partial cds; and capsid protein gene, complete cds","03-MAR-2023","Avastrovirus sp.","Viruses;Riboviria;Orthornavirae;Pisuviricota;Stelpaviricetes;Stellavirales;Astroviridae;Avastrovirus","","Astroviridae",5935,"Kubacki,J., Qi,W. and Fraefel,C.","","ANV/PB31-SI19/Switzerland/2019","Switzerland",NA,"2019","ground feces","Gallus gallus","Yes",3,"No","No","0-2274",1,"2273-3797",1,"3816-5847",1,"Aves","P",NA
"OM469229","OM469229.1","MAG: Avastrovirus sp. isolate ANV/PB23-SI7/Switzerland/2019 ORF1ab polyprotein, non-structural polyprotein, and capsid protein genes, complete cds","03-MAR-2023","Avastrovirus sp.","Viruses;Riboviria;Orthornavirae;Pisuviricota;Stelpaviricetes;Stellavirales;Astroviridae;Avastrovirus","","Astroviridae",6750,"Kubacki,J., Qi,W. and Fraefel,C.","","ANV/PB23-SI7/Switzerland/2019","Switzerland",NA,"2019","ground feces","Gallus gallus","Yes",3,"No","No","5-3044",1,"3043-4567",1,"4586-6617",1,"Aves",NA,NA
"ON205965","ON205965.1","Goose astrovirus isolate AAstv/CHN/Goose/2018, complete genome","31-JAN-2023","Goose astrovirus","Viruses;Riboviria;Orthornavirae;Pisuviricota;Stelpaviricetes;Stellavirales;Astroviridae;Avastrovirus","","Astroviridae",7175,"Lv,X., Jia,B., Xie,X., Li,W., Yu,S., Chen,S., Yang,Q., Wang,B., Zhu,Y., Wang,Q. and Wang,G.","","AAstv/CHN/Goose/2018","China",NA,"May-2018","liver and kidney","Goose","No",3,"No","No","10-3265",1,"3255-4806",1,"4824-6939",1,"Aves",NA,NA
"OM811458","OM811458.1","Goose astrovirus isolate Astv/Goose/Heilongjiang/ZYL01/2018, complete genome","30-JAN-2023","Goose astrovirus","Viruses;Riboviria;Orthornavirae;Pisuviricota;Stelpaviricetes;Stellavirales;Astroviridae;Avastrovirus","","Astroviridae",7181,"Li,Q. and Zhang,Y.","","Astv/Goose/Heilongjiang/ZYL01/2018","China",NA,"31-Dec-2018","","Goose","No",3,"No","No","18-3273",1,"3263-4814",1,"4832-6947",1,"Aves",NA,NA
"ON156528","ON156528.1","Goose astrovirus strain GDZJ37, complete genome","28-JAN-2023","Goose astrovirus","Viruses;Riboviria;Orthornavirae;Pisuviricota;Stelpaviricetes;Stellavirales;Astroviridae;Avastrovirus","","Astroviridae",7182,"Yang,H.","GDZJ37","","China",NA,"10-Jan-2022","","Goose","No",3,"No","No","18-3273",1,"3263-4814",1,"4832-6947",1,"Aves",NA,NA
"ON964512","ON964512.1","Avian nephritis virus strain HNU-ANV-ML-2020, complete genome","24-JAN-2023","Avian nephritis virus","Viruses;Riboviria;Orthornavirae;Pisuviricota;Stelpaviricetes;Stellavirales;Astroviridae;Avastrovirus","","Astroviridae",6950,"Xiao,C.-T., Xia,J.-Y., Liao,J.-Y. and Liu,C.-X.","HNU-ANV-ML-2020","","China:Hunan",NA,"Dec-2020","","Gallus gallus","No",3,"No","No","13-3058",1,"3051-4578",1,"4597-6637",1,"Aves","P",NA
"ON745304","ON745304.1","Goose astrovirus isolate ZJCX, complete genome","26-DEC-2022","Goose astrovirus","Viruses;Riboviria;Orthornavirae;Pisuviricota;Stelpaviricetes;Stellavirales;Astroviridae;Avastrovirus","","Astroviridae",7182,"Zhu,Y., Wang,H., Yun,T., Hua,J., Ye,W., Ni,Z., Chen,L. and Zhang,C.","","ZJCX","China",NA,"15-Jun-2021","liver","Landaise","No",3,"No","No","18-3273",1,"3263-4814",1,"4832-6947",1,"Aves",NA,NA
"OM937013","OM937013.1","Goose astrovirus strain SD, complete genome","20-DEC-2022","Goose astrovirus","Viruses;Riboviria;Orthornavirae;Pisuviricota;Stelpaviricetes;Stellavirales;Astroviridae;Avastrovirus","","Astroviridae",7128,"Deng,X.","SD","","China: Shandong",NA,"2017-05","","Goose","No",3,"No","No","18-3273",1,"3263-4814",1,"4832-6947",1,"Aves",NA,NA
"OL762473","OL762473.1","Goose astrovirus 2 isolate JXGZ, complete genome","01-DEC-2022","Goose astrovirus 2","Viruses;Riboviria;Orthornavirae;Pisuviricota;Stelpaviricetes;Stellavirales;Astroviridae;Avastrovirus","","Astroviridae",7177,"Zhang,F., Li,H., Kang,Z., Yang,Q. and Wei,Q.","","JXGZ","China",NA,"Mar-2020","kidney","Goose","No",3,"No","No","13-3268",1,"3261-4809",1,"4827-6942",1,"Aves",NA,NA
"OM066895","OM066895.1","Goose astrovirus isolate AAstV/Goose/CHN/2021/ZY02, complete genome","26-NOV-2022","Goose astrovirus","Viruses;Riboviria;Orthornavirae;Pisuviricota;Stelpaviricetes;Stellavirales;Astroviridae;Avastrovirus","","Astroviridae",7175,"Jia,B., Lv,X., Yang,Q., Zhang,M., Li,W., Chen,S., Jiang,Y., Wang,B., Zhu,Y., Wang,Q. and Wang,G.","","AAstV/Goose/CHN/2021/ZY02","China",NA,"Apr-2021","","Goose","No",3,"No","No","10-3265",1,"3255-4806",1,"4824-6939",1,"Aves",NA,NA
"OM066894","OM066894.1","Goose astrovirus isolate AAstV/Goose/CHN/2021/HR2110/1, complete genome","26-NOV-2022","Goose astrovirus","Viruses;Riboviria;Orthornavirae;Pisuviricota;Stelpaviricetes;Stellavirales;Astroviridae;Avastrovirus","","Astroviridae",7175,"Jia,B., Lv,X., Yang,Q., Zhang,M., Li,W., Chen,S., Jiang,Y., Wang,B., Zhu,Y., Wang,Q. and Wang,G.","","AAstV/Goose/CHN/2021/HR2110/1","China",NA,"Oct-2021","","Goose","No",3,"No","No","10-3265",1,"3255-4806",1,"4824-6939",1,"Aves",NA,NA
"OM066893","OM066893.1","Goose astrovirus isolate AAstV/Goose/CHN/2021/HR2105/2, complete genome","26-NOV-2022","Goose astrovirus","Viruses;Riboviria;Orthornavirae;Pisuviricota;Stelpaviricetes;Stellavirales;Astroviridae;Avastrovirus","","Astroviridae",7175,"Jia,B., Lv,X., Yang,Q., Li,W., Chen,S., Jiang,Y., Wang,B., Zhu,Y., Wang,Q. and Wang,G.","","AAstV/Goose/CHN/2021/HR2105/2","China",NA,"May-2021","","Goose","No",3,"No","No","10-3265",1,"3255-4806",1,"4824-6939",1,"Aves",NA,NA
"OM066892","OM066892.1","Goose astrovirus isolate AAstV/Goose/CHN/2021/HR2105/1, complete genome","26-NOV-2022","Goose astrovirus","Viruses;Riboviria;Orthornavirae;Pisuviricota;Stelpaviricetes;Stellavirales;Astroviridae;Avastrovirus","","Astroviridae",7175,"Lv,X., Jia,B., Yang,Q., Yu,S., Zhu,M., Zhang,M., Lu,Q., Wang,X., Wang,B., Zhu,Y., Wang,Q. and Wang,G.","","AAstV/Goose/CHN/2021/HR2105/1","China",NA,"May-2021","kidney","Goose","No",3,"No","No","10-3265",1,"3255-4806",1,"4824-6939",1,"Aves",NA,NA
"OL853843","OL853843.1","Goose astrovirus isolate HLJ, complete genome","19-NOV-2022","Goose astrovirus","Viruses;Riboviria;Orthornavirae;Pisuviricota;Stelpaviricetes;Stellavirales;Astroviridae;Avastrovirus","","Astroviridae",7252,"Li,G., Zhang,Y. and Zou,M.","","HLJ","China",NA,"2019","","Goose","No",3,"No","No","245-3350",1,"3340-4891",1,"4909-7024",1,"Aves",NA,NA
"OM100603","OM100603.1","Goose astrovirus isolate AstV/JS04/Goose/0919/20, complete genome","01-NOV-2022","Goose astrovirus","Viruses;Riboviria;Orthornavirae;Pisuviricota;Stelpaviricetes;Stellavirales;Astroviridae;Avastrovirus","","Astroviridae",7163,"Cui,H., Mu,X. and Ji,J.","","AstV/JS04/Goose/0919/20","China",NA,"19-Sep-2020","","Goose","No",3,"No","No","11-3266",1,"3256-4807",1,"4825-6940",1,"Aves",NA,NA
"OM100602","OM100602.1","Goose astrovirus isolate AstV/JS03/Goose/0702/20, complete genome","01-NOV-2022","Goose astrovirus","Viruses;Riboviria;Orthornavirae;Pisuviricota;Stelpaviricetes;Stellavirales;Astroviridae;Avastrovirus","","Astroviridae",7166,"Cui,H., Mu,X. and Ji,J.","","AstV/JS03/Goose/0702/20","China",NA,"02-Jul-2020","","Goose","No",3,"No","No","13-3268",1,"3258-4809",1,"4827-6942",1,"Aves",NA,NA
"OM100601","OM100601.1","Goose astrovirus isolate AstV/JS02/Goose/0518/20, complete genome","01-NOV-2022","Goose astrovirus","Viruses;Riboviria;Orthornavirae;Pisuviricota;Stelpaviricetes;Stellavirales;Astroviridae;Avastrovirus","","Astroviridae",7168,"Cui,H., Mu,X. and Ji,J.","","AstV/JS02/Goose/0518/20","China",NA,"18-May-2020","","Goose","No",3,"No","No","13-3268",1,"3258-4809",1,"4827-6942",1,"Aves",NA,NA
"OM100600","OM100600.1","Goose astrovirus isolate AstV/JS01/Goose/0518/20, complete genome","01-NOV-2022","Goose astrovirus","Viruses;Riboviria;Orthornavirae;Pisuviricota;Stelpaviricetes;Stellavirales;Astroviridae;Avastrovirus","","Astroviridae",7170,"Cui,H., Mu,X. and Ji,J.","","AstV/JS01/Goose/0518/20","China",NA,"18-May-2020","","Goose","No",3,"No","No","13-3268",1,"3258-4809",1,"4827-6942",1,"Aves",NA,NA
"OM100599","OM100599.1","Goose astrovirus isolate AstV/HN05/Goose/0514/20, complete genome","01-NOV-2022","Goose astrovirus","Viruses;Riboviria;Orthornavirae;Pisuviricota;Stelpaviricetes;Stellavirales;Astroviridae;Avastrovirus","","Astroviridae",7170,"Cui,H., Mu,X. and Ji,J.","","AstV/HN05/Goose/0514/20","China",NA,"14-May-2020","","Goose","No",3,"No","No","13-3268",1,"3258-4809",1,"4827-6942",1,"Aves",NA,NA
"OM100598","OM100598.1","Goose astrovirus isolate AstV/HN04/Goose/0514/20, complete genome","01-NOV-2022","Goose astrovirus","Viruses;Riboviria;Orthornavirae;Pisuviricota;Stelpaviricetes;Stellavirales;Astroviridae;Avastrovirus","","Astroviridae",7177,"Cui,H., Mu,X. and Ji,J.","","AstV/HN04/Goose/0514/20","China",NA,"14-May-2020","","Goose","No",3,"No","No","13-3268",1,"3258-4809",1,"4827-6942",1,"Aves",NA,NA
"OM100597","OM100597.1","Goose astrovirus isolate AstV/HB06/Goose/1226/19, complete genome","01-NOV-2022","Goose astrovirus","Viruses;Riboviria;Orthornavirae;Pisuviricota;Stelpaviricetes;Stellavirales;Astroviridae;Avastrovirus","","Astroviridae",7168,"Cui,H., Mu,X. and Ji,J.","","AstV/HB06/Goose/1226/19","China",NA,"26-Dec-2019","","Goose","No",3,"No","No","11-3266",1,"3256-4807",1,"4825-6940",1,"Aves",NA,NA
"OM100596","OM100596.1","Goose astrovirus isolate AstV/HB05/Goose/0812/19, complete genome","01-NOV-2022","Goose astrovirus","Viruses;Riboviria;Orthornavirae;Pisuviricota;Stelpaviricetes;Stellavirales;Astroviridae;Avastrovirus","","Astroviridae",7176,"Cui,H., Mu,X. and Ji,J.","","AstV/HB05/Goose/0812/19","China",NA,"12-Aug-2019","","Goose","No",3,"No","No","11-3266",1,"3256-4807",1,"4825-6940",1,"Aves",NA,NA
"OM100595","OM100595.1","Goose astrovirus isolate AstV/HB04/Goose/0811/19, complete genome","01-NOV-2022","Goose astrovirus","Viruses;Riboviria;Orthornavirae;Pisuviricota;Stelpaviricetes;Stellavirales;Astroviridae;Avastrovirus","","Astroviridae",7164,"Cui,H., Mu,X. and Ji,J.","","AstV/HB04/Goose/0811/19","China",NA,"12-Aug-2019","","Goose","No",3,"No","No","11-3266",1,"3256-4807",1,"4825-6940",1,"Aves",NA,NA
"OM100594","OM100594.1","Goose astrovirus isolate AstV/HB03/Goose/0810/19, complete genome","01-NOV-2022","Goose astrovirus","Viruses;Riboviria;Orthornavirae;Pisuviricota;Stelpaviricetes;Stellavirales;Astroviridae;Avastrovirus","","Astroviridae",7170,"Cui,H., Mu,X. and Ji,J.","","AstV/HB03/Goose/0810/19","China",NA,"11-Aug-2019","","Goose","No",3,"No","No","13-3268",1,"3258-4809",1,"4827-6942",1,"Aves",NA,NA
"OM100593","OM100593.1","Goose astrovirus isolate AstV/AN06/Goose/0714/19, complete genome","01-NOV-2022","Goose astrovirus","Viruses;Riboviria;Orthornavirae;Pisuviricota;Stelpaviricetes;Stellavirales;Astroviridae;Avastrovirus","","Astroviridae",7168,"Cui,H., Mu,X. and Ji,J.","","AstV/AN06/Goose/0714/19","China",NA,"14-Jul-2019","","Goose","No",3,"No","No","11-3266",1,"3256-4807",1,"4825-6940",1,"Aves",NA,NA
"OM100592","OM100592.1","Goose astrovirus isolate AstV/AH05/Goose/0711/19, complete genome","01-NOV-2022","Goose astrovirus","Viruses;Riboviria;Orthornavirae;Pisuviricota;Stelpaviricetes;Stellavirales;Astroviridae;Avastrovirus","","Astroviridae",7173,"Cui,H., Mu,X. and Ji,J.","","AstV/AH05/Goose/0711/19","China",NA,"11-Jul-2019","","Goose","No",3,"No","No","11-3266",1,"3256-4807",1,"4825-6940",1,"Aves",NA,NA
"OM100591","OM100591.1","Goose astrovirus isolate AstV/AH04/Goose/0614/19, complete genome","01-NOV-2022","Goose astrovirus","Viruses;Riboviria;Orthornavirae;Pisuviricota;Stelpaviricetes;Stellavirales;Astroviridae;Avastrovirus","","Astroviridae",7168,"Cui,H., Mu,X. and Ji,J.","","AstV/AH04/Goose/0614/19","China",NA,"14-Jun-2019","","Goose","No",3,"No","No","13-3268",1,"3258-4809",1,"4827-6942",1,"Aves",NA,NA
"OM100590","OM100590.1","Goose astrovirus isolate AstV/AH03/Goose/0422/19, complete genome","01-NOV-2022","Goose astrovirus","Viruses;Riboviria;Orthornavirae;Pisuviricota;Stelpaviricetes;Stellavirales;Astroviridae;Avastrovirus","","Astroviridae",7160,"Cui,H., Mu,X. and Ji,J.","","AstV/AH03/Goose/0422/19","China",NA,"22-Apr-2019","","Goose","No",3,"No","No","7-3262",1,"3252-4803",1,"4822-6937",1,"Aves",NA,NA
"OM455389","OM455389.1","Goose astrovirus 2 isolate HeB-BD4-2019, complete genome","31-OCT-2022","Goose astrovirus 2","Viruses;Riboviria;Orthornavirae;Pisuviricota;Stelpaviricetes;Stellavirales;Astroviridae;Avastrovirus","","Astroviridae",7183,"Chen,L., Wang,X., Li,Y. and Liu,J.","","HeB-BD4-2019","China: Hebei",NA,"16-Sep-2019","embryos chorioallantoic membrane (CAM) F5","Goose","No",3,"No","No","18-3273",1,"3263-4814",1,"4832-6947",1,"Aves",NA,NA
"OM455388","OM455388.1","Goose astrovirus 2 isolate HeB-BD1-2021, complete genome","31-OCT-2022","Goose astrovirus 2","Viruses;Riboviria;Orthornavirae;Pisuviricota;Stelpaviricetes;Stellavirales;Astroviridae;Avastrovirus","","Astroviridae",7183,"Chen,L., Wang,X., Li,Y. and Liu,J.","","HeB-BD1-2021","China: Hebei",NA,"24-Jan-2021","goose embryo chorioallantoic membrane (CAM) F3","Goose","No",3,"No","No","18-3273",1,"3263-4814",1,"4832-6947",1,"Aves",NA,NA
"OM264914","OM264914.1","Goose astrovirus 1 strain HeB-SJZ-2019, complete genome","31-OCT-2022","Goose astrovirus 1","Viruses;Riboviria;Orthornavirae;Pisuviricota;Stelpaviricetes;Stellavirales;Astroviridae;Avastrovirus","","Astroviridae",7288,"Chen,L., Wang,X., Li,Y. and Liu,J.","HeB-SJZ-2019","","China: Hebei",NA,"04-Jan-2019","liver, spleen, kidney","Gosling","No",3,"No","No","22-3304",1,"3294-4839",1,"4868-6983",1,"Aves",NA,NA
"OM264913","OM264913.1","Goose astrovirus 1 strain HeB-BD-1-2019, complete genome","31-OCT-2022","Goose astrovirus 1","Viruses;Riboviria;Orthornavirae;Pisuviricota;Stelpaviricetes;Stellavirales;Astroviridae;Avastrovirus","","Astroviridae",7288,"Chen,L., Wang,X., Li,Y. and Liu,J.","HeB-BD-1-2019","","China: Hebei",NA,"06-Jul-2019","liver, spleen, kidney","Gosling","No",3,"No","No","22-3304",1,"3294-4839",1,"4868-6983",1,"Aves",NA,NA
"OM264912","OM264912.1","Goose astrovirus 1 strain HeB-BD-2-2019, complete genome","31-OCT-2022","Goose astrovirus 1","Viruses;Riboviria;Orthornavirae;Pisuviricota;Stelpaviricetes;Stellavirales;Astroviridae;Avastrovirus","","Astroviridae",7288,"Chen,L., Wang,X., Li,Y. and Liu,J.","HeB-BD-2-2019","","China: Hebei",NA,"15-Jul-2019","liver, spleen, kidney","Gosling","No",3,"No","No","22-3304",1,"3294-4839",1,"4868-6983",1,"Aves",NA,NA
"OM264911","OM264911.1","Goose astrovirus 1 strain HeB-CZ-2019, complete genome","31-OCT-2022","Goose astrovirus 1","Viruses;Riboviria;Orthornavirae;Pisuviricota;Stelpaviricetes;Stellavirales;Astroviridae;Avastrovirus","","Astroviridae",7288,"Chen,L., Wang,X., Li,Y. and Liu,J.","HeB-CZ-2019","","China: Hebei",NA,"19-Jul-2019","liver, spleen, kidney","Gosling","No",3,"No","No","22-3304",1,"3294-4839",1,"4868-6983",1,"Aves",NA,NA
"OM200916","OM200916.1","Goose astrovirus 1 strain HeB-BD-3-2019, complete genome","31-OCT-2022","Goose astrovirus 1","Viruses;Riboviria;Orthornavirae;Pisuviricota;Stelpaviricetes;Stellavirales;Astroviridae;Avastrovirus","","Astroviridae",7288,"Chen,L., Wang,X., Li,Y. and Liu,J.","HeB-BD-3-2019","","China: Hebei",NA,"20-Jul-2019","liver, spleen, kidney","Gosling","No",3,"No","No","22-3304",1,"3294-4839",1,"4868-6983",1,"Aves",NA,NA
"OL982615","OL982615.1","Goose astrovirus isolate JSZ29, complete genome","17-OCT-2022","Goose astrovirus","Viruses;Riboviria;Orthornavirae;Pisuviricota;Stelpaviricetes;Stellavirales;Astroviridae;Avastrovirus","","Astroviridae",7177,"Zhu,Y., Wang,H., Ye,W., Hua,J., Chen,L., Ni,Z., Yun,T. and Zhang,C.","","JSZ29","China",NA,"11-Oct-2020","kidney","Goose","No",3,"No","No","13-3268",1,"3258-4809",1,"4827-6942",1,"Aves",NA,NA
"OL982614","OL982614.1","Goose astrovirus isolate JSCZ15, complete genome","17-OCT-2022","Goose astrovirus","Viruses;Riboviria;Orthornavirae;Pisuviricota;Stelpaviricetes;Stellavirales;Astroviridae;Avastrovirus","","Astroviridae",7177,"Zhu,Y., Wang,H., Ye,W., Hua,J., Chen,L., Ni,Z., Yun,T. and Zhang,C.","","JSCZ15","China",NA,"11-Nov-2015","liver; kidney","Goose","No",3,"No","No","13-3268",1,"3258-4809",1,"4827-6942",1,"Aves",NA,NA
"OL982613","OL982613.1","Goose astrovirus isolate XSSH, complete genome","17-OCT-2022","Goose astrovirus","Viruses;Riboviria;Orthornavirae;Pisuviricota;Stelpaviricetes;Stellavirales;Astroviridae;Avastrovirus","","Astroviridae",7177,"Zhu,Y., Wang,H., Ye,W., Hua,J., Chen,L., Ni,Z., Yun,T. and Zhang,C.","","XSSH","China",NA,"10-Jun-2020","kidney","Goose","No",3,"No","No","13-3268",1,"3258-4809",1,"4827-6942",1,"Aves",NA,NA
"OL963558","OL963558.1","Goose astrovirus isolate JSW10, complete genome","17-OCT-2022","Goose astrovirus","Viruses;Riboviria;Orthornavirae;Pisuviricota;Stelpaviricetes;Stellavirales;Astroviridae;Avastrovirus","","Astroviridae",7177,"Zhu,Y., Wang,H., Ye,W., Hua,J., Chen,L., Ni,Z., Yun,T. and Zhang,C.","","JSW10","China",NA,"24-Sep-2020","kidney","Goose","No",3,"No","No","13-3268",1,"3258-4809",1,"4827-6942",1,"Aves",NA,NA
"OL963557","OL963557.1","Goose astrovirus isolate JSW1, complete genome","17-OCT-2022","Goose astrovirus","Viruses;Riboviria;Orthornavirae;Pisuviricota;Stelpaviricetes;Stellavirales;Astroviridae;Avastrovirus","","Astroviridae",7177,"Zhu,Y., Wang,H., Ye,W., Hua,J., Chen,L., Ni,Z., Yun,T. and Zhang,C.","","JSW1","China",NA,"03-Sep-2020","liver","Goose","No",3,"No","No","13-3268",1,"3258-4809",1,"4827-6942",1,"Aves",NA,NA
"OL963556","OL963556.1","Goose astrovirus isolate JSSQ, complete genome","17-OCT-2022","Goose astrovirus","Viruses;Riboviria;Orthornavirae;Pisuviricota;Stelpaviricetes;Stellavirales;Astroviridae;Avastrovirus","","Astroviridae",7176,"Zhu,Y., Wang,H., Ye,W., Hua,J., Chen,L., Ni,Z., Yun,T. and Zhang,C.","","JSSQ","China",NA,"11-Jul-2020","kidney","Goose","No",3,"No","No","13-3268",1,"3258-4809",1,"4827-6942",1,"Aves",NA,NA
"OL963555","OL963555.1","Goose astrovirus isolate JSCZ, complete genome","17-OCT-2022","Goose astrovirus","Viruses;Riboviria;Orthornavirae;Pisuviricota;Stelpaviricetes;Stellavirales;Astroviridae;Avastrovirus","","Astroviridae",7177,"Zhu,Y., Wang,H., Ye,W., Hua,J., Chen,L., Ni,Z., Yun,T. and Zhang,C.","","JSCZ","China",NA,"15-Jun-2020","kidney","Goose","No",3,"No","No","13-3268",1,"3258-4809",1,"4827-6942",1,"Aves",NA,NA
"OP020131","OP020131.1","Goose astrovirus strain AAstV/Goose/CHN/2022/SD05, complete genome","03-OCT-2022","Goose astrovirus","Viruses;Riboviria;Orthornavirae;Pisuviricota;Stelpaviricetes;Stellavirales;Astroviridae;Avastrovirus","","Astroviridae",7175,"Ren,Z., Zhang,Q. and Su,J.","AAstV/Goose/CHN/2022/SD05","","China: Shandong province",NA,"2022-01-16","liver, kidney","Lande geese","No",3,"No","No","10-3265",1,"3255-4806",1,"4824-6939",1,"Aves",NA,NA
"OL536330","OL536330.1","Goose astrovirus 2 isolate HeB-BD1-2020, complete genome","02-OCT-2022","Goose astrovirus 2","Viruses;Riboviria;Orthornavirae;Pisuviricota;Stelpaviricetes;Stellavirales;Astroviridae;Avastrovirus","","Astroviridae",7183,"Chen,L., Wang,X., Li,Y. and Liu,J.","","HeB-BD1-2020","China: Hebei",NA,"21-Oct-2020","liver; spleen","Goose","No",3,"No","No","18-3273",1,"3263-4814",1,"4832-6947",1,"Aves",NA,NA
"MW385412","MW385412.1","Crow astrovirus strain Astrovirus/crow/Henan/JZ1228-CAS001/2017 non-structural polyprotein and RNA-dependent RNA polymerase genes, complete cds; and capsid protein gene, partial cds","05-SEP-2022","Crow astrovirus","Viruses;Riboviria;Orthornavirae;Pisuviricota;Stelpaviricetes;Stellavirales;Astroviridae","","Astroviridae",6152,"Zhang,C., Zhang,C., Shi,W. and Bi,Y.","Astrovirus/crow/Henan/JZ1228-CAS001/2017","","China",NA,"28-Dec-2017","","Crow","No",3,"No","No","7-2632",1,"2709-4128",1,"4099-6152",1,"Aves","G",NA
"MW786757","MW786757.1","Goose astrovirus isolate SCCD, complete genome","30-AUG-2022","Goose astrovirus","Viruses;Riboviria;Orthornavirae;Pisuviricota;Stelpaviricetes;Stellavirales;Astroviridae;Avastrovirus","","Astroviridae",7255,"Zhang,Y., Sun,N., Liu,D., Liu,H. and Du,Y.","","SCCD","China",NA,"Sep-2018","","Goose","No",3,"No","No","22-3304",1,"3294-4839",1,"4868-6983",1,"Aves",NA,NA
"MW505493","MW505493.1","Goose astrovirus strain AstV/Goose/2019/LNAS, partial genome","06-AUG-2022","Goose astrovirus","Viruses;Riboviria;Orthornavirae;Pisuviricota;Stelpaviricetes;Stellavirales;Astroviridae;Avastrovirus","","Astroviridae",7051,"Zhao,L., Chen,H. and Su,S.","AstV/Goose/2019/LNAS","","China: Liaoning Province, Anshan",NA,"21-Aug-2019","liver","Goose","No",3,"No","No","2-3179",1,"3169-4720",1,"4738-6853",1,"Aves",NA,NA
"MW505492","MW505492.1","Goose astrovirus strain AstV/Goose/2019/JSXZ, partial genome","06-AUG-2022","Goose astrovirus","Viruses;Riboviria;Orthornavirae;Pisuviricota;Stelpaviricetes;Stellavirales;Astroviridae;Avastrovirus","","Astroviridae",7123,"Zhao,L., Chen,H. and Su,S.","AstV/Goose/2019/JSXZ","","China: Jiangsu Province, Xuzhou",NA,"20-Jun-2019","liver","Goose","No",3,"No","No","1-3187",1,"3177-4728",1,"4746-6861",1,"Aves",NA,NA
"MW505491","MW505491.1","Goose astrovirus strain AstV/Goose/2019/HLJYC, partial genome","06-AUG-2022","Goose astrovirus","Viruses;Riboviria;Orthornavirae;Pisuviricota;Stelpaviricetes;Stellavirales;Astroviridae;Avastrovirus","","Astroviridae",7060,"Zhao,L., Chen,H. and Su,S.","AstV/Goose/2019/HLJYC","","China: Heilongjiang Province, Yichun",NA,"06-Jun-2019","liver","Goose","No",3,"No","No","0-3189",1,"3179-4730",1,"4748-6863",1,"Aves",NA,NA
"MW505490","MW505490.1","Goose astrovirus strain AstV/Goose/2019/HLJJX, partial genome","06-AUG-2022","Goose astrovirus","Viruses;Riboviria;Orthornavirae;Pisuviricota;Stelpaviricetes;Stellavirales;Astroviridae;Avastrovirus","","Astroviridae",7047,"Zhao,L., Chen,H. and Su,S.","AstV/Goose/2019/HLJJX","","China: Heilongjiang Province, Jixi",NA,"21-Jun-2019","liver","Goose","No",3,"No","No","0-3186",1,"3176-4727",1,"4745-6860",1,"Aves",NA,NA
"MW505489","MW505489.1","Goose astrovirus strain AstV/Goose/2019/HLJSYS, partial genome","06-AUG-2022","Goose astrovirus","Viruses;Riboviria;Orthornavirae;Pisuviricota;Stelpaviricetes;Stellavirales;Astroviridae;Avastrovirus","","Astroviridae",7052,"Zhao,L., Chen,H. and Su,S.","AstV/Goose/2019/HLJSYS","","China: Heilongjiang Province, Shuangyashan",NA,"21-Jun-2019","liver","Goose","No",3,"No","No","0-3189",1,"3179-4730",1,"4748-6863",1,"Aves",NA,NA
"MW505488","MW505488.1","Goose astrovirus strain AstV/Goose/2019/HLJJMS, partial genome","06-AUG-2022","Goose astrovirus","Viruses;Riboviria;Orthornavirae;Pisuviricota;Stelpaviricetes;Stellavirales;Astroviridae;Avastrovirus","","Astroviridae",7041,"Zhao,L., Chen,H. and Su,S.","AstV/Goose/2019/HLJJMS","","China: Heilongjiang Province, Jiamusi",NA,"16-Jul-2019","liver","Goose","No",3,"No","No","1-3187",1,"3177-4728",1,"4746-6861",1,"Aves",NA,NA
"MW505487","MW505487.1","Goose astrovirus strain AstV/Goose/2019/HLJHRB, partial genome","06-AUG-2022","Goose astrovirus","Viruses;Riboviria;Orthornavirae;Pisuviricota;Stelpaviricetes;Stellavirales;Astroviridae;Avastrovirus","","Astroviridae",7041,"Zhao,L., Chen,H. and Su,S.","AstV/Goose/2019/HLJHRB","","China: Heilongjiang Province, Harbin",NA,"11-Jun-2019","liver","Goose","No",3,"No","No","1-3187",1,"3177-4728",1,"4746-6861",1,"Aves",NA,NA
"MW505486","MW505486.1","Goose astrovirus strain AstV/Goose/2019/SDWF, partial genome","06-AUG-2022","Goose astrovirus","Viruses;Riboviria;Orthornavirae;Pisuviricota;Stelpaviricetes;Stellavirales;Astroviridae;Avastrovirus","","Astroviridae",7066,"Zhao,L., Chen,H. and Su,S.","AstV/Goose/2019/SDWF","","China: Shandong Province, Weifang",NA,"05-Jul-2019","liver","Goose","No",3,"No","No","1-3187",1,"3177-4728",1,"4746-6861",1,"Aves",NA,NA
"MW505485","MW505485.1","Goose astrovirus strain AstV/Goose/2019/JLSL, partial genome","06-AUG-2022","Goose astrovirus","Viruses;Riboviria;Orthornavirae;Pisuviricota;Stelpaviricetes;Stellavirales;Astroviridae;Avastrovirus","","Astroviridae",7168,"Zhao,L., Chen,H. and Su,S.","AstV/Goose/2019/JLSL","","China: Jilin Province, Shulan",NA,"05-Aug-2019","liver","Goose","No",3,"No","No","1-3187",1,"3177-4728",1,"4746-6861",1,"Aves",NA,NA
"MZ648231","MZ648231.1","Goose astrovirus isolate AAstV/Goose/CHN/2021/ZM, complete genome","01-AUG-2022","Goose astrovirus","Viruses;Riboviria;Orthornavirae;Pisuviricota;Stelpaviricetes;Stellavirales;Astroviridae;Avastrovirus","","Astroviridae",7175,"Lv,X., Jia,B., Yu,S., Zhang,M., Feng,Y., Zhu,M., Liu,D., Lu,Q., Wang,X., Wang,B., Zhu,Y., Wang,Q. and Wang,G.","","AAstV/Goose/CHN/2021/ZM","China",NA,"2021","","Goose","No",3,"No","No","10-3265",1,"3255-4806",1,"4824-6939",1,"Aves",NA,NA
"MZ819185","MZ819185.1","Goose astrovirus isolate ZJC14, complete genome","05-JUL-2022","Goose astrovirus","Viruses;Riboviria;Orthornavirae;Pisuviricota;Stelpaviricetes;Stellavirales;Astroviridae;Avastrovirus","","Astroviridae",7288,"Wang,H. and Zhu,Y.","","ZJC14","China",NA,"Jun-2020","intestines; liver","Goose","No",3,"No","No","22-3304",1,"3294-4839",1,"4868-6983",1,"Aves","B",NA
"MZ819184","MZ819184.1","Goose astrovirus isolate ZJLD, complete genome","05-JUL-2022","Goose astrovirus","Viruses;Riboviria;Orthornavirae;Pisuviricota;Stelpaviricetes;Stellavirales;Astroviridae;Avastrovirus","","Astroviridae",7182,"Wang,H. and Zhu,Y.","","ZJLD","China",NA,"Jun-2020","liver; kidney","Goose","No",3,"No","No","18-3273",1,"3263-4814",1,"4832-6947",1,"Aves",NA,NA
"MZ819183","MZ819183.1","Goose astrovirus isolate JRMS, complete genome","05-JUL-2022","Goose astrovirus","Viruses;Riboviria;Orthornavirae;Pisuviricota;Stelpaviricetes;Stellavirales;Astroviridae;Avastrovirus","","Astroviridae",7182,"Wang,H. and Zhu,Y.","","JRMS","China",NA,"Jun-2020","liver; kidney","Goose","No",3,"No","No","18-3273",1,"3263-4814",1,"4832-6947",1,"Aves",NA,NA
"MW536497","MW536497.1","Goose astrovirus isolate YC20, complete genome","29-JUN-2022","Goose astrovirus","Viruses;Riboviria;Orthornavirae;Pisuviricota;Stelpaviricetes;Stellavirales;Astroviridae;Avastrovirus","","Astroviridae",7137,"Wang,A.","","YC20","China",NA,"10-Aug-2020","","Goose","No",3,"No","No","5-3260",1,"3250-4801",1,"4819-6934",1,"Aves",NA,NA
"OK148600","OK148600.1","Goose astrovirus strain SQ, complete genome","21-MAY-2022","Goose astrovirus","Viruses;Riboviria;Orthornavirae;Pisuviricota;Stelpaviricetes;Stellavirales;Astroviridae;Avastrovirus","","Astroviridae",7175,"Xu,M., Wu,S. and Qin,A.","SQ","","China",NA,"02-Oct-2020","liver","Goose","No",3,"No","No","18-3273",1,"3263-4814",1,"4832-6947",1,"Aves",NA,NA
"OM273310","OM273310.1","Goose astrovirus strain G576, partial sequence","18-APR-2022","Goose astrovirus","Viruses;Riboviria;Orthornavirae;Pisuviricota;Stelpaviricetes;Stellavirales;Astroviridae;Avastrovirus","","Astroviridae",7183,"Zhang,L., Fei,Z., Jiao,A. and Xu,M.","G576","","China: Shandong province",NA,"21-Aug-2021","","Goose","No",3,"No","No","18-3273",1,"3263-4814",1,"4832-6947",1,"Aves",NA,NA
"OM273309","OM273309.1","Goose astrovirus strain G548, partial sequence","18-APR-2022","Goose astrovirus","Viruses;Riboviria;Orthornavirae;Pisuviricota;Stelpaviricetes;Stellavirales;Astroviridae;Avastrovirus","","Astroviridae",7183,"Zhang,L., Fei,Z., Jiao,A. and Xu,M.","G548","","China: Shandong province",NA,"16-Jul-2021","","Goose","No",3,"No","No","18-3273",1,"3263-4814",1,"4832-6947",1,"Aves",NA,NA
"OM273308","OM273308.1","Goose astrovirus strain G538, partial sequence","18-APR-2022","Goose astrovirus","Viruses;Riboviria;Orthornavirae;Pisuviricota;Stelpaviricetes;Stellavirales;Astroviridae;Avastrovirus","","Astroviridae",7183,"Zhang,L., Fei,Z., Jiao,A. and Xu,M.","G538","","China: Shandong province",NA,"30-Jun-2021","","Goose","No",3,"No","No","18-3273",1,"3263-4814",1,"4832-6947",1,"Aves",NA,NA
"OM273307","OM273307.1","Goose astrovirus strain G529, partial sequence","18-APR-2022","Goose astrovirus","Viruses;Riboviria;Orthornavirae;Pisuviricota;Stelpaviricetes;Stellavirales;Astroviridae;Avastrovirus","","Astroviridae",7183,"Zhang,L., Fei,Z., Jiao,A. and Xu,M.","G529","","China: Shandong province",NA,"07-May-2021","","Goose","No",3,"No","No","18-3273",1,"3263-4814",1,"4832-6947",1,"Aves",NA,NA
"OM273306","OM273306.1","Goose astrovirus strain G520, partial sequence","18-APR-2022","Goose astrovirus","Viruses;Riboviria;Orthornavirae;Pisuviricota;Stelpaviricetes;Stellavirales;Astroviridae;Avastrovirus","","Astroviridae",7183,"Zhang,L., Fei,Z., Jiao,A. and Xu,M.","G520","","China: Shandong province",NA,"26-Apr-2021","","Goose","No",3,"No","No","18-3273",1,"3263-4814",1,"4832-6947",1,"Aves",NA,NA
"OM273305","OM273305.1","Goose astrovirus strain G519, partial sequence","18-APR-2022","Goose astrovirus","Viruses;Riboviria;Orthornavirae;Pisuviricota;Stelpaviricetes;Stellavirales;Astroviridae;Avastrovirus","","Astroviridae",7183,"Zhang,L., Fei,Z., Jiao,A. and Xu,M.","G519","","China: Shandong province",NA,"15-Apr-2021","","Goose","No",3,"No","No","18-3273",1,"3263-4814",1,"4832-6947",1,"Aves",NA,NA
"OM273304","OM273304.1","Goose astrovirus strain G518, partial sequence","18-APR-2022","Goose astrovirus","Viruses;Riboviria;Orthornavirae;Pisuviricota;Stelpaviricetes;Stellavirales;Astroviridae;Avastrovirus","","Astroviridae",7183,"Zhang,L., Fei,Z., Jiao,A. and Xu,M.","G518","","China: Shandong province",NA,"10-Apr-2021","","Goose","No",3,"No","No","18-3273",1,"3263-4814",1,"4832-6947",1,"Aves",NA,NA
"OM273303","OM273303.1","Goose astrovirus strain G516, partial sequence","18-APR-2022","Goose astrovirus","Viruses;Riboviria;Orthornavirae;Pisuviricota;Stelpaviricetes;Stellavirales;Astroviridae;Avastrovirus","","Astroviridae",7183,"Zhang,L., Fei,Z., Jiao,A. and Xu,M.","G516","","China: Shandong province",NA,"28-Mar-2021","","Goose","No",3,"No","No","18-3273",1,"3263-4814",1,"4832-6947",1,"Aves",NA,NA
"OM273302","OM273302.1","Goose astrovirus strain G512, partial sequence","18-APR-2022","Goose astrovirus","Viruses;Riboviria;Orthornavirae;Pisuviricota;Stelpaviricetes;Stellavirales;Astroviridae;Avastrovirus","","Astroviridae",7183,"Zhang,L., Fei,Z., Jiao,A. and Xu,M.","G512","","China: Shandong province",NA,"12-Mar-2021","","Goose","No",3,"No","No","18-3273",1,"3263-4814",1,"4832-6947",1,"Aves",NA,NA
"MW217578","MW217578.1","Duck astrovirus 1 isolate DAstV-SDZZ, complete genome","25-JAN-2022","Duck astrovirus 1","Viruses;Riboviria;Orthornavirae;Pisuviricota;Stelpaviricetes;Stellavirales;Astroviridae;Avastrovirus;Duck astrovirus GII.A","Duck astrovirus GII.A","Astroviridae",7757,"Wei,F., Diao,Y. and Tang,Y.","","DAstV-SDZZ","China",NA,"2020","","Duck","No",3,"No","No","22-3745",1,"3735-5286",1,"5309-7505",1,"Aves",NA,NA
"OL762472","OL762472.1","Goose astrovirus 1 isolate JXYC, complete genome","19-JAN-2022","Goose astrovirus 1","Viruses;Riboviria;Orthornavirae;Pisuviricota;Stelpaviricetes;Stellavirales;Astroviridae;Avastrovirus","","Astroviridae",7310,"Zhang,F., Li,H., Yang,Q., Kang,Z. and Wu,C.","","JXYC","China",NA,"","embryo","Goose","No",3,"No","No","22-3304",1,"3294-4839",1,"4868-6983",1,"Aves",NA,NA
"OL762471","OL762471.1","Goose astrovirus 1 isolate JXGZ, complete genome","19-JAN-2022","Goose astrovirus 1","Viruses;Riboviria;Orthornavirae;Pisuviricota;Stelpaviricetes;Stellavirales;Astroviridae;Avastrovirus","","Astroviridae",7310,"Zhang,F., Li,H., Yang,Q., Kang,Z. and Wu,C.","","JXGZ","China",NA,"","embryo","Goose","No",3,"No","No","22-3304",1,"3294-4839",1,"4868-6983",1,"Aves",NA,NA
"MZ540211","MZ540211.1","Goose astrovirus strain JS2019/China, complete genome","12-JAN-2022","Goose astrovirus","Viruses;Riboviria;Orthornavirae;Pisuviricota;Stelpaviricetes;Stellavirales;Astroviridae;Avastrovirus","","Astroviridae",7176,"Zhai,H.","JS2019/China","","China",NA,"2019","intestinal","Goose","No",3,"No","No","169-3274",1,"3264-4815",1,"4833-6948",1,"Aves",NA,NA
"OL652659","OL652659.1","Duck astrovirus 1 isolate DAstV-SDWF, complete genome","10-JAN-2022","Duck astrovirus 1","Viruses;Riboviria;Orthornavirae;Pisuviricota;Stelpaviricetes;Stellavirales;Astroviridae;Avastrovirus;Duck astrovirus GII.A","Duck astrovirus GII.A","Astroviridae",7757,"Wei,F., Tang,Y. and Diao,Y.","","DAstV-SDWF","China",NA,"2021","","Duck","No",3,"No","No","22-3745",1,"3735-5286",1,"5309-7505",1,"Aves",NA,NA
"MZ150559","MZ150559.1","Avian nephritis virus isolate ANV/Chicken/CHN/2020/AH202017, complete genome","04-JAN-2022","Avian nephritis virus","Viruses;Riboviria;Orthornavirae;Pisuviricota;Stelpaviricetes;Stellavirales;Astroviridae;Avastrovirus","","Astroviridae",6951,"Yin,L., Zhou,Q., Mai,K., Huang,J. and Zhou,Q.","","ANV/Chicken/CHN/2020/AH202017","China",NA,"2020","","Gallus gallus","No",3,"No","No","8-3056",1,"3043-4576",1,"4595-6635",1,"Aves","P",NA
"OK571391","OK571391.1","Goose astrovirus isolate ZJC14, complete genome","26-DEC-2021","Goose astrovirus","Viruses;Riboviria;Orthornavirae;Pisuviricota;Stelpaviricetes;Stellavirales;Astroviridae;Avastrovirus","","Astroviridae",7297,"Zhu,Y., Wang,H., Ye,W., Hua,J., Chen,L., Ni,Z., Yun,T. and Zhang,C.","","ZJC14","China",NA,"10-Jun-2020","kidney","Gosling","No",3,"No","No","22-3304",1,"3294-4839",1,"4868-6983",1,"Aves",NA,NA
"OK571390","OK571390.1","Goose astrovirus isolate JRMS, complete genome","26-DEC-2021","Goose astrovirus","Viruses;Riboviria;Orthornavirae;Pisuviricota;Stelpaviricetes;Stellavirales;Astroviridae;Avastrovirus","","Astroviridae",7177,"Wang,H., Zhu,Y., Ye,W., Hua,J., Chen,L., Ni,Z., Yun,T., Bao,E. and Zhang,C.","","JRMS","China",NA,"03-Dec-2020","kidney","Goose","No",3,"No","No","13-3268",1,"3258-4809",1,"4827-6942",1,"Aves",NA,NA
"OK571389","OK571389.1","Goose astrovirus isolate ZJLD, complete genome","26-DEC-2021","Goose astrovirus","Viruses;Riboviria;Orthornavirae;Pisuviricota;Stelpaviricetes;Stellavirales;Astroviridae;Avastrovirus","","Astroviridae",7172,"Zhu,Y., Wang,H., Ye,W., Hua,W., Chen,L., Ni,Z., Yun,T. and Zhang,C.","","ZJLD","China",NA,"10-Jun-2020","kidney","Goose","No",3,"No","No","13-3268",1,"3258-4809",1,"4827-6942",1,"Aves",NA,NA
"MW353015","MW353015.1","Goose astrovirus isolate TZ03, complete genome","31-OCT-2021","Goose astrovirus","Viruses;Riboviria;Orthornavirae;Pisuviricota;Stelpaviricetes;Stellavirales;Astroviridae;Avastrovirus","","Astroviridae",7262,"Wang,A., Zhang,S. and Zhu,S.","","TZ03","China",NA,"07-Aug-2019","","Goose","No",3,"No","No","22-3304",1,"3294-4839",1,"4868-6992",1,"Aves","B",NA
"KT946725","KT946725.1","Avian astrovirus isolate D10-5628/HK, complete genome","31-OCT-2021","Avian astrovirus","Viruses;Riboviria;Orthornavirae;Pisuviricota;Stelpaviricetes;Stellavirales;Astroviridae;Avastrovirus","","Astroviridae",6875,"Tse,H., Chan,W.M. and Yuen,K.Y.","","D10-5628/HK","Hong Kong",NA,"","","Spotted dove","No",3,"No","No","14-3032",1,"3028-4552",1,"4570-6613",1,"Aves","P",NA
"KT946724","KT946724.1","Avian astrovirus isolate D11-440/HK, complete genome","31-OCT-2021","Avian astrovirus","Viruses;Riboviria;Orthornavirae;Pisuviricota;Stelpaviricetes;Stellavirales;Astroviridae;Avastrovirus","","Astroviridae",6866,"Tse,H., Chan,W.M. and Yuen,K.Y.","","D11-440/HK","Hong Kong",NA,"","","Feral pigeon","No",3,"No","No","14-3029",1,"3025-4549",1,"4567-6604",1,"Aves","P",NA
"KT946723","KT946723.1","Avian astrovirus isolate D11-336.2/HK, complete genome","31-OCT-2021","Avian astrovirus","Viruses;Riboviria;Orthornavirae;Pisuviricota;Stelpaviricetes;Stellavirales;Astroviridae;Avastrovirus","","Astroviridae",6896,"Tse,H., Chan,W.M. and Yuen,K.Y.","","D11-336.2/HK","Hong Kong",NA,"","","Spotted dove","No",3,"No","No","14-3032",1,"3028-4552",1,"4570-6601",1,"Aves","P",NA
"KT946722","KT946722.1","Avian astrovirus isolate D11-116/HK, complete genome","31-OCT-2021","Avian astrovirus","Viruses;Riboviria;Orthornavirae;Pisuviricota;Stelpaviricetes;Stellavirales;Astroviridae;Avastrovirus","","Astroviridae",6900,"Tse,H., Chan,W.M. and Yuen,K.Y.","","D11-116/HK","Hong Kong",NA,"","","Spotted dove","No",3,"No","No","14-3032",1,"3028-4552",1,"4570-6604",1,"Aves","P",NA
"KT946720","KT946720.1","Avian astrovirus isolate D11-515/HK, complete genome","31-OCT-2021","Avian astrovirus","Viruses;Riboviria;Orthornavirae;Pisuviricota;Stelpaviricetes;Stellavirales;Astroviridae;Avastrovirus","","Astroviridae",6718,"Tse,H., Chan,W.M. and Yuen,K.Y.","","D11-515/HK","Hong Kong",NA,"","","House crow","No",3,"No","No","26-2666",1,"2632-4198",1,"4154-6527",1,"Aves",NA,NA
"KT946719","KT946719.1","Avian astrovirus isolate D11-467/HK, complete genome","31-OCT-2021","Avian astrovirus","Viruses;Riboviria;Orthornavirae;Pisuviricota;Stelpaviricetes;Stellavirales;Astroviridae;Avastrovirus","","Astroviridae",6699,"Tse,H., Chan,W.M. and Yuen,K.Y.","","D11-467/HK","Hong Kong",NA,"","","House crow","No",3,"No","No","22-2659",1,"2625-4212",1,"4153-6508",1,"Aves","G",NA
"KT946718","KT946718.1","Avian astrovirus isolate D11-139/HK, complete genome","31-OCT-2021","Avian astrovirus","Viruses;Riboviria;Orthornavirae;Pisuviricota;Stelpaviricetes;Stellavirales;Astroviridae;Avastrovirus","","Astroviridae",6719,"Tse,H., Chan,W.M. and Yuen,K.Y.","","D11-139/HK","Hong Kong",NA,"","","House crow","No",3,"No","No","26-2666",1,"2632-4198",1,"4154-6527",1,"Aves","G",NA
"MZ576222","MZ576222.1","Goose astrovirus isolate JX01/China/2021, complete genome","30-OCT-2021","Goose astrovirus","Viruses;Riboviria;Orthornavirae;Pisuviricota;Stelpaviricetes;Stellavirales;Astroviridae;Avastrovirus","","Astroviridae",7173,"Li,H.","","JX01/China/2021","China",NA,"2021-05-20","","Goose","No",3,"No","No","13-3268",1,"3258-4809",1,"4827-6942",1,"Aves",NA,NA
"MZ375139","MZ375139.1","MAG: Astroviridae sp. isolate 3PE-RDRP-2 ORF1a, ORF1b, and capsid protein genes, complete cds","18-OCT-2021","Astroviridae sp.","Viruses;Riboviria;Orthornavirae;Pisuviricota;Stelpaviricetes;Stellavirales;Astroviridae","","Astroviridae",7312,"Lu,J., Shen,Q. and Zhang,W.","","3PE-RDRP-2","China",NA,"2020","feces","Phrynocephalus erythrurus","Yes",3,"No","No","109-3088",1,"3252-4605",1,"4626-6885",1,"Lepidosauria","R",NA
"MZ367612","MZ367612.1","Goose astrovirus isolate HNNY0620, complete genome","27-SEP-2021","Goose astrovirus","Viruses;Riboviria;Orthornavirae;Pisuviricota;Stelpaviricetes;Stellavirales;Astroviridae;Avastrovirus","","Astroviridae",7166,"Chen,Q.","","HNNY0620","China",NA,"20-Jun-2020","kidney","Muscovy duck","No",3,"No","No","13-3268",1,"3258-4809",1,"4827-6942",1,"Aves",NA,NA
"MW826371","MW826371.1","Avastrovirus sp. isolate XZN01 genomic sequence","20-SEP-2021","Avastrovirus sp.","Viruses;Riboviria;Orthornavirae;Pisuviricota;Stelpaviricetes;Stellavirales;Astroviridae;Avastrovirus","","Astroviridae",6820,"Zhu,W., Huang,Y. and Yang,J.","","XZN01","China",NA,"Apr-2018","feces","bird","No",3,"No","No","2-2771",1,"2929-4438",1,"4274-6644",1,"Aves","G",NA
"MK746105","MK746105.2","Chicken astrovirus isolate AAstV/Chicken/CHN/2017/NJ1701, complete genome","30-AUG-2021","Chicken astrovirus","Viruses;Riboviria;Orthornavirae;Pisuviricota;Stelpaviricetes;Stellavirales;Astroviridae;Avastrovirus","","Astroviridae",7603,"Qian,K., Wu,Z., Qin,A. and Shao,H.","","AAstV/Chicken/CHN/2017/NJ1701","China",NA,"2017","","Gallus gallus","No",3,"No","No","69-3489",1,"3470-5030",1,"5054-7268",1,"Aves",NA,NA
"MW846319","MW846319.1","Chicken astrovirus isolate CAstV/Chicken/CHN/2020/GD202013, complete genome","24-AUG-2021","Chicken astrovirus","Viruses;Riboviria;Orthornavirae;Pisuviricota;Stelpaviricetes;Stellavirales;Astroviridae;Avastrovirus","","Astroviridae",7520,"Yin,L., Zhou,Q., Mai,K. and Zhou,Q.","","CAstV/Chicken/CHN/2020/GD202013","China",NA,"2020","","Gallus gallus","No",3,"No","No","21-3441",1,"3422-4982",1,"5006-7238",1,"Aves","B",NA
"MW684833","MW684833.1","MAG: Chicken astrovirus isolate Chicken/NLD/2019/V_M_053_astro_2 ORF1ab and non-structural polyprotein genes, partial cds; and capsid protein gene, complete cds","20-JUL-2021","Chicken astrovirus","Viruses;Riboviria;Orthornavirae;Pisuviricota;Stelpaviricetes;Stellavirales;Astroviridae;Avastrovirus","","Astroviridae",6856,"de Rooij,M.M.T., Messink,A.B., Wouters,I.M., Smit,L.A.M., Heederik,D.J.J., Koopmans,M.P.G. and Phan,M.V.T.","","Chicken/NLD/2019/V_M_053_astro_2","Netherlands",NA,"2019","feces","Gallus gallus","Yes",3,"No","No","2-3026",1,"3022-4546",1,"4565-6602",1,"Aves","P",NA
"MW684832","MW684832.1","MAG: Chicken astrovirus isolate Chicken/NLD/2019/V_M_048_astro_2 ORF1ab, non-structural polyprotein, and capsid protein genes, partial cds","20-JUL-2021","Chicken astrovirus","Viruses;Riboviria;Orthornavirae;Pisuviricota;Stelpaviricetes;Stellavirales;Astroviridae;Avastrovirus","","Astroviridae",6202,"de Rooij,M.M.T., Messink,A.B., Wouters,I.M., Smit,L.A.M., Heederik,D.J.J., Koopmans,M.P.G. and Phan,M.V.T.","","Chicken/NLD/2019/V_M_048_astro_2","Netherlands",NA,"2019","feces","Gallus gallus","Yes",3,"No","No","1-3013",1,"3009-4533",1,"4552-6202",1,"Aves",NA,NA
"MW684831","MW684831.1","MAG: Chicken astrovirus isolate Chicken/NLD/2019/V_M_047_astro_4 non-structural polyprotein gene, partial cds; and RdRp and capsid protein genes, complete cds","20-JUL-2021","Chicken astrovirus","Viruses;Riboviria;Orthornavirae;Pisuviricota;Stelpaviricetes;Stellavirales;Astroviridae;Avastrovirus","","Astroviridae",7103,"de Rooij,M.M.T., Messink,A.B., Wouters,I.M., Smit,L.A.M., Heederik,D.J.J., Koopmans,M.P.G. and Phan,M.V.T.","","Chicken/NLD/2019/V_M_047_astro_4","Netherlands",NA,"2019","feces","Gallus gallus","Yes",3,"No","No","1-3205",1,"3186-4746",1,"4770-6987",1,"Aves",NA,NA
"MW684830","MW684830.1","MAG: Chicken astrovirus isolate Chicken/NLD/2019/V_M_046_astro_12 non-structural polyprotein gene, partial cds; and RdRp and capsid protein genes, complete cds","20-JUL-2021","Chicken astrovirus","Viruses;Riboviria;Orthornavirae;Pisuviricota;Stelpaviricetes;Stellavirales;Astroviridae;Avastrovirus","","Astroviridae",7192,"de Rooij,M.M.T., Messink,A.B., Wouters,I.M., Smit,L.A.M., Heederik,D.J.J., Koopmans,M.P.G. and Phan,M.V.T.","","Chicken/NLD/2019/V_M_046_astro_12","Netherlands",NA,"2019","feces","Gallus gallus","Yes",3,"No","No","1-3205",1,"3186-4746",1,"4770-6987",1,"Aves","B",NA
"MW684829","MW684829.1","MAG: Chicken astrovirus isolate Chicken/NLD/2019/V_M_041_astro_13 ORF1ab and non-structural polyprotein genes, partial cds; and capsid protein gene, complete cds","20-JUL-2021","Chicken astrovirus","Viruses;Riboviria;Orthornavirae;Pisuviricota;Stelpaviricetes;Stellavirales;Astroviridae;Avastrovirus","","Astroviridae",6830,"de Rooij,M.M.T., Messink,A.B., Wouters,I.M., Smit,L.A.M., Heederik,D.J.J., Koopmans,M.P.G. and Phan,M.V.T.","","Chicken/NLD/2019/V_M_041_astro_13","Netherlands",NA,"2019","feces","Gallus gallus","Yes",3,"No","No","0-3012",1,"3008-4532",1,"4551-6582",1,"Aves","P",NA
"MW684827","MW684827.1","MAG: Chicken astrovirus isolate Chicken/NLD/2019/V_M_039_astro_3 ORF1ab and non-structural polyprotein genes, complete cds; and capsid protein gene, partial cds","20-JUL-2021","Chicken astrovirus","Viruses;Riboviria;Orthornavirae;Pisuviricota;Stelpaviricetes;Stellavirales;Astroviridae;Avastrovirus","","Astroviridae",6271,"de Rooij,M.M.T., Messink,A.B., Wouters,I.M., Smit,L.A.M., Heederik,D.J.J., Koopmans,M.P.G. and Phan,M.V.T.","","Chicken/NLD/2019/V_M_039_astro_3","Netherlands",NA,"2019","feces","Gallus gallus","Yes",3,"No","No","9-3042",1,"3038-4562",1,"4581-6271",1,"Aves",NA,NA
"MW684826","MW684826.1","MAG: Chicken astrovirus isolate Chicken/NLD/2019/V_M_039_astro_2 ORF1ab, non-structural polyprotein, and capsid protein genes, complete cds","20-JUL-2021","Chicken astrovirus","Viruses;Riboviria;Orthornavirae;Pisuviricota;Stelpaviricetes;Stellavirales;Astroviridae;Avastrovirus","","Astroviridae",7008,"de Rooij,M.M.T., Messink,A.B., Wouters,I.M., Smit,L.A.M., Heederik,D.J.J., Koopmans,M.P.G. and Phan,M.V.T.","","Chicken/NLD/2019/V_M_039_astro_2","Netherlands",NA,"2019","feces","Gallus gallus","Yes",3,"No","No","196-3169",1,"3165-4689",1,"4708-6739",1,"Aves","P",NA
"MW684825","MW684825.1","MAG: Chicken astrovirus isolate Chicken/NLD/2019/V_M_038_astro_6 ORF1ab and non-structural polyprotein genes, partial cds; and capsid protein gene, complete cds","20-JUL-2021","Chicken astrovirus","Viruses;Riboviria;Orthornavirae;Pisuviricota;Stelpaviricetes;Stellavirales;Astroviridae;Avastrovirus","","Astroviridae",6887,"de Rooij,M.M.T., Messink,A.B., Wouters,I.M., Smit,L.A.M., Heederik,D.J.J., Koopmans,M.P.G. and Phan,M.V.T.","","Chicken/NLD/2019/V_M_038_astro_6","Netherlands",NA,"2019","feces","Gallus gallus","Yes",3,"No","No","0-3051",1,"3047-4571",1,"4590-6597",1,"Aves","P",NA
"MW684824","MW684824.1","MAG: Chicken astrovirus isolate Chicken/NLD/2019/V_M_038_astro_5 ORF1ab and non-structural polyprotein genes, partial cds; and capsid protein gene, complete cds","20-JUL-2021","Chicken astrovirus","Viruses;Riboviria;Orthornavirae;Pisuviricota;Stelpaviricetes;Stellavirales;Astroviridae;Avastrovirus","","Astroviridae",6884,"de Rooij,M.M.T., Messink,A.B., Wouters,I.M., Smit,L.A.M., Heederik,D.J.J., Koopmans,M.P.G. and Phan,M.V.T.","","Chicken/NLD/2019/V_M_038_astro_5","Netherlands",NA,"2019","feces","Gallus gallus","Yes",3,"No","No","2-3026",1,"3022-4546",1,"4565-6596",1,"Aves",NA,NA
"MW684823","MW684823.1","MAG: Chicken astrovirus isolate Chicken/NLD/2019/V_M_038_astro_4 non-structural polyprotein gene, partial cds; RdRp gene, complete cds; and capsid protein gene, partial cds","20-JUL-2021","Chicken astrovirus","Viruses;Riboviria;Orthornavirae;Pisuviricota;Stelpaviricetes;Stellavirales;Astroviridae;Avastrovirus","","Astroviridae",6976,"de Rooij,M.M.T., Messink,A.B., Wouters,I.M., Smit,L.A.M., Heederik,D.J.J., Koopmans,M.P.G. and Phan,M.V.T.","","Chicken/NLD/2019/V_M_038_astro_4","Netherlands",NA,"2019","feces","Gallus gallus","Yes",3,"No","No","1-3403",1,"3384-4944",1,"4968-6976",1,"Aves",NA,NA
"MW684822","MW684822.1","MAG: Chicken astrovirus isolate Chicken/NLD/2019/V_M_036_astro_4 ORF1ab and non-structural polyprotein genes, partial cds; and capsid protein gene, complete cds","20-JUL-2021","Chicken astrovirus","Viruses;Riboviria;Orthornavirae;Pisuviricota;Stelpaviricetes;Stellavirales;Astroviridae;Avastrovirus","","Astroviridae",6744,"de Rooij,M.M.T., Messink,A.B., Wouters,I.M., Smit,L.A.M., Heederik,D.J.J., Koopmans,M.P.G. and Phan,M.V.T.","","Chicken/NLD/2019/V_M_036_astro_4","Netherlands",NA,"2019","feces","Gallus gallus","Yes",3,"No","No","2-3014",1,"3010-4534",1,"4553-6560",1,"Aves","P",NA
"MW684821","MW684821.1","MAG: Chicken astrovirus isolate Chicken/NLD/2019/V_M_034_astro_2 ORF1ab and non-structural polyprotein genes, partial cds; and capsid protein gene, complete cds","20-JUL-2021","Chicken astrovirus","Viruses;Riboviria;Orthornavirae;Pisuviricota;Stelpaviricetes;Stellavirales;Astroviridae;Avastrovirus","","Astroviridae",6738,"de Rooij,M.M.T., Messink,A.B., Wouters,I.M., Smit,L.A.M., Heederik,D.J.J., Koopmans,M.P.G. and Phan,M.V.T.","","Chicken/NLD/2019/V_M_034_astro_2","Netherlands",NA,"2019","feces","Gallus gallus","Yes",3,"No","No","1-3019",1,"3015-4539",1,"4558-6565",1,"Aves",NA,NA
"MW684820","MW684820.1","MAG: Chicken astrovirus isolate Chicken/NLD/2019/V_M_033_astro_3 ORF1ab and non-structural polyprotein genes, partial cds; and capsid protein gene, complete cds","20-JUL-2021","Chicken astrovirus","Viruses;Riboviria;Orthornavirae;Pisuviricota;Stelpaviricetes;Stellavirales;Astroviridae;Avastrovirus","","Astroviridae",6769,"de Rooij,M.M.T., Messink,A.B., Wouters,I.M., Smit,L.A.M., Heederik,D.J.J., Koopmans,M.P.G. and Phan,M.V.T.","","Chicken/NLD/2019/V_M_033_astro_3","Netherlands",NA,"2019","feces","Gallus gallus","Yes",3,"No","No","2-3044",1,"3037-4564",1,"4583-6590",1,"Aves",NA,NA
"MW684819","MW684819.1","MAG: Chicken astrovirus isolate Chicken/NLD/2019/V_M_030_astro_12 ORF1ab and non-structural polyprotein genes, partial cds; and capsid protein gene, complete cds","20-JUL-2021","Chicken astrovirus","Viruses;Riboviria;Orthornavirae;Pisuviricota;Stelpaviricetes;Stellavirales;Astroviridae;Avastrovirus","","Astroviridae",6778,"de Rooij,M.M.T., Messink,A.B., Wouters,I.M., Smit,L.A.M., Heederik,D.J.J., Koopmans,M.P.G. and Phan,M.V.T.","","Chicken/NLD/2019/V_M_030_astro_12","Netherlands",NA,"2019","feces","Gallus gallus","Yes",3,"No","No","0-3021",1,"3017-4541",1,"4560-6597",1,"Aves","P",NA
"MW684818","MW684818.1","MAG: Chicken astrovirus isolate Chicken/NLD/2019/V_M_015_astro_2 ORF1ab and non-structural polyprotein genes, partial cds; and capsid protein gene, complete cds","20-JUL-2021","Chicken astrovirus","Viruses;Riboviria;Orthornavirae;Pisuviricota;Stelpaviricetes;Stellavirales;Astroviridae;Avastrovirus","","Astroviridae",6855,"de Rooij,M.M.T., Messink,A.B., Wouters,I.M., Smit,L.A.M., Heederik,D.J.J., Koopmans,M.P.G. and Phan,M.V.T.","","Chicken/NLD/2019/V_M_015_astro_2","Netherlands",NA,"2019","feces","Gallus gallus","Yes",3,"No","No","0-3018",1,"3014-4538",1,"4557-6594",1,"Aves","P",NA
"MW684817","MW684817.1","MAG: Chicken astrovirus isolate Environment/NLD/2019/VE_7_astro_14 non-structural polyprotein gene, partial cds; RdRp gene, complete cds; and capsid protein gene, partial cds","20-JUL-2021","Chicken astrovirus","Viruses;Riboviria;Orthornavirae;Pisuviricota;Stelpaviricetes;Stellavirales;Astroviridae;Avastrovirus","","Astroviridae",6606,"de Rooij,M.M.T., Messink,A.B., Wouters,I.M., Smit,L.A.M., Heederik,D.J.J., Koopmans,M.P.G. and Phan,M.V.T.","","Environment/NLD/2019/VE_7_astro_14","Netherlands",NA,"2019","dust","Gallus gallus","Yes",3,"No","No","2-3197",1,"3178-4738",1,"4762-6606",1,"Aves","B",NA
"MT708902","MT708902.1","Goose astrovirus isolate AAstV/Goose/CHN/2019/DY-19, complete genome","18-JUL-2021","Goose astrovirus","Viruses;Riboviria;Orthornavirae;Pisuviricota;Stelpaviricetes;Stellavirales;Astroviridae;Avastrovirus","","Astroviridae",7175,"Lv,X., Hu,Z., Zhu,Y., Zhang,M., Zhang,C., Li,J., Gu,X. and Wang,G.","","AAstV/Goose/CHN/2019/DY-19","China",NA,"Sep-2019","","Anser anser","No",3,"No","No","10-3265",1,"3255-4806",1,"4824-6939",1,"Aves",NA,NA
"MT993596","MT993596.1","MAG: Carnarvon virus isolate MW10_1o non-structural polyprotein (ORF1ab) and structural protein (ORF2) genes, complete cds","14-JUL-2021","Carnarvon virus","Viruses;Riboviria;Orthornavirae;Pisuviricota;Stelpaviricetes;Stellavirales;Astroviridae","","Astroviridae",6928,"Wille,M., Shi,M., Hurt,A., Klaassen,M. and Holmes,E.","","MW10_1o","Australia",NA,"2015","Tasmania","Arenaria interpres (ruddy turnstone)","Yes",2,"No","No","22-3316",1,"3303-4833",1,"4854-6846",1,"Aves","P",NA
"MT993595","MT993595.1","MAG: Blencathra virus isolate MW09_1o non-structural polyprotein (ORF1ab) gene, partial cds; and structural protein (ORF2) gene, complete cds","14-JUL-2021","Blencathra virus","Viruses;Riboviria;Orthornavirae;Pisuviricota;Stelpaviricetes;Stellavirales;Astroviridae","","Astroviridae",7436,"Wille,M., Shi,M., Hurt,A., Klaassen,M. and Holmes,E.","","MW09_1o","Australia",NA,"2015","Tasmania","Arenaria interpres (ruddy turnstone)","Yes",2,"No","No","0-3417",1,"3362-4928",1,"4931-7187",1,"Aves",NA,NA
"MT993583","MT993583.1","MAG: Neva virus isolate MW06_2o non-structural polyprotein (ORF1ab) and structural protein (ORF2) genes, complete cds","14-JUL-2021","Neva virus","Viruses;Riboviria;Orthornavirae;Pisuviricota;Stelpaviricetes;Stellavirales;Astroviridae","","Astroviridae",6842,"Wille,M., Shi,M., Hurt,A., Klaassen,M. and Holmes,E.","","MW06_2o","Australia",NA,"2014","Tasmania","Arenaria interpres (ruddy turnstone)","Yes",2,"No","No","14-3017",1,"3016-4546",1,"4564-6556",1,"Aves","P",NA
"MN149395","MN149395.1","Duck astrovirus 1 isolate D390, complete genome","13-APR-2021","Duck astrovirus 1","Viruses;Riboviria;Orthornavirae;Pisuviricota;Stelpaviricetes;Stellavirales;Astroviridae;Avastrovirus;Duck astrovirus GII.A","Duck astrovirus GII.A","Astroviridae",7722,"Wang,X. and Zhang,D.","","D390","China",NA,"13-Oct-2013","liver","Jinding ducks","No",3,"No","No","22-3745",1,"3735-5286",1,"5309-7505",1,"Aves",NA,NA
"MN149394","MN149394.1","Duck astrovirus 1 isolate D200, complete genome","13-APR-2021","Duck astrovirus 1","Viruses;Riboviria;Orthornavirae;Pisuviricota;Stelpaviricetes;Stellavirales;Astroviridae;Avastrovirus;Duck astrovirus GII.A","Duck astrovirus GII.A","Astroviridae",7722,"Wang,X. and Zhang,D.","","D200","China",NA,"13-Oct-2013","liver","Jinding ducks","No",3,"No","No","22-3745",1,"3735-5286",1,"5309-7505",1,"Aves",NA,NA
"MN149393","MN149393.1","Duck astrovirus 1 isolate D120, complete genome","13-APR-2021","Duck astrovirus 1","Viruses;Riboviria;Orthornavirae;Pisuviricota;Stelpaviricetes;Stellavirales;Astroviridae;Avastrovirus;Duck astrovirus GII.A","Duck astrovirus GII.A","Astroviridae",7722,"Wang,X. and Zhang,D.","","D120","China",NA,"13-Oct-2013","liver","Jinding ducks","No",3,"No","No","22-3745",1,"3735-5286",1,"5309-7505",1,"Aves",NA,NA
"MW592379","MW592379.1","Goose astrovirus isolate HNXX-6/China/2020, complete genome","28-MAR-2021","Goose astrovirus","Viruses;Riboviria;Orthornavirae;Pisuviricota;Stelpaviricetes;Stellavirales;Astroviridae;Avastrovirus","","Astroviridae",7172,"Zhang,X. and Deng,T.","","HNXX-6/China/2020","China",NA,"2020","","Goose","No",3,"No","No","13-3268",1,"3258-4809",1,"4827-6942",1,"Aves",NA,NA
"MW592378","MW592378.1","Goose astrovirus isolate HNSQ-6/China/2020, complete genome","28-MAR-2021","Goose astrovirus","Viruses;Riboviria;Orthornavirae;Pisuviricota;Stelpaviricetes;Stellavirales;Astroviridae;Avastrovirus","","Astroviridae",7172,"Zhang,X. and Deng,T.","","HNSQ-6/China/2020","China",NA,"2020","","Goose","No",3,"No","No","13-3268",1,"3258-4809",1,"4827-6942",1,"Aves",NA,NA
"MW592377","MW592377.1","Goose astrovirus isolate HNKF-1/China/2020, complete genome","28-MAR-2021","Goose astrovirus","Viruses;Riboviria;Orthornavirae;Pisuviricota;Stelpaviricetes;Stellavirales;Astroviridae;Avastrovirus","","Astroviridae",7174,"Zhang,X. and Deng,T.","","HNKF-1/China/2020","China",NA,"2020","","Goose","No",3,"No","No","13-3268",1,"3258-4809",1,"4827-6942",1,"Aves",NA,NA
"MW345727","MW345727.1","Goose astrovirus isolate SDPD, complete genome","23-MAR-2021","Goose astrovirus","Viruses;Riboviria;Orthornavirae;Pisuviricota;Stelpaviricetes;Stellavirales;Astroviridae;Avastrovirus","","Astroviridae",7116,"Zhang,Y., Sun,N., Liu,D., Liu,H. and Du,Y.","","SDPD","China",NA,"Jan-2019","liver","Goose","No",3,"No","No","18-3273",1,"3263-4814",1,"4832-6947",1,"Aves",NA,NA
"MW340534","MW340534.1","Goose astrovirus isolate SCCD, complete genome","23-MAR-2021","Goose astrovirus","Viruses;Riboviria;Orthornavirae;Pisuviricota;Stelpaviricetes;Stellavirales;Astroviridae;Avastrovirus","","Astroviridae",7255,"Zhang,Y., Sun,N., Liu,D., Liu,H. and Du,Y.","","SCCD","China",NA,"Jan-2019","liver","Goose","No",3,"No","No","22-3304",1,"3294-4839",1,"4868-6983",1,"Aves",NA,NA
"MW413813","MW413813.1","Goose astrovirus isolate XT1, complete genome","16-FEB-2021","Goose astrovirus","Viruses;Riboviria;Orthornavirae;Pisuviricota;Stelpaviricetes;Stellavirales;Astroviridae;Avastrovirus","","Astroviridae",7182,"Zhao,K., Wang,J.C., Wang,J.F., Liu,L.B. and Yuan,W.Z.","","XT1","China: HeBei",NA,"05-May-2020","","Goose","No",3,"No","No","18-3273",1,"3263-4814",1,"4832-6947",1,"Aves",NA,NA
"MT934439","MT934439.1","Goose astrovirus 2 strain HNU-CSZ2-2019, complete genome","16-FEB-2021","Goose astrovirus 2","Viruses;Riboviria;Orthornavirae;Pisuviricota;Stelpaviricetes;Stellavirales;Astroviridae;Avastrovirus","","Astroviridae",7154,"Xiao,C.-T. and Li,J.-Y.","HNU-CSZ2-2019","","China",NA,"May-2019","","Goose","No",3,"No","No","18-3273",1,"3263-4814",1,"4832-6947",1,"Aves",NA,NA
"MT934438","MT934438.1","Goose astrovirus 2 strain HNU-LYG3-2019, complete genome","16-FEB-2021","Goose astrovirus 2","Viruses;Riboviria;Orthornavirae;Pisuviricota;Stelpaviricetes;Stellavirales;Astroviridae;Avastrovirus","","Astroviridae",7154,"Xiao,C.-T. and Li,J.-Y.","HNU-LYG3-2019","","China",NA,"May-2019","","Goose","No",3,"No","No","18-3273",1,"3263-4814",1,"4832-6947",1,"Aves",NA,NA
"MT934437","MT934437.1","Goose astrovirus 2 strain HNU-LYG2-2019, complete genome","16-FEB-2021","Goose astrovirus 2","Viruses;Riboviria;Orthornavirae;Pisuviricota;Stelpaviricetes;Stellavirales;Astroviridae;Avastrovirus","","Astroviridae",7154,"Xiao,C.-T. and Li,J.-Y.","HNU-LYG2-2019","","China",NA,"May-2019","","Goose","No",3,"No","No","18-3273",1,"3263-4814",1,"4832-6947",1,"Aves",NA,NA
"MT585644","MT585644.1","Avian nephritis virus isolate VF16-03-164b, partial genome","15-FEB-2021","Avian nephritis virus","Viruses;Riboviria;Orthornavirae;Pisuviricota;Stelpaviricetes;Stellavirales;Astroviridae;Avastrovirus","","Astroviridae",6893,"Lagan Tregaskis,P.L., Devaney,R. and Smyth,V.","","VF16-03-164b","United Kingdom: Northern Ireland",NA,"2016","","Gallus gallus","No",3,"No","No","3-2991",1,"2984-4511",1,"4437-6561",1,"Aves","P",NA
"MT585643","MT585643.1","Avian nephritis virus isolate VF14-92-A2, complete genome","15-FEB-2021","Avian nephritis virus","Viruses;Riboviria;Orthornavirae;Pisuviricota;Stelpaviricetes;Stellavirales;Astroviridae;Avastrovirus","","Astroviridae",6959,"Lagan Tregaskis,P.L., Devaney,R. and Smyth,V.","","VF14-92-A2","United Kingdom",NA,"","","Gallus gallus","No",3,"No","No","3-3057",1,"3026-4577",1,"4503-6636",1,"Aves","P",NA
"MN109957","MN109957.1","Goose astrovirus strain Astv/Goose/Guangdong/1810MFC/2018, complete genome","31-DEC-2020","Goose astrovirus","Viruses;Riboviria;Orthornavirae;Pisuviricota;Stelpaviricetes;Stellavirales;Astroviridae;Avastrovirus","","Astroviridae",7183,"Wu,H., Zhang,J. and Chen,J.","Astv/Goose/Guangdong/1810MFC/2018","","China: Guangdong",NA,"11-Oct-2018","","Goose","No",3,"No","No","18-3273",1,"3263-4814",1,"4832-6947",1,"Aves",NA,NA
"MN109956","MN109956.1","Goose astrovirus strain Astv/Goose/Guangdong/1808CCF/2018, complete genome","31-DEC-2020","Goose astrovirus","Viruses;Riboviria;Orthornavirae;Pisuviricota;Stelpaviricetes;Stellavirales;Astroviridae;Avastrovirus","","Astroviridae",7183,"Wu,H., Zhang,J. and Chen,J.","Astv/Goose/Guangdong/1808CCF/2018","","China: Guangdong",NA,"25-Aug-2018","","Goose","No",3,"No","No","18-3273",1,"3263-4814",1,"4832-6947",1,"Aves",NA,NA
"MN109955","MN109955.1","Goose astrovirus strain Astv/Goose/Guangdong/1803LZM/2018, complete genome","31-DEC-2020","Goose astrovirus","Viruses;Riboviria;Orthornavirae;Pisuviricota;Stelpaviricetes;Stellavirales;Astroviridae;Avastrovirus","","Astroviridae",7183,"Wu,H., Zhang,J. and Chen,J.","Astv/Goose/Guangdong/1803LZM/2018","","China: Guangdong",NA,"09-Mar-2018","","Goose","No",3,"No","No","18-3273",1,"3263-4814",1,"4832-6947",1,"Aves",NA,NA
"MN109954","MN109954.1","Goose astrovirus strain Astv/Goose/Guangdong/1807LWG/2018, complete genome","31-DEC-2020","Goose astrovirus","Viruses;Riboviria;Orthornavirae;Pisuviricota;Stelpaviricetes;Stellavirales;Astroviridae;Avastrovirus","","Astroviridae",7183,"Wu,H., Zhang,J. and Chen,J.","Astv/Goose/Guangdong/1807LWG/2018","","China: Guangdong",NA,"01-Jul-2018","liver","Goose","No",3,"No","No","18-3273",1,"3263-4814",1,"4832-6947",1,"Aves",NA,NA
"MN127959","MN127959.1","Goose astrovirus strain Astv/Goose/Guangdong/1812LMG/2018, complete genome","31-DEC-2020","Goose astrovirus","Viruses;Riboviria;Orthornavirae;Pisuviricota;Stelpaviricetes;Stellavirales;Astroviridae;Avastrovirus","","Astroviridae",7183,"Wu,H., Zhang,J. and Chen,J.","Astv/Goose/Guangdong/1812LMG/2018","","China: Guangdong",NA,"18-Dec-2018","","Goose","No",3,"No","No","18-3273",1,"3263-4814",1,"4832-6947",1,"Aves",NA,NA
"MN127958","MN127958.1","Goose astrovirus strain Astv/Goose/Guangdong/1811LHC/2018, complete genome","31-DEC-2020","Goose astrovirus","Viruses;Riboviria;Orthornavirae;Pisuviricota;Stelpaviricetes;Stellavirales;Astroviridae;Avastrovirus","","Astroviridae",7183,"Wu,H., Zhang,J. and Chen,J.","Astv/Goose/Guangdong/1811LHC/2018","","China: Guangdong",NA,"30-Nov-2018","","Goose","No",3,"No","No","18-3273",1,"3263-4814",1,"4832-6947",1,"Aves",NA,NA
"MN127957","MN127957.1","Goose astrovirus strain Astv/Goose/Guangdong/1811DWM/2018, complete genome","31-DEC-2020","Goose astrovirus","Viruses;Riboviria;Orthornavirae;Pisuviricota;Stelpaviricetes;Stellavirales;Astroviridae;Avastrovirus","","Astroviridae",7183,"Wu,H., Zhang,J. and Chen,J.","Astv/Goose/Guangdong/1811DWM/2018","","China: Guangdong",NA,"29-Nov-2018","","Goose","No",3,"No","No","18-3273",1,"3263-4814",1,"4832-6947",1,"Aves",NA,NA
"MN127956","MN127956.1","Goose astrovirus strain Astv/Goose/Guangdong/1811CFC/2018, complete genome","31-DEC-2020","Goose astrovirus","Viruses;Riboviria;Orthornavirae;Pisuviricota;Stelpaviricetes;Stellavirales;Astroviridae;Avastrovirus","","Astroviridae",7183,"Wu,H., Zhang,J. and Chen,J.","Astv/Goose/Guangdong/1811CFC/2018","","China: Guangdong",NA,"25-Nov-2018","","Goose","No",3,"No","No","18-3273",1,"3263-4814",1,"4832-6947",1,"Aves",NA,NA
"MN127955","MN127955.1","Goose astrovirus strain Astv/Goose/Guangdong/1901SM/2019, complete genome","31-DEC-2020","Goose astrovirus","Viruses;Riboviria;Orthornavirae;Pisuviricota;Stelpaviricetes;Stellavirales;Astroviridae;Avastrovirus","","Astroviridae",7183,"Wu,H., Zhang,J. and Chen,J.","Astv/Goose/Guangdong/1901SM/2019","","China: Guangdong",NA,"16-Jan-2019","","Goose","No",3,"No","No","18-3273",1,"3263-4814",1,"4832-6947",1,"Aves",NA,NA
"MN127954","MN127954.1","Goose astrovirus strain Astv/Goose/Guangdong/1901TBF/2019, complete genome","31-DEC-2020","Goose astrovirus","Viruses;Riboviria;Orthornavirae;Pisuviricota;Stelpaviricetes;Stellavirales;Astroviridae;Avastrovirus","","Astroviridae",7183,"Wu,H., Zhang,J. and Chen,J.","Astv/Goose/Guangdong/1901TBF/2019","","China: Guangdong",NA,"16-Jan-2019","","Goose","No",3,"No","No","18-3273",1,"3263-4814",1,"4832-6947",1,"Aves",NA,NA
"MN127953","MN127953.1","Goose astrovirus strain Astv/Goose/Guangdong/1901LNC/2019, complete genome","31-DEC-2020","Goose astrovirus","Viruses;Riboviria;Orthornavirae;Pisuviricota;Stelpaviricetes;Stellavirales;Astroviridae;Avastrovirus","","Astroviridae",7183,"Wu,H., Zhang,J. and Chen,J.","Astv/Goose/Guangdong/1901LNC/2019","","China: Guangdong",NA,"03-Jan-2019","","Goose","No",3,"No","No","18-3273",1,"3263-4814",1,"4832-6947",1,"Aves",NA,NA
"MN127952","MN127952.1","Goose astrovirus strain Astv/Goose/Guangdong/1812GXG/2018, complete genome","31-DEC-2020","Goose astrovirus","Viruses;Riboviria;Orthornavirae;Pisuviricota;Stelpaviricetes;Stellavirales;Astroviridae;Avastrovirus","","Astroviridae",7183,"Wu,H., Zhang,J. and Chen,J.","Astv/Goose/Guangdong/1812GXG/2018","","China: Guangdong",NA,"19-Dec-2018","","Goose","No",3,"No","No","18-3273",1,"3263-4814",1,"4832-6947",1,"Aves",NA,NA
"MN127951","MN127951.1","Goose astrovirus strain Astv/Goose/Guangdong/1811TS/2018, complete genome","31-DEC-2020","Goose astrovirus","Viruses;Riboviria;Orthornavirae;Pisuviricota;Stelpaviricetes;Stellavirales;Astroviridae;Avastrovirus","","Astroviridae",7183,"Wu,H., Zhang,J. and Chen,J.","Astv/Goose/Guangdong/1811TS/2018","","China: Guangdong",NA,"20-Nov-2018","","Goose","No",3,"No","No","18-3273",1,"3263-4814",1,"4832-6947",1,"Aves",NA,NA
"MN103532","MN103532.1","Goose astrovirus strain Astv/Goose/Guangdong/1807LZQ/2018, complete genome","31-DEC-2020","Goose astrovirus","Viruses;Riboviria;Orthornavirae;Pisuviricota;Stelpaviricetes;Stellavirales;Astroviridae;Avastrovirus","","Astroviridae",7183,"Wu,H., Zhang,J. and Chen,J.","Astv/Goose/Guangdong/1807LZQ/2018","","China",NA,"2018-07-01","","Goose","No",3,"No","No","18-3273",1,"3263-4814",1,"4832-6947",1,"Aves",NA,NA
"MT491732","MT491732.1","Chicken astrovirus isolate IBS543/2017 ORF1a (ORF1a) gene, partial cds; and RNA-dependent RNA polymerase (ORF1b) and capsid precursor protein (ORF2) genes, complete cds","26-OCT-2020","Chicken astrovirus","Viruses;Riboviria;Orthornavirae;Pisuviricota;Stelpaviricetes;Stellavirales;Astroviridae;Avastrovirus","","Astroviridae",7379,"Raji,A.A., Ideris,A., Bejo,M.H. and Omar,A.R.","","IBS543/2017","Malaysia",NA,"2017","intestines","Gallus gallus","No",3,"No","No","2-3374",1,"3355-4915",1,"4939-7156",1,"Aves","B",NA
"MT491731","MT491731.1","Chicken astrovirus isolate UPM1019/2018 non-structural polyprotein (ORF1a) gene, partial cds; and RNA-dependent RNA polymerase (ORF1b) and capsid precursor protein (ORF2) genes, complete cds","26-OCT-2020","Chicken astrovirus","Viruses;Riboviria;Orthornavirae;Pisuviricota;Stelpaviricetes;Stellavirales;Astroviridae;Avastrovirus","","Astroviridae",7397,"Raji,A.A., Ideris,A., Bejo,M.H. and Omar,A.R.","","UPM1019/2018","Malaysia",NA,"Jan-2018","kidney","Gallus gallus","No",3,"No","No","0-3402",1,"3383-4943",1,"4967-7184",1,"Aves",NA,NA
"MT491730","MT491730.1","Chicken astrovirus isolate IBS503/2017 ORF1a (ORF1a) gene, partial cds; and RNA-dependent RNA polymerase (ORF1b) and capsid precursor protein (ORF2) genes, complete cds","26-OCT-2020","Chicken astrovirus","Viruses;Riboviria;Orthornavirae;Pisuviricota;Stelpaviricetes;Stellavirales;Astroviridae;Avastrovirus","","Astroviridae",7424,"Raji,A.A., Ideris,A., Bejo,M.H. and Omar,A.R.","","IBS503/2017","Malaysia",NA,"2017","kidney and caecal tonsils","Gallus gallus","No",3,"No","No","0-3402",1,"3383-4943",1,"4967-7184",1,"Aves",NA,NA
"MT789787","MT789787.1","Chicken astrovirus isolate CAstV/CA-SK/Chicken/19-0981/19, complete genome","14-OCT-2020","Chicken astrovirus","Viruses;Riboviria;Orthornavirae;Pisuviricota;Stelpaviricetes;Stellavirales;Astroviridae;Avastrovirus","","Astroviridae",7452,"Palomino-Tapia,V.A., Mitevski,D., Inglis,T., Abdul-Careem,F.M. and van der Meer,F.","","CAstV/CA-SK/Chicken/19-0981/19","",NA,"24-Apr-2019","LMH cells","Gallus gallus","No",3,"No","No","21-3441",1,"3422-4982",1,"5006-7223",1,"Aves","B",NA
"MT789786","MT789786.1","Chicken astrovirus isolate CAstV/CA-SK/Chicken/19-0935/19, complete genome","14-OCT-2020","Chicken astrovirus","Viruses;Riboviria;Orthornavirae;Pisuviricota;Stelpaviricetes;Stellavirales;Astroviridae;Avastrovirus","","Astroviridae",7481,"Palomino-Tapia,V.A., Mitevski,D., Inglis,T., Abdul-Careem,F.M. and van der Meer,F.","","CAstV/CA-SK/Chicken/19-0935/19","",NA,"16-Apr-2019","","Gallus gallus","No",3,"No","No","21-3441",1,"3422-4982",1,"5006-7223",1,"Aves",NA,NA
"MT789785","MT789785.1","Chicken astrovirus isolate CAstV/CA-SK/Chicken/18-0942/18, complete genome","14-OCT-2020","Chicken astrovirus","Viruses;Riboviria;Orthornavirae;Pisuviricota;Stelpaviricetes;Stellavirales;Astroviridae;Avastrovirus","","Astroviridae",7490,"Palomino-Tapia,V.A., Mitevski,D., Inglis,T., Abdul-Careem,F.M. and van der Meer,F.","","CAstV/CA-SK/Chicken/18-0942/18","",NA,"19-Jun-2018","LMH cells","Gallus gallus","No",3,"No","No","21-3441",1,"3422-4982",1,"5006-7223",1,"Aves",NA,NA
"MT789784","MT789784.1","Chicken astrovirus isolate CAstV/CA-AB/Chicken/17-0823/17, complete genome","14-OCT-2020","Chicken astrovirus","Viruses;Riboviria;Orthornavirae;Pisuviricota;Stelpaviricetes;Stellavirales;Astroviridae;Avastrovirus","","Astroviridae",7480,"Palomino-Tapia,V.A., Mitevski,D., Inglis,T., Abdul-Careem,F.M. and van der Meer,F.","","CAstV/CA-AB/Chicken/17-0823/17","",NA,"09-Aug-2017","LMH cells","Gallus gallus","No",3,"No","No","21-3441",1,"3422-4982",1,"5006-7223",1,"Aves",NA,NA
"MT789783","MT789783.1","Chicken astrovirus isolate CAstV/CA-AB/Chicken/17-0773b/17, complete genome","14-OCT-2020","Chicken astrovirus","Viruses;Riboviria;Orthornavirae;Pisuviricota;Stelpaviricetes;Stellavirales;Astroviridae;Avastrovirus","","Astroviridae",7490,"Palomino-Tapia,V.A., Mitevski,D., Inglis,T., Abdul-Careem,F.M. and van der Meer,F.","","CAstV/CA-AB/Chicken/17-0773b/17","",NA,"25-Jul-2017","LMH cells","Gallus gallus","No",3,"No","No","21-3441",1,"3422-4982",1,"5006-7223",1,"Aves",NA,NA
"MT789782","MT789782.1","Chicken astrovirus isolate CAstV/CA-AB/Chicken/17-0773a/17, complete genome","14-OCT-2020","Chicken astrovirus","Viruses;Riboviria;Orthornavirae;Pisuviricota;Stelpaviricetes;Stellavirales;Astroviridae;Avastrovirus","","Astroviridae",7452,"Palomino-Tapia,V.A., Mitevski,D., Inglis,T., Abdul-Careem,F.M. and van der Meer,F.","","CAstV/CA-AB/Chicken/17-0773a/17","",NA,"25-Jul-2017","LMH cells","Gallus gallus","No",3,"No","No","21-3441",1,"3422-4982",1,"5006-7223",1,"Aves","B",NA
"MT789781","MT789781.1","Chicken astrovirus isolate CAstV/CA-AB/Chicken/15-1262d/15, complete genome","14-OCT-2020","Chicken astrovirus","Viruses;Riboviria;Orthornavirae;Pisuviricota;Stelpaviricetes;Stellavirales;Astroviridae;Avastrovirus","","Astroviridae",7507,"Palomino-Tapia,V.A., Mitevski,D., Inglis,T., Abdul-Careem,F.M. and van der Meer,F.","","CAstV/CA-AB/Chicken/15-1262d/15","",NA,"19-Nov-2015","","Gallus gallus","No",3,"No","No","21-3444",1,"3425-4985",1,"5009-7226",1,"Aves",NA,NA
"MT789780","MT789780.1","Chicken astrovirus isolate CAstV/CA-AB/Chicken/15-1262c/15, complete genome","14-OCT-2020","Chicken astrovirus","Viruses;Riboviria;Orthornavirae;Pisuviricota;Stelpaviricetes;Stellavirales;Astroviridae;Avastrovirus","","Astroviridae",7504,"Palomino-Tapia,V.A., Mitevski,D., Inglis,T., Abdul-Careem,F.M. and van der Meer,F.","","CAstV/CA-AB/Chicken/15-1262c/15","",NA,"19-Nov-2015","","Gallus gallus","No",3,"No","No","21-3444",1,"3425-4985",1,"5009-7226",1,"Aves","B",NA
"MT789779","MT789779.1","Chicken astrovirus isolate CAstV/CA-AB/Chicken/15-1262b/15, complete genome","14-OCT-2020","Chicken astrovirus","Viruses;Riboviria;Orthornavirae;Pisuviricota;Stelpaviricetes;Stellavirales;Astroviridae;Avastrovirus","","Astroviridae",7495,"Palomino-Tapia,V.A., Mitevski,D., Inglis,T., Abdul-Careem,F.M. and van der Meer,F.","","CAstV/CA-AB/Chicken/15-1262b/15","",NA,"19-Nov-2015","","Gallus gallus","No",3,"No","No","21-3444",1,"3425-4985",1,"5009-7226",1,"Aves",NA,NA
"MT789778","MT789778.1","Chicken astrovirus isolate CAstV/CA-AB/Chicken/15-1262a/15, complete genome","14-OCT-2020","Chicken astrovirus","Viruses;Riboviria;Orthornavirae;Pisuviricota;Stelpaviricetes;Stellavirales;Astroviridae;Avastrovirus","","Astroviridae",7506,"Palomino-Tapia,V.A., Mitevski,D., Inglis,T., Abdul-Careem,F.M. and van der Meer,F.","","CAstV/CA-AB/Chicken/15-1262a/15","",NA,"19-Nov-2015","","Gallus gallus","No",3,"No","No","21-3444",1,"3425-4985",1,"5009-7226",1,"Aves",NA,NA
"MT789777","MT789777.1","Chicken astrovirus isolate CAstV/CA-AB/Chicken/14-1235d/14, complete genome","14-OCT-2020","Chicken astrovirus","Viruses;Riboviria;Orthornavirae;Pisuviricota;Stelpaviricetes;Stellavirales;Astroviridae;Avastrovirus","","Astroviridae",7459,"Palomino-Tapia,V.A., Mitevski,D., Inglis,T., Abdul-Careem,F.M. and van der Meer,F.","","CAstV/CA-AB/Chicken/14-1235d/14","",NA,"09-Dec-2014","","Gallus gallus","No",3,"No","No","21-3444",1,"3425-4985",1,"5009-7226",1,"Aves",NA,NA
"MT789776","MT789776.1","Chicken astrovirus isolate CAstV/CA-AB/Chicken/14-1235c/14, complete genome","14-OCT-2020","Chicken astrovirus","Viruses;Riboviria;Orthornavirae;Pisuviricota;Stelpaviricetes;Stellavirales;Astroviridae;Avastrovirus","","Astroviridae",7459,"Palomino-Tapia,V.A., Mitevski,D., Inglis,T., Abdul-Careem,F.M. and van der Meer,F.","","CAstV/CA-AB/Chicken/14-1235c/14","",NA,"08-Dec-2014","LMH cells","Gallus gallus","No",3,"No","No","21-3444",1,"3425-4985",1,"5009-7226",1,"Aves",NA,NA
"MT789775","MT789775.1","Chicken astrovirus isolate CAstV/CA-AB/Chicken/14-1235b/14, complete genome","14-OCT-2020","Chicken astrovirus","Viruses;Riboviria;Orthornavirae;Pisuviricota;Stelpaviricetes;Stellavirales;Astroviridae;Avastrovirus","","Astroviridae",7501,"Palomino-Tapia,V.A., Mitevski,D., Inglis,T., Abdul-Careem,F.M. and van der Meer,F.","","CAstV/CA-AB/Chicken/14-1235b/14","",NA,"08-Dec-2014","LMH cells","Gallus gallus","No",3,"No","No","21-3444",1,"3425-4985",1,"5009-7226",1,"Aves",NA,NA
"MT789774","MT789774.1","Chicken astrovirus isolate CAstV/CA-AB/Chicken/14-1235a/14, complete genome","14-OCT-2020","Chicken astrovirus","Viruses;Riboviria;Orthornavirae;Pisuviricota;Stelpaviricetes;Stellavirales;Astroviridae;Avastrovirus","","Astroviridae",7501,"Palomino-Tapia,V.A., Mitevski,D., Inglis,T., Abdul-Careem,F.M. and van der Meer,F.","","CAstV/CA-AB/Chicken/14-1235a/14","",NA,"08-Dec-2014","","Gallus gallus","No",3,"No","No","21-3444",1,"3425-4985",1,"5009-7226",1,"Aves",NA,NA
"MN307120","MN307120.1","Goose astrovirus isolate AstV/HN03/Goose/0402/19, complete genome","13-SEP-2020","Goose astrovirus","Viruses;Riboviria;Orthornavirae;Pisuviricota;Stelpaviricetes;Stellavirales;Astroviridae;Avastrovirus","","Astroviridae",7170,"Chen,Q., Wu,Q. and Ji,J.","","AstV/HN03/Goose/0402/19","China",NA,"02-Apr-2019","","Goose","No",3,"No","No","13-3268",1,"3258-4809",1,"4827-6942",1,"Aves",NA,NA
"MN307119","MN307119.1","Goose astrovirus isolate AstV/HB02/Goose/0310/19, complete genome","13-SEP-2020","Goose astrovirus","Viruses;Riboviria;Orthornavirae;Pisuviricota;Stelpaviricetes;Stellavirales;Astroviridae;Avastrovirus","","Astroviridae",7170,"Chen,Q., Wu,Q. and Ji,J.","","AstV/HB02/Goose/0310/19","China",NA,"10-Mar-2019","","Goose","No",3,"No","No","13-3268",1,"3258-4809",1,"4827-6942",1,"Aves",NA,NA
"MN307118","MN307118.1","Goose astrovirus isolate AstV/HB01/Goose/0123/19, complete genome","13-SEP-2020","Goose astrovirus","Viruses;Riboviria;Orthornavirae;Pisuviricota;Stelpaviricetes;Stellavirales;Astroviridae;Avastrovirus","","Astroviridae",7170,"Chen,Q., Wu,Q. and Ji,J.","","AstV/HB01/Goose/0123/19","China",NA,"03-Jan-2019","","Goose","No",3,"No","No","13-3268",1,"3258-4809",1,"4827-6942",1,"Aves",NA,NA
"MN307117","MN307117.1","Goose astrovirus isolate AstV/HN02/Goose/1119/18, complete genome","13-SEP-2020","Goose astrovirus","Viruses;Riboviria;Orthornavirae;Pisuviricota;Stelpaviricetes;Stellavirales;Astroviridae;Avastrovirus","","Astroviridae",7170,"Chen,Q., Wu,Q. and Ji,J.","","AstV/HN02/Goose/1119/18","China",NA,"19-Nov-2018","","Goose","No",3,"No","No","13-3268",1,"3258-4809",1,"4827-6942",1,"Aves",NA,NA
"MN307116","MN307116.1","Goose astrovirus isolate AstV/AH02/Goose/0715/18, complete genome","13-SEP-2020","Goose astrovirus","Viruses;Riboviria;Orthornavirae;Pisuviricota;Stelpaviricetes;Stellavirales;Astroviridae;Avastrovirus","","Astroviridae",7170,"Chen,Q., Wu,Q. and Ji,J.","","AstV/AH02/Goose/0715/18","China",NA,"15-Jul-2018","","Goose","No",3,"No","No","13-3268",1,"3258-4809",1,"4827-6942",1,"Aves",NA,NA
"MN307115","MN307115.1","Goose astrovirus isolate AstV/AH01/Goose/0512/18, complete genome","13-SEP-2020","Goose astrovirus","Viruses;Riboviria;Orthornavirae;Pisuviricota;Stelpaviricetes;Stellavirales;Astroviridae;Avastrovirus","","Astroviridae",7170,"Chen,Q., Wu,Q. and Ji,J.","","AstV/AH01/Goose/0512/18","China",NA,"12-May-2018","","Goose","No",3,"No","No","13-3268",1,"3258-4809",1,"4827-6942",1,"Aves",NA,NA
"MN307114","MN307114.1","Goose astrovirus isolate AstV/HN01/Goose/0103/18, complete genome","13-SEP-2020","Goose astrovirus","Viruses;Riboviria;Orthornavirae;Pisuviricota;Stelpaviricetes;Stellavirales;Astroviridae;Avastrovirus","","Astroviridae",7170,"Chen,Q., Wu,Q. and Ji,J.","","AstV/HN01/Goose/0103/18","China",NA,"03-Jan-2018","","Goose","No",3,"No","No","13-3268",1,"3258-4809",1,"4827-6942",1,"Aves",NA,NA
"MN894548","MN894548.1","Goose astrovirus strain AstV/HBXG/Goose/2019, complete genome","09-AUG-2020","Goose astrovirus","Viruses;Riboviria;Orthornavirae;Pisuviricota;Stelpaviricetes;Stellavirales;Astroviridae;Avastrovirus","","Astroviridae",7170,"Wang,Z., Luo,Q. and Li,L.","AstV/HBXG/Goose/2019","","China: Hubei province",NA,"16-Jun-2019","liver","Goose","No",3,"No","No","10-3265",1,"3255-4806",1,"4824-6939",1,"Aves",NA,NA
"MN807051","MN807051.1","Chicken astrovirus isolate AAstV/Chicken/CHN/2018/CZ1801, complete genome","13-JUL-2020","Chicken astrovirus","Viruses;Riboviria;Orthornavirae;Pisuviricota;Stelpaviricetes;Stellavirales;Astroviridae;Avastrovirus","","Astroviridae",7603,"Qian,K., Zhao,W., Qin,A. and Shao,H.","","AAstV/Chicken/CHN/2018/CZ1801","China",NA,"2018","","Gallus gallus","No",3,"No","No","76-3496",1,"3477-5037",1,"5061-7275",1,"Aves",NA,NA
"MN809622","MN809622.1","Goose astrovirus isolate AstV/SDTA, complete genome","17-JUN-2020","Goose astrovirus","Viruses;Riboviria;Orthornavirae;Pisuviricota;Stelpaviricetes;Stellavirales;Astroviridae;Avastrovirus","","Astroviridae",7252,"Wei,F., Tang,Y. and Diao,Y.","","AstV/SDTA","China",NA,"","kidney","Duck","No",3,"No","No","245-3350",1,"3340-4891",1,"4909-7024",1,"Aves",NA,NA
"MT138011","MT138011.1","MAG: Astroviridae sp. isolate prf038ast1 genomic sequence","15-JUN-2020","Astroviridae sp.","Viruses;Riboviria;Orthornavirae;Pisuviricota;Stelpaviricetes;Stellavirales;Astroviridae","","Astroviridae",6981,"Chen,X., Shan,T., Yang,S. and Zhang,W.","","prf038ast1","",NA,"2018","anal swab","","Yes",3,"No","No","53-2897",1,"3043-4381",1,"4405-6424",1,"","Y","#C286D0"
"MT138010","MT138010.1","MAG: Astroviridae sp. isolate prf037ast2 genomic sequence","15-JUN-2020","Astroviridae sp.","Viruses;Riboviria;Orthornavirae;Pisuviricota;Stelpaviricetes;Stellavirales;Astroviridae","","Astroviridae",7468,"Chen,X., Shan,T., Yang,S. and Zhang,W.","","prf037ast2","",NA,"2018","anal swab","","Yes",3,"No","No","918-3636",1,"3782-5120",1,"5144-7163",1,"","Y","#E6AAF5"
"MT138007","MT138007.1","MAG: Astroviridae sp. isolate ltr178ast1 genomic sequence","15-JUN-2020","Astroviridae sp.","Viruses;Riboviria;Orthornavirae;Pisuviricota;Stelpaviricetes;Stellavirales;Astroviridae","","Astroviridae",7141,"Chen,X., Shan,T., Yang,S. and Zhang,W.","","ltr178ast1","",NA,"2018","anal swab","","Yes",3,"No","No","264-3363",1,"3395-4847",1,"4871-6863",1,"","Y","#7C4088"
"MT138005","MT138005.1","MAG: Astroviridae sp. isolate hwf041ast1 genomic sequence","15-JUN-2020","Astroviridae sp.","Viruses;Riboviria;Orthornavirae;Pisuviricota;Stelpaviricetes;Stellavirales;Astroviridae","","Astroviridae",6943,"Chen,X., Shan,T., Yang,S. and Zhang,W.","","hwf041ast1","",NA,"2018","anal swab","","Yes",3,"No","No","199-3271",1,"3303-4755",1,"4779-6759",1,"","Y","#9F63AC"
"MT138002","MT138002.1","MAG: Astroviridae sp. isolate cra070ast1 genomic sequence","15-JUN-2020","Astroviridae sp.","Viruses;Riboviria;Orthornavirae;Pisuviricota;Stelpaviricetes;Stellavirales;Astroviridae","","Astroviridae",6755,"Chen,X., Shan,T., Yang,S. and Zhang,W.","","cra070ast1","",NA,"2018","anal swab","","Yes",3,"No","No","0-3108",1,"3140-4592",1,"4612-6622",1,"","Y",NA
"MT137999","MT137999.1","MAG: Astroviridae sp. isolate coa196ast1 genomic sequence","15-JUN-2020","Astroviridae sp.","Viruses;Riboviria;Orthornavirae;Pisuviricota;Stelpaviricetes;Stellavirales;Astroviridae","","Astroviridae",6801,"Chen,X., Shan,T., Yang,S. and Zhang,W.","","coa196ast1","",NA,"2018","anal swab","Periparus ater","Yes",3,"No","No","2-3185",1,"3217-4669",1,"4689-6726",1,"",NA,NA
"MT137996","MT137996.1","MAG: Astroviridae sp. isolate cfe153ast01 genomic sequence","15-JUN-2020","Astroviridae sp.","Viruses;Riboviria;Orthornavirae;Pisuviricota;Stelpaviricetes;Stellavirales;Astroviridae","","Astroviridae",6963,"Chen,X., Shan,T., Yang,S. and Zhang,W.","","cfe153ast01","",NA,"2018","anal swab","","Yes",3,"No","No","231-3306",1,"3359-4790",1,"4815-6873",1,"","Y",NA
"MT138009","MT138009.1","MAG: Astroviridae sp. isolate prf037ast1nc genomic sequence","15-JUN-2020","Astroviridae sp.","Viruses;Riboviria;Orthornavirae;Pisuviricota;Stelpaviricetes;Stellavirales;Astroviridae","","Astroviridae",6371,"Chen,X., Shan,T., Yang,S. and Zhang,W.","","prf037ast1nc","",NA,"2018","anal swab","","Yes",3,"No","No","343-2395",1,"2478-3876",1,"3892-6371",1,"",NA,NA
"MT137995","MT137995.1","MAG: Astroviridae sp. isolate bun145astnc1 genomic sequence","15-JUN-2020","Astroviridae sp.","Viruses;Riboviria;Orthornavirae;Pisuviricota;Stelpaviricetes;Stellavirales;Astroviridae","","Astroviridae",5496,"Chen,X., Shan,T., Yang,S. and Zhang,W.","","bun145astnc1","",NA,"2018","anal swab","","Yes",3,"No","No","299-1535",1,"1450-3088",1,"3038-5405",1,"",NA,NA
"MT137994","MT137994.1","MAG: Astroviridae sp. isolate bsk136ast01 genomic sequence","15-JUN-2020","Astroviridae sp.","Viruses;Riboviria;Orthornavirae;Pisuviricota;Stelpaviricetes;Stellavirales;Astroviridae","","Astroviridae",6442,"Chen,X., Shan,T., Yang,S. and Zhang,W.","","bsk136ast01","",NA,"2018","anal swab","","Yes",3,"No","No","76-2641",1,"2772-4224",1,"4154-6431",1,"","G",NA
"MT137992","MT137992.1","MAG: Astroviridae sp. isolate bfb201ast01 genomic sequence","15-JUN-2020","Astroviridae sp.","Viruses;Riboviria;Orthornavirae;Pisuviricota;Stelpaviricetes;Stellavirales;Astroviridae","","Astroviridae",7384,"Chen,X., Shan,T., Yang,S. and Zhang,W.","","bfb201ast01","",NA,"2018","anal swab","","Yes",3,"No","No","633-3300",1,"3227-5204",1,"4803-7194",1,"","G",NA
"MT137991","MT137991.1","MAG: Astroviridae sp. isolate bbr144ast1 genomic sequence","15-JUN-2020","Astroviridae sp.","Viruses;Riboviria;Orthornavirae;Pisuviricota;Stelpaviricetes;Stellavirales;Astroviridae","","Astroviridae",7060,"Chen,X., Shan,T., Yang,S. and Zhang,W.","","bbr144ast1","",NA,"2018","anal swab","Prunella montanella","Yes",3,"No","No","243-3075",1,"3275-4730",1,"4566-6882",1,"","G",NA
"MN920672","MN920672.1","MAG: Astroviridae sp. isolate ytb090ast01, complete genome","06-MAY-2020","Astroviridae sp.","Viruses;Riboviria;Orthornavirae;Pisuviricota;Stelpaviricetes;Stellavirales;Astroviridae","","Astroviridae",7420,"Chen,X., Shan,T., Yang,S. and Zhang,W.","","ytb090ast01","China",NA,"2018","anal swab","","Yes",3,"No","No","549-3336",1,"3263-5240",1,"4839-7230",1,"","G",NA
"MN920671","MN920671.1","MAG: Astroviridae sp. isolate ytb089ast01, complete genome","06-MAY-2020","Astroviridae sp.","Viruses;Riboviria;Orthornavirae;Pisuviricota;Stelpaviricetes;Stellavirales;Astroviridae","","Astroviridae",7172,"Chen,X., Shan,T., Yang,S. and Zhang,W.","","ytb089ast01","China",NA,"2018","anal swab","","Yes",3,"No","No","294-3087",1,"3287-4991",1,"4590-6981",1,"","G",NA
"MN920670","MN920670.1","MAG: Astroviridae sp. isolate ybw202ast01, complete genome","06-MAY-2020","Astroviridae sp.","Viruses;Riboviria;Orthornavirae;Pisuviricota;Stelpaviricetes;Stellavirales;Astroviridae","","Astroviridae",6701,"Chen,X., Shan,T., Yang,S. and Zhang,W.","","ybw202ast01","China",NA,"2018","anal swab","","Yes",3,"No","No","226-3004",1,"3204-4563",1,"4492-6694",1,"","G",NA
"MN920669","MN920669.1","MAG: Astroviridae sp. isolate ybb150ast01, complete genome","06-MAY-2020","Astroviridae sp.","Viruses;Riboviria;Orthornavirae;Pisuviricota;Stelpaviricetes;Stellavirales;Astroviridae","","Astroviridae",6816,"Chen,X., Shan,T., Yang,S. and Zhang,W.","","ybb150ast01","China",NA,"2018","anal swab","","Yes",3,"No","No","139-2806",1,"2733-4467",1,"4309-6634",1,"","G",NA
"MN920668","MN920668.1","MAG: Astroviridae sp. isolate war204ast1, complete genome","06-MAY-2020","Astroviridae sp.","Viruses;Riboviria;Orthornavirae;Pisuviricota;Stelpaviricetes;Stellavirales;Astroviridae","","Astroviridae",6848,"Chen,X., Shan,T., Yang,S. and Zhang,W.","","war204ast1","China",NA,"2018","anal swab","","Yes",3,"No","No","41-2807",1,"2971-4342",1,"4310-6707",1,"","G",NA
"MN920667","MN920667.1","MAG: Astroviridae sp. isolate tom152ast2, complete genome","06-MAY-2020","Astroviridae sp.","Viruses;Riboviria;Orthornavirae;Pisuviricota;Stelpaviricetes;Stellavirales;Astroviridae","","Astroviridae",6510,"Chen,X., Shan,T., Yang,S. and Zhang,W.","","tom152ast2","China",NA,"2018","anal swab","Petroica macrocephala","Yes",3,"No","No","576-2847",1,"2879-4331",1,"4351-6388",1,"","Y",NA
"MN920663","MN920663.1","MAG: Astroviridae sp. isolate spa143ast1, complete genome","06-MAY-2020","Astroviridae sp.","Viruses;Riboviria;Orthornavirae;Pisuviricota;Stelpaviricetes;Stellavirales;Astroviridae","","Astroviridae",6570,"Chen,X., Shan,T., Yang,S. and Zhang,W.","","spa143ast1","China",NA,"2018","anal swab","","Yes",3,"No","No","31-2659",1,"2859-4554",1,"4156-6400",1,"","G",NA
"MN149392","MN149392.1","Duck astrovirus 1 isolate D17, complete genome","18-APR-2020","Duck astrovirus 1","Viruses;Riboviria;Orthornavirae;Pisuviricota;Stelpaviricetes;Stellavirales;Astroviridae;Avastrovirus;Duck astrovirus GII.A","Duck astrovirus GII.A","Astroviridae",7722,"Wang,X. and Zhang,D.","","D17","China",NA,"13-Oct-2013","liver","Jinding ducks","No",3,"No","No","22-3745",1,"3735-5286",1,"5309-7505",1,"Aves",NA,NA
"MN428645","MN428645.1","Goose astrovirus isolate AHAU5, complete genome","14-APR-2020","Goose astrovirus","Viruses;Riboviria;Orthornavirae;Pisuviricota;Stelpaviricetes;Stellavirales;Astroviridae;Avastrovirus","","Astroviridae",7182,"Bai,C. and Zhang,D.","","AHAU5","China: Anhui",NA,"2018","kidney","Goose","No",3,"No","No","18-3273",1,"3263-4814",1,"4832-6947",1,"Aves",NA,NA
"MN428644","MN428644.1","Goose astrovirus isolate AHAU4, complete genome","14-APR-2020","Goose astrovirus","Viruses;Riboviria;Orthornavirae;Pisuviricota;Stelpaviricetes;Stellavirales;Astroviridae;Avastrovirus","","Astroviridae",7182,"Bai,C. and Zhang,D.","","AHAU4","China: Anhui",NA,"2018","kidney","Goose","No",3,"No","No","18-3273",1,"3263-4814",1,"4832-6947",1,"Aves",NA,NA
"MN428643","MN428643.1","Goose astrovirus isolate AHAU3, complete genome","14-APR-2020","Goose astrovirus","Viruses;Riboviria;Orthornavirae;Pisuviricota;Stelpaviricetes;Stellavirales;Astroviridae;Avastrovirus","","Astroviridae",7183,"Bai,C. and Zhang,D.","","AHAU3","China: Anhui",NA,"2018","kidney","Goose","No",3,"No","No","18-3273",1,"3263-4814",1,"4832-6947",1,"Aves",NA,NA
"MN428642","MN428642.1","Goose astrovirus isolate GD AHAU2, complete genome","14-APR-2020","Goose astrovirus","Viruses;Riboviria;Orthornavirae;Pisuviricota;Stelpaviricetes;Stellavirales;Astroviridae;Avastrovirus","","Astroviridae",7182,"Bai,C. and Zhang,D.","","GD AHAU2","China: Anhui",NA,"2018","kidney","Goose","No",3,"No","No","18-3273",1,"3263-4814",1,"4832-6947",1,"Aves",NA,NA
"MN428641","MN428641.1","Goose astrovirus isolate AHAU1, complete genome","14-APR-2020","Goose astrovirus","Viruses;Riboviria;Orthornavirae;Pisuviricota;Stelpaviricetes;Stellavirales;Astroviridae;Avastrovirus","","Astroviridae",7177,"Bai,C.","","AHAU1","China: Anhui",NA,"2018","kidney","Goose","No",3,"No","No","18-3273",1,"3263-4814",1,"4832-6947",1,"Aves",NA,NA
"MN175321","MN175321.1","Goose astrovirus strain AstV/Goose/2018/HLJ01, complete genome","02-MAR-2020","Goose astrovirus","Viruses;Riboviria;Orthornavirae;Pisuviricota;Stelpaviricetes;Stellavirales;Astroviridae;Avastrovirus","","Astroviridae",7116,"Zhao,L. and Chen,H.","AstV/Goose/2018/HLJ01","","China: Heilongjiang province",NA,"09-Jul-2018","liver","Goose","No",3,"No","No","102-3207",1,"3197-4748",1,"4766-6881",1,"Aves",NA,NA
"MN732559","MN732559.1","Avian nephritis virus strain ANV/CHN/GXJL815/2017, complete genome","15-FEB-2020","Avian nephritis virus","Viruses;Riboviria;Orthornavirae;Pisuviricota;Stelpaviricetes;Stellavirales;Astroviridae;Avastrovirus","","Astroviridae",6885,"Ruan,S., Xue,J., Zhao,Y. and Zhang,G.","ANV/CHN/GXJL815/2017","","China",NA,"2017","intestines","Gallus gallus","No",2,"No","No","8-3025",1,"3025-4552",1,"4571-6575",1,"Aves","P",NA
"MN732558","MN732558.1","Avian nephritis virus strain ANV/CHN/BJCP510-2/2018, complete genome","15-FEB-2020","Avian nephritis virus","Viruses;Riboviria;Orthornavirae;Pisuviricota;Stelpaviricetes;Stellavirales;Astroviridae;Avastrovirus","","Astroviridae",6899,"Zhang,Q., Xue,J., Zhao,Y. and Zhang,G.","ANV/CHN/BJCP510-2/2018","","China",NA,"2018","intestines","Gallus gallus","No",2,"No","No","13-3027",1,"3027-4554",1,"4573-6598",1,"Aves","P",NA
"MN725026","MN725026.1","Chicken astrovirus strain CAstV/CHN/GDYHTJ718-6/2018, complete genome","15-FEB-2020","Chicken astrovirus","Viruses;Riboviria;Orthornavirae;Pisuviricota;Stelpaviricetes;Stellavirales;Astroviridae;Avastrovirus","","Astroviridae",7588,"Zhang,Q., Xue,J., Ruan,S. and Zhang,G.","CAstV/CHN/GDYHTJ718-6/2018","","China",NA,"2018","intestinal","Gallus gallus","No",3,"No","No","21-3441",1,"3422-4982",1,"5006-7223",1,"Aves",NA,NA
"MN725025","MN725025.1","Chicken astrovirus strain CAstV/CHN/HBLP717-1/2018, complete genome","15-FEB-2020","Chicken astrovirus","Viruses;Riboviria;Orthornavirae;Pisuviricota;Stelpaviricetes;Stellavirales;Astroviridae;Avastrovirus","","Astroviridae",7588,"Zhang,Q., Xue,J. and Zhang,G.","CAstV/CHN/HBLP717-1/2018","","China",NA,"2018","intestines","Gallus gallus","No",3,"No","No","21-3441",1,"3422-4982",1,"5006-7223",1,"Aves","B",NA
"MN068024","MN068024.1","Goose astrovirus isolate GTF-07, complete genome","12-FEB-2020","Goose astrovirus","Viruses;Riboviria;Orthornavirae;Pisuviricota;Stelpaviricetes;Stellavirales;Astroviridae;Avastrovirus","","Astroviridae",7141,"Wang,S., Xiao,S., Jiang,D., Chen,S., Lin,S., Zheng,M. and Zhang,S.","","GTF-07","China",NA,"Apr-2018","kidney; liver; spleen","Goose","No",3,"No","No","9-3264",1,"3254-4805",1,"4823-6938",1,"Aves",NA,NA
"MN068023","MN068023.1","Goose astrovirus isolate GTF-04, complete genome","12-FEB-2020","Goose astrovirus","Viruses;Riboviria;Orthornavirae;Pisuviricota;Stelpaviricetes;Stellavirales;Astroviridae;Avastrovirus","","Astroviridae",7141,"Wang,S., Xiao,S., Jiang,D., Chen,S., Lin,S. and Zheng,M.","","GTF-04","China",NA,"Apr-2018","kidney; liver; spleen","Goose","No",3,"No","No","9-3264",1,"3254-4805",1,"4823-6938",1,"Aves",NA,NA
"MN337323","MN337323.1","Goose astrovirus isolate XX, complete genome","10-DEC-2019","Goose astrovirus","Viruses;Riboviria;Orthornavirae;Pisuviricota;Stelpaviricetes;Stellavirales;Astroviridae;Avastrovirus","","Astroviridae",7252,"Jin,Q., Chen,Y. and Zhang,G.","","XX","China",NA,"10-Jul-2018","liver","Goose","No",3,"No","No","245-3350",1,"3340-4891",1,"4909-7024",1,"Aves",NA,NA
"MN399857","MN399857.1","Goose astrovirus isolate SDXT, complete genome","18-NOV-2019","Goose astrovirus","Viruses;Riboviria;Orthornavirae;Pisuviricota;Stelpaviricetes;Stellavirales;Astroviridae;Avastrovirus","","Astroviridae",7252,"Chen,H., Yan,M. and Tang,Y.","","SDXT","China",NA,"15-Mar-2019","","Duck","No",3,"No","No","245-3350",1,"3340-4891",1,"4909-7024",1,"Aves",NA,NA
"KT886453","KT886453.1","Chicken astrovirus isolate CAstV/Poland/G059/2014 nonstructural polyprotein gene, partial cds; and RNA-dependent RNA polymerase and capsid precursor protein genes, complete cds","01-JUL-2019","Chicken astrovirus","Viruses;Riboviria;Orthornavirae;Pisuviricota;Stelpaviricetes;Stellavirales;Astroviridae;Avastrovirus","","Astroviridae",7382,"Sajewicz-Krukowska,J., Minta,Z. and Domanska-Blicharz,K.","","CAstV/Poland/G059/2014","Poland",NA,"Feb-2014","","Gallus gallus","No",3,"No","No","1-3427",1,"3408-4968",1,"4992-7155",1,"Aves","B",NA
"MK125058","MK125058.1","Goose astrovirus isolate JSHA, complete genome","27-MAY-2019","Goose astrovirus","Viruses;Riboviria;Orthornavirae;Pisuviricota;Stelpaviricetes;Stellavirales;Astroviridae;Avastrovirus","","Astroviridae",7175,"Xu,R. and Lv,Y.","","JSHA","China",NA,"2016","kidney","Gosling","No",3,"No","No","10-3265",1,"3255-4806",1,"4824-6939",1,"Aves",NA,NA
"MK096775","MK096775.1","Passerine astrovirus 3 isolate PasAstV-3, complete genome","12-MAY-2019","Passerine astrovirus 3","Viruses;Riboviria;Orthornavirae;Pisuviricota;Stelpaviricetes;Stellavirales;Astroviridae","","Astroviridae",6628,"Fernandez-Correa,I., Truchado,D.A., Gomez-Lucia,E., Domenech,A., Perez-Tris,J., Schmidt-Chanasit,J., Cadar,D. and Benitez,L.","","PasAstV-3","French Guiana",NA,"Oct-2016","cloacal swabs","Passeriformes","No",3,"No","No","41-2684",1,"2707-4177",1,"4197-6453",1,"Aves","G",NA
"MK096774","MK096774.1","Passerine astrovirus 2 isolate PasAstV-2, complete genome","12-MAY-2019","Passerine astrovirus 2","Viruses;Riboviria;Orthornavirae;Pisuviricota;Stelpaviricetes;Stellavirales;Astroviridae","","Astroviridae",6864,"Fernandez-Correa,I., Truchado,D.A., Gomez-Lucia,E., Domenech,A., Perez-Tris,J., Schmidt-Chanasit,J., Cadar,D. and Benitez,L.","","PasAstV-2","French Guiana",NA,"Oct-2016","cloacal swabs","Passeriformes","No",3,"No","No","46-2752",1,"2811-4251",1,"4254-6555",1,"Aves","G",NA
"MK096773","MK096773.1","Passerine astrovirus 1 isolate PasAstV-1, complete genome","12-MAY-2019","Passerine astrovirus 1","Viruses;Riboviria;Orthornavirae;Pisuviricota;Stelpaviricetes;Stellavirales;Astroviridae","","Astroviridae",6745,"Fernandez-Correa,I., Truchado,D.A., Gomez-Lucia,E., Domenech,A., Perez-Tris,J., Schmidt-Chanasit,J., Cadar,D. and Benitez,L.","","PasAstV-1","French Guiana",NA,"","","Passeriformes","No",3,"No","No","29-2753",1,"2881-4459",1,"4296-6561",1,"Aves","G",NA
"MG661261","MG661261.1","Rhesus monkey astrovirus strain GX1832, complete genome","08-MAY-2019","Rhesus monkey astrovirus","Viruses;Riboviria;Orthornavirae;Pisuviricota;Stelpaviricetes;Stellavirales;Astroviridae","","Astroviridae",7377,"Xin,Y.Y.","GX1832","","China",NA,"2015","feces","Rhesus monkey","No",3,"No","No","119-3185",1,"3175-4705",1,"4728-7239",1,"","R",NA
"MH712856","MH712856.1","Duck astrovirus 1 strain D51, complete genome","02-APR-2019","Duck astrovirus 1","Viruses;Riboviria;Orthornavirae;Pisuviricota;Stelpaviricetes;Stellavirales;Astroviridae;Avastrovirus;Duck astrovirus GII.A","Duck astrovirus GII.A","Astroviridae",7752,"Lan,J., Zhang,R., Li,H., Chen,J. and Jiang,S.","D51","","China",NA,"06-Feb-2012","liver","Duck","No",3,"No","No","22-3745",1,"3735-5286",1,"5309-7505",1,"Aves",NA,NA
"MH807626","MH807626.1","Goose astrovirus strain AstV/Goose/CXZ/18, complete genome","16-FEB-2019","Goose astrovirus","Viruses;Riboviria;Orthornavirae;Pisuviricota;Stelpaviricetes;Stellavirales;Astroviridae;Avastrovirus","","Astroviridae",7252,"Yuan,Y., Wang,L., Meng,K. and Zhang,X.","AstV/Goose/CXZ/18","","China",NA,"08-Jan-2018","liver","Goose","No",3,"No","No","245-3350",1,"3340-4891",1,"4909-7024",1,"Aves",NA,NA
"KY807085","KY807085.1","Goose astrovirus isolate HN1G, complete genome","27-NOV-2018","Goose astrovirus","Viruses;Riboviria;Orthornavirae;Pisuviricota;Stelpaviricetes;Stellavirales;Astroviridae;Avastrovirus","","Astroviridae",7148,"Liu,N. and Zhang,D.","","HN1G","China",NA,"20-May-2014","liver","Lingxian White Goose","No",3,"No","No","13-3268",1,"3258-4809",1,"4827-6942",1,"Aves",NA,NA
"MH453801","MH453801.1","MAG: Avastrovirus 2 isolate AstV/Red-necked Avocet/MW09/Interior genomic sequence","09-NOV-2018","Avastrovirus 2","Viruses;Riboviria;Orthornavirae;Pisuviricota;Stelpaviricetes;Stellavirales;Astroviridae;Avastrovirus;Avastrovirus galli","Avastrovirus galli","Astroviridae",6869,"Wille,M., Shi,M., Eden,J.-S., Klaassen,M., Hurt,A.C. and Holmes,E.C.","","AstV/Red-necked Avocet/MW09/Interior","Australia: Innaminka Regional Reserve",NA,"2013","cloacal swab","Red-necked Avocet","Yes",2,"No","No","0-2992",1,"2993-4520",1,"4539-6585",1,"Aves","P",NA
"MH453800","MH453800.1","MAG: Avastrovirus 2 isolate AstV/Red-necked Avocet/MW08/Interior genomic sequence","09-NOV-2018","Avastrovirus 2","Viruses;Riboviria;Orthornavirae;Pisuviricota;Stelpaviricetes;Stellavirales;Astroviridae;Avastrovirus;Avastrovirus galli","Avastrovirus galli","Astroviridae",6960,"Wille,M., Shi,M., Eden,J.-S., Klaassen,M., Hurt,A.C. and Holmes,E.C.","","AstV/Red-necked Avocet/MW08/Interior","Australia: Western Port Bay",NA,"2013","cloacal swab","Red-necked Avocet","Yes",2,"No","No","0-3184",1,"3185-4661",1,"4654-6649",1,"Aves","Y",NA
"MG599931","MG599931.1","Beihai tree frog astrovirus strain GDSWC169064 ORF1ab gene, partial cds; and capsid protein gene, complete cds","08-NOV-2018","Beihai tree frog astrovirus","Viruses;Riboviria;Orthornavirae;Pisuviricota;Stelpaviricetes;Stellavirales;Astroviridae","","Astroviridae",5247,"Shi,M., Lin,X.-D., Chen,X., Tian,J.-H., Chen,L.-J., Li,K., Wang,W., Eden,J.-S., Shen,J.-J., Liu,L., Holmes,E.C. and Zhuang,Y.-Z.","GDSWC169064","","China",NA,"","","Polypedates megacephalus","No",2,"No","No","2-1517",1,"1516-3022",1,"3040-5191",1,"Amphibia",NA,NA
"MG599918","MG599918.1","Hainan oriental leaf-toed gecko astrovirus 1 strain LPXYC174317 ORF1ab gene, partial cds; and capsid protein gene, complete cds","08-NOV-2018","Hainan oriental leaf-toed gecko astrovirus 1","Viruses;Riboviria;Orthornavirae;Pisuviricota;Stelpaviricetes;Stellavirales;Astroviridae","","Astroviridae",7126,"Shi,M., Lin,X.-D., Chen,X., Tian,J.-H., Chen,L.-J., Li,K., Wang,W., Eden,J.-S., Shen,J.-J., Liu,L., Holmes,E.C. and Zhuang,Y.-Z.","LPXYC174317","","China",NA,"","","Hemidactylus bowringii","No",2,"No","No","2-2924",1,"2923-4447",1,"4487-6938",1,"Lepidosauria","R",NA
"MG599917","MG599917.1","Hainan gekko similignum astrovirus strain LPXYC188631 ORF1a gene, partial cds; and ORF1b and capsid protein genes, complete cds","08-NOV-2018","Hainan gekko similignum astrovirus","Viruses;Riboviria;Orthornavirae;Pisuviricota;Stelpaviricetes;Stellavirales;Astroviridae","","Astroviridae",6548,"Shi,M., Lin,X.-D., Chen,X., Tian,J.-H., Chen,L.-J., Li,K., Wang,W., Eden,J.-S., Shen,J.-J., Liu,L., Holmes,E.C. and Zhuang,Y.-Z.","LPXYC188631","","China",NA,"","","Gekko similignum","No",3,"No","No","0-2286",1,"2393-3785",1,"3824-6341",1,"Lepidosauria","R",NA
"MG599916","MG599916.1","Zhejiang chinese fire belly newt astrovirus 2 strain DFRYG3998 ORF1ab gene, partial cds; and capsid protein gene, complete cds","08-NOV-2018","Zhejiang chinese fire belly newt astrovirus 2","Viruses;Riboviria;Orthornavirae;Pisuviricota;Stelpaviricetes;Stellavirales;Astroviridae","","Astroviridae",5038,"Shi,M., Lin,X.-D., Chen,X., Tian,J.-H., Chen,L.-J., Li,K., Wang,W., Eden,J.-S., Shen,J.-J., Liu,L., Holmes,E.C. and Zhuang,Y.-Z.","DFRYG3998","","China",NA,"","","Cynops orientalis","No",2,"No","No","1-649",1,"648-2166",1,"2210-4826",1,"Amphibia",NA,NA
"MG599910","MG599910.1","Hainan black-spectacled toad astrovirus 2 strain HKCCC7872 ORF1ab and capsid protein genes, complete cds","08-NOV-2018","Hainan black-spectacled toad astrovirus 2","Viruses;Riboviria;Orthornavirae;Pisuviricota;Stelpaviricetes;Stellavirales;Astroviridae","","Astroviridae",7476,"Shi,M., Lin,X.-D., Chen,X., Tian,J.-H., Chen,L.-J., Li,K., Wang,W., Eden,J.-S., Shen,J.-J., Liu,L., Holmes,E.C. and Zhuang,Y.-Z.","HKCCC7872","","China",NA,"","","Duttaphrynus melanostictus","No",2,"No","No","5-3212",1,"3211-4735",1,"4758-7269",1,"Amphibia","R",NA
"MH410610","MH410610.1","Goose astrovirus strain AHDY, complete genome","17-OCT-2018","Goose astrovirus","Viruses;Riboviria;Orthornavirae;Pisuviricota;Stelpaviricetes;Stellavirales;Astroviridae;Avastrovirus","","Astroviridae",7288,"Xu,R., Lu,M., Zhang,H., Huang,C., Zhang,L., Li,Z., Bao,E. and Lv,Y.","AHDY","","China: Anhui province",NA,"Aug-2017","liver, spleen, kidney","Gosling","No",3,"No","No","22-3304",1,"3294-4839",1,"4868-6983",1,"Aves",NA,NA
"NC-034567","NC_034567.1","Goose astrovirus isolate FLX, complete sequence","13-AUG-2018","Goose astrovirus","Viruses;Riboviria;Orthornavirae;Pisuviricota;Stelpaviricetes;Stellavirales;Astroviridae;Avastrovirus","","Astroviridae",7299,"Zhang,Y. and Zhang,D.","","FLX","China",NA,"04-Jun-2014","liver","Hortobagy goose","No",3,"No","No","22-3304",1,"3294-4839",1,"4868-6992",1,"Aves","B",NA
"NC-012437","NC_012437.1","Duck astrovirus C-NGB, complete genome","13-AUG-2018","Duck astrovirus C-NGB","Viruses;Riboviria;Orthornavirae;Pisuviricota;Stelpaviricetes;Stellavirales;Astroviridae;Avastrovirus;Duck astrovirus GII.A","Duck astrovirus GII.A","Astroviridae",7722,"Fu,Y., Pan,M., Wang,X., Xu,Y., Xie,X. and Zhang,D.","C-NGB","","China",NA,"09-Jul-2008","liver","duck","No",3,"No","No","22-3745",1,"3735-5286",1,"5309-7505",1,"Aves",NA,NA
"NC-005790","NC_005790.1","Turkey astrovirus 2, complete genome","13-AUG-2018","Turkey astrovirus 2","Viruses;Riboviria;Orthornavirae;Pisuviricota;Stelpaviricetes;Stellavirales;Astroviridae;Avastrovirus;Avastrovirus intestini","Avastrovirus intestini","Astroviridae",7355,"Koci,M.D., Seal,B.S. and Schultz-Cherry,S.","","","",NA,"","","","No",3,"No","No","20-3398",1,"3397-4936",1,"4954-7129",1,"","B",NA
"NC-002470","NC_002470.1","Turkey astrovirus, complete genome","13-AUG-2018","Turkey astrovirus","Viruses;Riboviria;Orthornavirae;Pisuviricota;Stelpaviricetes;Stellavirales;Astroviridae;Avastrovirus","","Astroviridae",7003,"Jonassen,C.M.","","provided by Dr. Y.M. Saif, Ohio State University","",NA,"","","turkey","No",3,"No","No","10-3310",1,"3306-4839",1,"4857-6873",1,"Aves","B",NA
"MG934571","MG934571.1","Goose astrovirus isolate GD, complete genome","06-AUG-2018","Goose astrovirus","Viruses;Riboviria;Orthornavirae;Pisuviricota;Stelpaviricetes;Stellavirales;Astroviridae;Avastrovirus","","Astroviridae",7183,"Zhang,X., Zhou,H. and Liu,X.","","GD","China: Guangdong",NA,"01-Nov-2017","liver; spleen","Goose","No",3,"No","No","18-3273",1,"3263-4814",1,"4832-6947",1,"Aves",NA,NA
"MF768270","MF768270.1","Avian astrovirus strain pigeon/China/20/2014 non-structural polyprotein and capsid protein precursor, genes, complete cds","31-JUL-2018","Avian astrovirus","Viruses;Riboviria;Orthornavirae;Pisuviricota;Stelpaviricetes;Stellavirales;Astroviridae;Avastrovirus","","Astroviridae",6872,"Wang,K. and Wang,S.","pigeon/China/20/2014","","China",NA,"2014-03-01","","Pigeon","No",2,"No","No","4-3031",1,"3018-4551",1,"4557-6591",1,"Aves","P",NA
"MH052598","MH052598.1","Goose astrovirus strain AstV/SDPY/Goose/1116/17, complete genome","19-JUN-2018","Goose astrovirus","Viruses;Riboviria;Orthornavirae;Pisuviricota;Stelpaviricetes;Stellavirales;Astroviridae;Avastrovirus","","Astroviridae",7252,"Niu,X., Tian,J., Yang,J., Jiang,X., Wang,H., Chen,H., Tang,Y. and Diao,Y.","AstV/SDPY/Goose/1116/17","","China",NA,"16-Nov-2017","","Goose","No",3,"No","No","245-3350",1,"3340-4891",1,"4909-7024",1,"Aves",NA,NA
"MF772821","MF772821.1","Goose astrovirus strain AAstV/Goose/CHN/2017/SD01, partial genome","09-MAY-2018","Goose astrovirus","Viruses;Riboviria;Orthornavirae;Pisuviricota;Stelpaviricetes;Stellavirales;Astroviridae;Avastrovirus","","Astroviridae",7175,"Zhang,Q., Cao,Y., Wang,J., Zhang,L., Fu,G., Sun,M., Meng,L., Huang,Y., Zhou,X., Hu,X. and Su,J.","AAstV/Goose/CHN/2017/SD01","","China: Shandong province",NA,"2017-04","liver","Lande geese","No",3,"No","No","10-3265",1,"3255-4806",1,"4824-6939",1,"Aves",NA,NA
"KY646154","KY646154.1","Duck astrovirus 1 isolate HB2015, complete genome","07-FEB-2018","Duck astrovirus 1","Viruses;Riboviria;Orthornavirae;Pisuviricota;Stelpaviricetes;Stellavirales;Astroviridae;Avastrovirus;Duck astrovirus GII.A","Duck astrovirus GII.A","Astroviridae",7754,"Hu,X., Zhang,Q., Zhang,L., Wang,J., Meng,L. and Su,J.","","HB2015","China",NA,"2015","liver lysate","Beijing duck","No",3,"No","No","22-3745",1,"3735-5286",1,"5309-7505",1,"Aves",NA,NA
"KX397576","KX397576.1","Chicken astrovirus isolate CkP5, complete genome","31-JUL-2017","Chicken astrovirus","Viruses;Riboviria;Orthornavirae;Pisuviricota;Stelpaviricetes;Stellavirales;Astroviridae;Avastrovirus","","Astroviridae",7499,"Kang,K., Linnemann,E.G., Icard,A.H., Durairaj,V., Mundt,E. and Sellers,H.S.","","CkP5","USA",NA,"","","Gallus gallus","No",3,"No","No","21-3441",1,"3422-4982",1,"5006-7223",1,"Aves",NA,NA
"KX397575","KX397575.1","Chicken astrovirus isolate CC_CkAstV, complete genome","31-JUL-2017","Chicken astrovirus","Viruses;Riboviria;Orthornavirae;Pisuviricota;Stelpaviricetes;Stellavirales;Astroviridae;Avastrovirus","","Astroviridae",7499,"Kang,K., Linnemann,E.G., Icard,A.H., Durairaj,V., Mundt,E. and Sellers,H.S.","","CC_CkAstV","USA",NA,"","LMH cells","Gallus gallus","No",3,"No","No","21-3441",1,"3422-4982",1,"5006-7223",1,"Aves","B",NA
"KY271027","KY271027.1","Goose astrovirus isolate FLX, complete sequence","06-MAY-2017","Goose astrovirus","Viruses;Riboviria;Orthornavirae;Pisuviricota;Stelpaviricetes;Stellavirales;Astroviridae;Avastrovirus","","Astroviridae",7299,"Zhang,Y. and Zhang,D.","","FLX","China",NA,"04-Jun-2014","liver","Hortobagy goose","No",3,"No","No","22-3304",1,"3294-4839",1,"4868-6992",1,"Aves",NA,NA
"KY038163","KY038163.1","Chicken astrovirus isolate CAstV/INDIA/ANAND/2016, complete genome","04-JAN-2017","Chicken astrovirus","Viruses;Riboviria;Orthornavirae;Pisuviricota;Stelpaviricetes;Stellavirales;Astroviridae;Avastrovirus","","Astroviridae",7513,"Patel,A.K., Pandit,R.J., Pandey,V.C., Pal,J.K., Jakhesara,S.J. and Joshi,C.G.","","CAstV/INDIA/ANAND/2016","India",NA,"24-Feb-2016","","Gallus gallus","No",3,"No","No","13-3433",1,"3414-4974",1,"4998-7215",1,"Aves","B",NA
"FJ919228","FJ919228.1","Duck astrovirus 1 strain DA93, complete genome","25-JUL-2016","Duck astrovirus 1","Viruses;Riboviria;Orthornavirae;Pisuviricota;Stelpaviricetes;Stellavirales;Astroviridae;Avastrovirus;Duck astrovirus GII.A","Duck astrovirus GII.A","Astroviridae",7722,"Wang,X., Xu,Y., Xie,X., Fu,Y. and Zhang,D.","DA93","","China",NA,"","liver lysate","Duck","No",3,"No","No","22-3745",1,"3735-5286",1,"5309-7505",1,"Aves","B",NA
"FJ919227","FJ919227.1","Duck astrovirus 1 strain DA08, complete genome","25-JUL-2016","Duck astrovirus 1","Viruses;Riboviria;Orthornavirae;Pisuviricota;Stelpaviricetes;Stellavirales;Astroviridae;Avastrovirus;Duck astrovirus GII.A","Duck astrovirus GII.A","Astroviridae",7722,"Wang,X., Xu,Y., Xie,X., Fu,Y. and Zhang,D.","DA08","","China",NA,"","liver lysate","Duck","No",3,"No","No","22-3745",1,"3735-5286",1,"5309-7505",1,"Aves","B",NA
"FJ919226","FJ919226.1","Duck astrovirus 1 strain DA07, complete genome","25-JUL-2016","Duck astrovirus 1","Viruses;Riboviria;Orthornavirae;Pisuviricota;Stelpaviricetes;Stellavirales;Astroviridae;Avastrovirus;Duck astrovirus GII.A","Duck astrovirus GII.A","Astroviridae",7722,"Wang,X., Xu,Y., Xie,X., Fu,Y. and Zhang,D.","DA07","","China",NA,"","liver lysate","Duck","No",3,"No","No","22-3745",1,"3735-5286",1,"5309-7505",1,"Aves",NA,NA
"FJ919225","FJ919225.1","Duck astrovirus 1 strain DA06, complete genome","25-JUL-2016","Duck astrovirus 1","Viruses;Riboviria;Orthornavirae;Pisuviricota;Stelpaviricetes;Stellavirales;Astroviridae;Avastrovirus;Duck astrovirus GII.A","Duck astrovirus GII.A","Astroviridae",7722,"Wang,X., Xu,Y., Xie,X., Fu,Y. and Zhang,D.","DA06","","China",NA,"","liver lysate","Duck","No",3,"No","No","22-3745",1,"3735-5286",1,"5309-7505",1,"Aves",NA,NA
"JF414802","JF414802.1","Chicken astrovirus isolate GA2011, complete genome","16-JUN-2016","Chicken astrovirus","Viruses;Riboviria;Orthornavirae;Pisuviricota;Stelpaviricetes;Stellavirales;Astroviridae;Avastrovirus","","Astroviridae",7539,"Kang,K.-I., Icard,A.H., Linnemann,E., Sellers,H.S. and Mundt,E.","","GA2011","USA",NA,"Aug-2007","","Gallus gallus","No",3,"No","No","21-3441",1,"3422-4982",1,"5006-7238",1,"Aves","B",NA
"KM254166","KM254166.1","Astrovirus HK-2014 isolate AstroQ45/2013 non-structural polyprotein and structural polyprotein genes, partial cds","31-JUL-2015","Astrovirus HK-2014","Viruses;Riboviria;Orthornavirae;Pisuviricota;Stelpaviricetes;Stellavirales;Astroviridae","","Astroviridae",5084,"Kim,H., Choi,J., Lee,H. and Kwon,Y.","","AstroQ45/2013","South Korea",NA,"Aug-2013","","Gallus gallus","No",2,"No","No","0-2256",1,"2255-3779",1,"3798-5084",1,"Aves",NA,NA
"JX624774","JX624774.1","Duck astrovirus strain YP2, complete genome","18-JUN-2015","Duck astrovirus","Viruses;Riboviria;Orthornavirae;Pisuviricota;Stelpaviricetes;Stellavirales;Astroviridae;Avastrovirus;Avastrovirus intestini","Avastrovirus intestini","Astroviridae",7287,"Liao,Q. and Zhang,D.","YP2","","China",NA,"","feces","Beijing duck","No",3,"No","No","12-3375",1,"3365-4910",1,"4926-7110",1,"Aves","B",NA
"KM985703","KM985703.1","Avian nephritis virus isolate VIC-6b non-structural polyprotein gene, partial cds; and capsid protein gene, complete cds","18-FEB-2015","Avian nephritis virus","Viruses;Riboviria;Orthornavirae;Pisuviricota;Stelpaviricetes;Stellavirales;Astroviridae;Avastrovirus","","Astroviridae",5251,"Chamings,A.N., Hewson,K.A., O'Rourke,D., Ignjatovic,J. and Noormohammadi,A.H.","","VIC-6b","Australia",NA,"28-Jul-2010","","Gallus gallus","No",2,"No","No","1-1369",1,"1368-2892",1,"2911-4948",1,"Aves",NA,NA
"KM985702","KM985702.1","Avian nephritis virus isolate VIC-6a non-structural polyprotein gene, partial cds; and capsid protein gene, complete cds","18-FEB-2015","Avian nephritis virus","Viruses;Riboviria;Orthornavirae;Pisuviricota;Stelpaviricetes;Stellavirales;Astroviridae;Avastrovirus","","Astroviridae",5256,"Chamings,A.N., Hewson,K.A., O'Rourke,D., Ignjatovic,J. and Noormohammadi,A.H.","","VIC-6a","Australia",NA,"28-Jul-2010","","Gallus gallus","No",2,"No","No","1-1369",1,"1368-2895",1,"2914-4951",1,"Aves",NA,NA
"KJ020899","KJ020899.1","Duck astrovirus CPH, complete genome","04-NOV-2014","Duck astrovirus CPH","Viruses;Riboviria;Orthornavirae;Pisuviricota;Stelpaviricetes;Stellavirales;Astroviridae;Avastrovirus","","Astroviridae",7463,"Liu,N. and Zhang,D.","CPH","","China",NA,"22-Jun-2013","intestinal contents","Duck","No",3,"No","No","19-3445",1,"3435-4986",1,"5006-7244",1,"Aves","B",NA
"KF753807","KF753807.1","Duck astrovirus strain SL5, complete genome","23-APR-2014","Duck astrovirus","Viruses;Riboviria;Orthornavirae;Pisuviricota;Stelpaviricetes;Stellavirales;Astroviridae;Avastrovirus;Avastrovirus intestini","Avastrovirus intestini","Astroviridae",7319,"Liu,N. and Zhang,D.","SL5","","China",NA,"15-Sep-2012","intestine","Duck","No",3,"No","No","21-3363",1,"3353-4901",1,"4916-7097",1,"",NA,NA
"KF753806","KF753806.1","Duck astrovirus strain SL4, complete genome","23-APR-2014","Duck astrovirus","Viruses;Riboviria;Orthornavirae;Pisuviricota;Stelpaviricetes;Stellavirales;Astroviridae;Avastrovirus;Avastrovirus intestini","Avastrovirus intestini","Astroviridae",7319,"Liu,N. and Zhang,D.","SL4","","China",NA,"15-Sep-2012","intestine","Duck","No",3,"No","No","21-3363",1,"3353-4901",1,"4916-7097",1,"","B",NA
"KF753805","KF753805.1","Duck astrovirus strain SL2, complete genome","23-APR-2014","Duck astrovirus","Viruses;Riboviria;Orthornavirae;Pisuviricota;Stelpaviricetes;Stellavirales;Astroviridae;Avastrovirus;Avastrovirus intestini","Avastrovirus intestini","Astroviridae",7319,"Liu,N. and Zhang,D.","SL2","","China",NA,"15-Sep-2012","intestine","Duck","No",3,"No","No","21-3363",1,"3353-4901",1,"4916-7097",1,"",NA,NA
"KF753804","KF753804.1","Duck astrovirus strain SL1, complete genome","23-APR-2014","Duck astrovirus","Viruses;Riboviria;Orthornavirae;Pisuviricota;Stelpaviricetes;Stellavirales;Astroviridae;Avastrovirus;Avastrovirus intestini","Avastrovirus intestini","Astroviridae",7319,"Liu,N. and Zhang,D.","SL1","","China",NA,"15-Sep-2012","intestine","Duck","No",3,"No","No","21-3363",1,"3353-4901",1,"4916-7097",1,"",NA,NA
"JX439643","JX439643.1","Duck astrovirus 1 strain WF1201, complete genome","03-DEC-2012","Duck astrovirus 1","Viruses;Riboviria;Orthornavirae;Pisuviricota;Stelpaviricetes;Stellavirales;Astroviridae;Avastrovirus;Duck astrovirus GII.A","Duck astrovirus GII.A","Astroviridae",7752,"Chen,L., Yang,L. and Jiang,S.","WF1201","","China",NA,"01-Jan-2012","liver","Duck","No",3,"No","No","22-3745",1,"3735-5286",1,"5309-7505",1,"Aves",NA,NA
"Y15936","Y15936.2","Avastrovirus 1 complete genome, genomic RNA","05-NOV-2012","Avastrovirus 1","Viruses;Riboviria;Orthornavirae;Pisuviricota;Stelpaviricetes;Stellavirales;Astroviridae;Avastrovirus;Avastrovirus meleagridis","Avastrovirus meleagridis","Astroviridae",7003,"Jonassen,C.M.","","","",NA,"","","turkey","No",3,"No","No","10-3310",1,"3300-4839",1,"4857-6873",1,"Aves",NA,NA
"FJ434664","FJ434664.1","Avastrovirus 3 strain C-NGB, complete genome","04-OCT-2012","Avastrovirus 3","Viruses;Riboviria;Orthornavirae;Pisuviricota;Stelpaviricetes;Stellavirales;Astroviridae;Avastrovirus;Avastrovirus intestini","Avastrovirus intestini","Astroviridae",7722,"Fu,Y., Pan,M., Wang,X., Xu,Y., Xie,X. and Zhang,D.","C-NGB","","China",NA,"09-Jul-2008","liver","Duck","No",3,"No","No","22-3745",1,"3735-5286",1,"5309-7505",1,"Aves","B",NA
"EU143851","EU143851.1","Turkey astrovirus strain TAstV/VA/99, complete genome","04-OCT-2012","Turkey astrovirus","Viruses;Riboviria;Orthornavirae;Pisuviricota;Stelpaviricetes;Stellavirales;Astroviridae;Avastrovirus","","Astroviridae",7324,"Koci,M.D., Srain,E., Kelley,L.A., Schultz-Cherry,S. and Muse,S.V.","TAstV/VA/99","","",NA,"","","turkey","No",3,"No","No","20-3386",1,"3370-4924",1,"4951-7117",1,"","B",NA
"EU143850","EU143850.1","Turkey astrovirus strain TAstV/TX/00, complete genome","04-OCT-2012","Turkey astrovirus","Viruses;Riboviria;Orthornavirae;Pisuviricota;Stelpaviricetes;Stellavirales;Astroviridae;Avastrovirus","","Astroviridae",7346,"Koci,M.D., Srain,E., Kelley,L.A., Schultz-Cherry,S. and Muse,S.V.","TAstV/TX/00","","",NA,"","","turkey","No",3,"No","No","20-3401",1,"3385-4939",1,"4966-7138",1,"","B",NA
"EU143849","EU143849.1","Turkey astrovirus strain TAstV/PA/01, complete genome","04-OCT-2012","Turkey astrovirus","Viruses;Riboviria;Orthornavirae;Pisuviricota;Stelpaviricetes;Stellavirales;Astroviridae;Avastrovirus","","Astroviridae",7346,"Koci,M.D., Srain,E., Kelley,L.A., Schultz-Cherry,S. and Muse,S.V.","TAstV/PA/01","","",NA,"","","turkey","No",3,"No","No","20-3401",1,"3385-4939",1,"4966-7138",1,"","B",NA
"EU143848","EU143848.1","Turkey astrovirus strain TAstV/MO/01, complete genome","04-OCT-2012","Turkey astrovirus","Viruses;Riboviria;Orthornavirae;Pisuviricota;Stelpaviricetes;Stellavirales;Astroviridae;Avastrovirus","","Astroviridae",7351,"Koci,M.D., Srain,E., Kelley,L.A., Schultz-Cherry,S. and Muse,S.V.","TAstV/MO/01","","",NA,"","","turkey","No",3,"No","No","20-3401",1,"3385-4939",1,"4966-7144",1,"","B",NA
"EU143847","EU143847.1","Turkey astrovirus strain TAstV/MN/01, complete genome","04-OCT-2012","Turkey astrovirus","Viruses;Riboviria;Orthornavirae;Pisuviricota;Stelpaviricetes;Stellavirales;Astroviridae;Avastrovirus","","Astroviridae",7352,"Koci,M.D., Srain,E., Kelley,L.A., Schultz-Cherry,S. and Muse,S.V.","TAstV/MN/01","","",NA,"","","turkey","No",3,"No","No","20-3401",1,"3385-4939",1,"4966-7144",1,"","B",NA
"EU143846","EU143846.1","Turkey astrovirus strain TAstV/MI/01, complete genome","04-OCT-2012","Turkey astrovirus","Viruses;Riboviria;Orthornavirae;Pisuviricota;Stelpaviricetes;Stellavirales;Astroviridae;Avastrovirus","","Astroviridae",7343,"Koci,M.D., Srain,E., Kelley,L.A., Schultz-Cherry,S. and Muse,S.V.","TAstV/MI/01","","",NA,"","","turkey","No",3,"No","No","20-3398",1,"3382-4936",1,"4954-7135",1,"","B",NA
"EU143845","EU143845.1","Turkey astrovirus strain TAstV/CO/01, complete genome","04-OCT-2012","Turkey astrovirus","Viruses;Riboviria;Orthornavirae;Pisuviricota;Stelpaviricetes;Stellavirales;Astroviridae;Avastrovirus","","Astroviridae",7343,"Koci,M.D., Srain,E., Kelley,L.A., Schultz-Cherry,S. and Muse,S.V.","TAstV/CO/01","","",NA,"","","turkey","No",3,"No","No","20-3398",1,"3382-4936",1,"4954-7135",1,"",NA,NA
"EU143844","EU143844.1","Turkey astrovirus strain TAstV/CA/00, complete genome","04-OCT-2012","Turkey astrovirus","Viruses;Riboviria;Orthornavirae;Pisuviricota;Stelpaviricetes;Stellavirales;Astroviridae;Avastrovirus","","Astroviridae",7339,"Koci,M.D., Srain,E., Kelley,L.A., Schultz-Cherry,S. and Muse,S.V.","TAstV/CA/00","","",NA,"","","turkey","No",3,"No","No","20-3398",1,"3382-4936",1,"4963-7135",1,"","B",NA
"EU143843","EU143843.1","Avastrovirus 3 strain TAstV/AK/98, complete genome","04-OCT-2012","Avastrovirus 3","Viruses;Riboviria;Orthornavirae;Pisuviricota;Stelpaviricetes;Stellavirales;Astroviridae;Avastrovirus;Avastrovirus intestini","Avastrovirus intestini","Astroviridae",7348,"Koci,M.D., Srain,E., Kelley,L.A., Schultz-Cherry,S. and Muse,S.V.","TAstV/AK/98","","",NA,"","","turkey","No",3,"No","No","20-3398",1,"3382-4936",1,"4963-7141",1,"","B",NA
"AF206663","AF206663.2","Avastrovirus 3 polyprotein gene, complete cds; RNA polymerase gene, partial cds; and capsid protein gene, complete cds","04-OCT-2012","Avastrovirus 3","Viruses;Riboviria;Orthornavirae;Pisuviricota;Stelpaviricetes;Stellavirales;Astroviridae;Avastrovirus;Avastrovirus intestini","Avastrovirus intestini","Astroviridae",7355,"Koci,M.D., Seal,B.S. and Schultz-Cherry,S.","","","",NA,"","","turkey","No",3,"No","No","20-3398",1,"3352-4936",1,"4954-7129",1,"",NA,NA
"JF832365","JF832365.1","Chicken astrovirus isolate 4175, complete genome","22-JUL-2012","Chicken astrovirus","Viruses;Riboviria;Orthornavirae;Pisuviricota;Stelpaviricetes;Stellavirales;Astroviridae;Avastrovirus","","Astroviridae",7008,"Cheng,S., Zavala,G. and Barbosa,T.","","4175","USA: GA",NA,"Nov-2006","","Gallus gallus","No",3,"No","No","16-3442",1,"3432-4986",1,"5010-6945",1,"Aves","B",NA
"HV511037","HV511037.1","JP 2011520430-A/1: Novel avian Astrovirus","29-NOV-2011","Avian nephritis virus 1","Viruses;Riboviria;Orthornavirae;Pisuviricota;Stelpaviricetes;Stellavirales;Astroviridae;Avastrovirus;Avastrovirus galli","Avastrovirus galli","Astroviridae",6927,"","","","",NA,"","","","No",0,"No","No","4-3028",1,"3021-4548",1,"4474-6619",1,"",NA,NA
"HQ889774","HQ889774.1","Pigeon avian nephritis virus strain SH10 non-structural polyprotein and structural polyprotein genes, complete cds","17-OCT-2011","Pigeon avian nephritis virus","Viruses;Riboviria;Orthornavirae;Pisuviricota;Stelpaviricetes;Stellavirales;Astroviridae;Avastrovirus;Chicken astrovirus","Chicken astrovirus","Astroviridae",6928,"Zhao,W., Zhu,A.L. and Hua,X.G.","SH10","","China: Shanghai",NA,"Sep-2010","stool","Pigeon","No",2,"No","No","4-3028",1,"3021-4548",1,"4474-6610",1,"Aves","P","#607D3D"
"HM029238","HM029238.1","Avian nephritis virus 1 from China, complete genome","05-APR-2011","Avian nephritis virus 1","Viruses;Riboviria;Orthornavirae;Pisuviricota;Stelpaviricetes;Stellavirales;Astroviridae;Avastrovirus;Avastrovirus galli","Avastrovirus galli","Astroviridae",6941,"Zhao,W., Shan,T., Dai,X., Zhu,A., Yu,Y. and Hua,X.","","","China: Sichuan",NA,"2009","stool","Gallus gallus","No",2,"No","No","13-3048",1,"3048-4575",1,"4594-6637",1,"Aves","P","#CEE8B5"
"AB033998","AB033998.1","Avian nephritis virus 1 genes for structural polyprotein, non-structural polyprotein, complete cds","17-MAY-2006","Avian nephritis virus 1","Viruses;Riboviria;Orthornavirae;Pisuviricota;Stelpaviricetes;Stellavirales;Astroviridae;Avastrovirus;Avastrovirus galli","Avastrovirus galli","Astroviridae",6927,"Imada,T., Yamaguchi,S., Mase,M., Tsukamoto,K. and Morooka,A.","G-4260","","",NA,"","","Gallus gallus","No",2,"No","No","16-3025",1,"3027-4551",1,"4570-6622",1,"","P",NA
