host,cellular root,domain,clade,kingdom,phylum,subphylum,superclass,class,superorder,order,suborder,family,genus,species,subspecies,infraorder,parvorder,superfamily,subfamily,infraclass,species group,subclass,cohort,tribe,subgenus,subtribe,subcohort
Canis lupus familiaris,cellular organisms,Eukaryota,Boreoeutheria,Metazoa,Chordata,Craniata,Sarcopterygii,Mammalia,Laurasiatheria,Carnivora,Caniformia,Canidae,Canis,Canis lupus,Canis lupus familiaris,,,,,,,,,,,,
chicken (broiler),,,,,,,,,,,,,,,,,,,,,,,,,,,
Homo sapiens,cellular organisms,Eukaryota,Boreoeutheria,Metazoa,Chordata,Craniata,Sarcopterygii,Mammalia,Euarchontoglires,Primates,Haplorrhini,Hominidae,Homo,Homo sapiens,,Simiiformes,Catarrhini,Hominoidea,Homininae,,,,,,,,
Trichosurus vulpecula,cellular organisms,Eukaryota,Metatheria,Metazoa,Chordata,Craniata,Sarcopterygii,Mammalia,,Diprotodontia,,Phalangeridae,Trichosurus,Trichosurus vulpecula,,,,,,,,,,,,,
goose,cellular organisms,Eukaryota,Coelurosauria,Metazoa,Chordata,Craniata,Sarcopterygii,Aves,Galloanserae,Anseriformes,,Anatidae,Anser,Anser sp.,,,,,Anserinae,Neognathae,,,,,,,
Rhinolophus sinicus,cellular organisms,Eukaryota,Boreoeutheria,Metazoa,Chordata,Craniata,Sarcopterygii,Mammalia,Laurasiatheria,Chiroptera,Yinpterochiroptera,Rhinolophidae,Rhinolophus,Rhinolophus sinicus,,,,Rhinolophoidea,Rhinolophinae,,,,,,,,
Rhinolophus affinis,cellular organisms,Eukaryota,Boreoeutheria,Metazoa,Chordata,Craniata,Sarcopterygii,Mammalia,Laurasiatheria,Chiroptera,Yinpterochiroptera,Rhinolophidae,Rhinolophus,Rhinolophus affinis,,,,Rhinolophoidea,Rhinolophinae,,,,,,,,
Rhinolophus ferrumequinum,cellular organisms,Eukaryota,Boreoeutheria,Metazoa,Chordata,Craniata,Sarcopterygii,Mammalia,Laurasiatheria,Chiroptera,Yinpterochiroptera,Rhinolophidae,Rhinolophus,Rhinolophus ferrumequinum,,,,Rhinolophoidea,Rhinolophinae,,,,,,,,
Myotis sp.,cellular organisms,Eukaryota,Boreoeutheria,Metazoa,Chordata,Craniata,Sarcopterygii,Mammalia,Laurasiatheria,Chiroptera,Yangochiroptera,Vespertilionidae,Myotis,Myotis sp.,,,,,,,,,,,,,
Miniopterus schreibersii,cellular organisms,Eukaryota,Boreoeutheria,Metazoa,Chordata,Craniata,Sarcopterygii,Mammalia,Laurasiatheria,Chiroptera,Yangochiroptera,Miniopteridae,Miniopterus,Miniopterus schreibersii,,,,,,,,,,,,,
Chiroptera sp.,,,,,,,,,,,,,,,,,,,,,,,,,,,
Hipposideros sp.,cellular organisms,Eukaryota,Boreoeutheria,Metazoa,Chordata,Craniata,Sarcopterygii,Mammalia,Laurasiatheria,Chiroptera,Yinpterochiroptera,Hipposideridae,Hipposideros,Hipposideros sp.,,,,Rhinolophoidea,,,,,,,,,
Rhinolophus pusillus,cellular organisms,Eukaryota,Boreoeutheria,Metazoa,Chordata,Craniata,Sarcopterygii,Mammalia,Laurasiatheria,Chiroptera,Yinpterochiroptera,Rhinolophidae,Rhinolophus,Rhinolophus pusillus,,,,Rhinolophoidea,Rhinolophinae,,,,,,,,
Taphozous sp.,cellular organisms,Eukaryota,Boreoeutheria,Metazoa,Chordata,Craniata,Sarcopterygii,Mammalia,Laurasiatheria,Chiroptera,Yangochiroptera,Emballonuridae,Taphozous,Taphozous sp.,,,,,Taphozoinae,,,,,,,,
Myotis chinensis,cellular organisms,Eukaryota,Boreoeutheria,Metazoa,Chordata,Craniata,Sarcopterygii,Mammalia,Laurasiatheria,Chiroptera,Yangochiroptera,Vespertilionidae,Myotis,Myotis chinensis,,,,,,,,,,,,,
Myotis laniger,cellular organisms,Eukaryota,Boreoeutheria,Metazoa,Chordata,Craniata,Sarcopterygii,Mammalia,Laurasiatheria,Chiroptera,Yangochiroptera,Vespertilionidae,Myotis,Myotis laniger,,,,,,,,,,,,,
Rousettus leschenaultii,cellular organisms,Eukaryota,Boreoeutheria,Metazoa,Chordata,Craniata,Sarcopterygii,Mammalia,Laurasiatheria,Chiroptera,Yinpterochiroptera,Pteropodidae,Rousettus,Rousettus leschenaultii,,,,Pteropodoidea,Rousettinae,,,,,,,,
Myotis adversus,cellular organisms,Eukaryota,Boreoeutheria,Metazoa,Chordata,Craniata,Sarcopterygii,Mammalia,Laurasiatheria,Chiroptera,Yangochiroptera,Vespertilionidae,Myotis,Myotis adversus,,,,,,,,,,,,,
Myotis siligorensis,cellular organisms,Eukaryota,Boreoeutheria,Metazoa,Chordata,Craniata,Sarcopterygii,Mammalia,Laurasiatheria,Chiroptera,Yangochiroptera,Vespertilionidae,Myotis,Myotis siligorensis,,,,,,,,,,,,,
Hipposideros pomona,cellular organisms,Eukaryota,Boreoeutheria,Metazoa,Chordata,Craniata,Sarcopterygii,Mammalia,Laurasiatheria,Chiroptera,Yinpterochiroptera,Hipposideridae,Hipposideros,Hipposideros pomona,,,,Rhinolophoidea,,,,,,,,,
Taphozous melanopogon,cellular organisms,Eukaryota,Boreoeutheria,Metazoa,Chordata,Craniata,Sarcopterygii,Mammalia,Laurasiatheria,Chiroptera,Yangochiroptera,Emballonuridae,Taphozous,Taphozous melanopogon,,,,,Taphozoinae,,,,,,,,
Miniopterus pusillus,cellular organisms,Eukaryota,Boreoeutheria,Metazoa,Chordata,Craniata,Sarcopterygii,Mammalia,Laurasiatheria,Chiroptera,Yangochiroptera,Miniopteridae,Miniopterus,Miniopterus pusillus,,,,,,,,,,,,,
Myotis pilosus,cellular organisms,Eukaryota,Boreoeutheria,Metazoa,Chordata,Craniata,Sarcopterygii,Mammalia,Laurasiatheria,Chiroptera,Yangochiroptera,Vespertilionidae,Myotis,Myotis pilosus,,,,,,,,,,,,,
fish,cellular organisms,Eukaryota,Euteleostomi,Metazoa,Chordata,Craniata,Actinopterygii,,,,,,,,,,,,,,,,,,,,
Hipposideros larvatus,cellular organisms,Eukaryota,Boreoeutheria,Metazoa,Chordata,Craniata,Sarcopterygii,Mammalia,Laurasiatheria,Chiroptera,Yinpterochiroptera,Hipposideridae,Hipposideros,Hipposideros larvatus,,,,Rhinolophoidea,,,Hipposideros larvatus sensu lato,,,,,,
Scotophilus kuhlii,cellular organisms,Eukaryota,Boreoeutheria,Metazoa,Chordata,Craniata,Sarcopterygii,Mammalia,Laurasiatheria,Chiroptera,Yangochiroptera,Vespertilionidae,Scotophilus,Scotophilus kuhlii,,,,,,,,,,,,,
Tylonycteris pachypus,cellular organisms,Eukaryota,Boreoeutheria,Metazoa,Chordata,Craniata,Sarcopterygii,Mammalia,Laurasiatheria,Chiroptera,Yangochiroptera,Vespertilionidae,Tylonycteris,Tylonycteris pachypus,,,,,,,,,,,,,
Gallus gallus gallus,cellular organisms,Eukaryota,Coelurosauria,Metazoa,Chordata,Craniata,Sarcopterygii,Aves,Galloanserae,Galliformes,,Phasianidae,Gallus,Gallus gallus,Gallus gallus gallus,,,,Phasianinae,Neognathae,,,,,,,
pigeon,,,,,,,,,,,,,,,,,,,,,,,,,,,
pig,cellular organisms,Eukaryota,Boreoeutheria,Metazoa,Chordata,Craniata,Sarcopterygii,Mammalia,Laurasiatheria,Artiodactyla,Suina,Suidae,Sus,Sus scrofa,,,,,,,,,,,,,
Chroicocephalus ridibundus,cellular organisms,Eukaryota,Neoaves,Metazoa,Chordata,Craniata,Sarcopterygii,Aves,,Charadriiformes,,Laridae,Chroicocephalus,Chroicocephalus ridibundus,,,,,,Neognathae,,,,,,,
Leopardus guttulus,cellular organisms,Eukaryota,Boreoeutheria,Metazoa,Chordata,Craniata,Sarcopterygii,Mammalia,Laurasiatheria,Carnivora,Feliformia,Felidae,Leopardus,Leopardus guttulus,,,,,Felinae,,,,,,,,
rat,cellular organisms,Eukaryota,Muroidea,Metazoa,Chordata,Craniata,Sarcopterygii,Mammalia,Euarchontoglires,Rodentia,Myomorpha,Muridae,Rattus,Rattus norvegicus,,,,,Murinae,,,,,,,,
Gyps himalayensis,cellular organisms,Eukaryota,Accipitrimorphae,Metazoa,Chordata,Craniata,Sarcopterygii,Aves,,Accipitriformes,,Accipitridae,Gyps,Gyps himalayensis,,,,,Accipitrinae,Neognathae,,,,,,,
Anser anser,cellular organisms,Eukaryota,Coelurosauria,Metazoa,Chordata,Craniata,Sarcopterygii,Aves,Galloanserae,Anseriformes,,Anatidae,Anser,Anser anser,,,,,Anserinae,Neognathae,,,,,,,
Neodon fuscus,cellular organisms,Eukaryota,Muroidea,Metazoa,Chordata,Craniata,Sarcopterygii,Mammalia,Euarchontoglires,Rodentia,Myomorpha,Cricetidae,Neodon,Neodon fuscus,,,,,Arvicolinae,,,,,,,,
Pseudois nayaur,cellular organisms,Eukaryota,Boreoeutheria,Metazoa,Chordata,Craniata,Sarcopterygii,Mammalia,Laurasiatheria,Artiodactyla,Ruminantia,Bovidae,Pseudois,Pseudois nayaur,,Pecora,,,Caprinae,,,,,,,,
Urocricetus kamensis,cellular organisms,Eukaryota,Muroidea,Metazoa,Chordata,Craniata,Sarcopterygii,Mammalia,Euarchontoglires,Rodentia,Myomorpha,Cricetidae,Urocricetus,Urocricetus kamensis,,,,,Cricetinae,,,,,,,,
sheep,cellular organisms,Eukaryota,Boreoeutheria,Metazoa,Chordata,Craniata,Sarcopterygii,Mammalia,Laurasiatheria,Artiodactyla,Ruminantia,Bovidae,Ovis,Ovis aries,,Pecora,,,Caprinae,,,,,,,,
Bactrian camel,cellular organisms,Eukaryota,Boreoeutheria,Metazoa,Chordata,Craniata,Sarcopterygii,Mammalia,Laurasiatheria,Artiodactyla,Tylopoda,Camelidae,Camelus,Camelus bactrianus,,,,,,,,,,,,,
Vulpes vulpes (fox),,,,,,,,,,,,,,,,,,,,,,,,,,,
Su. murinus,,,,,,,,,,,,,,,,,,,,,,,,,,,
goat; Mixed breed,,,,,,,,,,,,,,,,,,,,,,,,,,,
Myotis ciliolabrum,cellular organisms,Eukaryota,Boreoeutheria,Metazoa,Chordata,Craniata,Sarcopterygii,Mammalia,Laurasiatheria,Chiroptera,Yangochiroptera,Vespertilionidae,Myotis,Myotis ciliolabrum,,,,,,,,,,,,,
Leucogeranus leucogeranus,cellular organisms,Eukaryota,Neoaves,Metazoa,Chordata,Craniata,Sarcopterygii,Aves,,Gruiformes,,Gruidae,Leucogeranus,Leucogeranus leucogeranus,,,,,,Neognathae,,,,,,,
Anser sp.,cellular organisms,Eukaryota,Coelurosauria,Metazoa,Chordata,Craniata,Sarcopterygii,Aves,Galloanserae,Anseriformes,,Anatidae,Anser,Anser sp.,,,,,Anserinae,Neognathae,,,,,,,
Capra hircus,cellular organisms,Eukaryota,Boreoeutheria,Metazoa,Chordata,Craniata,Sarcopterygii,Mammalia,Laurasiatheria,Artiodactyla,Ruminantia,Bovidae,Capra,Capra hircus,,Pecora,,,Caprinae,,,,,,,,
Suncus murinus,cellular organisms,Eukaryota,Boreoeutheria,Metazoa,Chordata,Craniata,Sarcopterygii,Mammalia,Laurasiatheria,Eulipotyphla,,Soricidae,Suncus,Suncus murinus,,,,,Crocidurinae,,,,,,,,
Crocidura dracula,cellular organisms,Eukaryota,Boreoeutheria,Metazoa,Chordata,Craniata,Sarcopterygii,Mammalia,Laurasiatheria,Eulipotyphla,,Soricidae,Crocidura,Crocidura dracula,,,,,Crocidurinae,,,,,,,,
Anourosorex squamipes,cellular organisms,Eukaryota,Boreoeutheria,Metazoa,Chordata,Craniata,Sarcopterygii,Mammalia,Laurasiatheria,Eulipotyphla,,Soricidae,Anourosorex,Anourosorex squamipes,,,,,Soricinae,,,,,,,,
Episoriculus caudatus,cellular organisms,Eukaryota,Boreoeutheria,Metazoa,Chordata,Craniata,Sarcopterygii,Mammalia,Laurasiatheria,Eulipotyphla,,Soricidae,Episoriculus,Episoriculus caudatus,,,,,Soricinae,,,,,,,,
Crocidura suaveolens,cellular organisms,Eukaryota,Boreoeutheria,Metazoa,Chordata,Craniata,Sarcopterygii,Mammalia,Laurasiatheria,Eulipotyphla,,Soricidae,Crocidura,Crocidura suaveolens,,,,,Crocidurinae,,,,,,,,
Uropsilus gracilis,cellular organisms,Eukaryota,Boreoeutheria,Metazoa,Chordata,Craniata,Sarcopterygii,Mammalia,Laurasiatheria,Eulipotyphla,,Talpidae,Uropsilus,Uropsilus gracilis,,,,,,,,,,,,,
Crocidura attenuata,cellular organisms,Eukaryota,Boreoeutheria,Metazoa,Chordata,Craniata,Sarcopterygii,Mammalia,Laurasiatheria,Eulipotyphla,,Soricidae,Crocidura,Crocidura attenuata,,,,,Crocidurinae,,,,,,,,
Gallus gallus,cellular organisms,Eukaryota,Coelurosauria,Metazoa,Chordata,Craniata,Sarcopterygii,Aves,Galloanserae,Galliformes,,Phasianidae,Gallus,Gallus gallus,,,,,Phasianinae,Neognathae,,,,,,,
cat,cellular organisms,Eukaryota,Boreoeutheria,Metazoa,Chordata,Craniata,Sarcopterygii,Mammalia,Laurasiatheria,Carnivora,Feliformia,Felidae,Felis,Felis catus,,,,,Felinae,,,,,,,,
Dicentrarchus labrax,cellular organisms,Eukaryota,Eupercaria,Metazoa,Chordata,Craniata,Actinopterygii,Actinopteri,,,,Moronidae,Dicentrarchus,Dicentrarchus labrax,,,,,,Teleostei,,Neopterygii,Euteleosteomorpha,,,,
Sus scrofa domesticus,cellular organisms,Eukaryota,Boreoeutheria,Metazoa,Chordata,Craniata,Sarcopterygii,Mammalia,Laurasiatheria,Artiodactyla,Suina,Suidae,Sus,Sus scrofa,Sus scrofa domesticus,,,,,,,,,,,,
Sus scrofa (wild boar),cellular organisms,Eukaryota,Boreoeutheria,Metazoa,Chordata,Craniata,Sarcopterygii,Mammalia,Laurasiatheria,Artiodactyla,Suina,Suidae,Sus,Sus scrofa,,,,,,,,,,,,,
Bos taurus,cellular organisms,Eukaryota,Boreoeutheria,Metazoa,Chordata,Craniata,Sarcopterygii,Mammalia,Laurasiatheria,Artiodactyla,Ruminantia,Bovidae,Bos,Bos taurus,,Pecora,,,Bovinae,,,,,,,,
Marmota sibirica,cellular organisms,Eukaryota,Glires,Metazoa,Chordata,Craniata,Sarcopterygii,Mammalia,Euarchontoglires,Rodentia,Sciuromorpha,Sciuridae,Marmota,Marmota sibirica,,,,,Xerinae,,,,,Marmotini,,,
Botrylloides leachii,cellular organisms,Eukaryota,Deuterostomia,Metazoa,Chordata,Tunicata,,Ascidiacea,,Stolidobranchia,,Styelidae,Botrylloides,Botrylloides leachii,,,,,,,,,,,,,
Cebus cuscinus,,,,,,,,,,,,,,,,,,,,,,,,,,,
Rattus norvegicus,cellular organisms,Eukaryota,Muroidea,Metazoa,Chordata,Craniata,Sarcopterygii,Mammalia,Euarchontoglires,Rodentia,Myomorpha,Muridae,Rattus,Rattus norvegicus,,,,,Murinae,,,,,,,,
Cricetulus longicaudatus,cellular organisms,Eukaryota,Muroidea,Metazoa,Chordata,Craniata,Sarcopterygii,Mammalia,Euarchontoglires,Rodentia,Myomorpha,Cricetidae,Cricetulus,Cricetulus longicaudatus,,,,,Cricetinae,,,,,,,,
Ateles chamek,cellular organisms,Eukaryota,Boreoeutheria,Metazoa,Chordata,Craniata,Sarcopterygii,Mammalia,Euarchontoglires,Primates,Haplorrhini,Atelidae,Ateles,Ateles chamek,,Simiiformes,Platyrrhini,,Atelinae,,,,,,,,
porcine,,,,,,,,,,,,,,,,,,,,,,,,,,,
Tufted duck,cellular organisms,Eukaryota,Coelurosauria,Metazoa,Chordata,Craniata,Sarcopterygii,Aves,Galloanserae,Anseriformes,,Anatidae,Aythya,Aythya fuligula,,,,,Aythyinae,Neognathae,,,,,,,
Gadwall,cellular organisms,Eukaryota,Coelurosauria,Metazoa,Chordata,Craniata,Sarcopterygii,Aves,Galloanserae,Anseriformes,,Anatidae,Mareca,Mareca strepera,,,,,Anatinae,Neognathae,,,,,,,
Meleagris gallopavo domesticus,,,,,,,,,,,,,,,,,,,,,,,,,,,
Mus musculus,cellular organisms,Eukaryota,Muroidea,Metazoa,Chordata,Craniata,Sarcopterygii,Mammalia,Euarchontoglires,Rodentia,Myomorpha,Muridae,Mus,Mus musculus,,,,,Murinae,,,,,,Mus,,
Pig,cellular organisms,Eukaryota,Boreoeutheria,Metazoa,Chordata,Craniata,Sarcopterygii,Mammalia,Laurasiatheria,Artiodactyla,Suina,Suidae,Sus,Sus scrofa,,,,,,,,,,,,,
cattle,cellular organisms,Eukaryota,Boreoeutheria,Metazoa,Chordata,Craniata,Sarcopterygii,Mammalia,Laurasiatheria,Artiodactyla,Ruminantia,Bovidae,Bos,,,Pecora,,,Bovinae,,,,,,,,
swine,cellular organisms,Eukaryota,Boreoeutheria,Metazoa,Chordata,Craniata,Sarcopterygii,Mammalia,Laurasiatheria,Artiodactyla,Suina,Suidae,Sus,Sus scrofa,,,,,,,,,,,,,
Tursiops truncatus (Bottlenose dolphin),,,,,,,,,,,,,,,,,,,,,,,,,,,
Eumetopias jubatus (Steller sea lion),cellular organisms,Eukaryota,Pinnipedia,Metazoa,Chordata,Craniata,Sarcopterygii,Mammalia,Laurasiatheria,Carnivora,Caniformia,Otariidae,Eumetopias,Eumetopias jubatus,,,,,,,,,,,,,
Zalophus californianus (California sea lion),cellular organisms,Eukaryota,Pinnipedia,Metazoa,Chordata,Craniata,Sarcopterygii,Mammalia,Laurasiatheria,Carnivora,Caniformia,Otariidae,Zalophus,Zalophus californianus,,,,,,,,,,,,,
Hipposideros armiger,cellular organisms,Eukaryota,Boreoeutheria,Metazoa,Chordata,Craniata,Sarcopterygii,Mammalia,Laurasiatheria,Chiroptera,Yinpterochiroptera,Hipposideridae,Hipposideros,Hipposideros armiger,,,,Rhinolophoidea,,,,,,,,,
duck,cellular organisms,Eukaryota,Coelurosauria,Metazoa,Chordata,Craniata,Sarcopterygii,Aves,Galloanserae,Anseriformes,,Anatidae,Anas,Anas platyrhynchos,,,,,Anatinae,Neognathae,,,,,,,
chicken,cellular organisms,Eukaryota,Coelurosauria,Metazoa,Chordata,Craniata,Sarcopterygii,Aves,Galloanserae,Galliformes,,Phasianidae,Gallus,Gallus gallus,,,,,Phasianinae,Neognathae,,,,,,,
Muscovy duck,cellular organisms,Eukaryota,Coelurosauria,Metazoa,Chordata,Craniata,Sarcopterygii,Aves,Galloanserae,Anseriformes,,Anatidae,Cairina,Cairina moschata,,,,,Anatinae,Neognathae,,,,,,,
Phocarctos hookeri (New Zealand sea lion),cellular organisms,Eukaryota,Pinnipedia,Metazoa,Chordata,Craniata,Sarcopterygii,Mammalia,Laurasiatheria,Carnivora,Caniformia,Otariidae,Phocarctos,Phocarctos hookeri,,,,,,,,,,,,,
rook,cellular organisms,Eukaryota,Australaves,Metazoa,Chordata,Craniata,Sarcopterygii,Aves,,Passeriformes,,Corvidae,Corvus,Corvus frugilegus,,,,Corvoidea,,Neognathae,,,,,,,
Eurasian tree sparrow,cellular organisms,Eukaryota,Australaves,Metazoa,Chordata,Craniata,Sarcopterygii,Aves,,Passeriformes,,Passeridae,Passer,Passer montanus,,,,Passeroidea,,Neognathae,,,,,,,
hooded crow,cellular organisms,Eukaryota,Australaves,Metazoa,Chordata,Craniata,Sarcopterygii,Aves,,Passeriformes,,Corvidae,Corvus,Corvus cornix,,,,Corvoidea,,Neognathae,,,,,,,
Scotophilus dinganii; sex: male,,,,,,,,,,,,,,,,,,,,,,,,,,,
Miniopterus fraterculus; sex: male,,,,,,,,,,,,,,,,,,,,,,,,,,,
Rattus tanezumi,cellular organisms,Eukaryota,Muroidea,Metazoa,Chordata,Craniata,Sarcopterygii,Mammalia,Euarchontoglires,Rodentia,Myomorpha,Muridae,Rattus,Rattus tanezumi,,,,,Murinae,,,,,,,,
Neogale vison,cellular organisms,Eukaryota,Boreoeutheria,Metazoa,Chordata,Craniata,Sarcopterygii,Mammalia,Laurasiatheria,Carnivora,Caniformia,Mustelidae,Neogale,Neogale vison,,,,Musteloidea,Mustelinae,,,,,,,,
bovine,cellular organisms,Eukaryota,Boreoeutheria,Metazoa,Chordata,Craniata,Sarcopterygii,Mammalia,Laurasiatheria,Artiodactyla,Ruminantia,Bovidae,Bos,Bos taurus,,Pecora,,,Bovinae,,,,,,,,
Rattus rattus,cellular organisms,Eukaryota,Muroidea,Metazoa,Chordata,Craniata,Sarcopterygii,Mammalia,Euarchontoglires,Rodentia,Myomorpha,Muridae,Rattus,Rattus rattus,,,,,Murinae,,,,,,,,
Praomys rostratus,cellular organisms,Eukaryota,Muroidea,Metazoa,Chordata,Craniata,Sarcopterygii,Mammalia,Euarchontoglires,Rodentia,Myomorpha,Muridae,Praomys,Praomys rostratus,,,,,Murinae,,,,,,,,
Mus setulosus,cellular organisms,Eukaryota,Muroidea,Metazoa,Chordata,Craniata,Sarcopterygii,Mammalia,Euarchontoglires,Rodentia,Myomorpha,Muridae,Mus,Mus setulosus,,,,,Murinae,,,,,,Nannomys,,
Miniopterus inflatus,cellular organisms,Eukaryota,Boreoeutheria,Metazoa,Chordata,Craniata,Sarcopterygii,Mammalia,Laurasiatheria,Chiroptera,Yangochiroptera,Miniopteridae,Miniopterus,Miniopterus inflatus,,,,,,,,,,,,,
Mastomys erythroleucus,cellular organisms,Eukaryota,Muroidea,Metazoa,Chordata,Craniata,Sarcopterygii,Mammalia,Euarchontoglires,Rodentia,Myomorpha,Muridae,Mastomys,Mastomys erythroleucus,,,,,Murinae,,,,,,,,
Lophuromys chrysopus,cellular organisms,Eukaryota,Muroidea,Metazoa,Chordata,Craniata,Sarcopterygii,Mammalia,Euarchontoglires,Rodentia,Myomorpha,Muridae,Lophuromys,Lophuromys chrysopus,,,,,Deomyinae,,,,,,,,
Felis catus (domestic cat),cellular organisms,Eukaryota,Boreoeutheria,Metazoa,Chordata,Craniata,Sarcopterygii,Mammalia,Laurasiatheria,Carnivora,Feliformia,Felidae,Felis,Felis catus,,,,,Felinae,,,,,,,,
Rhipicephalus sanguineus,cellular organisms,Eukaryota,Panarthropoda,Metazoa,Arthropoda,Chelicerata,,Arachnida,Parasitiformes,Ixodida,,Ixodidae,Rhipicephalus,Rhipicephalus sanguineus,,,,Ixodoidea,Rhipicephalinae,,Rhipicephalus sanguineus group,Acari,,,Rhipicephalus,,
goat,cellular organisms,Eukaryota,Boreoeutheria,Metazoa,Chordata,Craniata,Sarcopterygii,Mammalia,Laurasiatheria,Artiodactyla,Ruminantia,Bovidae,Capra,Capra hircus,,Pecora,,,Caprinae,,,,,,,,
canine,,,,,,,,,,,,,,,,,,,,,,,,,,,
Niviventer confucianus,cellular organisms,Eukaryota,Muroidea,Metazoa,Chordata,Craniata,Sarcopterygii,Mammalia,Euarchontoglires,Rodentia,Myomorpha,Muridae,Niviventer,Niviventer confucianus,,,,,Murinae,,,,,,,,
Apodemus chevrieri,cellular organisms,Eukaryota,Muroidea,Metazoa,Chordata,Craniata,Sarcopterygii,Mammalia,Euarchontoglires,Rodentia,Myomorpha,Muridae,Apodemus,Apodemus chevrieri,,,,,Murinae,,,,,,,,
Crocidura fuliginosa,cellular organisms,Eukaryota,Boreoeutheria,Metazoa,Chordata,Craniata,Sarcopterygii,Mammalia,Laurasiatheria,Eulipotyphla,,Soricidae,Crocidura,Crocidura fuliginosa,,,,,Crocidurinae,,,,,,,,
Eothenomys miletus,cellular organisms,Eukaryota,Muroidea,Metazoa,Chordata,Craniata,Sarcopterygii,Mammalia,Euarchontoglires,Rodentia,Myomorpha,Cricetidae,Eothenomys,Eothenomys miletus,,,,,Arvicolinae,,,,,,,,
Rattus nitidus,cellular organisms,Eukaryota,Muroidea,Metazoa,Chordata,Craniata,Sarcopterygii,Mammalia,Euarchontoglires,Rodentia,Myomorpha,Muridae,Rattus,Rattus nitidus,,,,,Murinae,,,,,,,,
Niviventer huang,cellular organisms,Eukaryota,Muroidea,Metazoa,Chordata,Craniata,Sarcopterygii,Mammalia,Euarchontoglires,Rodentia,Myomorpha,Muridae,Niviventer,Niviventer huang,,,,,Murinae,,,,,,,,
Leopoldamys neilli,cellular organisms,Eukaryota,Muroidea,Metazoa,Chordata,Craniata,Sarcopterygii,Mammalia,Euarchontoglires,Rodentia,Myomorpha,Muridae,Leopoldamys,Leopoldamys neilli,,,,,Murinae,,,,,,,,
Araneus ventricosus,cellular organisms,Eukaryota,Orbiculariae,Metazoa,Arthropoda,Chelicerata,,Arachnida,,Araneae,Araneomorphae,Araneidae,Araneus,Araneus ventricosus,,,,Araneoidea,,,,,,,,,
Helobdella robusta,cellular organisms,Eukaryota,Lophotrochozoa,Metazoa,Annelida,,,Clitellata,,Rhynchobdellida,,Glossiphoniidae,Helobdella,Helobdella robusta,,,,,,,,Hirudinea,,,,,
Gekko chinensis,cellular organisms,Eukaryota,Bifurcata,Metazoa,Chordata,Craniata,Sarcopterygii,Lepidosauria,,Squamata,,Gekkonidae,Gekko,Gekko chinensis,,Gekkota,,,Gekkoninae,,,,,,,,
Hemidactylus frenatus,cellular organisms,Eukaryota,Bifurcata,Metazoa,Chordata,Craniata,Sarcopterygii,Lepidosauria,,Squamata,,Gekkonidae,Hemidactylus,Hemidactylus frenatus,,Gekkota,,,Gekkoninae,,,,,,,,
Eolophus roseicapilla,cellular organisms,Eukaryota,Australaves,Metazoa,Chordata,Craniata,Sarcopterygii,Aves,,Psittaciformes,,Cacatuidae,Eolophus,Eolophus roseicapilla,,,,,,Neognathae,,,,,,,
Alisterus scapularis,cellular organisms,Eukaryota,Australaves,Metazoa,Chordata,Craniata,Sarcopterygii,Aves,,Psittaciformes,,Psittacidae,Alisterus,Alisterus scapularis,,,,,,Neognathae,,,,,,,
Acalles camelus,cellular organisms,Eukaryota,Dicondylia,Metazoa,Arthropoda,Hexapoda,,Insecta,,Coleoptera,Polyphaga,Curculionidae,Acalles,Acalles camelus,,Cucujiformia,,Curculionoidea,Cryptorhynchinae,Neoptera,,Pterygota,Endopterygota,,,,
Columba livia,cellular organisms,Eukaryota,Columbimorphae,Metazoa,Chordata,Craniata,Sarcopterygii,Aves,,Columbiformes,,Columbidae,Columba,Columba livia,,,,,,Neognathae,,,,,,,
Mormopterus francoismoutoui,cellular organisms,Eukaryota,Boreoeutheria,Metazoa,Chordata,Craniata,Sarcopterygii,Mammalia,Laurasiatheria,Chiroptera,Yangochiroptera,Molossidae,Mormopterus,Mormopterus francoismoutoui,,,,,,,,,,,,,
dairy cow,cellular organisms,Eukaryota,Boreoeutheria,Metazoa,Chordata,Craniata,Sarcopterygii,Mammalia,Laurasiatheria,Artiodactyla,Ruminantia,Bovidae,Bos,Bos taurus,,Pecora,,,Bovinae,,,,,,,,
Nyctereutes procyonoides(racoon dog),,,,,,,,,,,,,,,,,,,,,,,,,,,
Felis catus,cellular organisms,Eukaryota,Boreoeutheria,Metazoa,Chordata,Craniata,Sarcopterygii,Mammalia,Laurasiatheria,Carnivora,Feliformia,Felidae,Felis,Felis catus,,,,,Felinae,,,,,,,,
Ortmanniana pectorosa,cellular organisms,Eukaryota,Heteroconchia,Metazoa,Mollusca,,,Bivalvia,Palaeoheterodonta,Unionida,,Unionidae,Ortmanniana,Ortmanniana pectorosa,,,,Unionoidea,Ambleminae,,,Autobranchia,,Lampsilini,,,
Myotis macrodactylus,cellular organisms,Eukaryota,Boreoeutheria,Metazoa,Chordata,Craniata,Sarcopterygii,Mammalia,Laurasiatheria,Chiroptera,Yangochiroptera,Vespertilionidae,Myotis,Myotis macrodactylus,,,,,,,,,,,,,
Miniopterus fuliginosus,cellular organisms,Eukaryota,Boreoeutheria,Metazoa,Chordata,Craniata,Sarcopterygii,Mammalia,Laurasiatheria,Chiroptera,Yangochiroptera,Miniopteridae,Miniopterus,Miniopterus fuliginosus,,,,,,,,,,,,,
Anser indicus (Bar-headed goose),cellular organisms,Eukaryota,Coelurosauria,Metazoa,Chordata,Craniata,Sarcopterygii,Aves,Galloanserae,Anseriformes,,Anatidae,Anser,Anser indicus,,,,,Anserinae,Neognathae,,,,,,,
duck; breed: muscovy,,,,,,,,,,,,,,,,,,,,,,,,,,,
Procambarus clarkii,cellular organisms,Eukaryota,Pancrustacea,Metazoa,Arthropoda,Crustacea,Multicrustacea,Malacostraca,Eucarida,Decapoda,Pleocyemata,Cambaridae,Procambarus,Procambarus clarkii,,Astacidea,,Astacoidea,Cambarinae,,,Eumalacostraca,,,,,
Urva auropunctata,cellular organisms,Eukaryota,Boreoeutheria,Metazoa,Chordata,Craniata,Sarcopterygii,Mammalia,Laurasiatheria,Carnivora,Feliformia,Herpestidae,Urva,Urva auropunctata,,,,,,,,,,,,,
Bos mutus,cellular organisms,Eukaryota,Boreoeutheria,Metazoa,Chordata,Craniata,Sarcopterygii,Mammalia,Laurasiatheria,Artiodactyla,Ruminantia,Bovidae,Bos,Bos mutus,,Pecora,,,Bovinae,,,,,,,,
calf,,,,,,,,,,,,,,,,,,,,,,,,,,,
Jiangnan White Goose,cellular organisms,Eukaryota,Coelurosauria,Metazoa,Chordata,Craniata,Sarcopterygii,Aves,Galloanserae,Anseriformes,,Anatidae,Anser,Anser sp.,,,,,Anserinae,Neognathae,,,,,,,
Mareca falcata,cellular organisms,Eukaryota,Coelurosauria,Metazoa,Chordata,Craniata,Sarcopterygii,Aves,Galloanserae,Anseriformes,,Anatidae,Mareca,Mareca falcata,,,,,Anatinae,Neognathae,,,,,,,
Crocidura tanakae,cellular organisms,Eukaryota,Boreoeutheria,Metazoa,Chordata,Craniata,Sarcopterygii,Mammalia,Laurasiatheria,Eulipotyphla,,Soricidae,Crocidura,Crocidura tanakae,,,,,Crocidurinae,,,,,,,,
Crocidura shantungensis,cellular organisms,Eukaryota,Boreoeutheria,Metazoa,Chordata,Craniata,Sarcopterygii,Mammalia,Laurasiatheria,Eulipotyphla,,Soricidae,Crocidura,Crocidura shantungensis,,,,,Crocidurinae,,,,,,,,
Crocidura lasiura,cellular organisms,Eukaryota,Boreoeutheria,Metazoa,Chordata,Craniata,Sarcopterygii,Mammalia,Laurasiatheria,Eulipotyphla,,Soricidae,Crocidura,Crocidura lasiura,,,,,Crocidurinae,,,,,,,,
Oryctes sp.,,,,,,,,,,,,,,,,,,,,,,,,,,,
carrier pigeon,cellular organisms,Eukaryota,Columbimorphae,Metazoa,Chordata,Craniata,Sarcopterygii,Aves,,Columbiformes,,Columbidae,Columba,Columba livia,,,,,,Neognathae,,,,,,,
Rousettus madagascariensis,cellular organisms,Eukaryota,Boreoeutheria,Metazoa,Chordata,Craniata,Sarcopterygii,Mammalia,Laurasiatheria,Chiroptera,Yinpterochiroptera,Pteropodidae,Rousettus,Rousettus madagascariensis,,,,Pteropodoidea,Rousettinae,,,,,,,,
Eidolon dupreanum,cellular organisms,Eukaryota,Boreoeutheria,Metazoa,Chordata,Craniata,Sarcopterygii,Mammalia,Laurasiatheria,Chiroptera,Yinpterochiroptera,Pteropodidae,Eidolon,Eidolon dupreanum,,,,Pteropodoidea,Pteropodinae,,,,,,,,
Sus scrofa,cellular organisms,Eukaryota,Boreoeutheria,Metazoa,Chordata,Craniata,Sarcopterygii,Mammalia,Laurasiatheria,Artiodactyla,Suina,Suidae,Sus,Sus scrofa,,,,,,,,,,,,,
Nyctalus noctula,cellular organisms,Eukaryota,Boreoeutheria,Metazoa,Chordata,Craniata,Sarcopterygii,Mammalia,Laurasiatheria,Chiroptera,Yangochiroptera,Vespertilionidae,Nyctalus,Nyctalus noctula,,,,,,,,,,,,,
ticks,cellular organisms,Eukaryota,Panarthropoda,Metazoa,Arthropoda,Chelicerata,,Arachnida,Parasitiformes,Ixodida,,,,,,,,,,,,Acari,,,,,
Heteronotia binoei,cellular organisms,Eukaryota,Bifurcata,Metazoa,Chordata,Craniata,Sarcopterygii,Lepidosauria,,Squamata,,Gekkonidae,Heteronotia,Heteronotia binoei,,Gekkota,,,Gekkoninae,,,,,,,,
Heteronotia planiceps,cellular organisms,Eukaryota,Bifurcata,Metazoa,Chordata,Craniata,Sarcopterygii,Lepidosauria,,Squamata,,Gekkonidae,Heteronotia,Heteronotia planiceps,,Gekkota,,,Gekkoninae,,,,,,,,
Pogonophryne immaculata,cellular organisms,Eukaryota,Eupercaria,Metazoa,Chordata,Craniata,Actinopterygii,Actinopteri,,Perciformes,Notothenioidei,Artedidraconidae,Pogonophryne,Pogonophryne immaculata,,,,,,Teleostei,,Neopterygii,Euteleosteomorpha,,,,
Muraenolepis sp.,cellular organisms,Eukaryota,Gadariae,Metazoa,Chordata,Craniata,Actinopterygii,Actinopteri,,Gadiformes,Muraenolepidoidei,Muraenolepididae,Muraenolepis,Muraenolepis sp.,,,,,,Teleostei,,Neopterygii,Euteleosteomorpha,,,,
Microgale brevicaudata; sex: male,,,,,,,,,,,,,,,,,,,,,,,,,,,
Rattus rattus; sex: female,,,,,,,,,,,,,,,,,,,,,,,,,,,
Rattus rattus; sex: male,,,,,,,,,,,,,,,,,,,,,,,,,,,
Rattus rattus; female,,,,,,,,,,,,,,,,,,,,,,,,,,,
Rattus rattus; male,,,,,,,,,,,,,,,,,,,,,,,,,,,
Mus musculus; male,,,,,,,,,,,,,,,,,,,,,,,,,,,
Mus musculus; female,,,,,,,,,,,,,,,,,,,,,,,,,,,
Rousettus aegyptiacus,cellular organisms,Eukaryota,Boreoeutheria,Metazoa,Chordata,Craniata,Sarcopterygii,Mammalia,Laurasiatheria,Chiroptera,Yinpterochiroptera,Pteropodidae,Rousettus,Rousettus aegyptiacus,,,,Pteropodoidea,Rousettinae,,,,,,,,
Aethomys hindei,cellular organisms,Eukaryota,Muroidea,Metazoa,Chordata,Craniata,Sarcopterygii,Mammalia,Euarchontoglires,Rodentia,Myomorpha,Muridae,Aethomys,Aethomys hindei,,,,,Murinae,,,,,,,,
Coleura afra,cellular organisms,Eukaryota,Boreoeutheria,Metazoa,Chordata,Craniata,Sarcopterygii,Mammalia,Laurasiatheria,Chiroptera,Yangochiroptera,Emballonuridae,Coleura,Coleura afra,,,,,Emballonurinae,,,,,,,,
Miniopterus sp. clade 1 TD-2020,cellular organisms,Eukaryota,Boreoeutheria,Metazoa,Chordata,Craniata,Sarcopterygii,Mammalia,Laurasiatheria,Chiroptera,Yangochiroptera,Miniopteridae,Miniopterus,Miniopterus sp. clade 1 TD-2020,,,,,,,,,,,,,
Miniopterus sp. clade 10 TD-2020,cellular organisms,Eukaryota,Boreoeutheria,Metazoa,Chordata,Craniata,Sarcopterygii,Mammalia,Laurasiatheria,Chiroptera,Yangochiroptera,Miniopteridae,Miniopterus,Miniopterus sp. clade 10 TD-2020,,,,,,,,,,,,,
Miniopterus sp. B76,cellular organisms,Eukaryota,Boreoeutheria,Metazoa,Chordata,Craniata,Sarcopterygii,Mammalia,Laurasiatheria,Chiroptera,Yangochiroptera,Miniopteridae,Miniopterus,Miniopterus sp. B76,,,,,,,,,,,,,
Miniopterus minor,cellular organisms,Eukaryota,Boreoeutheria,Metazoa,Chordata,Craniata,Sarcopterygii,Mammalia,Laurasiatheria,Chiroptera,Yangochiroptera,Miniopteridae,Miniopterus,Miniopterus minor,,,,,,,,,,,,,
Cardioderma cor,cellular organisms,Eukaryota,Boreoeutheria,Metazoa,Chordata,Craniata,Sarcopterygii,Mammalia,Laurasiatheria,Chiroptera,Yinpterochiroptera,Megadermatidae,Cardioderma,Cardioderma cor,,,,Rhinolophoidea,,,,,,,,,
Hipposideros caffer,cellular organisms,Eukaryota,Boreoeutheria,Metazoa,Chordata,Craniata,Sarcopterygii,Mammalia,Laurasiatheria,Chiroptera,Yinpterochiroptera,Hipposideridae,Hipposideros,Hipposideros caffer,,,,Rhinolophoidea,,,,,,,,,
Mops condylurus,cellular organisms,Eukaryota,Boreoeutheria,Metazoa,Chordata,Craniata,Sarcopterygii,Mammalia,Laurasiatheria,Chiroptera,Yangochiroptera,Molossidae,Mops,Mops condylurus,,,,,,,,,,,,,
Rhinolophus pearsonii,cellular organisms,Eukaryota,Boreoeutheria,Metazoa,Chordata,Craniata,Sarcopterygii,Mammalia,Laurasiatheria,Chiroptera,Yinpterochiroptera,Rhinolophidae,Rhinolophus,Rhinolophus pearsonii,,,,Rhinolophoidea,Rhinolophinae,,,,,,,,
Myotis ricketti,cellular organisms,Eukaryota,Boreoeutheria,Metazoa,Chordata,Craniata,Sarcopterygii,Mammalia,Laurasiatheria,Chiroptera,Yangochiroptera,Vespertilionidae,Myotis,Myotis pilosus,,,,,,,,,,,,,
Ia io,cellular organisms,Eukaryota,Boreoeutheria,Metazoa,Chordata,Craniata,Sarcopterygii,Mammalia,Laurasiatheria,Chiroptera,Yangochiroptera,Vespertilionidae,Ia,Ia io,,,,,,,,,,,,,
Rhizomys pruinosus,cellular organisms,Eukaryota,Muroidea,Metazoa,Chordata,Craniata,Sarcopterygii,Mammalia,Euarchontoglires,Rodentia,Myomorpha,Spalacidae,Rhizomys,Rhizomys pruinosus,,,,,Rhizomyinae,,,,,,,,
Rattus pyctoris,cellular organisms,Eukaryota,Muroidea,Metazoa,Chordata,Craniata,Sarcopterygii,Mammalia,Euarchontoglires,Rodentia,Myomorpha,Muridae,Rattus,Rattus pyctoris,,,,,Murinae,,,,,,,,
Niviventer sp.,cellular organisms,Eukaryota,Muroidea,Metazoa,Chordata,Craniata,Sarcopterygii,Mammalia,Euarchontoglires,Rodentia,Myomorpha,Muridae,Niviventer,Niviventer sp.,,,,,Murinae,,,,,,,,
Caracal caracal,cellular organisms,Eukaryota,Boreoeutheria,Metazoa,Chordata,Craniata,Sarcopterygii,Mammalia,Laurasiatheria,Carnivora,Feliformia,Felidae,Caracal,Caracal caracal,,,,,Felinae,,,,,,,,
Eviota sp.,cellular organisms,Eukaryota,Gobiaria,Metazoa,Chordata,Craniata,Actinopterygii,Actinopteri,,Gobiiformes,Gobioidei,Gobiidae,Eviota,Eviota sp.,,,,,Gobiinae,Teleostei,,Neopterygii,Euteleosteomorpha,,,,
Dascyllus reticulatus,cellular organisms,Eukaryota,Ovalentaria,Metazoa,Chordata,Craniata,Actinopterygii,Actinopteri,,,,Pomacentridae,Dascyllus,Dascyllus reticulatus,,,,,,Teleostei,,Neopterygii,Euteleosteomorpha,,,,
Chaetodon baronessa,cellular organisms,Eukaryota,Eupercaria,Metazoa,Chordata,Craniata,Actinopterygii,Actinopteri,,Chaetodontiformes,,Chaetodontidae,Chaetodon,Chaetodon baronessa,,,,,,Teleostei,,Neopterygii,Euteleosteomorpha,,,,
Plagiotremus tapeinosoma,cellular organisms,Eukaryota,Blenniimorphae,Metazoa,Chordata,Craniata,Actinopterygii,Actinopteri,,Blenniiformes,Blennioidei,Blenniidae,Plagiotremus,Plagiotremus tapeinosoma,,,,,Blenniinae,Teleostei,,Neopterygii,Euteleosteomorpha,,,,
Chromis viridis,cellular organisms,Eukaryota,Ovalentaria,Metazoa,Chordata,Craniata,Actinopterygii,Actinopteri,,,,Pomacentridae,Chromis,Chromis viridis,,,,,,Teleostei,,Neopterygii,Euteleosteomorpha,,,,
Nyctalus plancyi; sex: female,,,,,,,,,,,,,,,,,,,,,,,,,,,
Nyctalus plancyi; sex: male,,,,,,,,,,,,,,,,,,,,,,,,,,,
Rhinolophus pusillus; sex: male,,,,,,,,,,,,,,,,,,,,,,,,,,,
Scotophilus kuhlii; sex: male,,,,,,,,,,,,,,,,,,,,,,,,,,,
Scotophilus kuhlii; sex: female,,,,,,,,,,,,,,,,,,,,,,,,,,,
Taphozous melanopogon; sex: female,,,,,,,,,,,,,,,,,,,,,,,,,,,
Taphozous melanopogon; sex: female (pregnant),,,,,,,,,,,,,,,,,,,,,,,,,,,
Tylonycteris robustula; sex: male,,,,,,,,,,,,,,,,,,,,,,,,,,,
Eptesicus pachyomus; sex: female,,,,,,,,,,,,,,,,,,,,,,,,,,,
Myotis ricketti; sex: male,,,,,,,,,,,,,,,,,,,,,,,,,,,
Myotis ricketti; sex: female,,,,,,,,,,,,,,,,,,,,,,,,,,,
Miniopterus schreibersii; sex: female,,,,,,,,,,,,,,,,,,,,,,,,,,,
Miniopterus schreibersii; sex: male,,,,,,,,,,,,,,,,,,,,,,,,,,,
Ovis aries,cellular organisms,Eukaryota,Boreoeutheria,Metazoa,Chordata,Craniata,Sarcopterygii,Mammalia,Laurasiatheria,Artiodactyla,Ruminantia,Bovidae,Ovis,Ovis aries,,Pecora,,,Caprinae,,,,,,,,
Marmota caudata,cellular organisms,Eukaryota,Glires,Metazoa,Chordata,Craniata,Sarcopterygii,Mammalia,Euarchontoglires,Rodentia,Sciuromorpha,Sciuridae,Marmota,Marmota caudata,,,,,Xerinae,,,,,Marmotini,,,
Betta splendens,cellular organisms,Eukaryota,Anabantaria,Metazoa,Chordata,Craniata,Actinopterygii,Actinopteri,,Anabantiformes,Anabantoidei,Osphronemidae,Betta,Betta splendens,,,,,Macropodinae,Teleostei,,Neopterygii,Euteleosteomorpha,,,,
Oryctolagus cuniculus,cellular organisms,Eukaryota,Glires,Metazoa,Chordata,Craniata,Sarcopterygii,Mammalia,Euarchontoglires,Lagomorpha,,Leporidae,Oryctolagus,Oryctolagus cuniculus,,,,,,,,,,,,,
Peking duckling,,,,,,,,,,,,,,,,,,,,,,,,,,,
Woodworthia maculata,cellular organisms,Eukaryota,Bifurcata,Metazoa,Chordata,Craniata,Sarcopterygii,Lepidosauria,,Squamata,,Diplodactylidae,Woodworthia,Woodworthia maculata,,Gekkota,,Pygopoidea,,,,,,,,,
Oligosoma aeneum,cellular organisms,Eukaryota,Unidentata,Metazoa,Chordata,Craniata,Sarcopterygii,Lepidosauria,,Squamata,,Scincidae,Oligosoma,Oligosoma aeneum,,Scinciformata,,,Eugongylinae,,,,,,,,
Pelophylax nigromaculatus,cellular organisms,Eukaryota,Tetrapoda,Metazoa,Chordata,Craniata,Sarcopterygii,Amphibia,Batrachia,Anura,Neobatrachia,Ranidae,Pelophylax,Pelophylax nigromaculatus,,,,Ranoidea,,,,,,,,,
duck; breed: Pekin,,,,,,,,,,,,,,,,,,,,,,,,,,,
dog,cellular organisms,Eukaryota,Boreoeutheria,Metazoa,Chordata,Craniata,Sarcopterygii,Mammalia,Laurasiatheria,Carnivora,Caniformia,Canidae,Canis,Canis lupus,Canis lupus familiaris,,,,,,,,,,,,
racing pigeon,,,,,,,,,,,,,,,,,,,,,,,,,,,
Anguilla dieffenbachii,cellular organisms,Eukaryota,Elopomorpha,Metazoa,Chordata,Craniata,Actinopterygii,Actinopteri,,Anguilliformes,,Anguillidae,Anguilla,Anguilla dieffenbachii,,,,,,Teleostei,,Neopterygii,,,,,
wild boar,cellular organisms,Eukaryota,Boreoeutheria,Metazoa,Chordata,Craniata,Sarcopterygii,Mammalia,Laurasiatheria,Artiodactyla,Suina,Suidae,Sus,Sus scrofa,,,,,,,,,,,,,
red fox,cellular organisms,Eukaryota,Boreoeutheria,Metazoa,Chordata,Craniata,Sarcopterygii,Mammalia,Laurasiatheria,Carnivora,Caniformia,Canidae,Vulpes,Vulpes vulpes,,,,,,,,,,,,,
Goose,cellular organisms,Eukaryota,Coelurosauria,Metazoa,Chordata,Craniata,Sarcopterygii,Aves,Galloanserae,Anseriformes,,Anatidae,Anser,Anser sp.,,,,,Anserinae,Neognathae,,,,,,,
Duck,cellular organisms,Eukaryota,Coelurosauria,Metazoa,Chordata,Craniata,Sarcopterygii,Aves,Galloanserae,Anseriformes,,Anatidae,Anas,Anas platyrhynchos,,,,,Anatinae,Neognathae,,,,,,,
Canis lupus familiaris; sex: male,,,,,,,,,,,,,,,,,,,,,,,,,,,
Canis lupus familiaris; sex: female,,,,,,,,,,,,,,,,,,,,,,,,,,,
Hierococcyx sparverioides,cellular organisms,Eukaryota,Otidimorphae,Metazoa,Chordata,Craniata,Sarcopterygii,Aves,,Cuculiformes,,Cuculidae,Hierococcyx,Hierococcyx sparverioides,,,,,,Neognathae,,,,,,,
Pachyptila vittata,cellular organisms,Eukaryota,Aequornithes,Metazoa,Chordata,Craniata,Sarcopterygii,Aves,,Procellariiformes,,Procellariidae,Pachyptila,Pachyptila vittata,,,,,,Neognathae,,,,,,,
Gonidea angulata,cellular organisms,Eukaryota,Heteroconchia,Metazoa,Mollusca,,,Bivalvia,Palaeoheterodonta,Unionida,,Unionidae,Gonidea,Gonidea angulata,,,,Unionoidea,Gonideinae,,,Autobranchia,,,,,
Araneae,cellular organisms,Eukaryota,Panarthropoda,Metazoa,Arthropoda,Chelicerata,,Arachnida,,Araneae,,,,,,,,,,,,,,,,,
Oribatida,cellular organisms,Eukaryota,Panarthropoda,Metazoa,Arthropoda,Chelicerata,,Arachnida,Acariformes,Sarcoptiformes,Oribatida,,,,,,,,,,,Acari,,,,,
Rattus_tanezumi,cellular organisms,Eukaryota,Muroidea,Metazoa,Chordata,Craniata,Sarcopterygii,Mammalia,Euarchontoglires,Rodentia,Myomorpha,Muridae,Rattus,Rattus tanezumi,,,,,Murinae,,,,,,,,
Turdus dissimilis,cellular organisms,Eukaryota,Australaves,Metazoa,Chordata,Craniata,Sarcopterygii,Aves,,Passeriformes,,Turdidae,Turdus,Turdus dissimilis,,,,,,Neognathae,,,,,,,
Bandicota savilei,cellular organisms,Eukaryota,Muroidea,Metazoa,Chordata,Craniata,Sarcopterygii,Mammalia,Euarchontoglires,Rodentia,Myomorpha,Muridae,Bandicota,Bandicota savilei,,,,,Murinae,,,,,,,,
Chalinolobus tuberculatus,cellular organisms,Eukaryota,Boreoeutheria,Metazoa,Chordata,Craniata,Sarcopterygii,Mammalia,Laurasiatheria,Chiroptera,Yangochiroptera,Vespertilionidae,Chalinolobus,Chalinolobus tuberculatus,,,,,,,,,,,,,
Rhinolophus sp.,cellular organisms,Eukaryota,Boreoeutheria,Metazoa,Chordata,Craniata,Sarcopterygii,Mammalia,Laurasiatheria,Chiroptera,Yinpterochiroptera,Rhinolophidae,Rhinolophus,Rhinolophus sp.,,,,Rhinolophoidea,Rhinolophinae,,,,,,,,
Pipistrellus pipistrellus,cellular organisms,Eukaryota,Boreoeutheria,Metazoa,Chordata,Craniata,Sarcopterygii,Mammalia,Laurasiatheria,Chiroptera,Yangochiroptera,Vespertilionidae,Pipistrellus,Pipistrellus pipistrellus,,,,,,,,,,,,,
Vespertilio sinensis,cellular organisms,Eukaryota,Boreoeutheria,Metazoa,Chordata,Craniata,Sarcopterygii,Mammalia,Laurasiatheria,Chiroptera,Yangochiroptera,Vespertilionidae,Vespertilio,Vespertilio sinensis,,,,,,,,,,,,,
Phasianus colchicus,cellular organisms,Eukaryota,Coelurosauria,Metazoa,Chordata,Craniata,Sarcopterygii,Aves,Galloanserae,Galliformes,,Phasianidae,Phasianus,Phasianus colchicus,,,,,Phasianinae,Neognathae,,,,,,,
Aythya marila,cellular organisms,Eukaryota,Coelurosauria,Metazoa,Chordata,Craniata,Sarcopterygii,Aves,Galloanserae,Anseriformes,,Anatidae,Aythya,Aythya marila,,,,,Aythyinae,Neognathae,,,,,,,
Anas acuta,cellular organisms,Eukaryota,Coelurosauria,Metazoa,Chordata,Craniata,Sarcopterygii,Aves,Galloanserae,Anseriformes,,Anatidae,Anas,Anas acuta,,,,,Anatinae,Neognathae,,,,,,,
Anas crecca,cellular organisms,Eukaryota,Coelurosauria,Metazoa,Chordata,Craniata,Sarcopterygii,Aves,Galloanserae,Anseriformes,,Anatidae,Anas,Anas crecca,,,,,Anatinae,Neognathae,,,,,,,
Streptopelia orientalis,cellular organisms,Eukaryota,Columbimorphae,Metazoa,Chordata,Craniata,Sarcopterygii,Aves,,Columbiformes,,Columbidae,Streptopelia,Streptopelia orientalis,,,,,,Neognathae,,,,,,,
ferret,cellular organisms,Eukaryota,Boreoeutheria,Metazoa,Chordata,Craniata,Sarcopterygii,Mammalia,Laurasiatheria,Carnivora,Caniformia,Mustelidae,Mustela,Mustela putorius,Mustela putorius furo,,,Musteloidea,Mustelinae,,,,,,,,
Chodsigoa smithii,cellular organisms,Eukaryota,Boreoeutheria,Metazoa,Chordata,Craniata,Sarcopterygii,Mammalia,Laurasiatheria,Eulipotyphla,,Soricidae,Chodsigoa,Chodsigoa smithii,,,,,Soricinae,,,,,,,,
Niviventer niviventer,cellular organisms,Eukaryota,Muroidea,Metazoa,Chordata,Craniata,Sarcopterygii,Mammalia,Euarchontoglires,Rodentia,Myomorpha,Muridae,Niviventer,Niviventer niviventer,,,,,Murinae,,,,,,,,
Typhlomys cinereus,cellular organisms,Eukaryota,Muroidea,Metazoa,Chordata,Craniata,Sarcopterygii,Mammalia,Euarchontoglires,Rodentia,Myomorpha,Platacanthomyidae,Typhlomys,Typhlomys cinereus,,,,,,,,,,,,,
Apodemus agrarius,cellular organisms,Eukaryota,Muroidea,Metazoa,Chordata,Craniata,Sarcopterygii,Mammalia,Euarchontoglires,Rodentia,Myomorpha,Muridae,Apodemus,Apodemus agrarius,,,,,Murinae,,,,,,,,
Pipistrellus abramus,cellular organisms,Eukaryota,Boreoeutheria,Metazoa,Chordata,Craniata,Sarcopterygii,Mammalia,Laurasiatheria,Chiroptera,Yangochiroptera,Vespertilionidae,Pipistrellus,Pipistrellus abramus,,,,,,,,,,,,,
Myotis davidii,cellular organisms,Eukaryota,Boreoeutheria,Metazoa,Chordata,Craniata,Sarcopterygii,Mammalia,Laurasiatheria,Chiroptera,Yangochiroptera,Vespertilionidae,Myotis,Myotis davidii,,,,,,,,,,,,,
Hypsugo pulveratus,cellular organisms,Eukaryota,Boreoeutheria,Metazoa,Chordata,Craniata,Sarcopterygii,Mammalia,Laurasiatheria,Chiroptera,Yangochiroptera,Vespertilionidae,Hypsugo,Hypsugo pulveratus,,,,,,,,,,,,,
Leopoldamys edwardsi,cellular organisms,Eukaryota,Muroidea,Metazoa,Chordata,Craniata,Sarcopterygii,Mammalia,Euarchontoglires,Rodentia,Myomorpha,Muridae,Leopoldamys,Leopoldamys edwardsi,,,,,Murinae,,,,,,,,
Niviventer fulvescens,cellular organisms,Eukaryota,Muroidea,Metazoa,Chordata,Craniata,Sarcopterygii,Mammalia,Euarchontoglires,Rodentia,Myomorpha,Muridae,Niviventer,Niviventer fulvescens,,,,,Murinae,,,,,,,,
Berylmys bowersi,cellular organisms,Eukaryota,Muroidea,Metazoa,Chordata,Craniata,Sarcopterygii,Mammalia,Euarchontoglires,Rodentia,Myomorpha,Muridae,Berylmys,Berylmys bowersi,,,,,Murinae,,,,,,,,
Rattus losea,cellular organisms,Eukaryota,Muroidea,Metazoa,Chordata,Craniata,Sarcopterygii,Mammalia,Euarchontoglires,Rodentia,Myomorpha,Muridae,Rattus,Rattus losea,,,,,Murinae,,,,,,,,
Hipposideros pratti,cellular organisms,Eukaryota,Boreoeutheria,Metazoa,Chordata,Craniata,Sarcopterygii,Mammalia,Laurasiatheria,Chiroptera,Yinpterochiroptera,Hipposideridae,Hipposideros,Hipposideros pratti,,,,Rhinolophoidea,,,,,,,,,
laying hens,,,,,,,,,,,,,,,,,,,,,,,,,,,
Bovine,cellular organisms,Eukaryota,Boreoeutheria,Metazoa,Chordata,Craniata,Sarcopterygii,Mammalia,Laurasiatheria,Artiodactyla,Ruminantia,Bovidae,Bos,Bos taurus,,Pecora,,,Bovinae,,,,,,,,
Hipposideros sp. (bat),,,,,,,,,,,,,,,,,,,,,,,,,,,
bat,,,,,,,,,,,,,,,,,,,,,,,,,,,
Rhinolophus sp. (bat),,,,,,,,,,,,,,,,,,,,,,,,,,,
Miniopterus sp. (bat),,,,,,,,,,,,,,,,,,,,,,,,,,,
Eidolon helvum (bat),,,,,,,,,,,,,,,,,,,,,,,,,,,
Nycteris sp. (bat),,,,,,,,,,,,,,,,,,,,,,,,,,,
bird,,,,,,,,,,,,,,,,,,,,,,,,,,,
Domestic goat,cellular organisms,Eukaryota,Boreoeutheria,Metazoa,Chordata,Craniata,Sarcopterygii,Mammalia,Laurasiatheria,Artiodactyla,Ruminantia,Bovidae,Capra,Capra hircus,,Pecora,,,Caprinae,,,,,,,,
amur tiger,cellular organisms,Eukaryota,Boreoeutheria,Metazoa,Chordata,Craniata,Sarcopterygii,Mammalia,Laurasiatheria,Carnivora,Feliformia,Felidae,Panthera,Panthera tigris,Panthera tigris altaica,,,,Pantherinae,,,,,,,,
Limnochromis auritus,cellular organisms,Eukaryota,African cichlids,Metazoa,Chordata,Craniata,Actinopterygii,Actinopteri,Cichlomorphae,Cichliformes,,Cichlidae,Limnochromis,Limnochromis auritus,,,,,Pseudocrenilabrinae,Teleostei,,Neopterygii,Euteleosteomorpha,Limnochromini,,,
Benthochromis horii,cellular organisms,Eukaryota,African cichlids,Metazoa,Chordata,Craniata,Actinopterygii,Actinopteri,Cichlomorphae,Cichliformes,,Cichlidae,Benthochromis,Benthochromis horii,,,,,Pseudocrenilabrinae,Teleostei,,Neopterygii,Euteleosteomorpha,Benthochromini,,,
Xenotilapia nasus,cellular organisms,Eukaryota,African cichlids,Metazoa,Chordata,Craniata,Actinopterygii,Actinopteri,Cichlomorphae,Cichliformes,,Cichlidae,Xenotilapia,Xenotilapia nasus,,,,,Pseudocrenilabrinae,Teleostei,,Neopterygii,Euteleosteomorpha,Ectodini,,,
Lamprologus kungweensis,cellular organisms,Eukaryota,African cichlids,Metazoa,Chordata,Craniata,Actinopterygii,Actinopteri,Cichlomorphae,Cichliformes,,Cichlidae,Neolamprologus,Neolamprologus kungweensis,,,,,Pseudocrenilabrinae,Teleostei,,Neopterygii,Euteleosteomorpha,Lamprologini,,,
Petrochromis famula,cellular organisms,Eukaryota,African cichlids,Metazoa,Chordata,Craniata,Actinopterygii,Actinopteri,Cichlomorphae,Cichliformes,,Cichlidae,Petrochromis,Petrochromis famula,,,,,Pseudocrenilabrinae,Teleostei,,Neopterygii,Euteleosteomorpha,Tropheini,,,
Neolamprologus brevis,cellular organisms,Eukaryota,African cichlids,Metazoa,Chordata,Craniata,Actinopterygii,Actinopteri,Cichlomorphae,Cichliformes,,Cichlidae,Neolamprologus,Neolamprologus brevis,,,,,Pseudocrenilabrinae,Teleostei,,Neopterygii,Euteleosteomorpha,Lamprologini,,,
Enantiopus melanogenys,cellular organisms,Eukaryota,African cichlids,Metazoa,Chordata,Craniata,Actinopterygii,Actinopteri,Cichlomorphae,Cichliformes,,Cichlidae,Xenotilapia,Xenotilapia melanogenys,,,,,Pseudocrenilabrinae,Teleostei,,Neopterygii,Euteleosteomorpha,Ectodini,,,
Xenotilapia boulengeri,cellular organisms,Eukaryota,African cichlids,Metazoa,Chordata,Craniata,Actinopterygii,Actinopteri,Cichlomorphae,Cichliformes,,Cichlidae,Xenotilapia,Xenotilapia boulengeri,,,,,Pseudocrenilabrinae,Teleostei,,Neopterygii,Euteleosteomorpha,Ectodini,,,
Neolamprologus tetracanthus,cellular organisms,Eukaryota,African cichlids,Metazoa,Chordata,Craniata,Actinopterygii,Actinopteri,Cichlomorphae,Cichliformes,,Cichlidae,Neolamprologus,Neolamprologus tetracanthus,,,,,Pseudocrenilabrinae,Teleostei,,Neopterygii,Euteleosteomorpha,Lamprologini,,,
Retropinna retropinna,cellular organisms,Eukaryota,Stomiati,Metazoa,Chordata,Craniata,Actinopterygii,Actinopteri,,Osmeriformes,,Retropinnidae,Retropinna,Retropinna retropinna,,,,,,Teleostei,,Neopterygii,Euteleosteomorpha,,,,
Nyctereutes procyonoides (Raccoon dog),cellular organisms,Eukaryota,Boreoeutheria,Metazoa,Chordata,Craniata,Sarcopterygii,Mammalia,Laurasiatheria,Carnivora,Caniformia,Canidae,Nyctereutes,Nyctereutes procyonoides,,,,,,,,,,,,,
Miniopterus orianae oceanensis,cellular organisms,Eukaryota,Boreoeutheria,Metazoa,Chordata,Craniata,Sarcopterygii,Mammalia,Laurasiatheria,Chiroptera,Yangochiroptera,Miniopteridae,Miniopterus,Miniopterus orianae,Miniopterus orianae oceanensis,,,,,,,,,,,,
donkey,cellular organisms,Eukaryota,Boreoeutheria,Metazoa,Chordata,Craniata,Sarcopterygii,Mammalia,Laurasiatheria,Perissodactyla,,Equidae,Equus,Equus asinus,,,,,,,,,,,,,
Bos taurus breed Hanwoo,,,,,,,,,,,,,,,,,,,,,,,,,,,
Eonycteris spelaea,cellular organisms,Eukaryota,Boreoeutheria,Metazoa,Chordata,Craniata,Sarcopterygii,Mammalia,Laurasiatheria,Chiroptera,Yinpterochiroptera,Pteropodidae,Eonycteris,Eonycteris spelaea,,,,Pteropodoidea,Rousettinae,,,,,,,,
Rhinolophus stheno,cellular organisms,Eukaryota,Boreoeutheria,Metazoa,Chordata,Craniata,Sarcopterygii,Mammalia,Laurasiatheria,Chiroptera,Yinpterochiroptera,Rhinolophidae,Rhinolophus,Rhinolophus stheno,,,,Rhinolophoidea,Rhinolophinae,,,,,,,,
Rhinolophus thomasi,cellular organisms,Eukaryota,Boreoeutheria,Metazoa,Chordata,Craniata,Sarcopterygii,Mammalia,Laurasiatheria,Chiroptera,Yinpterochiroptera,Rhinolophidae,Rhinolophus,Rhinolophus thomasi,,,,Rhinolophoidea,Rhinolophinae,,,,,,,,
Cynopterus sphinx,cellular organisms,Eukaryota,Boreoeutheria,Metazoa,Chordata,Craniata,Sarcopterygii,Mammalia,Laurasiatheria,Chiroptera,Yinpterochiroptera,Pteropodidae,Cynopterus,Cynopterus sphinx,,,,Pteropodoidea,Cynopterinae,,,,,,,,
Rhinolophus macrotis,cellular organisms,Eukaryota,Boreoeutheria,Metazoa,Chordata,Craniata,Sarcopterygii,Mammalia,Laurasiatheria,Chiroptera,Yinpterochiroptera,Rhinolophidae,Rhinolophus,Rhinolophus macrotis,,,,Rhinolophoidea,Rhinolophinae,,,,,,,,
Ovibos moschatus,cellular organisms,Eukaryota,Boreoeutheria,Metazoa,Chordata,Craniata,Sarcopterygii,Mammalia,Laurasiatheria,Artiodactyla,Ruminantia,Bovidae,Ovibos,Ovibos moschatus,,Pecora,,,Caprinae,,,,,,,,
Podarcis siculus; sex: female,,,,,,,,,,,,,,,,,,,,,,,,,,,
Podarcis siculus; sex: male,,,,,,,,,,,,,,,,,,,,,,,,,,,
Tarentola mauritanica; sex: female,,,,,,,,,,,,,,,,,,,,,,,,,,,
Tarentola mauritanica; sex: male,,,,,,,,,,,,,,,,,,,,,,,,,,,
Canis lupus (wolf),cellular organisms,Eukaryota,Boreoeutheria,Metazoa,Chordata,Craniata,Sarcopterygii,Mammalia,Laurasiatheria,Carnivora,Caniformia,Canidae,Canis,Canis lupus,,,,,,,,,,,,,
Cervus elaphus (red deer),cellular organisms,Eukaryota,Boreoeutheria,Metazoa,Chordata,Craniata,Sarcopterygii,Mammalia,Laurasiatheria,Artiodactyla,Ruminantia,Cervidae,Cervus,Cervus elaphus,,Pecora,,,Cervinae,,,,,,,,
Mustelidae,cellular organisms,Eukaryota,Boreoeutheria,Metazoa,Chordata,Craniata,Sarcopterygii,Mammalia,Laurasiatheria,Carnivora,Caniformia,Mustelidae,,,,,,Musteloidea,,,,,,,,,
Hystrix cristata (porcupine),,,,,,,,,,,,,,,,,,,,,,,,,,,
rodent,cellular organisms,Eukaryota,Glires,Metazoa,Chordata,Craniata,Sarcopterygii,Mammalia,Euarchontoglires,Rodentia,,,,,,,,,,,,,,,,,
feline,,,,,,,,,,,,,,,,,,,,,,,,,,,
Bufo gargarizans,cellular organisms,Eukaryota,Tetrapoda,Metazoa,Chordata,Craniata,Sarcopterygii,Amphibia,Batrachia,Anura,Neobatrachia,Bufonidae,Bufo,Bufo gargarizans,,,,Hyloidea,,,Bufo gargarizans species complex,,,,,,
Sus scrofa domesticus (pig),,,,,,,,,,,,,,,,,,,,,,,,,,,
Rattus flavipectus,cellular organisms,Eukaryota,Muroidea,Metazoa,Chordata,Craniata,Sarcopterygii,Mammalia,Euarchontoglires,Rodentia,Myomorpha,Muridae,Rattus,Rattus flavipectus,,,,,Murinae,,,,,,,,
Hippocampus erectus,cellular organisms,Eukaryota,Syngnathiaria,Metazoa,Chordata,Craniata,Actinopterygii,Actinopteri,,Syngnathiformes,Syngnathoidei,Syngnathidae,Hippocampus,Hippocampus erectus,,,,,Hippocampinae,Teleostei,,Neopterygii,Euteleosteomorpha,,,,
environment,,,,,,,,,,,,,,,,,,,,,,,,,,,
goose embryo,,,,,,,,,,,,,,,,,,,,,,,,,,,
Cow,cellular organisms,Eukaryota,Boreoeutheria,Metazoa,Chordata,Craniata,Sarcopterygii,Mammalia,Laurasiatheria,Artiodactyla,Ruminantia,Bovidae,Bos,Bos taurus,,Pecora,,,Bovinae,,,,,,,,
Blenniella sp.,,,,,,,,,,,,,,,,,,,,,,,,,,,
Luposicya lupus,,,,,,,,,,,,,,,,,,,,,,,,,,,
Istigobius goldmanni,cellular organisms,Eukaryota,Gobiaria,Metazoa,Chordata,Craniata,Actinopterygii,Actinopteri,,Gobiiformes,Gobioidei,Gobiidae,Istigobius,Istigobius goldmanni,,,,,Gobiinae,Teleostei,,Neopterygii,Euteleosteomorpha,,,,
Asterropteryx semipunctata,cellular organisms,Eukaryota,Gobiaria,Metazoa,Chordata,Craniata,Actinopterygii,Actinopteri,,Gobiiformes,Gobioidei,Gobiidae,Asterropteryx,Asterropteryx semipunctata,,,,,Gobiinae,Teleostei,,Neopterygii,Euteleosteomorpha,,,,
Istigobius nigroocellatus,cellular organisms,Eukaryota,Gobiaria,Metazoa,Chordata,Craniata,Actinopterygii,Actinopteri,,Gobiiformes,Gobioidei,Gobiidae,Istigobius,Istigobius nigroocellatus,,,,,Gobiinae,Teleostei,,Neopterygii,Euteleosteomorpha,,,,
Istigobius decoratus,cellular organisms,Eukaryota,Gobiaria,Metazoa,Chordata,Craniata,Actinopterygii,Actinopteri,,Gobiiformes,Gobioidei,Gobiidae,Istigobius,Istigobius decoratus,,,,,Gobiinae,Teleostei,,Neopterygii,Euteleosteomorpha,,,,
Cabillus tongarevae,cellular organisms,Eukaryota,Gobiaria,Metazoa,Chordata,Craniata,Actinopterygii,Actinopteri,,Gobiiformes,Gobioidei,Gobiidae,Cabillus,Cabillus tongarevae,,,,,Gobiinae,Teleostei,,Neopterygii,Euteleosteomorpha,,,,
Capreolus capreolus (roe deer),,,,,,,,,,,,,,,,,,,,,,,,,,,
Vulpes vulpes (red fox),cellular organisms,Eukaryota,Boreoeutheria,Metazoa,Chordata,Craniata,Sarcopterygii,Mammalia,Laurasiatheria,Carnivora,Caniformia,Canidae,Vulpes,Vulpes vulpes,,,,,,,,,,,,,
Sichuan takin,cellular organisms,Eukaryota,Boreoeutheria,Metazoa,Chordata,Craniata,Sarcopterygii,Mammalia,Laurasiatheria,Artiodactyla,Ruminantia,Bovidae,Budorcas,Budorcas tibetana,,Pecora,,,Caprinae,,,,,,,,
Water buffalo,cellular organisms,Eukaryota,Boreoeutheria,Metazoa,Chordata,Craniata,Sarcopterygii,Mammalia,Laurasiatheria,Artiodactyla,Ruminantia,Bovidae,Bubalus,Bubalus bubalis,,Pecora,,,Bovinae,,,,,,,,
Gallus gallus domesticus (broiler),,,,,,,,,,,,,,,,,,,,,,,,,,,
cow,cellular organisms,Eukaryota,Boreoeutheria,Metazoa,Chordata,Craniata,Sarcopterygii,Mammalia,Laurasiatheria,Artiodactyla,Ruminantia,Bovidae,Bos,Bos taurus,,Pecora,,,Bovinae,,,,,,,,
rhinos,,,,,,,,,,,,,,,,,,,,,,,,,,,
deer,cellular organisms,Eukaryota,Boreoeutheria,Metazoa,Chordata,Craniata,Sarcopterygii,Mammalia,Laurasiatheria,Artiodactyla,Ruminantia,Cervidae,,,,Pecora,,,,,,,,,,,
piglet,,,,,,,,,,,,,,,,,,,,,,,,,,,
Camelus bactrianus,cellular organisms,Eukaryota,Boreoeutheria,Metazoa,Chordata,Craniata,Sarcopterygii,Mammalia,Laurasiatheria,Artiodactyla,Tylopoda,Camelidae,Camelus,Camelus bactrianus,,,,,,,,,,,,,
Camelus dromedarius,cellular organisms,Eukaryota,Boreoeutheria,Metazoa,Chordata,Craniata,Sarcopterygii,Mammalia,Laurasiatheria,Artiodactyla,Tylopoda,Camelidae,Camelus,Camelus dromedarius,,,,,,,,,,,,,
landaise,,,,,,,,,,,,,,,,,,,,,,,,,,,
murine,,,,,,,,,,,,,,,,,,,,,,,,,,,
Corvus frugilegus,cellular organisms,Eukaryota,Australaves,Metazoa,Chordata,Craniata,Sarcopterygii,Aves,,Passeriformes,,Corvidae,Corvus,Corvus frugilegus,,,,Corvoidea,,Neognathae,,,,,,,
Coloeus monedula,cellular organisms,Eukaryota,Australaves,Metazoa,Chordata,Craniata,Sarcopterygii,Aves,,Passeriformes,,Corvidae,Coloeus,Coloeus monedula,,,,Corvoidea,,Neognathae,,,,,,,
Hirundo rustica,cellular organisms,Eukaryota,Australaves,Metazoa,Chordata,Craniata,Sarcopterygii,Aves,,Passeriformes,,Hirundinidae,Hirundo,Hirundo rustica,,,,Sylvioidea,,Neognathae,,,,,,,
Merops apiaster,cellular organisms,Eukaryota,Coraciimorphae,Metazoa,Chordata,Craniata,Sarcopterygii,Aves,,Coraciiformes,,Meropidae,Merops,Merops apiaster,,,,,,Neognathae,,,,,,,
Hydroprogne caspia,cellular organisms,Eukaryota,Neoaves,Metazoa,Chordata,Craniata,Sarcopterygii,Aves,,Charadriiformes,,Laridae,Hydroprogne,Hydroprogne caspia,,,,,,Neognathae,,,,,,,
Porcine,,,,,,,,,,,,,,,,,,,,,,,,,,,
Strophurus ciliaris,cellular organisms,Eukaryota,Bifurcata,Metazoa,Chordata,Craniata,Sarcopterygii,Lepidosauria,,Squamata,,Diplodactylidae,Strophurus,Strophurus ciliaris,,Gekkota,,Pygopoidea,,,,,,,,,
goslings,,,,,,,,,,,,,,,,,,,,,,,,,,,
Anser indicus,cellular organisms,Eukaryota,Coelurosauria,Metazoa,Chordata,Craniata,Sarcopterygii,Aves,Galloanserae,Anseriformes,,Anatidae,Anser,Anser indicus,,,,,Anserinae,Neognathae,,,,,,,
Mus pahari,cellular organisms,Eukaryota,Muroidea,Metazoa,Chordata,Craniata,Sarcopterygii,Mammalia,Euarchontoglires,Rodentia,Myomorpha,Muridae,Mus,Mus pahari,,,,,Murinae,,,,,,Coelomys,,
Mus caroli,cellular organisms,Eukaryota,Muroidea,Metazoa,Chordata,Craniata,Sarcopterygii,Mammalia,Euarchontoglires,Rodentia,Myomorpha,Muridae,Mus,Mus caroli,,,,,Murinae,,,,,,Mus,,
porcupine,,,,,,,,,,,,,,,,,,,,,,,,,,,
Manis javanica,cellular organisms,Eukaryota,Boreoeutheria,Metazoa,Chordata,Craniata,Sarcopterygii,Mammalia,Laurasiatheria,Pholidota,,Manidae,Manis,Manis javanica,,,,,,,,,,,,,
50-day-old Landes geese,cellular organisms,Eukaryota,Coelurosauria,Metazoa,Chordata,Craniata,Sarcopterygii,Aves,Galloanserae,Anseriformes,,Anatidae,Anser,,,,,,Anserinae,Neognathae,,,,,,,
Miniopterus africanus,cellular organisms,Eukaryota,Boreoeutheria,Metazoa,Chordata,Craniata,Sarcopterygii,Mammalia,Laurasiatheria,Chiroptera,Yangochiroptera,Miniopteridae,Miniopterus,Miniopterus africanus,,,,,,,,,,,,,
Miniopterus natalensis,cellular organisms,Eukaryota,Boreoeutheria,Metazoa,Chordata,Craniata,Sarcopterygii,Mammalia,Laurasiatheria,Chiroptera,Yangochiroptera,Miniopteridae,Miniopterus,Miniopterus natalensis,,,,,,,,,,,,,
Meriones unguiculatus,cellular organisms,Eukaryota,Muroidea,Metazoa,Chordata,Craniata,Sarcopterygii,Mammalia,Euarchontoglires,Rodentia,Myomorpha,Muridae,Meriones,Meriones unguiculatus,,,,,Gerbillinae,,,,,,,,
Crow,,,,,,,,,,,,,,,,,,,,,,,,,,,
home mice,cellular organisms,Eukaryota,Muroidea,Metazoa,Chordata,Craniata,Sarcopterygii,Mammalia,Euarchontoglires,Rodentia,Myomorpha,Muridae,Mus,Mus sp.,,,,,Murinae,,,,,,,,
Spilopelia senegalensis,cellular organisms,Eukaryota,Columbimorphae,Metazoa,Chordata,Craniata,Sarcopterygii,Aves,,Columbiformes,,Columbidae,Spilopelia,Spilopelia senegalensis,,,,,,Neognathae,,,,,,,
Spatula clypeata,cellular organisms,Eukaryota,Coelurosauria,Metazoa,Chordata,Craniata,Sarcopterygii,Aves,Galloanserae,Anseriformes,,Anatidae,Spatula,Spatula clypeata,,,,,Anatinae,Neognathae,,,,,,,
Myotis fimbriatus,cellular organisms,Eukaryota,Boreoeutheria,Metazoa,Chordata,Craniata,Sarcopterygii,Mammalia,Laurasiatheria,Chiroptera,Yangochiroptera,Vespertilionidae,Myotis,Myotis fimbriatus,,,,,,,,,,,,,
Leersia hexandra,cellular organisms,Eukaryota,BOP clade,Viridiplantae,Streptophyta,Streptophytina,,Magnoliopsida,,Poales,,Poaceae,Leersia,Leersia hexandra,,,,,Oryzoideae,,,Petrosaviidae,,Oryzeae,,Oryzinae,
Mus musculus; IFNAR KO,,,,,,,,,,,,,,,,,,,,,,,,,,,
Calliope calliope,cellular organisms,Eukaryota,Australaves,Metazoa,Chordata,Craniata,Sarcopterygii,Aves,,Passeriformes,,Muscicapidae,Calliope,Calliope calliope,,,,,,Neognathae,,,,,,,
Cyanopica cyanus,cellular organisms,Eukaryota,Australaves,Metazoa,Chordata,Craniata,Sarcopterygii,Aves,,Passeriformes,,Corvidae,Cyanopica,Cyanopica cyanus,,,,Corvoidea,,Neognathae,,,,,,,
Phylloscopus inornatus,cellular organisms,Eukaryota,Australaves,Metazoa,Chordata,Craniata,Sarcopterygii,Aves,,Passeriformes,,Phylloscopidae,Phylloscopus,Phylloscopus inornatus,,,,Sylvioidea,,Neognathae,,,,,,,
Periparus ater,cellular organisms,Eukaryota,Australaves,Metazoa,Chordata,Craniata,Sarcopterygii,Aves,,Passeriformes,,Paridae,Periparus,Periparus ater,,,,,,Neognathae,,,,,,,
Prunella montanella,cellular organisms,Eukaryota,Australaves,Metazoa,Chordata,Craniata,Sarcopterygii,Aves,,Passeriformes,,Prunellidae,Prunella,Prunella montanella,,,,Passeroidea,,Neognathae,,,,,,,
domestic cat; sex: male,,,,,,,,,,,,,,,,,,,,,,,,,,,
Turdus philomelos,cellular organisms,Eukaryota,Australaves,Metazoa,Chordata,Craniata,Sarcopterygii,Aves,,Passeriformes,,Turdidae,Turdus,Turdus philomelos,,,,,,Neognathae,,,,,,,
chimpanzee,cellular organisms,Eukaryota,Boreoeutheria,Metazoa,Chordata,Craniata,Sarcopterygii,Mammalia,Euarchontoglires,Primates,Haplorrhini,Hominidae,Pan,Pan troglodytes,,Simiiformes,Catarrhini,Hominoidea,Homininae,,,,,,,,
Petroica macrocephala,cellular organisms,Eukaryota,Australaves,Metazoa,Chordata,Craniata,Sarcopterygii,Aves,,Passeriformes,,Petroicidae,Petroica,Petroica macrocephala,,,,,,Neognathae,,,,,,,
Zosterops lateralis,cellular organisms,Eukaryota,Australaves,Metazoa,Chordata,Craniata,Sarcopterygii,Aves,,Passeriformes,,Zosteropidae,Zosterops,Zosterops lateralis,,,,Sylvioidea,,Neognathae,,,,,,,
Paradoxurus hermaphroditus,cellular organisms,Eukaryota,Boreoeutheria,Metazoa,Chordata,Craniata,Sarcopterygii,Mammalia,Laurasiatheria,Carnivora,Feliformia,Viverridae,Paradoxurus,Paradoxurus hermaphroditus,,,,,Paradoxurinae,,,,,,,,
Paguma larvata,cellular organisms,Eukaryota,Boreoeutheria,Metazoa,Chordata,Craniata,Sarcopterygii,Mammalia,Laurasiatheria,Carnivora,Feliformia,Viverridae,Paguma,Paguma larvata,,,,,Paradoxurinae,,,,,,,,
Chicken,cellular organisms,Eukaryota,Coelurosauria,Metazoa,Chordata,Craniata,Sarcopterygii,Aves,Galloanserae,Galliformes,,Phasianidae,Gallus,Gallus gallus,,,,,Phasianinae,Neognathae,,,,,,,
domestic pig,cellular organisms,Eukaryota,Boreoeutheria,Metazoa,Chordata,Craniata,Sarcopterygii,Mammalia,Laurasiatheria,Artiodactyla,Suina,Suidae,Sus,Sus scrofa,Sus scrofa domesticus,,,,,,,,,,,,
Myodes,cellular organisms,Eukaryota,Muroidea,Metazoa,Chordata,Craniata,Sarcopterygii,Mammalia,Euarchontoglires,Rodentia,Myomorpha,Cricetidae,Myodes,,,,,,Arvicolinae,,,,,,,,
Coypu,cellular organisms,Eukaryota,Glires,Metazoa,Chordata,Craniata,Sarcopterygii,Mammalia,Euarchontoglires,Rodentia,Hystricomorpha,Myocastoridae,Myocastor,Myocastor coypus,,,,,,,,,,,,,
Gobiomorphus cotidianus,cellular organisms,Eukaryota,Gobiaria,Metazoa,Chordata,Craniata,Actinopterygii,Actinopteri,,Gobiiformes,Eleotroidei,Eleotridae,Gobiomorphus,Gobiomorphus cotidianus,,,,,Eleotrinae,Teleostei,,Neopterygii,Euteleosteomorpha,,,,
Hoary bamboo rat,cellular organisms,Eukaryota,Muroidea,Metazoa,Chordata,Craniata,Sarcopterygii,Mammalia,Euarchontoglires,Rodentia,Myomorpha,Spalacidae,Rhizomys,Rhizomys pruinosus,,,,,Rhizomyinae,,,,,,,,
Porcupine,,,,,,,,,,,,,,,,,,,,,,,,,,,
rabbit,cellular organisms,Eukaryota,Glires,Metazoa,Chordata,Craniata,Sarcopterygii,Mammalia,Euarchontoglires,Lagomorpha,,Leporidae,Oryctolagus,Oryctolagus cuniculus,,,,,,,,,,,,,
coypu,cellular organisms,Eukaryota,Glires,Metazoa,Chordata,Craniata,Sarcopterygii,Mammalia,Euarchontoglires,Rodentia,Hystricomorpha,Myocastoridae,Myocastor,Myocastor coypus,,,,,,,,,,,,,
raccoon dog,cellular organisms,Eukaryota,Boreoeutheria,Metazoa,Chordata,Craniata,Sarcopterygii,Mammalia,Laurasiatheria,Carnivora,Caniformia,Canidae,Nyctereutes,Nyctereutes procyonoides,,,,,,,,,,,,,
eurasian red squirrel,cellular organisms,Eukaryota,Glires,Metazoa,Chordata,Craniata,Sarcopterygii,Mammalia,Euarchontoglires,Rodentia,Sciuromorpha,Sciuridae,Sciurus,Sciurus vulgaris,,,,,Sciurinae,,,,,Sciurini,,,
masked palm civet,cellular organisms,Eukaryota,Boreoeutheria,Metazoa,Chordata,Craniata,Sarcopterygii,Mammalia,Laurasiatheria,Carnivora,Feliformia,Viverridae,Paguma,Paguma larvata,,,,,Paradoxurinae,,,,,,,,
pallas's squirrel,cellular organisms,Eukaryota,Glires,Metazoa,Chordata,Craniata,Sarcopterygii,Mammalia,Euarchontoglires,Rodentia,Sciuromorpha,Sciuridae,Callosciurus,Callosciurus erythraeus,,,,,Callosciurinae,,,,,Callosciurini,,,
hoary bamboo rat,cellular organisms,Eukaryota,Muroidea,Metazoa,Chordata,Craniata,Sarcopterygii,Mammalia,Euarchontoglires,Rodentia,Myomorpha,Spalacidae,Rhizomys,Rhizomys pruinosus,,,,,Rhizomyinae,,,,,,,,
Raccoon dog,cellular organisms,Eukaryota,Boreoeutheria,Metazoa,Chordata,Craniata,Sarcopterygii,Mammalia,Laurasiatheria,Carnivora,Caniformia,Canidae,Nyctereutes,Nyctereutes procyonoides,,,,,,,,,,,,,
Eurasian red squirrel,cellular organisms,Eukaryota,Glires,Metazoa,Chordata,Craniata,Sarcopterygii,Mammalia,Euarchontoglires,Rodentia,Sciuromorpha,Sciuridae,Sciurus,Sciurus vulgaris,,,,,Sciurinae,,,,,Sciurini,,,
Ailurus fulgens,cellular organisms,Eukaryota,Boreoeutheria,Metazoa,Chordata,Craniata,Sarcopterygii,Mammalia,Laurasiatheria,Carnivora,Caniformia,Ailuridae,Ailurus,Ailurus fulgens,,,,Musteloidea,,,,,,,,,
Tetragnatha nitens,cellular organisms,Eukaryota,Orbiculariae,Metazoa,Arthropoda,Chelicerata,,Arachnida,,Araneae,Araneomorphae,Tetragnathidae,Tetragnatha,Tetragnatha nitens,,,,Araneoidea,,,,,,,,,
Culex tritaeniorhynchus,cellular organisms,Eukaryota,Dicondylia,Metazoa,Arthropoda,Hexapoda,,Insecta,,Diptera,Nematocera,Culicidae,Culex,Culex tritaeniorhynchus,,Culicomorpha,,Culicoidea,Culicinae,Neoptera,,Pterygota,Endopterygota,Culicini,Culex,,
shellfish,,,,,,,,,,,,,,,,,,,,,,,,,,,
Miniopterus gleni; UABBA 33031; male,,,,,,,,,,,,,,,,,,,,,,,,,,,
Miniopterus gleni; FMNH 221332; male,,,,,,,,,,,,,,,,,,,,,,,,,,,
Miniopterus gleni; FMNH 221331; male,,,,,,,,,,,,,,,,,,,,,,,,,,,
Miniopterus gleni; FMNH 221330; male,,,,,,,,,,,,,,,,,,,,,,,,,,,
Miniopterus gleni; UADBA 33027; male,,,,,,,,,,,,,,,,,,,,,,,,,,,
Macronycteris commersoni; UADBA 50272; female,,,,,,,,,,,,,,,,,,,,,,,,,,,
Macronycteris commersoni; UADBA 50270; female,,,,,,,,,,,,,,,,,,,,,,,,,,,
Macronycteris commersoni; FMNH 218012; female,,,,,,,,,,,,,,,,,,,,,,,,,,,
Mops leucostigma; female,,,,,,,,,,,,,,,,,,,,,,,,,,,
Mops leucostigma; male,,,,,,,,,,,,,,,,,,,,,,,,,,,
Chaerephon leucogaster; male,,,,,,,,,,,,,,,,,,,,,,,,,,,
Triaenops menamena; FMNH 218069; male,,,,,,,,,,,,,,,,,,,,,,,,,,,
Triaenops menamena; FMNH 218064; male,,,,,,,,,,,,,,,,,,,,,,,,,,,
Triaenops menamena; UADBA 50149; male,,,,,,,,,,,,,,,,,,,,,,,,,,,
Triaenops menamena; UADBA 50147; male,,,,,,,,,,,,,,,,,,,,,,,,,,,
Triaenops menamena; UADBA 50148; male,,,,,,,,,,,,,,,,,,,,,,,,,,,
Miniopterus sororculus; FMNH 218037; female,,,,,,,,,,,,,,,,,,,,,,,,,,,
Miniopterus sororculus; FMNH 218034; female,,,,,,,,,,,,,,,,,,,,,,,,,,,
Miniopterus sororculus; UADBA 50344; female,,,,,,,,,,,,,,,,,,,,,,,,,,,
Miniopterus mahafaliensis; FMNH 218028; male,,,,,,,,,,,,,,,,,,,,,,,,,,,
Miniopterus manavi; UADBA 33041; male,,,,,,,,,,,,,,,,,,,,,,,,,,,
Miniopterus manavi; UADBA 33039; male,,,,,,,,,,,,,,,,,,,,,,,,,,,
Miniopterus manavi; UADBA 33038; male,,,,,,,,,,,,,,,,,,,,,,,,,,,
Miniopterus manavi; UADBA 33036; male,,,,,,,,,,,,,,,,,,,,,,,,,,,
Miniopterus manavi; UADBA 33034; male,,,,,,,,,,,,,,,,,,,,,,,,,,,
Miniopterus manavi; UADBA 33033; male,,,,,,,,,,,,,,,,,,,,,,,,,,,
Miniopterus manavi; FMNH 221429; male,,,,,,,,,,,,,,,,,,,,,,,,,,,
Miniopterus manavi; FMNH 221428; male,,,,,,,,,,,,,,,,,,,,,,,,,,,
Miniopterus mahafaliensis; UADBA 50159; male,,,,,,,,,,,,,,,,,,,,,,,,,,,
Miniopterus mahafaliensis; FMNH 218040; male,,,,,,,,,,,,,,,,,,,,,,,,,,,
Miniopterus gleni; UADBA 50170; male,,,,,,,,,,,,,,,,,,,,,,,,,,,
Miniopterus gleni; UADBA 50174; male,,,,,,,,,,,,,,,,,,,,,,,,,,,
Miniopterus gleni; UADBA 50171; male,,,,,,,,,,,,,,,,,,,,,,,,,,,
spotted dove,cellular organisms,Eukaryota,Columbimorphae,Metazoa,Chordata,Craniata,Sarcopterygii,Aves,,Columbiformes,,Columbidae,Spilopelia,Spilopelia chinensis,,,,,,Neognathae,,,,,,,
feral pigeon,,,,,,,,,,,,,,,,,,,,,,,,,,,
white eye,,,,,,,,,,,,,,,,,,,,,,,,,,,
house crow,cellular organisms,Eukaryota,Australaves,Metazoa,Chordata,Craniata,Sarcopterygii,Aves,,Passeriformes,,Corvidae,Corvus,Corvus splendens,,,,Corvoidea,,Neognathae,,,,,,,
Phrynocephalus theobaldi,cellular organisms,Eukaryota,Acrodonta,Metazoa,Chordata,Craniata,Sarcopterygii,Lepidosauria,,Squamata,Iguania,Agamidae,Phrynocephalus,Phrynocephalus theobaldi,,,,,Agaminae,,,,,,,,
Phrynocephalus erythrurus,cellular organisms,Eukaryota,Acrodonta,Metazoa,Chordata,Craniata,Sarcopterygii,Lepidosauria,,Squamata,Iguania,Agamidae,Phrynocephalus,Phrynocephalus erythrurus,,,,,Agaminae,,,,,,,,
Eptesicus regulus,cellular organisms,Eukaryota,Boreoeutheria,Metazoa,Chordata,Craniata,Sarcopterygii,Mammalia,Laurasiatheria,Chiroptera,Yangochiroptera,Vespertilionidae,Vespadelus,Vespadelus regulus,,,,,,,,,,,,,
Muscovy-duck,cellular organisms,Eukaryota,Coelurosauria,Metazoa,Chordata,Craniata,Sarcopterygii,Aves,Galloanserae,Anseriformes,,Anatidae,Cairina,Cairina moschata,,,,,Anatinae,Neognathae,,,,,,,
mice,cellular organisms,Eukaryota,Muroidea,Metazoa,Chordata,Craniata,Sarcopterygii,Mammalia,Euarchontoglires,Rodentia,Myomorpha,Muridae,Mus,Mus sp.,,,,,Murinae,,,,,,,,
Vespula vulgaris,cellular organisms,Eukaryota,Dicondylia,Metazoa,Arthropoda,Hexapoda,,Insecta,,Hymenoptera,Apocrita,Vespidae,Vespula,Vespula vulgaris,,Aculeata,,Vespoidea,Vespinae,Neoptera,,Pterygota,Endopterygota,,,,
Mormopterus francoismoutoui (Reunion Free-tailed Bat),,,,,,,,,,,,,,,,,,,,,,,,,,,
Macaca mulatta,cellular organisms,Eukaryota,Boreoeutheria,Metazoa,Chordata,Craniata,Sarcopterygii,Mammalia,Euarchontoglires,Primates,Haplorrhini,Cercopithecidae,Macaca,Macaca mulatta,,Simiiformes,Catarrhini,Cercopithecoidea,Cercopithecinae,,,,,,,,
Arenaria interpres (ruddy turnstone),cellular organisms,Eukaryota,Neoaves,Metazoa,Chordata,Craniata,Sarcopterygii,Aves,,Charadriiformes,,Scolopacidae,Arenaria,Arenaria interpres,,,,,,Neognathae,,,,,,,
Rhinolophus thomasi; mixed sex,,,,,,,,,,,,,,,,,,,,,,,,,,,
Roussetus leschenaulti; mixed sex,,,,,,,,,,,,,,,,,,,,,,,,,,,
marmot,,,,,,,,,,,,,,,,,,,,,,,,,,,
Rattus norvegicus (Norway rat),cellular organisms,Eukaryota,Muroidea,Metazoa,Chordata,Craniata,Sarcopterygii,Mammalia,Euarchontoglires,Rodentia,Myomorpha,Muridae,Rattus,Rattus norvegicus,,,,,Murinae,,,,,,,,
Odobenus rosmarus,cellular organisms,Eukaryota,Pinnipedia,Metazoa,Chordata,Craniata,Sarcopterygii,Mammalia,Laurasiatheria,Carnivora,Caniformia,Odobenidae,Odobenus,Odobenus rosmarus,,,,,,,,,,,,,
Myotis daubentonii,cellular organisms,Eukaryota,Boreoeutheria,Metazoa,Chordata,Craniata,Sarcopterygii,Mammalia,Laurasiatheria,Chiroptera,Yangochiroptera,Vespertilionidae,Myotis,Myotis daubentonii,,,,,,,,,,,,,
Zalophus californianus,cellular organisms,Eukaryota,Pinnipedia,Metazoa,Chordata,Craniata,Sarcopterygii,Mammalia,Laurasiatheria,Carnivora,Caniformia,Otariidae,Zalophus,Zalophus californianus,,,,,,,,,,,,,
Helianthus niveus,cellular organisms,Eukaryota,Heliantheae alliance,Viridiplantae,Streptophyta,Streptophytina,,Magnoliopsida,,Asterales,,Asteraceae,Helianthus,Helianthus niveus,,,,,Asteroideae,,,,,Heliantheae,,,
Vespertilio murinus,cellular organisms,Eukaryota,Boreoeutheria,Metazoa,Chordata,Craniata,Sarcopterygii,Mammalia,Laurasiatheria,Chiroptera,Yangochiroptera,Vespertilionidae,Vespertilio,Vespertilio murinus,,,,,,,,,,,,,
Nyctaus noctula,,,,,,,,,,,,,,,,,,,,,,,,,,,
Plecotus auritus,cellular organisms,Eukaryota,Boreoeutheria,Metazoa,Chordata,Craniata,Sarcopterygii,Mammalia,Laurasiatheria,Chiroptera,Yangochiroptera,Vespertilionidae,Plecotus,Plecotus auritus,,,,,,,,,,,,,
Pipistrellus sp. pipistrellus/pygmaeus AO-2021,cellular organisms,Eukaryota,Boreoeutheria,Metazoa,Chordata,Craniata,Sarcopterygii,Mammalia,Laurasiatheria,Chiroptera,Yangochiroptera,Vespertilionidae,Pipistrellus,Pipistrellus sp.,,,,,,,,,,,,,
Melanotaenia fluviatilis,cellular organisms,Eukaryota,Ovalentaria,Metazoa,Chordata,Craniata,Actinopterygii,Actinopteri,Atherinomorphae,Atheriniformes,,Melanotaeniidae,Melanotaenia,Melanotaenia fluviatilis,,,,,,Teleostei,,Neopterygii,Euteleosteomorpha,,,,
Gambusia holbrooki,cellular organisms,Eukaryota,Ovalentaria,Metazoa,Chordata,Craniata,Actinopterygii,Actinopteri,Atherinomorphae,Cyprinodontiformes,Cyprinodontoidei,Poeciliidae,Gambusia,Gambusia holbrooki,,,,,Poeciliinae,Teleostei,,Neopterygii,Euteleosteomorpha,,,,
Leiopotherapon unicolor,cellular organisms,Eukaryota,Eupercaria,Metazoa,Chordata,Craniata,Actinopterygii,Actinopteri,,Centrarchiformes,,Terapontidae,Leiopotherapon,Leiopotherapon unicolor,,,,Terapontoidei,,Teleostei,,Neopterygii,Euteleosteomorpha,,,,
water buffalo,cellular organisms,Eukaryota,Boreoeutheria,Metazoa,Chordata,Craniata,Sarcopterygii,Mammalia,Laurasiatheria,Artiodactyla,Ruminantia,Bovidae,Bubalus,Bubalus bubalis,,Pecora,,,Bovinae,,,,,,,,
Neovison vison,cellular organisms,Eukaryota,Boreoeutheria,Metazoa,Chordata,Craniata,Sarcopterygii,Mammalia,Laurasiatheria,Carnivora,Caniformia,Mustelidae,Neogale,Neogale vison,,,,Musteloidea,Mustelinae,,,,,,,,
Jinding ducks,cellular organisms,Eukaryota,Coelurosauria,Metazoa,Chordata,Craniata,Sarcopterygii,Aves,Galloanserae,Anseriformes,,Anatidae,Anas,,,,,,Anatinae,Neognathae,,,,,,,
Desmodus rotundus,cellular organisms,Eukaryota,Boreoeutheria,Metazoa,Chordata,Craniata,Sarcopterygii,Mammalia,Laurasiatheria,Chiroptera,Yangochiroptera,Phyllostomidae,Desmodus,Desmodus rotundus,,,,,Desmodontinae,,,,,,,,
Meleagris gallopavo,cellular organisms,Eukaryota,Coelurosauria,Metazoa,Chordata,Craniata,Sarcopterygii,Aves,Galloanserae,Galliformes,,Phasianidae,Meleagris,Meleagris gallopavo,,,,,Meleagridinae,Neognathae,,,,,,,
Homo sapiens; 2 years 2 months old; female,,,,,,,,,,,,,,,,,,,,,,,,,,,
Homo sapiens; 2 years old; female,,,,,,,,,,,,,,,,,,,,,,,,,,,
Homo sapiens; 1 year 9 months old; female,,,,,,,,,,,,,,,,,,,,,,,,,,,
Homo sapiens; 2 years 6 months old; female,,,,,,,,,,,,,,,,,,,,,,,,,,,
Homo sapiens; 36 years old; female,,,,,,,,,,,,,,,,,,,,,,,,,,,
Homo sapiens; 2 years 5 months old; male,,,,,,,,,,,,,,,,,,,,,,,,,,,
Homo sapiens; 1 year 10 months old; male,,,,,,,,,,,,,,,,,,,,,,,,,,,
Homo sapiens; 2 years 3 months old; female,,,,,,,,,,,,,,,,,,,,,,,,,,,
Homo sapiens; 1 year 11 months old; female,,,,,,,,,,,,,,,,,,,,,,,,,,,
Homo sapiens; 1 year 5 months old; female,,,,,,,,,,,,,,,,,,,,,,,,,,,
Homo sapiens; 1 year 3 months old; male,,,,,,,,,,,,,,,,,,,,,,,,,,,
Homo sapiens; 1 year 3 months old; female,,,,,,,,,,,,,,,,,,,,,,,,,,,
Homo sapiens; 5 months old; female,,,,,,,,,,,,,,,,,,,,,,,,,,,
Homo sapiens; 1 year old; male,,,,,,,,,,,,,,,,,,,,,,,,,,,
Homo sapiens; 1 year old; female,,,,,,,,,,,,,,,,,,,,,,,,,,,
Homo sapiens; 7 months old; female,,,,,,,,,,,,,,,,,,,,,,,,,,,
Homo sapiens; 11 months old; male,,,,,,,,,,,,,,,,,,,,,,,,,,,
Homo sapiens; infant (<5 years),,,,,,,,,,,,,,,,,,,,,,,,,,,
Homo sapiens; infant,,,,,,,,,,,,,,,,,,,,,,,,,,,
Chelidonichthys cuculus,cellular organisms,Eukaryota,Eupercaria,Metazoa,Chordata,Craniata,Actinopterygii,Actinopteri,,Perciformes,Triglioidei,Triglidae,Chelidonichthys,Chelidonichthys cuculus,,,,,,Teleostei,,Neopterygii,Euteleosteomorpha,,,,
Zeus faber,cellular organisms,Eukaryota,Zeariae,Metazoa,Chordata,Craniata,Actinopterygii,Actinopteri,,Zeiformes,,Zeidae,Zeus,Zeus faber,,,,,,Teleostei,,Neopterygii,Euteleosteomorpha,,,,
Platycephalus richardsoni,cellular organisms,Eukaryota,Eupercaria,Metazoa,Chordata,Craniata,Actinopterygii,Actinopteri,,Perciformes,Platycephaloidei,Platycephalidae,Platycephalus,Platycephalus richardsoni,,,,,,Teleostei,,Neopterygii,Euteleosteomorpha,,,,
Helicolenus barathri,cellular organisms,Eukaryota,Eupercaria,Metazoa,Chordata,Craniata,Actinopterygii,Actinopteri,,Perciformes,Scorpaenoidei,Sebastidae,Helicolenus,Helicolenus barathri,,,,,Sebastinae,Teleostei,,Neopterygii,Euteleosteomorpha,,,,
Rattus annandalei,cellular organisms,Eukaryota,Muroidea,Metazoa,Chordata,Craniata,Sarcopterygii,Mammalia,Euarchontoglires,Rodentia,Myomorpha,Muridae,Rattus,Rattus annandalei,,,,,Murinae,,,,,,,,
Mus musculus castaneus,cellular organisms,Eukaryota,Muroidea,Metazoa,Chordata,Craniata,Sarcopterygii,Mammalia,Euarchontoglires,Rodentia,Myomorpha,Muridae,Mus,Mus musculus,Mus musculus castaneus,,,,Murinae,,,,,,Mus,,
Callosciurus notatus,cellular organisms,Eukaryota,Glires,Metazoa,Chordata,Craniata,Sarcopterygii,Mammalia,Euarchontoglires,Rodentia,Sciuromorpha,Sciuridae,Callosciurus,Callosciurus notatus,,,,,Callosciurinae,,,,,Callosciurini,,,
Tupaia glis,cellular organisms,Eukaryota,Boreoeutheria,Metazoa,Chordata,Craniata,Sarcopterygii,Mammalia,Euarchontoglires,Scandentia,,Tupaiidae,Tupaia,Tupaia glis,,,,,,,,,,,,,
Gallus gallus broiler chicken,cellular organisms,Eukaryota,Coelurosauria,Metazoa,Chordata,Craniata,Sarcopterygii,Aves,Galloanserae,Galliformes,,Phasianidae,Gallus,Gallus gallus,,,,,Phasianinae,Neognathae,,,,,,,
Landaise goose,cellular organisms,Eukaryota,Coelurosauria,Metazoa,Chordata,Craniata,Sarcopterygii,Aves,Galloanserae,Anseriformes,,Anatidae,Anser,Anser sp.,,,,,Anserinae,Neognathae,,,,,,,
Vulpes vulpes,cellular organisms,Eukaryota,Boreoeutheria,Metazoa,Chordata,Craniata,Sarcopterygii,Mammalia,Laurasiatheria,Carnivora,Caniformia,Canidae,Vulpes,Vulpes vulpes,,,,,,,,,,,,,
Pipistrellus kuhlii,cellular organisms,Eukaryota,Boreoeutheria,Metazoa,Chordata,Craniata,Sarcopterygii,Mammalia,Laurasiatheria,Chiroptera,Yangochiroptera,Vespertilionidae,Pipistrellus,Pipistrellus kuhlii,,,,,,,,,,,,,
Artibeus planirostris,cellular organisms,Eukaryota,Boreoeutheria,Metazoa,Chordata,Craniata,Sarcopterygii,Mammalia,Laurasiatheria,Chiroptera,Yangochiroptera,Phyllostomidae,Artibeus,Artibeus planirostris,,,,,Stenodermatinae,,,,,,,,
Anas castanea,cellular organisms,Eukaryota,Coelurosauria,Metazoa,Chordata,Craniata,Sarcopterygii,Aves,Galloanserae,Anseriformes,,Anatidae,Anas,Anas castanea,,,,,Anatinae,Neognathae,,,,,,,
Anas superciliosa,cellular organisms,Eukaryota,Coelurosauria,Metazoa,Chordata,Craniata,Sarcopterygii,Aves,Galloanserae,Anseriformes,,Anatidae,Anas,Anas superciliosa,,,,,Anatinae,Neognathae,,,,,,,
Sus Scrofa,cellular organisms,Eukaryota,Boreoeutheria,Metazoa,Chordata,Craniata,Sarcopterygii,Mammalia,Laurasiatheria,Artiodactyla,Suina,Suidae,Sus,Sus scrofa,,,,,,,,,,,,,
buffalo,,,,,,,,,,,,,,,,,,,,,,,,,,,
Mandrillus sphinx,cellular organisms,Eukaryota,Boreoeutheria,Metazoa,Chordata,Craniata,Sarcopterygii,Mammalia,Euarchontoglires,Primates,Haplorrhini,Cercopithecidae,Mandrillus,Mandrillus sphinx,,Simiiformes,Catarrhini,Cercopithecoidea,Cercopithecinae,,,,,,,,
Bubalus bubalis,cellular organisms,Eukaryota,Boreoeutheria,Metazoa,Chordata,Craniata,Sarcopterygii,Mammalia,Laurasiatheria,Artiodactyla,Ruminantia,Bovidae,Bubalus,Bubalus bubalis,,Pecora,,,Bovinae,,,,,,,,
us musculus,cellular organisms,Eukaryota,Pteriomorphia,Metazoa,Mollusca,,,Bivalvia,,Mytilida,,Mytilidae,Musculus,,,,,Mytiloidea,Crenellinae,,,Autobranchia,,,,,
guinea pig,cellular organisms,Eukaryota,Glires,Metazoa,Chordata,Craniata,Sarcopterygii,Mammalia,Euarchontoglires,Rodentia,Hystricomorpha,Caviidae,Cavia,Cavia porcellus,,,,,,,,,,,,,
mouse,cellular organisms,Eukaryota,Muroidea,Metazoa,Chordata,Craniata,Sarcopterygii,Mammalia,Euarchontoglires,Rodentia,Myomorpha,Muridae,Mus,Mus musculus,,,,,Murinae,,,,,,Mus,,
Mus musculus; Rag2-/-Il2rg-/- genotype,,,,,,,,,,,,,,,,,,,,,,,,,,,
Tadarida brasiliensis bat,,,,,,,,,,,,,,,,,,,,,,,,,,,
Pan troglodytes (chimpanzee),cellular organisms,Eukaryota,Boreoeutheria,Metazoa,Chordata,Craniata,Sarcopterygii,Mammalia,Euarchontoglires,Primates,Haplorrhini,Hominidae,Pan,Pan troglodytes,,Simiiformes,Catarrhini,Hominoidea,Homininae,,,,,,,,
Solanum melongena L.,,,,,,,,,,,,,,,,,,,,,,,,,,,
grey squirrel,,,,,,,,,,,,,,,,,,,,,,,,,,,
Sus scrofa domestica (domestic swine),,,,,,,,,,,,,,,,,,,,,,,,,,,
Bos taurus breed Marchigiana,,,,,,,,,,,,,,,,,,,,,,,,,,,
Eidolon helvum,cellular organisms,Eukaryota,Boreoeutheria,Metazoa,Chordata,Craniata,Sarcopterygii,Mammalia,Laurasiatheria,Chiroptera,Yinpterochiroptera,Pteropodidae,Eidolon,Eidolon helvum,,,,Pteropodoidea,Pteropodinae,,,,,,,,
white-tailed deer,cellular organisms,Eukaryota,Boreoeutheria,Metazoa,Chordata,Craniata,Sarcopterygii,Mammalia,Laurasiatheria,Artiodactyla,Ruminantia,Cervidae,Odocoileus,Odocoileus virginianus,,Pecora,,,Odocoileinae,,,,,,,,
Macroglossus sobrinus,cellular organisms,Eukaryota,Boreoeutheria,Metazoa,Chordata,Craniata,Sarcopterygii,Mammalia,Laurasiatheria,Chiroptera,Yinpterochiroptera,Pteropodidae,Macroglossus,Macroglossus sobrinus,,,,Pteropodoidea,Macroglossinae,,,,,,,,
Rhinosciurus laticaudatus,cellular organisms,Eukaryota,Glires,Metazoa,Chordata,Craniata,Sarcopterygii,Mammalia,Euarchontoglires,Rodentia,Sciuromorpha,Sciuridae,Rhinosciurus,Rhinosciurus laticaudatus,,,,,Callosciurinae,,,,,Callosciurini,,,
Sundamys infraluteus,cellular organisms,Eukaryota,Muroidea,Metazoa,Chordata,Craniata,Sarcopterygii,Mammalia,Euarchontoglires,Rodentia,Myomorpha,Muridae,Sundamys,Sundamys infraluteus,,,,,Murinae,,,,,,,,
Rousettus amplexicaudatus,cellular organisms,Eukaryota,Boreoeutheria,Metazoa,Chordata,Craniata,Sarcopterygii,Mammalia,Laurasiatheria,Chiroptera,Yinpterochiroptera,Pteropodidae,Rousettus,Rousettus amplexicaudatus,,,,Pteropodoidea,Rousettinae,,,,,,,,
Balionycteris maculata,cellular organisms,Eukaryota,Boreoeutheria,Metazoa,Chordata,Craniata,Sarcopterygii,Mammalia,Laurasiatheria,Chiroptera,Yinpterochiroptera,Pteropodidae,Balionycteris,Balionycteris maculata,,,,Pteropodoidea,Cynopterinae,,,,,,,,
Macaca nemestrina,cellular organisms,Eukaryota,Boreoeutheria,Metazoa,Chordata,Craniata,Sarcopterygii,Mammalia,Euarchontoglires,Primates,Haplorrhini,Cercopithecidae,Macaca,Macaca nemestrina,,Simiiformes,Catarrhini,Cercopithecoidea,Cercopithecinae,,,,,,,,
Macaca fascicularis,cellular organisms,Eukaryota,Boreoeutheria,Metazoa,Chordata,Craniata,Sarcopterygii,Mammalia,Euarchontoglires,Primates,Haplorrhini,Cercopithecidae,Macaca,Macaca fascicularis,,Simiiformes,Catarrhini,Cercopithecoidea,Cercopithecinae,,,,,,,,
Arenaria interpres,cellular organisms,Eukaryota,Neoaves,Metazoa,Chordata,Craniata,Sarcopterygii,Aves,,Charadriiformes,,Scolopacidae,Arenaria,Arenaria interpres,,,,,,Neognathae,,,,,,,
Accipiter nisus (Eurasian sparrowhawk),cellular organisms,Eukaryota,Accipitrimorphae,Metazoa,Chordata,Craniata,Sarcopterygii,Aves,,Accipitriformes,,Accipitridae,Accipiter,Accipiter nisus,,,,,Accipitrinae,Neognathae,,,,,,,
Pteropus alecto,cellular organisms,Eukaryota,Boreoeutheria,Metazoa,Chordata,Craniata,Sarcopterygii,Mammalia,Laurasiatheria,Chiroptera,Yinpterochiroptera,Pteropodidae,Pteropus,Pteropus alecto,,,,Pteropodoidea,Pteropodinae,,,,,,,,
Acerodon celebensis,cellular organisms,Eukaryota,Boreoeutheria,Metazoa,Chordata,Craniata,Sarcopterygii,Mammalia,Laurasiatheria,Chiroptera,Yinpterochiroptera,Pteropodidae,Acerodon,Acerodon celebensis,,,,Pteropodoidea,Pteropodinae,,,,,,,,
Eothenomys cachinus,cellular organisms,Eukaryota,Muroidea,Metazoa,Chordata,Craniata,Sarcopterygii,Mammalia,Euarchontoglires,Rodentia,Myomorpha,Cricetidae,Eothenomys,Eothenomys cachinus,,,,,Arvicolinae,,,,,,,,
Rhizomys sinensis,cellular organisms,Eukaryota,Muroidea,Metazoa,Chordata,Craniata,Sarcopterygii,Mammalia,Euarchontoglires,Rodentia,Myomorpha,Spalacidae,Rhizomys,Rhizomys sinensis,,,,,Rhizomyinae,,,,,,,,
Hystrix brachyura,cellular organisms,Eukaryota,Glires,Metazoa,Chordata,Craniata,Sarcopterygii,Mammalia,Euarchontoglires,Rodentia,Hystricomorpha,Hystricidae,Hystrix,Hystrix brachyura,,,,,,,,,,,,,
Crocidura sp.,cellular organisms,Eukaryota,Boreoeutheria,Metazoa,Chordata,Craniata,Sarcopterygii,Mammalia,Laurasiatheria,Eulipotyphla,,Soricidae,Crocidura,Crocidura sp.,,,,,Crocidurinae,,,,,,,,
Sorex sp.,cellular organisms,Eukaryota,Boreoeutheria,Metazoa,Chordata,Craniata,Sarcopterygii,Mammalia,Laurasiatheria,Eulipotyphla,,Soricidae,Sorex,Sorex sp.,,,,,Soricinae,,,,,,,,
Ochotona thibetana,cellular organisms,Eukaryota,Glires,Metazoa,Chordata,Craniata,Sarcopterygii,Mammalia,Euarchontoglires,Lagomorpha,,Ochotonidae,Ochotona,Ochotona thibetana,,,,,,,,,,,,,
Niviventer eha,cellular organisms,Eukaryota,Muroidea,Metazoa,Chordata,Craniata,Sarcopterygii,Mammalia,Euarchontoglires,Rodentia,Myomorpha,Muridae,Niviventer,Niviventer eha,,,,,Murinae,,,,,,,,
Akodon cursor,cellular organisms,Eukaryota,Muroidea,Metazoa,Chordata,Craniata,Sarcopterygii,Mammalia,Euarchontoglires,Rodentia,Myomorpha,Cricetidae,Akodon,Akodon cursor,,,,,Sigmodontinae,,,,,,,,
Sturnira lilium,cellular organisms,Eukaryota,Boreoeutheria,Metazoa,Chordata,Craniata,Sarcopterygii,Mammalia,Laurasiatheria,Chiroptera,Yangochiroptera,Phyllostomidae,Sturnira,Sturnira lilium,,,,,Stenodermatinae,,,,,,,,
Artibeus lituratus,cellular organisms,Eukaryota,Boreoeutheria,Metazoa,Chordata,Craniata,Sarcopterygii,Mammalia,Laurasiatheria,Chiroptera,Yangochiroptera,Phyllostomidae,Artibeus,Artibeus lituratus,,,,,Stenodermatinae,,,,,,,,
Carollia perspicillata,cellular organisms,Eukaryota,Boreoeutheria,Metazoa,Chordata,Craniata,Sarcopterygii,Mammalia,Laurasiatheria,Chiroptera,Yangochiroptera,Phyllostomidae,Carollia,Carollia perspicillata,,,,,Carolliinae,,,,,,,,
Anoura caudifer,cellular organisms,Eukaryota,Boreoeutheria,Metazoa,Chordata,Craniata,Sarcopterygii,Mammalia,Laurasiatheria,Chiroptera,Yangochiroptera,Phyllostomidae,Anoura,Anoura caudifer,,,,,Glossophaginae,,,,,,,,
Hipposideros commersoni,cellular organisms,Eukaryota,Boreoeutheria,Metazoa,Chordata,Craniata,Sarcopterygii,Mammalia,Laurasiatheria,Chiroptera,Yinpterochiroptera,Hipposideridae,Macronycteris,Macronycteris commersonii,,,,Rhinolophoidea,,,,,,,,,
Myonycteris angolensis,cellular organisms,Eukaryota,Boreoeutheria,Metazoa,Chordata,Craniata,Sarcopterygii,Mammalia,Laurasiatheria,Chiroptera,Yinpterochiroptera,Pteropodidae,Myonycteris,Myonycteris angolensis,,,,Pteropodoidea,Epomophorinae,,,,,Myonycterini,,,
Nycteris hispida,cellular organisms,Eukaryota,Boreoeutheria,Metazoa,Chordata,Craniata,Sarcopterygii,Mammalia,Laurasiatheria,Chiroptera,Yangochiroptera,Nycteridae,Nycteris,Nycteris hispida,,,,,,,,,,,,,
Mus musculoides,cellular organisms,Eukaryota,Muroidea,Metazoa,Chordata,Craniata,Sarcopterygii,Mammalia,Euarchontoglires,Rodentia,Myomorpha,Muridae,Mus,Mus musculoides,,,,,Murinae,,,,,,Nannomys,,
Praomys tullbergi,cellular organisms,Eukaryota,Muroidea,Metazoa,Chordata,Craniata,Sarcopterygii,Mammalia,Euarchontoglires,Rodentia,Myomorpha,Muridae,Praomys,Praomys tullbergi,,,,,Murinae,,,,,,,,
Crocidura goliath,cellular organisms,Eukaryota,Boreoeutheria,Metazoa,Chordata,Craniata,Sarcopterygii,Mammalia,Laurasiatheria,Eulipotyphla,,Soricidae,Crocidura,Crocidura goliath,,,,,Crocidurinae,,,,,,,,
Hylomyscus sp.,,,,,,,,,,,,,,,,,,,,,,,,,,,
Heimyscus fumosus,cellular organisms,Eukaryota,Muroidea,Metazoa,Chordata,Craniata,Sarcopterygii,Mammalia,Euarchontoglires,Rodentia,Myomorpha,Muridae,Heimyscus,Heimyscus fumosus,,,,,Murinae,,,,,,,,
Malacomys longipes,cellular organisms,Eukaryota,Muroidea,Metazoa,Chordata,Craniata,Sarcopterygii,Mammalia,Euarchontoglires,Rodentia,Myomorpha,Muridae,Malacomys,Malacomys longipes,,,,,Murinae,,,,,,,,
Hylomyscus stella,cellular organisms,Eukaryota,Muroidea,Metazoa,Chordata,Craniata,Sarcopterygii,Mammalia,Euarchontoglires,Rodentia,Myomorpha,Muridae,Hylomyscus,Hylomyscus stella,,,,,Murinae,,,,,,,,
Miniopterus magnater,cellular organisms,Eukaryota,Boreoeutheria,Metazoa,Chordata,Craniata,Sarcopterygii,Mammalia,Laurasiatheria,Chiroptera,Yangochiroptera,Miniopteridae,Miniopterus,Miniopterus magnater,,,,,,,,,,,,,
Rhinolophus coelophyllus,cellular organisms,Eukaryota,Boreoeutheria,Metazoa,Chordata,Craniata,Sarcopterygii,Mammalia,Laurasiatheria,Chiroptera,Yinpterochiroptera,Rhinolophidae,Rhinolophus,Rhinolophus coelophyllus,,,,Rhinolophoidea,Rhinolophinae,,,,,,,,
Rattus exulans,cellular organisms,Eukaryota,Muroidea,Metazoa,Chordata,Craniata,Sarcopterygii,Mammalia,Euarchontoglires,Rodentia,Myomorpha,Muridae,Rattus,Rattus exulans,,,,,Murinae,,,,,,,,
Hipposideros lekaguli,cellular organisms,Eukaryota,Boreoeutheria,Metazoa,Chordata,Craniata,Sarcopterygii,Mammalia,Laurasiatheria,Chiroptera,Yinpterochiroptera,Hipposideridae,Hipposideros,Hipposideros lekaguli,,,,Rhinolophoidea,,,,,,,,,
Rhinolophus shameli,cellular organisms,Eukaryota,Boreoeutheria,Metazoa,Chordata,Craniata,Sarcopterygii,Mammalia,Laurasiatheria,Chiroptera,Yinpterochiroptera,Rhinolophidae,Rhinolophus,Rhinolophus shameli,,,,Rhinolophoidea,Rhinolophinae,,,,,,,,
Myotis horsfieldii,cellular organisms,Eukaryota,Boreoeutheria,Metazoa,Chordata,Craniata,Sarcopterygii,Mammalia,Laurasiatheria,Chiroptera,Yangochiroptera,Vespertilionidae,Myotis,Myotis horsfieldii,,,,,,,,,,,,,
Bandicota bengalensis,cellular organisms,Eukaryota,Muroidea,Metazoa,Chordata,Craniata,Sarcopterygii,Mammalia,Euarchontoglires,Rodentia,Myomorpha,Muridae,Bandicota,Bandicota bengalensis,,,,,Murinae,,,,,,,,
Chaerephon pumilus,cellular organisms,Eukaryota,Boreoeutheria,Metazoa,Chordata,Craniata,Sarcopterygii,Mammalia,Laurasiatheria,Chiroptera,Yangochiroptera,Molossidae,Mops,Mops pumilus,,,,,,,,,,,,,
Praomys sp.,,,,,,,,,,,,,,,,,,,,,,,,,,,
Mastomys sp.,cellular organisms,Eukaryota,Muroidea,Metazoa,Chordata,Craniata,Sarcopterygii,Mammalia,Euarchontoglires,Rodentia,Myomorpha,Muridae,Mastomys,Mastomys sp.,,,,,Murinae,,,,,,,,
Triaenops persicus,cellular organisms,Eukaryota,Boreoeutheria,Metazoa,Chordata,Craniata,Sarcopterygii,Mammalia,Laurasiatheria,Chiroptera,Yinpterochiroptera,Rhinonycteridae,Triaenops,Triaenops persicus,,,,Rhinolophoidea,,,,,,,,,
Chiroptera,cellular organisms,Eukaryota,Boreoeutheria,Metazoa,Chordata,Craniata,Sarcopterygii,Mammalia,Laurasiatheria,Chiroptera,,,,,,,,,,,,,,,,,
Tadarida sp.,,,,,,,,,,,,,,,,,,,,,,,,,,,
Apodemus sylvaticus,cellular organisms,Eukaryota,Muroidea,Metazoa,Chordata,Craniata,Sarcopterygii,Mammalia,Euarchontoglires,Rodentia,Myomorpha,Muridae,Apodemus,Apodemus sylvaticus,,,,,Murinae,,Sylvaemus group,,,,,,
Mastomys natalensis,cellular organisms,Eukaryota,Muroidea,Metazoa,Chordata,Craniata,Sarcopterygii,Mammalia,Euarchontoglires,Rodentia,Myomorpha,Muridae,Mastomys,Mastomys natalensis,,,,,Murinae,,,,,,,,
Hipposideros ruber,cellular organisms,Eukaryota,Boreoeutheria,Metazoa,Chordata,Craniata,Sarcopterygii,Mammalia,Laurasiatheria,Chiroptera,Yinpterochiroptera,Hipposideridae,Hipposideros,Hipposideros ruber,,,,Rhinolophoidea,,,,,,,,,
Parahypsugo crassulus,cellular organisms,Eukaryota,Boreoeutheria,Metazoa,Chordata,Craniata,Sarcopterygii,Mammalia,Laurasiatheria,Chiroptera,Yangochiroptera,Vespertilionidae,Nycticeinops,Nycticeinops crassulus,,,,,,,,,,,,,
Triaenops afer,cellular organisms,Eukaryota,Boreoeutheria,Metazoa,Chordata,Craniata,Sarcopterygii,Mammalia,Laurasiatheria,Chiroptera,Yinpterochiroptera,Rhinonycteridae,Triaenops,Triaenops afer,,,,Rhinolophoidea,,,,,,,,,
Pteropus giganteus,cellular organisms,Eukaryota,Boreoeutheria,Metazoa,Chordata,Craniata,Sarcopterygii,Mammalia,Laurasiatheria,Chiroptera,Yinpterochiroptera,Pteropodidae,Pteropus,Pteropus vampyrus,,,,Pteropodoidea,Pteropodinae,,,,,,,,
Gallus gallus (broiler),,,,,,,,,,,,,,,,,,,,,,,,,,,
roe deer,cellular organisms,Eukaryota,Boreoeutheria,Metazoa,Chordata,Craniata,Sarcopterygii,Mammalia,Laurasiatheria,Artiodactyla,Ruminantia,Cervidae,,,,Pecora,,,,,,,,,,,
Homo sapiens 4-year-old boy,,,,,,,,,,,,,,,,,,,,,,,,,,,
Homo sapiens; sex: M; age: 9 months,,,,,,,,,,,,,,,,,,,,,,,,,,,
Homo sapiens; sex: F; age: 3 months,,,,,,,,,,,,,,,,,,,,,,,,,,,
Homo sapiens; sex: M; age: 6 months,,,,,,,,,,,,,,,,,,,,,,,,,,,
Homo sapiens; sex: M; age: 3 months,,,,,,,,,,,,,,,,,,,,,,,,,,,
Microtus agrestis,cellular organisms,Eukaryota,Muroidea,Metazoa,Chordata,Craniata,Sarcopterygii,Mammalia,Euarchontoglires,Rodentia,Myomorpha,Cricetidae,Microtus,Microtus agrestis,,,,,Arvicolinae,,,,,,,,
Cricetomys gambianus,cellular organisms,Eukaryota,Muroidea,Metazoa,Chordata,Craniata,Sarcopterygii,Mammalia,Euarchontoglires,Rodentia,Myomorpha,Nesomyidae,Cricetomys,Cricetomys gambianus,,,,,Cricetomyinae,,,,,,,,
broiler chicken,cellular organisms,Eukaryota,Coelurosauria,Metazoa,Chordata,Craniata,Sarcopterygii,Aves,Galloanserae,Galliformes,,Phasianidae,Gallus,Gallus gallus,,,,,Phasianinae,Neognathae,,,,,,,
Amur tiger,cellular organisms,Eukaryota,Boreoeutheria,Metazoa,Chordata,Craniata,Sarcopterygii,Mammalia,Laurasiatheria,Carnivora,Feliformia,Felidae,Panthera,Panthera tigris,Panthera tigris altaica,,,,Pantherinae,,,,,,,,
domestic cat with diarrhea,,,,,,,,,,,,,,,,,,,,,,,,,,,
health cat,cellular organisms,Eukaryota,Boreoeutheria,Metazoa,Chordata,Craniata,Sarcopterygii,Mammalia,Laurasiatheria,Carnivora,Feliformia,Felidae,Felis,Felis catus,,,,,Felinae,,,,,,,,
stool,,,,,,,,,,,,,,,,,,,,,,,,,,,
Culex sp. (mosquito),,,,,,,,,,,,,,,,,,,,,,,,,,,
Mus_musculus,cellular organisms,Eukaryota,Muroidea,Metazoa,Chordata,Craniata,Sarcopterygii,Mammalia,Euarchontoglires,Rodentia,Myomorpha,Muridae,Mus,Mus musculus,,,,,Murinae,,,,,,Mus,,
Malacorhynchus membranaceus,cellular organisms,Eukaryota,Coelurosauria,Metazoa,Chordata,Craniata,Sarcopterygii,Aves,Galloanserae,Anseriformes,,Anatidae,Malacorhynchus,Malacorhynchus membranaceus,,,,,Tadorninae,Neognathae,,,,,,,
Calidris ruficollis,cellular organisms,Eukaryota,Neoaves,Metazoa,Chordata,Craniata,Sarcopterygii,Aves,,Charadriiformes,,Scolopacidae,Calidris,Calidris ruficollis,,,,,,Neognathae,,,,,,,
Homo sapiens; sex: F; age: 9 months,,,,,,,,,,,,,,,,,,,,,,,,,,,
Homo sapiens; sex: F; age: 23 Y,,,,,,,,,,,,,,,,,,,,,,,,,,,
Homo sapiens; sex: M; age: 20 Y,,,,,,,,,,,,,,,,,,,,,,,,,,,
Homo sapiens; sex: F; age: 26 Y,,,,,,,,,,,,,,,,,,,,,,,,,,,
Homo sapiens; sex: F; age: 28 Y,,,,,,,,,,,,,,,,,,,,,,,,,,,
Homo sapiens; sex: F; age: 47 Y,,,,,,,,,,,,,,,,,,,,,,,,,,,
Homo sapiens; sex: F; age: 35 Y,,,,,,,,,,,,,,,,,,,,,,,,,,,
Homo sapiens; sex: F; age: 15 Y,,,,,,,,,,,,,,,,,,,,,,,,,,,
Homo sapiens; sex: F; age: 21 Y,,,,,,,,,,,,,,,,,,,,,,,,,,,
Homo sapiens; sex: M; age: 28 Y,,,,,,,,,,,,,,,,,,,,,,,,,,,
Homo sapiens; sex: M; age: 21 Y,,,,,,,,,,,,,,,,,,,,,,,,,,,
Homo sapiens; sex: M; age: 30 Y,,,,,,,,,,,,,,,,,,,,,,,,,,,
Homo sapiens; sex: F; age: 24 Y,,,,,,,,,,,,,,,,,,,,,,,,,,,
Steer,,,,,,,,,,,,,,,,,,,,,,,,,,,
Taphozous perforatus,cellular organisms,Eukaryota,Boreoeutheria,Metazoa,Chordata,Craniata,Sarcopterygii,Mammalia,Laurasiatheria,Chiroptera,Yangochiroptera,Emballonuridae,Taphozous,Taphozous perforatus,,,,,Taphozoinae,,,,,,,,
Homo sapiens; sex: M; age: 19 Y,,,,,,,,,,,,,,,,,,,,,,,,,,,
gosling,,,,,,,,,,,,,,,,,,,,,,,,,,,
Passeriformes,cellular organisms,Eukaryota,Australaves,Metazoa,Chordata,Craniata,Sarcopterygii,Aves,,Passeriformes,,,,,,,,,,Neognathae,,,,,,,
Miniopterus schreibersi,cellular organisms,Eukaryota,Boreoeutheria,Metazoa,Chordata,Craniata,Sarcopterygii,Mammalia,Laurasiatheria,Chiroptera,Yangochiroptera,Miniopteridae,Miniopterus,Miniopterus schreibersii,,,,,,,,,,,,,
Scotomannes kuhlii,,,,,,,,,,,,,,,,,,,,,,,,,,,
Hipposideros turpis,cellular organisms,Eukaryota,Boreoeutheria,Metazoa,Chordata,Craniata,Sarcopterygii,Mammalia,Laurasiatheria,Chiroptera,Yinpterochiroptera,Hipposideridae,Hipposideros,Hipposideros turpis,,,,Rhinolophoidea,,,,,,,,,
Coracias garrulus (European roller),cellular organisms,Eukaryota,Coraciimorphae,Metazoa,Chordata,Craniata,Sarcopterygii,Aves,,Coraciiformes,,Coraciidae,Coracias,Coracias garrulus,,,,,,Neognathae,,,,,,,
Homo sapiens; female,,,,,,,,,,,,,,,,,,,,,,,,,,,
Mus musculus; CD1 Nude,,,,,,,,,,,,,,,,,,,,,,,,,,,
Canine lupus familaris,,,,,,,,,,,,,,,,,,,,,,,,,,,
Sarcophilus harrisii,cellular organisms,Eukaryota,Metatheria,Metazoa,Chordata,Craniata,Sarcopterygii,Mammalia,,Dasyuromorphia,,Dasyuridae,Sarcophilus,Sarcophilus harrisii,,,,,,,,,,,,,
Homo sapiens; sex:F; age:63,,,,,,,,,,,,,,,,,,,,,,,,,,,
Homo sapiens; sex:F; age:1,,,,,,,,,,,,,,,,,,,,,,,,,,,
Homo sapiens; sex:F; age:27,,,,,,,,,,,,,,,,,,,,,,,,,,,
Homo sapiens; sex: M; age:63,,,,,,,,,,,,,,,,,,,,,,,,,,,
yak,cellular organisms,Eukaryota,Boreoeutheria,Metazoa,Chordata,Craniata,Sarcopterygii,Mammalia,Laurasiatheria,Artiodactyla,Ruminantia,Bovidae,Bos,Bos grunniens,,Pecora,,,Bovinae,,,,,,,,
Homo sapiens; sex: M; age: 11 months,,,,,,,,,,,,,,,,,,,,,,,,,,,
Homo sapiens; sex: M; age: 5 months,,,,,,,,,,,,,,,,,,,,,,,,,,,
Homo sapiens; sex: M; age: 2 months,,,,,,,,,,,,,,,,,,,,,,,,,,,
Homo sapiens; sex: F; age: 13 months,,,,,,,,,,,,,,,,,,,,,,,,,,,
Homo sapiens; sex: F; age: 8 months,,,,,,,,,,,,,,,,,,,,,,,,,,,
Homo sapiens; sex: M; age: 1 months,,,,,,,,,,,,,,,,,,,,,,,,,,,
Homo sapiens; sex: M; age: 13 months,,,,,,,,,,,,,,,,,,,,,,,,,,,
Homo sapiens; sex: M; age: 10 months,,,,,,,,,,,,,,,,,,,,,,,,,,,
Homo sapiens; sex: F; age: 6 months,,,,,,,,,,,,,,,,,,,,,,,,,,,
Homo sapiens; sex: F; age: 31 months,,,,,,,,,,,,,,,,,,,,,,,,,,,
Homo sapiens; sex: F; age: 14 months,,,,,,,,,,,,,,,,,,,,,,,,,,,
Homo sapiens; sex: F; age: 1 Y,,,,,,,,,,,,,,,,,,,,,,,,,,,
Homo sapiens; sex: M; age: 7 months,,,,,,,,,,,,,,,,,,,,,,,,,,,
Homo sapiens; sex: F; age: 2 months,,,,,,,,,,,,,,,,,,,,,,,,,,,
Homo sapiens; sex: M; age: 17 months,,,,,,,,,,,,,,,,,,,,,,,,,,,
Homo sapiens; sex: F; age: 5 months,,,,,,,,,,,,,,,,,,,,,,,,,,,
Homo sapiens; sex: F; age: 1 months,,,,,,,,,,,,,,,,,,,,,,,,,,,
Homo sapiens; age: 3 Y,,,,,,,,,,,,,,,,,,,,,,,,,,,
Homo sapiens; age: 4 M,,,,,,,,,,,,,,,,,,,,,,,,,,,
Homo sapiens; age: 8 M,,,,,,,,,,,,,,,,,,,,,,,,,,,
Homo sapiens; age: 2 Y,,,,,,,,,,,,,,,,,,,,,,,,,,,
Homo sapiens; age: 9 M,,,,,,,,,,,,,,,,,,,,,,,,,,,
Homo sapiens; sex: F; age: 4 M,,,,,,,,,,,,,,,,,,,,,,,,,,,
Homo sapiens; sex: F; age: 11 Y,,,,,,,,,,,,,,,,,,,,,,,,,,,
Homo sapiens; sex: M; age: 8 Y,,,,,,,,,,,,,,,,,,,,,,,,,,,
Homo sapiens; sex: M; age: 3 Y,,,,,,,,,,,,,,,,,,,,,,,,,,,
Homo sapiens; age: 79 Y,,,,,,,,,,,,,,,,,,,,,,,,,,,
Homo sapiens; sex: F; age: 14 M,,,,,,,,,,,,,,,,,,,,,,,,,,,
Homo sapiens; sex: M; age: 8 M,,,,,,,,,,,,,,,,,,,,,,,,,,,
Homo sapiens; sex: F; age: 3 Y,,,,,,,,,,,,,,,,,,,,,,,,,,,
Hybomys univittatus,cellular organisms,Eukaryota,Muroidea,Metazoa,Chordata,Craniata,Sarcopterygii,Mammalia,Euarchontoglires,Rodentia,Myomorpha,Muridae,Hybomys,Hybomys univittatus,,,,,Murinae,,,,,,,,
Pheasant,,,,,,,,,,,,,,,,,,,,,,,,,,,
Hyporhamphus australis,cellular organisms,Eukaryota,Ovalentaria,Metazoa,Chordata,Craniata,Actinopterygii,Actinopteri,Atherinomorphae,Beloniformes,Belonoidei,Hemiramphidae,Hyporhamphus,Hyporhamphus australis,,,,,,Teleostei,,Neopterygii,Euteleosteomorpha,,,,
Scorpaena jacksoniensis,cellular organisms,Eukaryota,Eupercaria,Metazoa,Chordata,Craniata,Actinopterygii,Actinopteri,,Perciformes,Scorpaenoidei,Scorpaenidae,Scorpaena,Scorpaena jacksoniensis,,,,,Scorpaeninae,Teleostei,,Neopterygii,Euteleosteomorpha,,,,
Pseudorhombus arsius,cellular organisms,Eukaryota,Carangaria,Metazoa,Chordata,Craniata,Actinopterygii,Actinopteri,,Pleuronectiformes,Pleuronectoidei,Paralichthyidae,Pseudorhombus,Pseudorhombus arsius,,,,,,Teleostei,,Neopterygii,Euteleosteomorpha,,,,
Lingxian White Goose,cellular organisms,Eukaryota,Coelurosauria,Metazoa,Chordata,Craniata,Sarcopterygii,Aves,Galloanserae,Anseriformes,,Anatidae,Anser,Anser sp.,,,,,Anserinae,Neognathae,,,,,,,
Homo sapiens; sex: F; age: 17 Y,,,,,,,,,,,,,,,,,,,,,,,,,,,
Tscherskia triton,cellular organisms,Eukaryota,Muroidea,Metazoa,Chordata,Craniata,Sarcopterygii,Mammalia,Euarchontoglires,Rodentia,Myomorpha,Cricetidae,Tscherskia,Tscherskia triton,,,,,Cricetinae,,,,,,,,
Sorex araneus,cellular organisms,Eukaryota,Boreoeutheria,Metazoa,Chordata,Craniata,Sarcopterygii,Mammalia,Laurasiatheria,Eulipotyphla,,Soricidae,Sorex,Sorex araneus,,,,,Soricinae,,,,,,,,
Bandicota indica,cellular organisms,Eukaryota,Muroidea,Metazoa,Chordata,Craniata,Sarcopterygii,Mammalia,Euarchontoglires,Rodentia,Myomorpha,Muridae,Bandicota,Bandicota indica,,,,,Murinae,,,,,,,,
Microtus fortis,cellular organisms,Eukaryota,Muroidea,Metazoa,Chordata,Craniata,Sarcopterygii,Mammalia,Euarchontoglires,Rodentia,Myomorpha,Cricetidae,Alexandromys,Alexandromys fortis,,,,,Arvicolinae,,,,,,,,
Neodon clarkei,cellular organisms,Eukaryota,Muroidea,Metazoa,Chordata,Craniata,Sarcopterygii,Mammalia,Euarchontoglires,Rodentia,Myomorpha,Cricetidae,Neodon,Neodon clarkei,,,,,Arvicolinae,,,,,,,,
Apodemus peninsulae,cellular organisms,Eukaryota,Muroidea,Metazoa,Chordata,Craniata,Sarcopterygii,Mammalia,Euarchontoglires,Rodentia,Myomorpha,Muridae,Apodemus,Apodemus peninsulae,,,,,Murinae,,,,,,,,
Myodes rufocanus,cellular organisms,Eukaryota,Muroidea,Metazoa,Chordata,Craniata,Sarcopterygii,Mammalia,Euarchontoglires,Rodentia,Myomorpha,Cricetidae,Myodes,Myodes rufocanus,,,,,Arvicolinae,,,,,,,,
Cricetulus barabensis,cellular organisms,Eukaryota,Muroidea,Metazoa,Chordata,Craniata,Sarcopterygii,Mammalia,Euarchontoglires,Rodentia,Myomorpha,Cricetidae,Cricetulus,Cricetulus barabensis,,,,,Cricetinae,,,,,,,,
Rattus tanezumi sladeni,cellular organisms,Eukaryota,Muroidea,Metazoa,Chordata,Craniata,Sarcopterygii,Mammalia,Euarchontoglires,Rodentia,Myomorpha,Muridae,Rattus,Rattus tanezumi,Rattus tanezumi sladeni,,,,Murinae,,,,,,,,
Eothenomys custos,cellular organisms,Eukaryota,Muroidea,Metazoa,Chordata,Craniata,Sarcopterygii,Mammalia,Euarchontoglires,Rodentia,Myomorpha,Cricetidae,Anteliomys,Anteliomys custos,,,,,,,,,,,,,
Lasiopodomys gregalis,cellular organisms,Eukaryota,Muroidea,Metazoa,Chordata,Craniata,Sarcopterygii,Mammalia,Euarchontoglires,Rodentia,Myomorpha,Cricetidae,Stenocranius,Stenocranius gregalis,,,,,,,,,,,,,
Meriones meridianus,cellular organisms,Eukaryota,Muroidea,Metazoa,Chordata,Craniata,Sarcopterygii,Mammalia,Euarchontoglires,Rodentia,Myomorpha,Muridae,Meriones,Meriones meridianus,,,,,Gerbillinae,,,,,,,,
Homo sapiens; sex: F; age: 64 Y,,,,,,,,,,,,,,,,,,,,,,,,,,,
Homo sapiens; sex: F; age: 20 Y,,,,,,,,,,,,,,,,,,,,,,,,,,,
calf (bovine),,,,,,,,,,,,,,,,,,,,,,,,,,,
Homo sapiens; sex: M; age: 22 months,,,,,,,,,,,,,,,,,,,,,,,,,,,
Red-necked Avocet,,,,,,,,,,,,,,,,,,,,,,,,,,,
Sylvirana guentheri,cellular organisms,Eukaryota,Tetrapoda,Metazoa,Chordata,Craniata,Sarcopterygii,Amphibia,Batrachia,Anura,Neobatrachia,Ranidae,Sylvirana,Sylvirana guentheri,,,,Ranoidea,,,,,,,,,
Myrrophis chinensis,cellular organisms,Eukaryota,Toxicofera,Metazoa,Chordata,Craniata,Sarcopterygii,Lepidosauria,,Squamata,,Homalopsidae,Myrrophis,Myrrophis chinensis,,Serpentes,,Colubroidea,,,,,,,,,
Pleuronichthys japonicus,cellular organisms,Eukaryota,Carangaria,Metazoa,Chordata,Craniata,Actinopterygii,Actinopteri,,Pleuronectiformes,Pleuronectoidei,Pleuronectidae,Pleuronichthys,Pleuronichthys japonicus,,,,,,Teleostei,,Neopterygii,Euteleosteomorpha,,,,
Coelorinchus multispinulosus,cellular organisms,Eukaryota,Gadariae,Metazoa,Chordata,Craniata,Actinopterygii,Actinopteri,,Gadiformes,Macrouroidei,Macrouridae,Coelorinchus,Coelorinchus multispinulosus,,,,,Macrourinae,Teleostei,,Neopterygii,Euteleosteomorpha,,,,
Scoliodon macrorhynchos,cellular organisms,Eukaryota,Galeomorphii,Metazoa,Chordata,Craniata,,Chondrichthyes,Galeoidea,Carcharhiniformes,,Carcharhinidae,Scoliodon,Scoliodon macrorhynchos,,,,,,Selachii,,Elasmobranchii,,,,,
Lethenteron camtschaticum,cellular organisms,Eukaryota,Cyclostomata,Metazoa,Chordata,Craniata,,Hyperoartia,,Petromyzontiformes,,Petromyzontidae,Lethenteron,Lethenteron camtschaticum,,,,,,,,,,,,,
Chimaera sp.,cellular organisms,Eukaryota,Gnathostomata,Metazoa,Chordata,Craniata,,Chondrichthyes,,Chimaeriformes,,Chimaeridae,Chimaera,Chimaera sp.,,,,,,,,Holocephali,,,,,
Polypedates megacephalus,cellular organisms,Eukaryota,Tetrapoda,Metazoa,Chordata,Craniata,Sarcopterygii,Amphibia,Batrachia,Anura,Neobatrachia,Rhacophoridae,Polypedates,Polypedates megacephalus,,,,Ranoidea,Rhacophorinae,,,,,,,,
Echelus uropterus,cellular organisms,Eukaryota,Elopomorpha,Metazoa,Chordata,Craniata,Actinopterygii,Actinopteri,,Anguilliformes,,Ophichthidae,Echelus,Echelus uropterus,,,,,Ophichthinae,Teleostei,,Neopterygii,,,,,
Sardinella lemuru,cellular organisms,Eukaryota,Clupeocephala,Metazoa,Chordata,Craniata,Actinopterygii,Actinopteri,,Clupeiformes,Clupeoidei,Clupeidae,Sardinella,Sardinella lemuru,,,,,Clupeinae,Teleostei,,Neopterygii,Otomorpha,,,,Clupei
Gonorynchus abbreviatus,cellular organisms,Eukaryota,Anotophysi,Metazoa,Chordata,Craniata,Actinopterygii,Actinopteri,,Gonorynchiformes,Gonorynchoidei,Gonorynchidae,Gonorynchus,Gonorynchus abbreviatus,,,,,,Teleostei,,Neopterygii,Otomorpha,,,,Ostariophysi
Tropidophorus sinicus,cellular organisms,Eukaryota,Unidentata,Metazoa,Chordata,Craniata,Sarcopterygii,Lepidosauria,,Squamata,,Scincidae,Tropidophorus,Tropidophorus sinicus,,Scinciformata,,,Sphenomorphinae,,,,,,,,
Hemidactylus bowringii,cellular organisms,Eukaryota,Bifurcata,Metazoa,Chordata,Craniata,Sarcopterygii,Lepidosauria,,Squamata,,Gekkonidae,Hemidactylus,Hemidactylus bowringii,,Gekkota,,,Gekkoninae,,,,,,,,
Gekko similignum,cellular organisms,Eukaryota,Bifurcata,Metazoa,Chordata,Craniata,Sarcopterygii,Lepidosauria,,Squamata,,Gekkonidae,Gekko,Gekko similignum,,Gekkota,,,Gekkoninae,,,,,,,,
Cynops orientalis,cellular organisms,Eukaryota,Tetrapoda,Metazoa,Chordata,Craniata,Sarcopterygii,Amphibia,Batrachia,Caudata,,Salamandridae,Hypselotriton,Hypselotriton orientalis,,,,Salamandroidea,Pleurodelinae,,,,,,,,
Microhyla pulchra,cellular organisms,Eukaryota,Tetrapoda,Metazoa,Chordata,Craniata,Sarcopterygii,Amphibia,Batrachia,Anura,Neobatrachia,Microhylidae,Microhyla,Microhyla pulchra,,,,Microhyloidea,Microhylinae,,,,,,,,
Teratoscincus roborowskii,cellular organisms,Eukaryota,Bifurcata,Metazoa,Chordata,Craniata,Sarcopterygii,Lepidosauria,,Squamata,,Sphaerodactylidae,Teratoscincus,Teratoscincus roborowskii,,Gekkota,,,,,,,,,,,
Leptobrachium hainanense,cellular organisms,Eukaryota,Tetrapoda,Metazoa,Chordata,Craniata,Sarcopterygii,Amphibia,Batrachia,Anura,,Megophryidae,Leptobrachium,Leptobrachium hainanense,,,,Pelobatoidea,,,,,,,,,
Hime japonica,cellular organisms,Eukaryota,Aulopa,Metazoa,Chordata,Craniata,Actinopterygii,Actinopteri,,Aulopiformes,Aulopoidei,Aulopidae,Hime,Hime japonica,,,,,,Teleostei,,Neopterygii,Euteleosteomorpha,,,,
Macroramphosus scolopax,cellular organisms,Eukaryota,Syngnathiaria,Metazoa,Chordata,Craniata,Actinopterygii,Actinopteri,,Syngnathiformes,,Centriscidae,Macroramphosus,Macroramphosus scolopax,,,,,Macroramphosinae,Teleostei,,Neopterygii,Euteleosteomorpha,,,,
Hyporhamphus sajori,cellular organisms,Eukaryota,Ovalentaria,Metazoa,Chordata,Craniata,Actinopterygii,Actinopteri,Atherinomorphae,Beloniformes,Belonoidei,Hemiramphidae,Hyporhamphus,Hyporhamphus sajori,,,,,,Teleostei,,Neopterygii,Euteleosteomorpha,,,,
Hemitriakis japanica,cellular organisms,Eukaryota,Galeomorphii,Metazoa,Chordata,Craniata,,Chondrichthyes,Galeoidea,Carcharhiniformes,,Triakidae,Hemitriakis,Hemitriakis japanica,,,,,,Selachii,,Elasmobranchii,,,,,
Calotes versicolor,cellular organisms,Eukaryota,Acrodonta,Metazoa,Chordata,Craniata,Sarcopterygii,Lepidosauria,,Squamata,Iguania,Agamidae,Calotes,Calotes versicolor,,,,,Draconinae,,,,,,,,
Minous monodactylus,cellular organisms,Eukaryota,Eupercaria,Metazoa,Chordata,Craniata,Actinopterygii,Actinopteri,,Perciformes,Scorpaenoidei,Synanceiidae,Minous,Minous monodactylus,,,,,Minoinae,Teleostei,,Neopterygii,Euteleosteomorpha,,,,
Parapercis lutevittata,cellular organisms,Eukaryota,Eupercaria,Metazoa,Chordata,Craniata,Actinopterygii,Actinopteri,,Uranoscopiformes,,Pinguipedidae,Parapercis,Parapercis lutevittata,,,,,,Teleostei,,Neopterygii,Euteleosteomorpha,,,,
Arnoglossus sp.,cellular organisms,Eukaryota,Carangaria,Metazoa,Chordata,Craniata,Actinopterygii,Actinopteri,,Pleuronectiformes,Pleuronectoidei,Bothidae,Arnoglossus,Arnoglossus sp.,,,,,,Teleostei,,Neopterygii,Euteleosteomorpha,,,,
Crossorhombus sp.,,,,,,,,,,,,,,,,,,,,,,,,,,,
Plagiopsetta sp.,cellular organisms,Eukaryota,Carangaria,Metazoa,Chordata,Craniata,Actinopterygii,Actinopteri,,Pleuronectiformes,Pleuronectoidei,Samaridae,Plagiopsetta,Plagiopsetta sp.,,,,,,Teleostei,,Neopterygii,Euteleosteomorpha,,,,
Pachytriton brevipes,cellular organisms,Eukaryota,Tetrapoda,Metazoa,Chordata,Craniata,Sarcopterygii,Amphibia,Batrachia,Caudata,,Salamandridae,Pachytriton,Pachytriton brevipes,,,,Salamandroidea,Pleurodelinae,,,,,,,,
Hyla simplex,cellular organisms,Eukaryota,Tetrapoda,Metazoa,Chordata,Craniata,Sarcopterygii,Amphibia,Batrachia,Anura,Neobatrachia,Hylidae,Hyla,Hyla simplex,,,,Hyloidea,Hylinae,,,,,Hylini,,,
Duttaphrynus melanostictus,cellular organisms,Eukaryota,Tetrapoda,Metazoa,Chordata,Craniata,Sarcopterygii,Amphibia,Batrachia,Anura,Neobatrachia,Bufonidae,Duttaphrynus,Duttaphrynus melanostictus,,,,Hyloidea,,,,,,,,,
Pterygotrigla hemisticta,cellular organisms,Eukaryota,Eupercaria,Metazoa,Chordata,Craniata,Actinopterygii,Actinopteri,,Perciformes,Triglioidei,Triglidae,Pterygotrigla,Pterygotrigla hemisticta,,,,,,Teleostei,,Neopterygii,Euteleosteomorpha,,,,
Lepidotrigla sp.,cellular organisms,Eukaryota,Eupercaria,Metazoa,Chordata,Craniata,Actinopterygii,Actinopteri,,Perciformes,Triglioidei,Triglidae,Lepidotrigla,Lepidotrigla sp.,,,,,,Teleostei,,Neopterygii,Euteleosteomorpha,,,,
Cynoglossus sp.,cellular organisms,Eukaryota,Carangaria,Metazoa,Chordata,Craniata,Actinopterygii,Actinopteri,,Pleuronectiformes,Pleuronectoidei,Cynoglossidae,Cynoglossus,Cynoglossus sp.,,,,,Cynoglossinae,Teleostei,,Neopterygii,Euteleosteomorpha,,,,
Dasyatis akajei,cellular organisms,Eukaryota,Gnathostomata,Metazoa,Chordata,Craniata,,Chondrichthyes,Batoidea,Myliobatiformes,,Dasyatidae,Hemitrygon,Hemitrygon akajei,,,,Dasyatoidea,,,,Elasmobranchii,,,,,
Cephalopholis spiloparaea,cellular organisms,Eukaryota,Eupercaria,Metazoa,Chordata,Craniata,Actinopterygii,Actinopteri,,Perciformes,Serranoidei,Serranidae,Cephalopholis,Cephalopholis spiloparaea,,,,,Epinephelinae,Teleostei,,Neopterygii,Euteleosteomorpha,Epinephelini,,,
Banjos banjos,cellular organisms,Eukaryota,Eupercaria,Metazoa,Chordata,Craniata,Actinopterygii,Actinopteri,,Acropomatiformes,,Banjosidae,Banjos,Banjos banjos,,,,,,Teleostei,,Neopterygii,Euteleosteomorpha,,,,
domestic cat,cellular organisms,Eukaryota,Boreoeutheria,Metazoa,Chordata,Craniata,Sarcopterygii,Mammalia,Laurasiatheria,Carnivora,Feliformia,Felidae,Felis,Felis catus,,,,,Felinae,,,,,,,,
Myotis petax,cellular organisms,Eukaryota,Boreoeutheria,Metazoa,Chordata,Craniata,Sarcopterygii,Mammalia,Laurasiatheria,Chiroptera,Yangochiroptera,Vespertilionidae,Myotis,Myotis petax,,,,,,,,,,,,,
Homo sapiens; sex: M; age: 8 months,,,,,,,,,,,,,,,,,,,,,,,,,,,
mink,cellular organisms,Eukaryota,Boreoeutheria,Metazoa,Chordata,Craniata,Sarcopterygii,Mammalia,Laurasiatheria,Carnivora,Caniformia,Mustelidae,Neogale,Neogale vison,,,,Musteloidea,Mustelinae,,,,,,,,
Budorcas taxicolor tibetana,cellular organisms,Eukaryota,Boreoeutheria,Metazoa,Chordata,Craniata,Sarcopterygii,Mammalia,Laurasiatheria,Artiodactyla,Ruminantia,Bovidae,Budorcas,Budorcas tibetana,,Pecora,,,Caprinae,,,,,,,,
Bat,,,,,,,,,,,,,,,,,,,,,,,,,,,
Hortobagy goose,cellular organisms,Eukaryota,Coelurosauria,Metazoa,Chordata,Craniata,Sarcopterygii,Aves,Galloanserae,Anseriformes,,Anatidae,Anser,Anser sp.,,,,,Anserinae,Neognathae,,,,,,,
Marmota himalayana,cellular organisms,Eukaryota,Glires,Metazoa,Chordata,Craniata,Sarcopterygii,Mammalia,Euarchontoglires,Rodentia,Sciuromorpha,Sciuridae,Marmota,Marmota himalayana,,,,,Xerinae,,,,,Marmotini,,,
Sus scrofa (swine),cellular organisms,Eukaryota,Boreoeutheria,Metazoa,Chordata,Craniata,Sarcopterygii,Mammalia,Laurasiatheria,Artiodactyla,Suina,Suidae,Sus,Sus scrofa,,,,,,,,,,,,,
turkey,cellular organisms,Eukaryota,Coelurosauria,Metazoa,Chordata,Craniata,Sarcopterygii,Aves,Galloanserae,Galliformes,,Phasianidae,Meleagris,Meleagris gallopavo,,,,,Meleagridinae,Neognathae,,,,,,,
Cerdocyon thous,cellular organisms,Eukaryota,Boreoeutheria,Metazoa,Chordata,Craniata,Sarcopterygii,Mammalia,Laurasiatheria,Carnivora,Caniformia,Canidae,Cerdocyon,Cerdocyon thous,,,,,,,,,,,,,
Nycteris thebaica,cellular organisms,Eukaryota,Boreoeutheria,Metazoa,Chordata,Craniata,Sarcopterygii,Mammalia,Laurasiatheria,Chiroptera,Yangochiroptera,Nycteridae,Nycteris,Nycteris thebaica,,,,,,,,,,,,,
Miniopterus mossambicus,cellular organisms,Eukaryota,Boreoeutheria,Metazoa,Chordata,Craniata,Sarcopterygii,Mammalia,Laurasiatheria,Chiroptera,Yangochiroptera,Miniopteridae,Miniopterus,Miniopterus mossambicus,,,,,,,,,,,,,
Eptesicus serotinus,cellular organisms,Eukaryota,Boreoeutheria,Metazoa,Chordata,Craniata,Sarcopterygii,Mammalia,Laurasiatheria,Chiroptera,Yangochiroptera,Vespertilionidae,Cnephaeus,Cnephaeus serotinus,,,,,,,,,,,,,
Myotis capaccinii,cellular organisms,Eukaryota,Boreoeutheria,Metazoa,Chordata,Craniata,Sarcopterygii,Mammalia,Laurasiatheria,Chiroptera,Yangochiroptera,Vespertilionidae,Myotis,Myotis capaccinii,,,,,,,,,,,,,
Barbastella barbastellus,cellular organisms,Eukaryota,Boreoeutheria,Metazoa,Chordata,Craniata,Sarcopterygii,Mammalia,Laurasiatheria,Chiroptera,Yangochiroptera,Vespertilionidae,Barbastella,Barbastella barbastellus,,,,,,,,,,,,,
Myotis myotis/blythii,cellular organisms,Eukaryota,Boreoeutheria,Metazoa,Chordata,Craniata,Sarcopterygii,Mammalia,Laurasiatheria,Chiroptera,Yangochiroptera,Vespertilionidae,Myotis,Myotis myotis/blythii,,,,,,,,,,,,,
Myotis emarginatus,cellular organisms,Eukaryota,Boreoeutheria,Metazoa,Chordata,Craniata,Sarcopterygii,Mammalia,Laurasiatheria,Chiroptera,Yangochiroptera,Vespertilionidae,Myotis,Myotis emarginatus,,,,,,,,,,,,,
commercial broiler chicken,cellular organisms,Eukaryota,Coelurosauria,Metazoa,Chordata,Craniata,Sarcopterygii,Aves,Galloanserae,Galliformes,,Phasianidae,Gallus,Gallus gallus,,,,,Phasianinae,Neognathae,,,,,,,
poultry,,,,,,,,,,,,,,,,,,,,,,,,,,,
Lande geese,cellular organisms,Eukaryota,Coelurosauria,Metazoa,Chordata,Craniata,Sarcopterygii,Aves,Galloanserae,Anseriformes,,Anatidae,Anser,,,,,,Anserinae,Neognathae,,,,,,,
Gallus gallus domesticus,cellular organisms,Eukaryota,Coelurosauria,Metazoa,Chordata,Craniata,Sarcopterygii,Aves,Galloanserae,Galliformes,,Phasianidae,Gallus,Gallus gallus,,,,,Phasianinae,Neognathae,,,,,,,
Rhinolophus rouxii,cellular organisms,Eukaryota,Boreoeutheria,Metazoa,Chordata,Craniata,Sarcopterygii,Mammalia,Laurasiatheria,Chiroptera,Yinpterochiroptera,Rhinolophidae,Rhinolophus,Rhinolophus rouxii,,,,Rhinolophoidea,Rhinolophinae,,,,,,,,
Rhinolophus lepidus,cellular organisms,Eukaryota,Boreoeutheria,Metazoa,Chordata,Craniata,Sarcopterygii,Mammalia,Laurasiatheria,Chiroptera,Yinpterochiroptera,Rhinolophidae,Rhinolophus,Rhinolophus lepidus,,,,Rhinolophoidea,Rhinolophinae,,,,,,,,
Beijing duck,cellular organisms,Eukaryota,Coelurosauria,Metazoa,Chordata,Craniata,Sarcopterygii,Aves,Galloanserae,Anseriformes,,Anatidae,Anas,Anas platyrhynchos,,,,,Anatinae,Neognathae,,,,,,,
Anous tenuirostris,cellular organisms,Eukaryota,Neoaves,Metazoa,Chordata,Craniata,Sarcopterygii,Aves,,Charadriiformes,,Laridae,Anous,Anous tenuirostris,,,,,,Neognathae,,,,,,,
Tadarida brasiliensis,cellular organisms,Eukaryota,Boreoeutheria,Metazoa,Chordata,Craniata,Sarcopterygii,Mammalia,Laurasiatheria,Chiroptera,Yangochiroptera,Molossidae,Tadarida,Tadarida brasiliensis,,,,,,,,,,,,,
Rattus andamanensis,cellular organisms,Eukaryota,Muroidea,Metazoa,Chordata,Craniata,Sarcopterygii,Mammalia,Euarchontoglires,Rodentia,Myomorpha,Muridae,Rattus,Rattus andamanensis,,,,,Murinae,,,,,,,,
Homo sapiens; sex: M; age: 18 Y,,,,,,,,,,,,,,,,,,,,,,,,,,,
Homo sapiens; sex: M; age: 25 Y,,,,,,,,,,,,,,,,,,,,,,,,,,,
Homo sapiens; sex: M; age: 4 Y,,,,,,,,,,,,,,,,,,,,,,,,,,,
Homo sapiens; sex: M; age: 23 Y,,,,,,,,,,,,,,,,,,,,,,,,,,,
Homo sapiens; sex: F; age: 30 Y,,,,,,,,,,,,,,,,,,,,,,,,,,,
Homo sapiens; sex: F; age: 18 Y,,,,,,,,,,,,,,,,,,,,,,,,,,,
Gorilla gorilla gorilla,cellular organisms,Eukaryota,Boreoeutheria,Metazoa,Chordata,Craniata,Sarcopterygii,Mammalia,Euarchontoglires,Primates,Haplorrhini,Hominidae,Gorilla,Gorilla gorilla,Gorilla gorilla gorilla,Simiiformes,Catarrhini,Hominoidea,Homininae,,,,,,,,
ovine,,,,,,,,,,,,,,,,,,,,,,,,,,,
Miniopterus griveaudi; FMNH 228875,,,,,,,,,,,,,,,,,,,,,,,,,,,
Triaenops menamena; UADBA SMG18885,,,,,,,,,,,,,,,,,,,,,,,,,,,
Triaenops menamena; UADBA SMG18884,,,,,,,,,,,,,,,,,,,,,,,,,,,
Triaenops menamena; UADBA SMG18883,,,,,,,,,,,,,,,,,,,,,,,,,,,
Triaenops menamena; FMNH 228864,,,,,,,,,,,,,,,,,,,,,,,,,,,
Triaenops menamena; FMNH 228863,,,,,,,,,,,,,,,,,,,,,,,,,,,
Triaenops menamena; FMNH 228860,,,,,,,,,,,,,,,,,,,,,,,,,,,
Rousettus madagascariensis; UADBA SMG18921,,,,,,,,,,,,,,,,,,,,,,,,,,,
Rousettus madagascariensis; FMNH 228826,,,,,,,,,,,,,,,,,,,,,,,,,,,
Paratriaenops furculus; UADBA SMG18902,,,,,,,,,,,,,,,,,,,,,,,,,,,
Paratriaenops furculus; UADBA SMG18894,,,,,,,,,,,,,,,,,,,,,,,,,,,
Paratriaenops furculus; UADBA SMG18892,,,,,,,,,,,,,,,,,,,,,,,,,,,
Paratriaenops furculus; UADBA SMG18890,,,,,,,,,,,,,,,,,,,,,,,,,,,
Paratriaenops furculus; UADBA SMG18888,,,,,,,,,,,,,,,,,,,,,,,,,,,
Paratriaenops furculus; UADBA SMG18886,,,,,,,,,,,,,,,,,,,,,,,,,,,
Paratriaenops furculus; FMNH 228851,,,,,,,,,,,,,,,,,,,,,,,,,,,
Paratriaenops furculus; FMNH 228848,,,,,,,,,,,,,,,,,,,,,,,,,,,
Paratriaenops furculus; FMNH 228844,,,,,,,,,,,,,,,,,,,,,,,,,,,
Myotis goudoti; UADBA SMG18920,,,,,,,,,,,,,,,,,,,,,,,,,,,
Myotis goudoti; FMNH 228866,,,,,,,,,,,,,,,,,,,,,,,,,,,
Myotis goudoti; FMNH 229045,,,,,,,,,,,,,,,,,,,,,,,,,,,
Miniopterus griveaudi; UADBA SMG18905,,,,,,,,,,,,,,,,,,,,,,,,,,,
Miniopterus griveaudi; UADBA SMG18874,,,,,,,,,,,,,,,,,,,,,,,,,,,
Miniopterus griveaudi; UADBA SMG18853,,,,,,,,,,,,,,,,,,,,,,,,,,,
Miniopterus griveaudi; FMNH 228882,,,,,,,,,,,,,,,,,,,,,,,,,,,
Miniopterus griveaudi; FMNH 228881,,,,,,,,,,,,,,,,,,,,,,,,,,,
Miniopterus griveaudi; FMNH 228878,,,,,,,,,,,,,,,,,,,,,,,,,,,
Miniopterus griveaudi; FMNH 228876,,,,,,,,,,,,,,,,,,,,,,,,,,,
Miniopterus griveaudi; FMNH 228874,,,,,,,,,,,,,,,,,,,,,,,,,,,
Miniopterus griveaudi; FMNH 228872,,,,,,,,,,,,,,,,,,,,,,,,,,,
Miniopterus griveaudi; FMNH 228870,,,,,,,,,,,,,,,,,,,,,,,,,,,
Canis lupus familaris,,,,,,,,,,,,,,,,,,,,,,,,,,,
lamb,,,,,,,,,,,,,,,,,,,,,,,,,,,
Scotophilus sp.,cellular organisms,Eukaryota,Boreoeutheria,Metazoa,Chordata,Craniata,Sarcopterygii,Mammalia,Laurasiatheria,Chiroptera,Yangochiroptera,Vespertilionidae,Scotophilus,Scotophilus sp.,,,,,,,,,,,,,
Macaca leonina,cellular organisms,Eukaryota,Boreoeutheria,Metazoa,Chordata,Craniata,Sarcopterygii,Mammalia,Euarchontoglires,Primates,Haplorrhini,Cercopithecidae,Macaca,Macaca leonina,,Simiiformes,Catarrhini,Cercopithecoidea,Cercopithecinae,,,,,,,,
Rousettus sp.,cellular organisms,Eukaryota,Boreoeutheria,Metazoa,Chordata,Craniata,Sarcopterygii,Mammalia,Laurasiatheria,Chiroptera,Yinpterochiroptera,Pteropodidae,Rousettus,Rousettus sp.,,,,Pteropodoidea,Rousettinae,,,,,,,,
Megaderma lyra,cellular organisms,Eukaryota,Boreoeutheria,Metazoa,Chordata,Craniata,Sarcopterygii,Mammalia,Laurasiatheria,Chiroptera,Yinpterochiroptera,Megadermatidae,Lyroderma,Lyroderma lyra,,,,Rhinolophoidea,,,,,,,,,
Rattus sp.,cellular organisms,Eukaryota,Muroidea,Metazoa,Chordata,Craniata,Sarcopterygii,Mammalia,Euarchontoglires,Rodentia,Myomorpha,Muridae,Rattus,Rattus sp.,,,,,Murinae,,,,,,,,
Rattus argentiventer,cellular organisms,Eukaryota,Muroidea,Metazoa,Chordata,Craniata,Sarcopterygii,Mammalia,Euarchontoglires,Rodentia,Myomorpha,Muridae,Rattus,Rattus argentiventer,,,,,Murinae,,,,,,,,
Hylopetes sp.,,,,,,,,,,,,,,,,,,,,,,,,,,,
Leopoldamys sabanus,cellular organisms,Eukaryota,Muroidea,Metazoa,Chordata,Craniata,Sarcopterygii,Mammalia,Euarchontoglires,Rodentia,Myomorpha,Muridae,Leopoldamys,Leopoldamys sabanus,,,,,Murinae,,,,,,,,
Anas platyrhynchos,cellular organisms,Eukaryota,Coelurosauria,Metazoa,Chordata,Craniata,Sarcopterygii,Aves,Galloanserae,Anseriformes,,Anatidae,Anas,Anas platyrhynchos,,,,,Anatinae,Neognathae,,,,,,,
Hipposideros gigas,cellular organisms,Eukaryota,Boreoeutheria,Metazoa,Chordata,Craniata,Sarcopterygii,Mammalia,Laurasiatheria,Chiroptera,Yinpterochiroptera,Hipposideridae,Macronycteris,Macronycteris gigas,,,,Rhinolophoidea,,,,,,,,,
Myotis pequinius,cellular organisms,Eukaryota,Boreoeutheria,Metazoa,Chordata,Craniata,Sarcopterygii,Mammalia,Laurasiatheria,Chiroptera,Yangochiroptera,Vespertilionidae,Myotis,Myotis pequinius,,,,,,,,,,,,,
Eptesicus serotinus serotinus,cellular organisms,Eukaryota,Boreoeutheria,Metazoa,Chordata,Craniata,Sarcopterygii,Mammalia,Laurasiatheria,Chiroptera,Yangochiroptera,Vespertilionidae,Cnephaeus,Cnephaeus serotinus,Cnephaues serotinus serotinus,,,,,,,,,,,,
Eptesicus serotinus andersoni,cellular organisms,Eukaryota,Boreoeutheria,Metazoa,Chordata,Craniata,Sarcopterygii,Mammalia,Laurasiatheria,Chiroptera,Yangochiroptera,Vespertilionidae,Cnephaeus,Cnephaeus serotinus,Cnephaeus serotinus andersoni,,,,,,,,,,,,
Mytilus galloprovincialis,cellular organisms,Eukaryota,Pteriomorphia,Metazoa,Mollusca,,,Bivalvia,,Mytilida,,Mytilidae,Mytilus,Mytilus galloprovincialis,,,,Mytiloidea,Mytilinae,,,Autobranchia,,,,,
Himalayan marmot,cellular organisms,Eukaryota,Glires,Metazoa,Chordata,Craniata,Sarcopterygii,Mammalia,Euarchontoglires,Rodentia,Sciuromorpha,Sciuridae,Marmota,Marmota himalayana,,,,,Xerinae,,,,,Marmotini,,,
Pekin duck,cellular organisms,Eukaryota,Coelurosauria,Metazoa,Chordata,Craniata,Sarcopterygii,Aves,Galloanserae,Anseriformes,,Anatidae,Anas,Anas platyrhynchos,,,,,Anatinae,Neognathae,,,,,,,
turkey; young poult presenting PEMS,,,,,,,,,,,,,,,,,,,,,,,,,,,
Acinonyx jubatus,cellular organisms,Eukaryota,Boreoeutheria,Metazoa,Chordata,Craniata,Sarcopterygii,Mammalia,Laurasiatheria,Carnivora,Feliformia,Felidae,Acinonyx,Acinonyx jubatus,,,,,Felinae,,,,,,,,
Guinea fowl,cellular organisms,Eukaryota,Coelurosauria,Metazoa,Chordata,Craniata,Sarcopterygii,Aves,Galloanserae,Galliformes,,Numididae,,Numididae sp.,,,,,,Neognathae,,,,,,,
Sus scrofa (domestic pig),,,,,,,,,,,,,,,,,,,,,,,,,,,
Myotis myotis,cellular organisms,Eukaryota,Boreoeutheria,Metazoa,Chordata,Craniata,Sarcopterygii,Mammalia,Laurasiatheria,Chiroptera,Yangochiroptera,Vespertilionidae,Myotis,Myotis myotis,,,,,,,,,,,,,
Balaenoptera acutorostrata,cellular organisms,Eukaryota,Boreoeutheria,Metazoa,Chordata,Craniata,Sarcopterygii,Mammalia,Laurasiatheria,Artiodactyla,Whippomorpha,Balaenopteridae,Balaenoptera,Balaenoptera acutorostrata,,Cetacea,Mysticeti,,,,,,,,,,
Orcinus orca,cellular organisms,Eukaryota,Boreoeutheria,Metazoa,Chordata,Craniata,Sarcopterygii,Mammalia,Laurasiatheria,Artiodactyla,Whippomorpha,Delphinidae,Orcinus,Orcinus orca,,Cetacea,Odontoceti,,,,,,,,,,
Tursiops truncatus,cellular organisms,Eukaryota,Boreoeutheria,Metazoa,Chordata,Craniata,Sarcopterygii,Mammalia,Laurasiatheria,Artiodactyla,Whippomorpha,Delphinidae,Tursiops,Tursiops truncatus,,Cetacea,Odontoceti,,,,,,,,,,
Anas platyrhynchos f. domestica,cellular organisms,Eukaryota,Coelurosauria,Metazoa,Chordata,Craniata,Sarcopterygii,Aves,Galloanserae,Anseriformes,,Anatidae,Anas,Anas platyrhynchos,,,,,Anatinae,Neognathae,,,,,,,
Capreolus capreolus,cellular organisms,Eukaryota,Boreoeutheria,Metazoa,Chordata,Craniata,Sarcopterygii,Mammalia,Laurasiatheria,Artiodactyla,Ruminantia,Cervidae,Capreolus,Capreolus capreolus,,Pecora,,,Odocoileinae,,,,,,,,
commercial broiler,,,,,,,,,,,,,,,,,,,,,,,,,,,
Myotis longipes,cellular organisms,Eukaryota,Boreoeutheria,Metazoa,Chordata,Craniata,Sarcopterygii,Mammalia,Laurasiatheria,Chiroptera,Yangochiroptera,Vespertilionidae,Myotis,Myotis longipes,,,,,,,,,,,,,
Swine,cellular organisms,Eukaryota,Boreoeutheria,Metazoa,Chordata,Craniata,Sarcopterygii,Mammalia,Laurasiatheria,Artiodactyla,Suina,Suidae,Sus,Sus scrofa,,,,,,,,,,,,,
Semnopithecus entellus,cellular organisms,Eukaryota,Boreoeutheria,Metazoa,Chordata,Craniata,Sarcopterygii,Mammalia,Euarchontoglires,Primates,Haplorrhini,Cercopithecidae,Semnopithecus,Semnopithecus entellus,,Simiiformes,Catarrhini,Cercopithecoidea,Colobinae,,,,,,,,
Hylobatidae,cellular organisms,Eukaryota,Boreoeutheria,Metazoa,Chordata,Craniata,Sarcopterygii,Mammalia,Euarchontoglires,Primates,Haplorrhini,Hylobatidae,,,,Simiiformes,Catarrhini,Hominoidea,,,,,,,,,
Papio anubis,cellular organisms,Eukaryota,Boreoeutheria,Metazoa,Chordata,Craniata,Sarcopterygii,Mammalia,Euarchontoglires,Primates,Haplorrhini,Cercopithecidae,Papio,Papio anubis,,Simiiformes,Catarrhini,Cercopithecoidea,Cercopithecinae,,,,,,,,
Chlorocebus pygerythrus,cellular organisms,Eukaryota,Boreoeutheria,Metazoa,Chordata,Craniata,Sarcopterygii,Mammalia,Euarchontoglires,Primates,Haplorrhini,Cercopithecidae,Chlorocebus,Chlorocebus pygerythrus,,Simiiformes,Catarrhini,Cercopithecoidea,Cercopithecinae,,,,,,,,
Papio hamadryas,cellular organisms,Eukaryota,Boreoeutheria,Metazoa,Chordata,Craniata,Sarcopterygii,Mammalia,Euarchontoglires,Primates,Haplorrhini,Cercopithecidae,Papio,Papio hamadryas,,Simiiformes,Catarrhini,Cercopithecoidea,Cercopithecinae,,,,,,,,
Trachypithecus pileatus,cellular organisms,Eukaryota,Boreoeutheria,Metazoa,Chordata,Craniata,Sarcopterygii,Mammalia,Euarchontoglires,Primates,Haplorrhini,Cercopithecidae,Trachypithecus,Trachypithecus pileatus,,Simiiformes,Catarrhini,Cercopithecoidea,Colobinae,,,,,,,,
Hoolock hoolock,cellular organisms,Eukaryota,Boreoeutheria,Metazoa,Chordata,Craniata,Sarcopterygii,Mammalia,Euarchontoglires,Primates,Haplorrhini,Hylobatidae,Hoolock,Hoolock hoolock,,Simiiformes,Catarrhini,Hominoidea,,,,,,,,,
Hypothymis azurea,cellular organisms,Eukaryota,Australaves,Metazoa,Chordata,Craniata,Sarcopterygii,Aves,,Passeriformes,,Monarchidae,Hypothymis,Hypothymis azurea,,,,Corvoidea,,Neognathae,,,,,,,
Megaerops kusnotoi,cellular organisms,Eukaryota,Boreoeutheria,Metazoa,Chordata,Craniata,Sarcopterygii,Mammalia,Laurasiatheria,Chiroptera,Yinpterochiroptera,Pteropodidae,Megaerops,Megaerops kusnotoi,,,,Pteropodoidea,Cynopterinae,,,,,,,,
Myotis nattereri,cellular organisms,Eukaryota,Boreoeutheria,Metazoa,Chordata,Craniata,Sarcopterygii,Mammalia,Laurasiatheria,Chiroptera,Yangochiroptera,Vespertilionidae,Myotis,Myotis nattereri,,,,,,,,,,,,,
Myotis bechsteinii,cellular organisms,Eukaryota,Boreoeutheria,Metazoa,Chordata,Craniata,Sarcopterygii,Mammalia,Laurasiatheria,Chiroptera,Yangochiroptera,Vespertilionidae,Myotis,Myotis bechsteinii,,,,,,,,,,,,,
Pipistrellus nathusii;Pipistrellus pygmaeus,,,,,,,,,,,,,,,,,,,,,,,,,,,
Rhinolophus hipposideros,cellular organisms,Eukaryota,Boreoeutheria,Metazoa,Chordata,Craniata,Sarcopterygii,Mammalia,Laurasiatheria,Chiroptera,Yinpterochiroptera,Rhinolophidae,Rhinolophus,Rhinolophus hipposideros,,,,Rhinolophoidea,Rhinolophinae,,,,,,,,
Myotis mystacinus,cellular organisms,Eukaryota,Boreoeutheria,Metazoa,Chordata,Craniata,Sarcopterygii,Mammalia,Laurasiatheria,Chiroptera,Yangochiroptera,Vespertilionidae,Myotis,Myotis mystacinus,,,,,,,,,,,,,
Landes goose,cellular organisms,Eukaryota,Coelurosauria,Metazoa,Chordata,Craniata,Sarcopterygii,Aves,Galloanserae,Anseriformes,,Anatidae,Anser,Anser sp.,,,,,Anserinae,Neognathae,,,,,,,
Ma duck,cellular organisms,Eukaryota,Coelurosauria,Metazoa,Chordata,Craniata,Sarcopterygii,Aves,Galloanserae,Anseriformes,,Anatidae,Anas,Anas platyrhynchos,,,,,Anatinae,Neognathae,,,,,,,
Pekin duckling,,,,,,,,,,,,,,,,,,,,,,,,,,,
shorebird,,,,,,,,,,,,,,,,,,,,,,,,,,,
Homo sapiens 5 month old female,,,,,,,,,,,,,,,,,,,,,,,,,,,
Homo sapiens 1 year old male,,,,,,,,,,,,,,,,,,,,,,,,,,,
Homo sapiens 62 year old female,,,,,,,,,,,,,,,,,,,,,,,,,,,
Homo sapiens 1 year 6 month old female,,,,,,,,,,,,,,,,,,,,,,,,,,,
Homo sapiens 2 year old male,,,,,,,,,,,,,,,,,,,,,,,,,,,
Homo sapiens 6 year old male,,,,,,,,,,,,,,,,,,,,,,,,,,,
Homo sapiens 1 year 6 month old male,,,,,,,,,,,,,,,,,,,,,,,,,,,
Homo sapiens 9 month old male,,,,,,,,,,,,,,,,,,,,,,,,,,,
Homo sapiens 10 month female,,,,,,,,,,,,,,,,,,,,,,,,,,,
Homo sapiens 10 year old female,,,,,,,,,,,,,,,,,,,,,,,,,,,
Homo sapiens 1 year 6 month old male child,,,,,,,,,,,,,,,,,,,,,,,,,,,
Pygoscelis adeliae,cellular organisms,Eukaryota,Aequornithes,Metazoa,Chordata,Craniata,Sarcopterygii,Aves,,Sphenisciformes,,Spheniscidae,Pygoscelis,Pygoscelis adeliae,,,,,,Neognathae,,,,,,,
Hystrix brachyurus,cellular organisms,Eukaryota,Glires,Metazoa,Chordata,Craniata,Sarcopterygii,Mammalia,Euarchontoglires,Rodentia,Hystricomorpha,Hystricidae,Hystrix,Hystrix brachyura,,,,,,,,,,,,,
Episoriculus leucops,cellular organisms,Eukaryota,Boreoeutheria,Metazoa,Chordata,Craniata,Sarcopterygii,Mammalia,Laurasiatheria,Eulipotyphla,,Soricidae,Episoriculus,Episoriculus leucops,,,,,Soricinae,,,,,,,,
Volemys millicens,cellular organisms,Eukaryota,Muroidea,Metazoa,Chordata,Craniata,Sarcopterygii,Mammalia,Euarchontoglires,Rodentia,Myomorpha,Cricetidae,Volemys,Volemys millicens,,,,,Arvicolinae,,,,,,,,
Tylonycteris robustula,cellular organisms,Eukaryota,Boreoeutheria,Metazoa,Chordata,Craniata,Sarcopterygii,Mammalia,Laurasiatheria,Chiroptera,Yangochiroptera,Vespertilionidae,Tylonycteris,Tylonycteris robustula,,,,,,,,,,,,,
Homo sapiens 62 year old lady,,,,,,,,,,,,,,,,,,,,,,,,,,,
Homo sapiens 6 year old boy,,,,,,,,,,,,,,,,,,,,,,,,,,,
Homo sapiens 5 month old girl,,,,,,,,,,,,,,,,,,,,,,,,,,,
Homo sapiens 9 month old boy,,,,,,,,,,,,,,,,,,,,,,,,,,,
Homo sapiens 10 year old girl,,,,,,,,,,,,,,,,,,,,,,,,,,,
Homo sapiens one and half year old boy,,,,,,,,,,,,,,,,,,,,,,,,,,,
Homo sapiens 1 year old boy,,,,,,,,,,,,,,,,,,,,,,,,,,,
Pipistrellus pygmaeus,cellular organisms,Eukaryota,Boreoeutheria,Metazoa,Chordata,Craniata,Sarcopterygii,Mammalia,Laurasiatheria,Chiroptera,Yangochiroptera,Vespertilionidae,Pipistrellus,Pipistrellus pygmaeus,,,,,,,,,,,,,
Hipposideros cineraceus,cellular organisms,Eukaryota,Boreoeutheria,Metazoa,Chordata,Craniata,Sarcopterygii,Mammalia,Laurasiatheria,Chiroptera,Yinpterochiroptera,Hipposideridae,Hipposideros,Hipposideros cineraceus,,,,Rhinolophoidea,,,,,,,,,
Homo sapiens 34 month-old girl,,,,,,,,,,,,,,,,,,,,,,,,,,,
Homo sapiens 36 month-old girl,,,,,,,,,,,,,,,,,,,,,,,,,,,
Homo sapiens 23 month-old boy,,,,,,,,,,,,,,,,,,,,,,,,,,,
Homo sapiens 24 month-old girl,,,,,,,,,,,,,,,,,,,,,,,,,,,
Homo sapiens 10 month-old girl,,,,,,,,,,,,,,,,,,,,,,,,,,,
Homo sapiens 8 month-old girl,,,,,,,,,,,,,,,,,,,,,,,,,,,
Homo sapiens 11 month-old girl,,,,,,,,,,,,,,,,,,,,,,,,,,,
Homo sapiens 12 month-old girl,,,,,,,,,,,,,,,,,,,,,,,,,,,
Homo sapiens under 5 years old,,,,,,,,,,,,,,,,,,,,,,,,,,,
Homo sapiens 5 month-old boy,,,,,,,,,,,,,,,,,,,,,,,,,,,
Meleagris gallopavo; female,,,,,,,,,,,,,,,,,,,,,,,,,,,
Canis familiaris,cellular organisms,Eukaryota,Boreoeutheria,Metazoa,Chordata,Craniata,Sarcopterygii,Mammalia,Laurasiatheria,Carnivora,Caniformia,Canidae,Canis,Canis lupus,Canis lupus familiaris,,,,,,,,,,,,
"Homo sapiens, 24 months old femail",,,,,,,,,,,,,,,,,,,,,,,,,,,
Homo sapiens 1 months old male,,,,,,,,,,,,,,,,,,,,,,,,,,,
Homo sapiens 16 months old male,,,,,,,,,,,,,,,,,,,,,,,,,,,
Numida meleagris,cellular organisms,Eukaryota,Coelurosauria,Metazoa,Chordata,Craniata,Sarcopterygii,Aves,Galloanserae,Galliformes,,Numididae,Numida,Numida meleagris,,,,,,Neognathae,,,,,,,
Apodemus flavicollis (yellow necked mouse),,,,,,,,,,,,,,,,,,,,,,,,,,,
laboratory mouse,,,,,,,,,,,,,,,,,,,,,,,,,,,
Homo sapiens 5 months old female,,,,,,,,,,,,,,,,,,,,,,,,,,,
Homo sapiens 62 years old female,,,,,,,,,,,,,,,,,,,,,,,,,,,
Homo sapiens 1 year 6 months old baby girl,,,,,,,,,,,,,,,,,,,,,,,,,,,
Homo sapiens 2 years old baby boy,,,,,,,,,,,,,,,,,,,,,,,,,,,
Homo sapiens 6 years old boy,,,,,,,,,,,,,,,,,,,,,,,,,,,
Homo sapiens 1 year 6 months old baby boy,,,,,,,,,,,,,,,,,,,,,,,,,,,
Homo sapiens 5 months old baby girl,,,,,,,,,,,,,,,,,,,,,,,,,,,
Homo sapiens 9 months old baby boy,,,,,,,,,,,,,,,,,,,,,,,,,,,
Homo sapiens 10 months old baby girl,,,,,,,,,,,,,,,,,,,,,,,,,,,
Homo sapiens 10 years old girl,,,,,,,,,,,,,,,,,,,,,,,,,,,
Homo sapiens 45 years old female,,,,,,,,,,,,,,,,,,,,,,,,,,,
puppy,,,,,,,,,,,,,,,,,,,,,,,,,,,
Anas penelope,cellular organisms,Eukaryota,Coelurosauria,Metazoa,Chordata,Craniata,Sarcopterygii,Aves,Galloanserae,Anseriformes,,Anatidae,Mareca,Mareca penelope,,,,,Anatinae,Neognathae,,,,,,,
Anas clypeata,,,,,,,,,,,,,,,,,,,,,,,,,,,
Tringa nebularia,cellular organisms,Eukaryota,Neoaves,Metazoa,Chordata,Craniata,Sarcopterygii,Aves,,Charadriiformes,,Scolopacidae,Tringa,Tringa nebularia,,,,,,Neognathae,,,,,,,
Platalea minor,cellular organisms,Eukaryota,Aequornithes,Metazoa,Chordata,Craniata,Sarcopterygii,Aves,,Pelecaniformes,,Threskiornithidae,Platalea,Platalea minor,,,,,,Neognathae,,,,,,,
Ardeola sp.,,,,,,,,,,,,,,,,,,,,,,,,,,,
Dendrocygna javanica,cellular organisms,Eukaryota,Coelurosauria,Metazoa,Chordata,Craniata,Sarcopterygii,Aves,Galloanserae,Anseriformes,,Anatidae,Dendrocygna,Dendrocygna javanica,,,,,Dendrocygninae,Neognathae,,,,,,,
Spilopelia chinensis,cellular organisms,Eukaryota,Columbimorphae,Metazoa,Chordata,Craniata,Sarcopterygii,Aves,,Columbiformes,,Columbidae,Spilopelia,Spilopelia chinensis,,,,,,Neognathae,,,,,,,
guinea fowl,cellular organisms,Eukaryota,Coelurosauria,Metazoa,Chordata,Craniata,Sarcopterygii,Aves,Galloanserae,Galliformes,,Numididae,,Numididae sp.,,,,,,Neognathae,,,,,,,
domestic sheep,cellular organisms,Eukaryota,Boreoeutheria,Metazoa,Chordata,Craniata,Sarcopterygii,Mammalia,Laurasiatheria,Artiodactyla,Ruminantia,Bovidae,Ovis,Ovis aries,,Pecora,,,Caprinae,,,,,,,,
Homo sapiens age 57 years,,,,,,,,,,,,,,,,,,,,,,,,,,,
Homo sapiens age 69 years,,,,,,,,,,,,,,,,,,,,,,,,,,,
Homo sapiens age 52 years,,,,,,,,,,,,,,,,,,,,,,,,,,,
Homo sapiens age 80 years,,,,,,,,,,,,,,,,,,,,,,,,,,,
Homo sapiens age 85 years,,,,,,,,,,,,,,,,,,,,,,,,,,,
Homo sapiens age 8 months,,,,,,,,,,,,,,,,,,,,,,,,,,,
Homo sapiens age 3 months,,,,,,,,,,,,,,,,,,,,,,,,,,,
Homo sapiens age 1 month,,,,,,,,,,,,,,,,,,,,,,,,,,,
Homo sapiens age 12 months,,,,,,,,,,,,,,,,,,,,,,,,,,,
Homo sapiens age 4 months,,,,,,,,,,,,,,,,,,,,,,,,,,,
Homo sapiens age 9 months,,,,,,,,,,,,,,,,,,,,,,,,,,,
Homo sapiens age 5 months,,,,,,,,,,,,,,,,,,,,,,,,,,,
Homo sapiens age 6 months,,,,,,,,,,,,,,,,,,,,,,,,,,,
Homo sapiens age 10 months,,,,,,,,,,,,,,,,,,,,,,,,,,,
Homo sapiens age 2 months,,,,,,,,,,,,,,,,,,,,,,,,,,,
Homo sapiens age 16 months,,,,,,,,,,,,,,,,,,,,,,,,,,,
Homo sapiens age 11 months,,,,,,,,,,,,,,,,,,,,,,,,,,,
Homo sapiens age 14 months,,,,,,,,,,,,,,,,,,,,,,,,,,,
Homo sapiens age 7 months,,,,,,,,,,,,,,,,,,,,,,,,,,,
Homo sapiens age 25 months,,,,,,,,,,,,,,,,,,,,,,,,,,,
Wood pigeon,,,,,,,,,,,,,,,,,,,,,,,,,,,
Feral pigeon,,,,,,,,,,,,,,,,,,,,,,,,,,,
