ID,Version,GenBank title,Release date,Organism name,Virus Lineage,Species,Family,Length,Submitters,Strain,Isolate,Geo location,Country,Collection date,Tissue/Specimen/Source,Host,Environmental,CDS count,Artificial,UNVERIFIED,class,1A,1A-strand,1B,1B-strand,2,2-strand
PV418557,PV418557.1,"Canine astrovirus isolate CaAstV/Dog/AUS/perth_6/2022 nonstructural protein gene, complete cds; RNA-dependent RNA polymerase gene, partial cds; and capsid protein gene, complete cds",08-OCT-2025,Canine astrovirus,Viruses;Riboviria;Orthornavirae;Pisuviricota;Stelpaviricetes;Stellavirales;Astroviridae;Mamastrovirus,,Astroviridae,6478,"Mifsud,J.C.O., Harvey,E., Van Brussel,K., Olsson,A., Pitcher,B.J., Hall,J., Fenton,H., Alting,B.F., Sadiq,S. and Holmes,E.C.",,CaAstV/Dog/AUS/perth_6/2022,Australia: Perth,,Mar-2022,feces,Canis lupus familiaris,No,3,No,No,Mammalia,59-2606,1.0,2569-4138,1.0,4091-6455,1.0
PX236817,PX236817.1,"Possum astrovirus isolate M22 ORF1a protein and ORF1b protein genes, complete cds; and ORF2 protein gene, partial cds",24-SEP-2025,Possum astrovirus,Viruses;Riboviria;Orthornavirae;Pisuviricota;Stelpaviricetes;Stellavirales;Astroviridae,,Astroviridae,5446,"French,R.K.",,M22,New Zealand,,2021,kidney/liver,Trichosurus vulpecula,No,3,No,No,Mammalia,18-2475,1.0,2489-3986,1.0,3876-5446,1.0
OR951098,OR951098.1,MAG: Bat astrovirus isolate JX2021_368_226027 sequence,18-SEP-2025,Bat astrovirus,Viruses;Riboviria;Orthornavirae;Pisuviricota;Stelpaviricetes;Stellavirales;Astroviridae,,Astroviridae,3758,"Wang,Y., Xu,P., Han,Y., Zhao,W., Zhao,L., Li,R., Zhang,J., Zhang,S., Lu,J., Jin,Q. and Wu,Z.",,JX2021_368_226027,China,,2021,swab,Rhinolophus sinicus,Yes,0,No,No,Mammalia,48-807,1.0,806-2387,1.0,2424-3177,1.0
OR951097,OR951097.1,MAG: Bat astrovirus isolate JX2021_367_194485 sequence,18-SEP-2025,Bat astrovirus,Viruses;Riboviria;Orthornavirae;Pisuviricota;Stelpaviricetes;Stellavirales;Astroviridae,,Astroviridae,6021,"Wang,Y., Xu,P., Han,Y., Zhao,W., Zhao,L., Li,R., Zhang,J., Zhang,S., Lu,J., Jin,Q. and Wu,Z.",,JX2021_367_194485,China,,2021,swab,Rhinolophus sinicus,Yes,0,No,No,Mammalia,305-2255,1.0,2254-3832,1.0,3812-6008,1.0
OR951096,OR951096.1,"MAG: Bat astrovirus isolate JX2021 polyprotein 1b-like gene, complete sequence",18-SEP-2025,Bat astrovirus,Viruses;Riboviria;Orthornavirae;Pisuviricota;Stelpaviricetes;Stellavirales;Astroviridae,,Astroviridae,1608,"Wang,Y., Xu,P., Han,Y., Zhao,W., Zhao,L., Li,R., Zhang,J., Zhang,S., Lu,J., Jin,Q. and Wu,Z.",,JX2021,China,,2021,swab,Rhinolophus affinis,Yes,0,No,No,Mammalia,NA-NA,,241-1608,1.0,NA-NA,
OR951095,OR951095.1,"MAG: Bat astrovirus isolate JX2021 polyprotein 1b gene, partial cds",18-SEP-2025,Bat astrovirus,Viruses;Riboviria;Orthornavirae;Pisuviricota;Stelpaviricetes;Stellavirales;Astroviridae,,Astroviridae,1381,"Wang,Y., Xu,P., Han,Y., Zhao,W., Zhao,L., Li,R., Zhang,J., Zhang,S., Lu,J., Jin,Q. and Wu,Z.",,JX2021,China,,2021,swab,Rhinolophus affinis,Yes,1,No,No,Mammalia,NA-NA,,0-1371,1.0,NA-NA,
OR951087,OR951087.1,MAG: Bat astrovirus isolate YN2020_321_29515 sequence,18-SEP-2025,Bat astrovirus,Viruses;Riboviria;Orthornavirae;Pisuviricota;Stelpaviricetes;Stellavirales;Astroviridae,,Astroviridae,6552,"Wang,Y., Xu,P., Han,Y., Zhao,W., Zhao,L., Li,R., Zhang,J., Zhang,S., Lu,J., Jin,Q. and Wu,Z.",,YN2020_321_29515,China,,2020,swab,Miniopterus schreibersii,Yes,0,No,No,Mammalia,390-2625,1.0,2624-4205,1.0,4188-6510,1.0
OR951086,OR951086.1,MAG: Bat astrovirus isolate YN2020_321_25819 sequence,18-SEP-2025,Bat astrovirus,Viruses;Riboviria;Orthornavirae;Pisuviricota;Stelpaviricetes;Stellavirales;Astroviridae,,Astroviridae,4824,"Wang,Y., Xu,P., Han,Y., Zhao,W., Zhao,L., Li,R., Zhang,J., Zhang,S., Lu,J., Jin,Q. and Wu,Z.",,YN2020_321_25819,China,,2020,swab,Miniopterus schreibersii,Yes,0,No,No,Mammalia,0-1615,1.0,1614-3192,1.0,3133-4824,1.0
OR951081,OR951081.1,"MAG: Bat astrovirus isolate Pool-312 polyprotein 1a and polyprotein 1b genes, complete cds",18-SEP-2025,Bat astrovirus,Viruses;Riboviria;Orthornavirae;Pisuviricota;Stelpaviricetes;Stellavirales;Astroviridae,,Astroviridae,3410,"Wang,Y., Xu,P., Han,Y., Zhao,W., Zhao,L., Li,R., Zhang,J., Zhang,S., Lu,J., Jin,Q. and Wu,Z.",,Pool-312,China,,2020,swab,Hipposideros sp.,Yes,2,No,No,Mammalia,0-1842,1.0,1853-3380,1.0,NA-NA,
OR951080,OR951080.1,"MAG: Bat astrovirus isolate HB2020_306_19370 polyprotein 1a, polyprotein 1b, and capsid protein precursor, genes, complete cds",18-SEP-2025,Bat astrovirus,Viruses;Riboviria;Orthornavirae;Pisuviricota;Stelpaviricetes;Stellavirales;Astroviridae,,Astroviridae,6680,"Wang,Y., Xu,P., Han,Y., Zhao,W., Zhao,L., Li,R., Zhang,J., Zhang,S., Lu,J., Jin,Q. and Wu,Z.",,HB2020_306_19370,China,,2020,swab,Rhinolophus sinicus,Yes,3,No,No,Mammalia,37-2707,1.0,2718-4293,1.0,4093-6523,1.0
OR951079,OR951079.1,"MAG: Bat astrovirus isolate HB2020_303_11589 polyprotein 1a, polyprotein 1b, and capsid protein precursor, genes, complete cds",18-SEP-2025,Bat astrovirus,Viruses;Riboviria;Orthornavirae;Pisuviricota;Stelpaviricetes;Stellavirales;Astroviridae,,Astroviridae,6677,"Wang,Y., Xu,P., Han,Y., Zhao,W., Zhao,L., Li,R., Zhang,J., Zhang,S., Lu,J., Jin,Q. and Wu,Z.",,HB2020_303_11589,China,,2020,swab,Rhinolophus ferrumequinum,Yes,3,No,No,Mammalia,31-2635,1.0,2646-4218,1.0,4159-6535,1.0
OR951072,OR951072.1,MAG: Bat astrovirus isolate GD2016_278_110098 sequence,18-SEP-2025,Bat astrovirus,Viruses;Riboviria;Orthornavirae;Pisuviricota;Stelpaviricetes;Stellavirales;Astroviridae,,Astroviridae,3658,"Wang,Y., Xu,P., Han,Y., Zhao,W., Zhao,L., Li,R., Zhang,J., Zhang,S., Lu,J., Jin,Q. and Wu,Z.",,GD2016_278_110098,China,,2016,swab,Myotis chinensis,Yes,0,No,No,Mammalia,278-2219,1.0,2197-3658,1.0,NA-NA,
OR951069,OR951069.1,"MAG: Bat astrovirus isolate YN2017 polyprotein 1b-like gene, complete sequence",18-SEP-2025,Bat astrovirus,Viruses;Riboviria;Orthornavirae;Pisuviricota;Stelpaviricetes;Stellavirales;Astroviridae,,Astroviridae,1905,"Wang,Y., Xu,P., Han,Y., Zhao,W., Zhao,L., Li,R., Zhang,J., Zhang,S., Lu,J., Jin,Q. and Wu,Z.",,YN2017,China,,2017,swab,Rousettus leschenaultii,Yes,0,No,No,Mammalia,NA-NA,,216-1650,1.0,NA-NA,
OR951063,OR951063.1,MAG: Bat astrovirus isolate GX2017_243_49312 sequence,18-SEP-2025,Bat astrovirus,Viruses;Riboviria;Orthornavirae;Pisuviricota;Stelpaviricetes;Stellavirales;Astroviridae,,Astroviridae,1636,"Wang,Y., Xu,P., Han,Y., Zhao,W., Zhao,L., Li,R., Zhang,J., Zhang,S., Lu,J., Jin,Q. and Wu,Z.",,GX2017_243_49312,China,,2017,swab,Taphozous melanopogon,Yes,0,No,No,Mammalia,NA-NA,,1-1480,1.0,1524-1540,1.0
OR951060,OR951060.1,MAG: Bat astrovirus isolate GX2016 sequence,18-SEP-2025,Bat astrovirus,Viruses;Riboviria;Orthornavirae;Pisuviricota;Stelpaviricetes;Stellavirales;Astroviridae,,Astroviridae,3485,"Wang,Y., Xu,P., Han,Y., Zhao,W., Zhao,L., Li,R., Zhang,J., Zhang,S., Lu,J., Jin,Q. and Wu,Z.",,GX2016,China,,2016,swab,Taphozous melanopogon,Yes,0,No,No,Mammalia,180-1992,1.0,1991-3485,1.0,NA-NA,
OR951059,OR951059.1,MAG: Bat astrovirus isolate GD2016_230_3862 sequence,18-SEP-2025,Bat astrovirus,Viruses;Riboviria;Orthornavirae;Pisuviricota;Stelpaviricetes;Stellavirales;Astroviridae,,Astroviridae,4283,"Wang,Y., Xu,P., Han,Y., Zhao,W., Zhao,L., Li,R., Zhang,J., Zhang,S., Lu,J., Jin,Q. and Wu,Z.",,GD2016_230_3862,China,,2016,swab,Miniopterus pusillus,Yes,0,No,No,Mammalia,262-2473,1.0,2472-4050,1.0,NA-NA,
OR951053,OR951053.1,"MAG: Myotis ricketti associated fish astrovirus isolate JX2020 polyprotein 1a, polyprotein 1b, and capsid protein precursor, genes, complete cds",18-SEP-2025,Myotis ricketti associated fish astrovirus,Viruses;Riboviria;Orthornavirae;Pisuviricota;Stelpaviricetes;Stellavirales;Astroviridae,,Astroviridae,7098,"Wang,Y., Xu,P., Han,Y., Zhao,W., Zhao,L., Li,R., Zhang,J., Zhang,S., Lu,J., Jin,Q. and Wu,Z.",,JX2020,China,,2020,swab,fish,Yes,3,No,No,,205-3574,1.0,3585-5022,1.0,4963-7009,1.0
OR951052,OR951052.1,MAG: Myotis ricketti associated fish astrovirus isolate GX2017 sequence,18-SEP-2025,Myotis ricketti associated fish astrovirus,Viruses;Riboviria;Orthornavirae;Pisuviricota;Stelpaviricetes;Stellavirales;Astroviridae,,Astroviridae,4056,"Wang,Y., Xu,P., Han,Y., Zhao,W., Zhao,L., Li,R., Zhang,J., Zhang,S., Lu,J., Jin,Q. and Wu,Z.",,GX2017,China,,2020,swab,fish,Yes,0,No,No,,29-2350,1.0,2320-3892,1.0,NA-NA,
OR951045,OR951045.1,MAG: Bat astrovirus isolate GD2017_207_27658 sequence,18-SEP-2025,Bat astrovirus,Viruses;Riboviria;Orthornavirae;Pisuviricota;Stelpaviricetes;Stellavirales;Astroviridae,,Astroviridae,5500,"Wang,Y., Xu,P., Han,Y., Zhao,W., Zhao,L., Li,R., Zhang,J., Zhang,S., Lu,J., Jin,Q. and Wu,Z.",,GD2017_207_27658,China,,2017,swab,Myotis pilosus,Yes,0,No,No,Mammalia,217-2820,1.0,2822-4370,1.0,4383-5114,1.0
OR951034,OR951034.1,MAG: Bat astrovirus isolate GD2017_191_26815 sequence,18-SEP-2025,Bat astrovirus,Viruses;Riboviria;Orthornavirae;Pisuviricota;Stelpaviricetes;Stellavirales;Astroviridae,,Astroviridae,5439,"Wang,Y., Xu,P., Han,Y., Zhao,W., Zhao,L., Li,R., Zhang,J., Zhang,S., Lu,J., Jin,Q. and Wu,Z.",,GD2017_191_26815,China,,2017,swab,Hipposideros larvatus,Yes,0,No,No,Mammalia,404-2312,1.0,2311-3901,1.0,3881-5439,1.0
OR951026,OR951026.1,MAG: Bat astrovirus isolate GX2017_185_6114 sequence,18-SEP-2025,Bat astrovirus,Viruses;Riboviria;Orthornavirae;Pisuviricota;Stelpaviricetes;Stellavirales;Astroviridae,,Astroviridae,6699,"Wang,Y., Xu,P., Han,Y., Zhao,W., Zhao,L., Li,R., Zhang,J., Zhang,S., Lu,J., Jin,Q. and Wu,Z.",,GX2017_185_6114,China,,2017,swab,Scotophilus kuhlii,Yes,0,No,No,Mammalia,87-2685,1.0,2684-4247,1.0,4246-6427,1.0
OR951021,OR951021.1,MAG: Bat astrovirus isolate GX2019_145_83144 sequence,18-SEP-2025,Bat astrovirus,Viruses;Riboviria;Orthornavirae;Pisuviricota;Stelpaviricetes;Stellavirales;Astroviridae,,Astroviridae,6657,"Wang,Y., Xu,P., Han,Y., Zhao,W., Zhao,L., Li,R., Zhang,J., Zhang,S., Lu,J., Jin,Q. and Wu,Z.",,GX2019_145_83144,China,,2019,swab,Tylonycteris pachypus,Yes,0,No,No,Mammalia,107-2648,1.0,2647-4204,1.0,4207-6352,1.0
OR951020,OR951020.1,"MAG: Bat astrovirus isolate GD2020 polyprotein 1b-like gene, complete sequence",18-SEP-2025,Bat astrovirus,Viruses;Riboviria;Orthornavirae;Pisuviricota;Stelpaviricetes;Stellavirales;Astroviridae,,Astroviridae,1414,"Wang,Y., Xu,P., Han,Y., Zhao,W., Zhao,L., Li,R., Zhang,J., Zhang,S., Lu,J., Jin,Q. and Wu,Z.",,GD2020,China,,2020,swab,Rhinolophus affinis,Yes,0,No,No,Mammalia,NA-NA,,64-1405,1.0,NA-NA,
OR951015,OR951015.1,"MAG: Bat astrovirus isolate YN2020_057_2377 polyprotein 1b-like gene, complete sequence",18-SEP-2025,Bat astrovirus,Viruses;Riboviria;Orthornavirae;Pisuviricota;Stelpaviricetes;Stellavirales;Astroviridae,,Astroviridae,1744,"Wang,Y., Xu,P., Han,Y., Zhao,W., Zhao,L., Li,R., Zhang,J., Zhang,S., Lu,J., Jin,Q. and Wu,Z.",,YN2020_057_2377,China,,2020,swab,Rhinolophus affinis,Yes,0,No,No,Mammalia,NA-NA,,139-1681,1.0,NA-NA,
OR951014,OR951014.1,MAG: Bat astrovirus isolate YN2020_057_2262 sequence,18-SEP-2025,Bat astrovirus,Viruses;Riboviria;Orthornavirae;Pisuviricota;Stelpaviricetes;Stellavirales;Astroviridae,,Astroviridae,3491,"Wang,Y., Xu,P., Han,Y., Zhao,W., Zhao,L., Li,R., Zhang,J., Zhang,S., Lu,J., Jin,Q. and Wu,Z.",,YN2020_057_2262,China,,2020,swab,Rhinolophus affinis,Yes,0,No,No,Mammalia,0-1850,1.0,1849-3427,1.0,NA-NA,
OR951013,OR951013.1,MAG: Bat astrovirus isolate YN2020_057_1262 sequence,18-SEP-2025,Bat astrovirus,Viruses;Riboviria;Orthornavirae;Pisuviricota;Stelpaviricetes;Stellavirales;Astroviridae,,Astroviridae,2249,"Wang,Y., Xu,P., Han,Y., Zhao,W., Zhao,L., Li,R., Zhang,J., Zhang,S., Lu,J., Jin,Q. and Wu,Z.",,YN2020_057_1262,China,,2020,swab,Rhinolophus affinis,Yes,0,No,No,Mammalia,0-724,1.0,723-2249,1.0,NA-NA,
OR951011,OR951011.1,"MAG: Bat astrovirus isolate GX2018 polyprotein 1b gene, partial cds",18-SEP-2025,Bat astrovirus,Viruses;Riboviria;Orthornavirae;Pisuviricota;Stelpaviricetes;Stellavirales;Astroviridae,,Astroviridae,1302,"Wang,Y., Xu,P., Han,Y., Zhao,W., Zhao,L., Li,R., Zhang,J., Zhang,S., Lu,J., Jin,Q. and Wu,Z.",,GX2018,China,,2018,swab,Scotophilus kuhlii,Yes,1,No,No,Mammalia,NA-NA,,0-1302,1.0,NA-NA,
OR951010,OR951010.1,MAG: Bat astrovirus isolate GX2018 sequence,18-SEP-2025,Bat astrovirus,Viruses;Riboviria;Orthornavirae;Pisuviricota;Stelpaviricetes;Stellavirales;Astroviridae,,Astroviridae,3387,"Wang,Y., Xu,P., Han,Y., Zhao,W., Zhao,L., Li,R., Zhang,J., Zhang,S., Lu,J., Jin,Q. and Wu,Z.",,GX2018,China,,2018,swab,Scotophilus kuhlii,Yes,0,No,No,Mammalia,110-1796,1.0,1792-3352,1.0,NA-NA,
PX095800,PX095800.1,"MAG: Mamastrovirus sp. isolate DL/P.nayaur/Mav-1 nonstructural protein NSP1a and nonstructural protein NSP1ab genes, partial cds; and capsid protein precursor, gene, complete cds",18-AUG-2025,Mamastrovirus sp.,Viruses;Riboviria;Orthornavirae;Pisuviricota;Stelpaviricetes;Stellavirales;Astroviridae;Mamastrovirus,,Astroviridae,6441,"Zhou,H., Yang,J., Luo,X. and Xu,J.",,DL/P.nayaur/Mav-1,China,,2023,feces,Pseudois nayaur,Yes,3,No,No,Mammalia,2-2570,1.0,2587-4090,1.0,4028-6362,1.0
PX095750,PX095750.1,"MAG: Mamastrovirus sp. isolate SQ/N.fuscus/Mav ORF1ab polyprotein gene, partial cds; and ORF1ab polyprotein and capsid protein genes, complete cds",18-AUG-2025,Mamastrovirus sp.,Viruses;Riboviria;Orthornavirae;Pisuviricota;Stelpaviricetes;Stellavirales;Astroviridae;Mamastrovirus,,Astroviridae,7452,"Zhou,H., Yang,J., Luo,X. and Xu,J.",,SQ/N.fuscus/Mav,China,,2023,intestinal contents,Neodon fuscus,Yes,3,No,No,Mammalia,NA-NA,,2807-4271,1.0,4263-7398,1.0
PV979747,PV979747.1,"Wenzhou rodent astrovirus 1 isolate K8f_52_Astrovirus_shrew_240620 ORF1ab protein and ORF1a protein genes, complete cds; and ORF2 protein gene, partial cds",06-AUG-2025,Wenzhou rodent astrovirus 1,Viruses;Riboviria;Orthornavirae;Pisuviricota;Stelpaviricetes;Stellavirales;Astroviridae,,Astroviridae,4302,"Huangfu,H.",,K8f_52_Astrovirus_shrew_240620,China:Hainan,,2024-06-20,,Su. murinus,No,3,No,No,,7-2317,1.0,2262-3966,1.0,3760-4302,1.0
PV793827,PV793827.1,"MAG: Astroviridae sp. isolate AstroviridaeCranefe81 ORF1a-like, ORF1b-like, and ORF2-like genes, complete sequence",16-JUL-2025,Astroviridae sp.,Viruses;Riboviria;Orthornavirae;Pisuviricota;Stelpaviricetes;Stellavirales;Astroviridae,,Astroviridae,7275,"Gao,J. and Ni,B.",,AstroviridaeCranefe81,China,,Jan-2024,Siberian crane feces,Leucogeranus leucogeranus,Yes,0,No,No,Aves,100-3406,1.0,3390-4938,1.0,4931-7178,1.0
PV793829,PV793829.1,"MAG: Avastrovirus sp. isolate AstroviridaeGoosefe94 ORF1a-like, ORF1b-like, and ORF2-like genes, complete sequence",16-JUL-2025,Avastrovirus sp.,Viruses;Riboviria;Orthornavirae;Pisuviricota;Stelpaviricetes;Stellavirales;Astroviridae;Avastrovirus,,Astroviridae,7104,"Gao,J. and Ni,B.",,AstroviridaeGoosefe94,China,,Jan-2024,wild geese feces,Anser sp.,Yes,0,No,No,Aves,42-3228,1.0,3230-4757,1.0,4683-6879,1.0
PV793828,PV793828.1,"MAG: Avastrovirus sp. isolate AstroviridaeGoosefe87 non-structural polyprotein-like, RNA-dependent RNA polymerase-like, and capsid protein-like genes, complete sequence",16-JUL-2025,Avastrovirus sp.,Viruses;Riboviria;Orthornavirae;Pisuviricota;Stelpaviricetes;Stellavirales;Astroviridae;Avastrovirus,,Astroviridae,7416,"Gao,J. and Ni,B.",,AstroviridaeGoosefe87,China,,Jan-2024,wild geese feces,Anser sp.,Yes,0,No,No,Aves,142-3511,1.0,3495-5046,1.0,4924-7243,1.0
PV793833,PV793833.1,"MAG: Astroviridae sp. isolate AstroviridaeGoosefe95V2 RNA-dependent RNA polymerase-like gene, complete sequence",16-JUL-2025,Astroviridae sp.,Viruses;Riboviria;Orthornavirae;Pisuviricota;Stelpaviricetes;Stellavirales;Astroviridae,,Astroviridae,3061,"Gao,J. and Ni,B.",,AstroviridaeGoosefe95V2,China,,Jan-2024,wild geese feces,Anser sp.,Yes,0,No,No,Aves,NA-NA,,1600-2992,1.0,NA-NA,
PV793832,PV793832.1,"MAG: Astroviridae sp. isolate AstroviridaeGoosefe95V1 ORF1b gene, complete cds",16-JUL-2025,Astroviridae sp.,Viruses;Riboviria;Orthornavirae;Pisuviricota;Stelpaviricetes;Stellavirales;Astroviridae,,Astroviridae,3432,"Gao,J. and Ni,B.",,AstroviridaeGoosefe95V1,China,,Jan-2024,wild geese feces,Anser sp.,Yes,1,No,No,Aves,NA-NA,,284-1823,1.0,NA-NA,
PV793831,PV793831.1,"MAG: Astroviridae sp. isolate AstroviridaeGoosefe93 RNA-dependent RNA polymerase-like gene, complete sequence",16-JUL-2025,Astroviridae sp.,Viruses;Riboviria;Orthornavirae;Pisuviricota;Stelpaviricetes;Stellavirales;Astroviridae,,Astroviridae,4135,"Gao,J. and Ni,B.",,AstroviridaeGoosefe93,China,,Jan-2024,wild geese feces,Anser sp.,Yes,0,No,No,Aves,NA-NA,,2297-3905,1.0,NA-NA,
PQ421850,PQ421850.1,"MAG: Astrovirus sp. isolate QJ1-CWDS hypothetical protein, non-structural polyprotein 1AB, and hypothetical protein genes, complete cds",12-JUL-2025,Astrovirus sp.,Viruses;Riboviria;Orthornavirae;Pisuviricota;Stelpaviricetes;Stellavirales;Astroviridae,,Astroviridae,6768,"Yang,J.-H., Luo,C.-F., Xiang,R., Min,J.-M., Shao,Z.-T., Chen,L., Chen,W.-J., Du,C.-H. and Jiang,J.-F.",,QJ1-CWDS,China: Yunnan Province,,14-Oct-2017,,Crocidura dracula,Yes,3,No,No,Mammalia,NA-NA,,2832-4341,1.0,NA-NA,
PQ421849,PQ421849.1,MAG: Astrovirus sp. isolate YL-SCDW genomic sequence,12-JUL-2025,Astrovirus sp.,Viruses;Riboviria;Orthornavirae;Pisuviricota;Stelpaviricetes;Stellavirales;Astroviridae,,Astroviridae,6319,"Yang,J.-H., Luo,C.-F., Xiang,R., Min,J.-M., Shao,Z.-T., Chen,L., Chen,W.-J., Du,C.-H. and Jiang,J.-F.",,YL-SCDW,China: Yunnan Province,,17-Nov-2015,,Anourosorex squamipes,Yes,3,No,No,Mammalia,NA-NA,,2505-4005,1.0,NA-NA,
PQ421846,PQ421846.1,MAG: Astrovirus sp. isolate LQ4-XSQ genomic sequence,12-JUL-2025,Astrovirus sp.,Viruses;Riboviria;Orthornavirae;Pisuviricota;Stelpaviricetes;Stellavirales;Astroviridae,,Astroviridae,6085,"Yang,J.-H., Luo,C.-F., Xiang,R., Min,J.-M., Shao,Z.-T., Chen,L., Chen,W.-J., Du,C.-H. and Jiang,J.-F.",,LQ4-XSQ,China: Yunnan Province,,20-Oct-2019,,Crocidura suaveolens,Yes,3,No,No,Mammalia,3758-6082,-1.0,2103-3467,-1.0,161-1942,-1.0
PQ421841,PQ421841.1,"MAG: Astrovirus sp. isolate QJ1-CWDS hypothetical protein genes, complete cds",12-JUL-2025,Astrovirus sp.,Viruses;Riboviria;Orthornavirae;Pisuviricota;Stelpaviricetes;Stellavirales;Astroviridae,,Astroviridae,3641,"Yang,J.-H., Luo,C.-F., Xiang,R., Min,J.-M., Shao,Z.-T., Chen,L., Chen,W.-J., Du,C.-H. and Jiang,J.-F.",,QJ1-CWDS,China: Yunnan Province,,14-Oct-2017,,Crocidura dracula,Yes,2,No,No,Mammalia,356-1525,1.0,1566-3051,1.0,NA-NA,
OP556335,OP556335.1,"Dicentrarchus labrax virus isolate 16-219p ORF1a gene, partial cds; and ORF1b gene, complete cds",25-JUN-2025,Dicentrarchus labrax virus,Viruses;Riboviria;Orthornavirae;Pisuviricota;Stelpaviricetes;Stellavirales;Astroviridae,,Astroviridae,5068,"Louboutin,L., Cabon,J., Quenault,H., Lucas,P., Blanchard,Y. and Morin,T.",,16-219p,France,,Jun-2016,,Dicentrarchus labrax,No,2,No,No,Actinopteri,2-1373,1.0,1669-4546,1.0,NA-NA,
PP871881,PP871881.1,MAG: Mamastrovirus sp. isolate astro_vt_163 genomic sequence,14-JUN-2025,Mamastrovirus sp.,Viruses;Riboviria;Orthornavirae;Pisuviricota;Stelpaviricetes;Stellavirales;Astroviridae;Mamastrovirus,,Astroviridae,3793,"Armero,A., Nguyen,C.V., Kha,N.M., Nguyen,C.N.M., Le,C.T.T., Nguyen,V.T.B., Bui,C.M., Pham,A.H., Voong,P.V., Tran,D.T.N., Thwaites,G.E., Pham,D.T., Daszak,P. and Firth,C.",,astro_vt_163,Viet Nam,,29-May-2014/14-Jul-2016,"rectal swab, feces",Sus scrofa domesticus,Yes,2,No,No,Mammalia,NA-NA,,0-1473,1.0,1465-3793,1.0
PP871808,PP871808.1,MAG: Avastrovirus sp. isolate astro_vt_90 genomic sequence,14-JUN-2025,Avastrovirus sp.,Viruses;Riboviria;Orthornavirae;Pisuviricota;Stelpaviricetes;Stellavirales;Astroviridae;Avastrovirus,,Astroviridae,6652,"Armero,A., Nguyen,C.V., Kha,N.M., Nguyen,C.N.M., Le,C.T.T., Nguyen,V.T.B., Bui,C.M., Pham,A.H., Voong,P.V., Tran,D.T.N., Thwaites,G.E., Pham,D.T., Daszak,P. and Firth,C.",,astro_vt_90,Viet Nam,,16-Jun-2015/02-Apr-2016,rectal swab,Gallus gallus,Yes,3,No,No,Aves,0-3018,1.0,3014-4538,1.0,4605-6591,1.0
PP871787,PP871787.1,MAG: Mamastrovirus sp. isolate astro_vt_69 genomic sequence,14-JUN-2025,Mamastrovirus sp.,Viruses;Riboviria;Orthornavirae;Pisuviricota;Stelpaviricetes;Stellavirales;Astroviridae;Mamastrovirus,,Astroviridae,7117,"Armero,A., Nguyen,C.V., Kha,N.M., Nguyen,C.N.M., Le,C.T.T., Nguyen,V.T.B., Bui,C.M., Pham,A.H., Voong,P.V., Tran,D.T.N., Thwaites,G.E., Pham,D.T., Daszak,P. and Firth,C.",,astro_vt_69,Viet Nam,,27-Jan-2015/25-Feb-2016,rectal swab,Sus scrofa domesticus,Yes,3,No,No,Mammalia,202-2740,1.0,2676-4185,1.0,4177-6691,1.0
PP871761,PP871761.1,MAG: Mamastrovirus sp. isolate astro_vt_43 genomic sequence,14-JUN-2025,Mamastrovirus sp.,Viruses;Riboviria;Orthornavirae;Pisuviricota;Stelpaviricetes;Stellavirales;Astroviridae;Mamastrovirus,,Astroviridae,6567,"Armero,A., Nguyen,C.V., Kha,N.M., Nguyen,C.N.M., Le,C.T.T., Nguyen,V.T.B., Bui,C.M., Pham,A.H., Voong,P.V., Tran,D.T.N., Thwaites,G.E., Pham,D.T., Daszak,P. and Firth,C.",,astro_vt_43,Viet Nam,,02-Apr-2016,rectal swab,Gallus gallus,Yes,3,No,No,Aves,6-2646,1.0,2582-4076,1.0,4068-6540,1.0
PV708886,PV708886.1,"MAG: Chenqi Marmot Astrovirus isolate Chenqi 074 nonstructural protein 1a gene, partial cds; and RNA-dependent RNA polymerase and capsid protein genes, complete cds",09-JUN-2025,Chenqi Marmot Astrovirus,Viruses;Riboviria;Orthornavirae;Pisuviricota;Stelpaviricetes;Stellavirales;Astroviridae,,Astroviridae,6569,"Peng,M.",,Chenqi 074,China,,2023,,Marmota sibirica,Yes,3,No,No,Mammalia,2-2597,1.0,2614-4093,1.0,4085-6503,1.0
PV470470,PV470470.1,MAG: Astroviridae sp. isolate MP12.k141_82519 genomic sequence,07-JUN-2025,Astroviridae sp.,Viruses;Riboviria;Orthornavirae;Pisuviricota;Stelpaviricetes;Stellavirales;Astroviridae,,Astroviridae,1631,"Petrone,M.E., Grove,J., Parry,R.H., Van Brussel,K., Mifsud,J.C.O., Dindar,Z., Mei,S.-Q., Shi,M., Turnbull,O.M.H., Marzinelli,E.M. and Holmes,E.C.",,MP12.k141_82519,Australia: Sydney,,24-Nov-2021,,Botrylloides leachii,Yes,1,No,No,Ascidiacea,NA-NA,,0-1631,1.0,NA-NA,
PP211222,PP211222.1,MAG: Bastrovirus Rat/77 isolate Ra.norvegicus_bastro_5,15-MAY-2025,Bastrovirus Rat/77,Viruses;Riboviria;Orthornavirae;Pisuviricota;Stelpaviricetes;Stellavirales;Astroviridae,,Astroviridae,1712,"Zhang,X.-A., Hu,Z.-Y., Zhang,Y.-F. and Liu,W.",,Ra.norvegicus_bastro_5,China,,2018,,Rattus norvegicus,Yes,1,No,No,Mammalia,NA-NA,,1-1330,1.0,NA-NA,
PV351772,PV351772.1,"Astroviridae sp. isolate HN_K7f_51 hypothetical protein, Non-structural polyprotein 1AB, and Non-structural polyprotein 1A genes, complete cds",27-APR-2025,Astroviridae sp.,Viruses;Riboviria;Orthornavirae;Pisuviricota;Stelpaviricetes;Stellavirales;Astroviridae,,Astroviridae,6753,"Xu,J., Luo,X. and Huangfu,H.",,HN_K7f_51,China,,2024-06-20,spleen,Suncus murinus,No,3,No,No,Mammalia,4044-6750,-1.0,2596-4030,-1.0,NA-NA,
FJ890355,FJ890355.1,"Mamastrovirus 7 strain Bd1 RNA-dependent RNA polymerase gene, partial cds; and capsid protein gene, complete cds",08-APR-2025,Mamastrovirus 7,Viruses;Riboviria;Orthornavirae;Pisuviricota;Stelpaviricetes;Stellavirales;Astroviridae;Mamastrovirus;Mamastrovirus tursiopis,Mamastrovirus tursiopis,Astroviridae,3990,"Rivera,R., Nollens,H.H., Venn-Watson,S., Gulland,F.M.D. and Wellehan,J.F.X. Jr.",Bd1,,USA,,2007,feces,Tursiops truncatus (Bottlenose dolphin),No,2,No,No,,NA-NA,,1-1420,1.0,1412-3893,1.0
FJ571068,FJ571068.1,"Bat astrovirus Ha/Guangxi/LS11/2007 non-structural polyprotein 1AB (pol) gene, partial cds; and capsid protein precursor (ORF2) gene, complete cds",08-APR-2025,Bat astrovirus Ha/Guangxi/LS11/2007,Viruses;Riboviria;Orthornavirae;Pisuviricota;Stelpaviricetes;Stellavirales;Astroviridae;Mamastrovirus;Bat astroviruses,Bat astroviruses,Astroviridae,4095,"Zhu,H.C., Chu,D.K.W., Liu,W., Dong,B.Q., Zhang,S.Y., Zhang,J.X., Li,L.F., Vijaykrishna,D., Smith,G.J.D., Chen,H.L., Poon,L.L.M., Peiris,J.S.M. and Guan,Y.",Ha/Guangxi/LS11/2007,LS11,China:Guangxi,,06-Jun-2007,,Hipposideros armiger,No,2,No,No,Mammalia,NA-NA,,0-1620,1.0,1570-3970,1.0
FJ571067,FJ571067.1,"Mamastrovirus 12 strain Tm/Guangxi/LD71/2007 non-structural polyprotein 1AB (pol) gene, partial cds; and capsid protein precursor (ORF2) gene, complete cds",08-APR-2025,Mamastrovirus 12,Viruses;Riboviria;Orthornavirae;Pisuviricota;Stelpaviricetes;Stellavirales;Astroviridae;Mamastrovirus;Mamastrovirus vespertilionis,Mamastrovirus vespertilionis,Astroviridae,3975,"Zhu,H.C., Chu,D.K.W., Liu,W., Dong,B.Q., Zhang,S.Y., Zhang,J.X., Li,L.F., Vijaykrishna,D., Smith,G.J.D., Chen,H.L., Poon,L.L.M., Peiris,J.S.M. and Guan,Y.",Tm/Guangxi/LD71/2007,LD71,China:Guangxi,,08-Jun-2007,,Taphozous melanopogon,No,2,No,No,Mammalia,NA-NA,,0-1641,1.0,1630-3913,1.0
FJ571066,FJ571066.1,"Mamastrovirus 15 strain Tm/Guangxi/LD77/2007 non-structural polyprotein 1AB (pol) gene, partial cds; and capsid protein precursor (ORF2) gene, complete cds",08-APR-2025,Mamastrovirus 15,Viruses;Riboviria;Orthornavirae;Pisuviricota;Stelpaviricetes;Stellavirales;Astroviridae;Mamastrovirus;Mamastrovirus taphozoi,Mamastrovirus taphozoi,Astroviridae,3875,"Zhu,H.C., Chu,D.K.W., Liu,W., Dong,B.Q., Zhang,S.Y., Zhang,J.X., Li,L.F., Vijaykrishna,D., Smith,G.J.D., Chen,H.L., Poon,L.L.M., Peiris,J.S.M. and Guan,Y.",Tm/Guangxi/LD77/2007,LD77,China:Guangxi,,08-Jun-2007,,Taphozous melanopogon,No,2,No,No,Mammalia,NA-NA,,0-1413,1.0,1415-3578,1.0
FJ571065,FJ571065.1,"Mamastrovirus 19 strain Tm/Guangxi/LD38/2007 non-structural polyprotein 1AB (pol) gene, partial cds; and capsid protein precursor (ORF2) gene, complete cds",08-APR-2025,Mamastrovirus 19,Viruses;Riboviria;Orthornavirae;Pisuviricota;Stelpaviricetes;Stellavirales;Astroviridae;Mamastrovirus;Mamastrovirus guangxiense,Mamastrovirus guangxiense,Astroviridae,4241,"Zhu,H.C., Chu,D.K.W., Liu,W., Dong,B.Q., Zhang,S.Y., Zhang,J.X., Li,L.F., Vijaykrishna,D., Smith,G.J.D., Chen,H.L., Poon,L.L.M., Peiris,J.S.M. and Guan,Y.",Tm/Guangxi/LD38/2007,LD38,China:Guangxi,,08-Jun-2007,,Taphozous melanopogon,No,2,No,No,Mammalia,NA-NA,,0-1569,1.0,1568-4106,1.0
PV247174,PV247174.1,"Mamastrovirus 3 isolate LUVAS/2023/PAstV_21, partial genome",16-MAR-2025,Mamastrovirus 3,Viruses;Riboviria;Orthornavirae;Pisuviricota;Stelpaviricetes;Stellavirales;Astroviridae;Mamastrovirus;Mamastrovirus suis,Mamastrovirus suis,Astroviridae,6769,"Panghal,R., Kumar,P., Minhas,S.K., Mehtani,R., Sheoran,D., Kalonia,S., Gupta,A.K., Chhabra,R., Jindal,N. and Kumar,P.",,LUVAS/2023/PAstV_21,India,,2023,feces,pig,No,3,No,No,Mammalia,47-2771,1.0,2707-4252,1.0,4244-6641,1.0
PV093029,PV093029.1,"Chicken astrovirus strain WHM13 ORF1a, ORF1b, and capsid protein genes, complete cds",05-MAR-2025,Chicken astrovirus,Viruses;Riboviria;Orthornavirae;Pisuviricota;Stelpaviricetes;Stellavirales;Astroviridae;Avastrovirus,,Astroviridae,7485,"Li,C., Zhu,W., Liu,S., Niu,R., Qian,L., Holmes,E.C., Li,J. and Shi,W.",WHM13,,China,,01-Jan-2023,feces,Neogale vison,No,3,No,No,Mammalia,10-3430,1.0,3411-4971,1.0,4995-7209,1.0
PV093021,PV093021.1,"Turkey astrovirus strain WHM13 ORF1a, ORF1b, and capsid protein genes, complete cds",05-MAR-2025,Turkey astrovirus,Viruses;Riboviria;Orthornavirae;Pisuviricota;Stelpaviricetes;Stellavirales;Astroviridae;Avastrovirus,,Astroviridae,6966,"Li,C., Zhu,W., Liu,S., Niu,R., Qian,L., Holmes,E.C., Li,J. and Shi,W.",WHM13,,China,,01-Jan-2023,feces,Neogale vison,No,3,No,No,Mammalia,0-3300,1.0,3284-4829,1.0,4847-6860,1.0
PV088328,PV088328.1,"Astrovirus MLB3 strain MLB3/human/Brazil/AM029/2014, complete genome",05-MAR-2025,Astrovirus MLB3,Viruses;Riboviria;Orthornavirae;Pisuviricota;Stelpaviricetes;Stellavirales;Astroviridae,,Astroviridae,6117,"Alves,D.S., Teixeira,D.M., Sousa Junior,E.C., Deus,D.R., Lobo,P.S., Guerra,S.F.S., Resque,H.R., Soares,L.S., Gabbay,Y.B. and Siqueira,J.A.M.",MLB3/human/Brazil/AM029/2014,,Brazil,,Feb-2014,stool,Homo sapiens,No,3,No,No,Mammalia,14-2378,1.0,2314-3850,1.0,3842-6086,1.0
PQ541178,PQ541178.1,MAG: Murine astrovirus isolate Mu. setulosus_astro cRNA sequence,20-FEB-2025,Murine astrovirus,Viruses;Riboviria;Orthornavirae;Pisuviricota;Stelpaviricetes;Stellavirales;Astroviridae,,Astroviridae,5436,"Zhang,J., Zhang,X. and Liu,W.",,Mu. setulosus_astro,Sierra Leone,,2023,,Mus setulosus,Yes,2,No,No,Mammalia,1-1815,1.0,1815-3264,1.0,3256-5436,1.0
PQ678098,PQ678098.1,MAG: Longquan rodent astrovirus 1 isolate ZTYS-YNSC187 genomic sequence,10-FEB-2025,Longquan rodent astrovirus 1,Viruses;Riboviria;Orthornavirae;Pisuviricota;Stelpaviricetes;Stellavirales;Astroviridae,,Astroviridae,4603,"Shi,M., Feng,Y. and Kuang,G.",,ZTYS-YNSC187,China: Yunnan,,2022,gut,Apodemus chevrieri,Yes,3,No,No,Mammalia,8-2708,1.0,2707-4156,1.0,4148-4603,1.0
PQ678015,PQ678015.1,MAG: Yunnan rodent mamastrovirus 5 isolate DHMS-YNSC01 genomic sequence,10-FEB-2025,Yunnan rodent mamastrovirus 5,Viruses;Riboviria;Orthornavirae;Pisuviricota;Stelpaviricetes;Stellavirales;Astroviridae;Mamastrovirus,,Astroviridae,7312,"Shi,M., Feng,Y. and Kuang,G.",,DHMS-YNSC01,China: Yunnan,,2021,gut,Rattus tanezumi,Yes,3,No,No,Mammalia,36-2832,1.0,2951-4310,1.0,4302-7296,1.0
PQ792554,PQ792554.1,MAG: Astroviridae sp. isolate Svole195_astro1 genomic sequence,03-FEB-2025,Astroviridae sp.,Viruses;Riboviria;Orthornavirae;Pisuviricota;Stelpaviricetes;Stellavirales;Astroviridae,,Astroviridae,7037,"Lu,X. and Zhang,W.",,Svole195_astro1,China,,2023,,Neodon fuscus,Yes,3,No,No,Mammalia,50-2900,1.0,3070-4432,1.0,4400-7004,1.0
PQ792140,PQ792140.1,MAG: Astroviridae sp. isolate Sarthropod009_astro1 genomic sequence,03-FEB-2025,Astroviridae sp.,Viruses;Riboviria;Orthornavirae;Pisuviricota;Stelpaviricetes;Stellavirales;Astroviridae,,Astroviridae,4808,"Lu,X. and Zhang,W.",,Sarthropod009_astro1,China,,2023,,Helobdella robusta,Yes,3,No,No,Clitellata,125-1439,1.0,1642-2959,1.0,2980-4732,1.0
LC849253,LC849253.1,"Canine astrovirus AstV/Raccoon_dog/Kodo2023-51/2023/JPN genes for ORF1a, ORF1b and capsid protein, complete and partial cds",09-NOV-2024,Canine astrovirus,Viruses;Riboviria;Orthornavirae;Pisuviricota;Stelpaviricetes;Stellavirales;Astroviridae;Mamastrovirus,,Astroviridae,6552,"Oba,M. and Nagai,M.",,AstV/Raccoon_dog/Kodo2023-51/2023/JPN,Japan,,2023-11-27,feces,Nyctereutes procyonoides(racoon dog),No,3,No,No,,1-2686,1.0,2643-4173,1.0,3985-6484,1.0
PQ435248,PQ435248.1,"Mamastrovirus 2 isolate FeAstV/THA/CU34912/2023 polyprotein 1ab, polyprotein 1a, and capsid protein genes, complete cds",30-OCT-2024,Mamastrovirus 2,Viruses;Riboviria;Orthornavirae;Pisuviricota;Stelpaviricetes;Stellavirales;Astroviridae;Mamastrovirus;Mamastrovirus felis,Mamastrovirus felis,Astroviridae,6675,"Thaw,Y.N., Charoenkul,K., Nasamran,C., Chamsai,E., Jairak,W., Phyu,E.M., Phyu,H.W., Chaiyawong,S. and Amonsin,A.",,FeAstV/THA/CU34912/2023,Thailand,,Dec-2023,rectal swab,Felis catus,No,3,No,No,Mammalia,0-2745,1.0,2687-4232,1.0,4224-6675,1.0
PQ220257,PQ220257.1,"MAG: Avastrovirus sp. isolate ASTV-1 ORF1a gene, partial cds; ORF1b gene, complete cds; and capsid protein gene, partial cds",09-OCT-2024,Avastrovirus sp.,Viruses;Riboviria;Orthornavirae;Pisuviricota;Stelpaviricetes;Stellavirales;Astroviridae;Avastrovirus,,Astroviridae,5677,"Sun,Y. and Yang,S.",,ASTV-1,"China: Shigatse City, Tibet",,2020-12,feces,Anser indicus (Bar-headed goose),Yes,3,No,No,Aves,0-2037,1.0,2186-3575,1.0,3568-5677,1.0
PQ055541,PQ055541.1,MAG: Qianjiang astro-like virus 16 isolate QJ3TS3058 cRNA sequence,24-SEP-2024,Qianjiang astro-like virus 16,Viruses;Riboviria;Orthornavirae;Pisuviricota;Stelpaviricetes;Stellavirales;Astroviridae,,Astroviridae,1453,"Guo,G., Liu,Z., Weng,S. and He,J.",,QJ3TS3058,"China: Qianjiang, Hubei Province",,21-Mar-2021,,Procambarus clarkii,Yes,1,No,No,Malacostraca,NA-NA,,5-1453,1.0,NA-NA,
PQ055540,PQ055540.1,MAG: Qianjiang astro-like virus 15 isolate QJ3MG1028 cRNA sequence,24-SEP-2024,Qianjiang astro-like virus 15,Viruses;Riboviria;Orthornavirae;Pisuviricota;Stelpaviricetes;Stellavirales;Astroviridae,,Astroviridae,1555,"Guo,G., Liu,Z., Weng,S. and He,J.",,QJ3MG1028,"China: Qianjiang, Hubei Province",,21-Mar-2021,,Procambarus clarkii,Yes,1,No,No,Malacostraca,NA-NA,,122-1555,1.0,NA-NA,
PQ055538,PQ055538.1,MAG: Qianjiang astro-like virus 13 isolate QJ3TG3868 cRNA sequence,24-SEP-2024,Qianjiang astro-like virus 13,Viruses;Riboviria;Orthornavirae;Pisuviricota;Stelpaviricetes;Stellavirales;Astroviridae,,Astroviridae,4265,"Guo,G., Liu,Z., Weng,S. and He,J.",,QJ3TG3868,"China: Qianjiang, Hubei Province",,21-Mar-2021,,Procambarus clarkii,Yes,2,No,No,Malacostraca,NA-NA,,2954-4265,1.0,NA-NA,
PQ055537,PQ055537.1,MAG: Qianjiang astro-like virus 12 isolate QJ3TG2618 cRNA sequence,24-SEP-2024,Qianjiang astro-like virus 12,Viruses;Riboviria;Orthornavirae;Pisuviricota;Stelpaviricetes;Stellavirales;Astroviridae,,Astroviridae,5100,"Guo,G., Liu,Z., Weng,S. and He,J.",,QJ3TG2618,"China: Qianjiang, Hubei Province",,21-Mar-2021,,Procambarus clarkii,Yes,3,No,No,Malacostraca,NA-NA,,1887-3489,1.0,NA-NA,
PQ055536,PQ055536.1,MAG: Qianjiang astro-like virus 11 isolate QJ5DG1896 cRNA sequence,24-SEP-2024,Qianjiang astro-like virus 11,Viruses;Riboviria;Orthornavirae;Pisuviricota;Stelpaviricetes;Stellavirales;Astroviridae,,Astroviridae,5497,"Guo,G., Liu,Z., Weng,S. and He,J.",,QJ5DG1896,"China: Qianjiang, Hubei Province",,15-May-2021,,Procambarus clarkii,Yes,3,No,No,Malacostraca,NA-NA,,2005-3565,1.0,NA-NA,
PQ055535,PQ055535.1,MAG: Qianjiang astro-like virus 10 isolate QJ3DS5660 cRNA sequence,24-SEP-2024,Qianjiang astro-like virus 10,Viruses;Riboviria;Orthornavirae;Pisuviricota;Stelpaviricetes;Stellavirales;Astroviridae,,Astroviridae,5528,"Guo,G., Liu,Z., Weng,S. and He,J.",,QJ3DS5660,"China: Qianjiang, Hubei Province",,21-Mar-2021,,Procambarus clarkii,Yes,3,No,No,Malacostraca,NA-NA,,2365-3979,1.0,NA-NA,
PQ055533,PQ055533.1,MAG: Qianjiang astro-like virus 9 isolate QJ5MG2088 cRNA sequence,24-SEP-2024,Qianjiang astro-like virus 9,Viruses;Riboviria;Orthornavirae;Pisuviricota;Stelpaviricetes;Stellavirales;Astroviridae,,Astroviridae,5745,"Guo,G., Liu,Z., Weng,S. and He,J.",,QJ5MG2088,"China: Qianjiang, Hubei Province",,15-May-2021,,Procambarus clarkii,Yes,3,No,No,Malacostraca,NA-NA,,2151-3846,1.0,NA-NA,
PQ055532,PQ055532.1,MAG: Qianjiang astro-like virus 8 isolate QJ3DS2284 cRNA sequence,24-SEP-2024,Qianjiang astro-like virus 8,Viruses;Riboviria;Orthornavirae;Pisuviricota;Stelpaviricetes;Stellavirales;Astroviridae,,Astroviridae,5810,"Guo,G., Liu,Z., Weng,S. and He,J.",,QJ3DS2284,"China: Qianjiang, Hubei Province",,21-Mar-2021,,Procambarus clarkii,Yes,3,No,No,Malacostraca,NA-NA,,2495-3995,1.0,NA-NA,
PQ055529,PQ055529.1,MAG: Qianjiang astro-like virus 6 isolate QJ3MS35 cRNA sequence,24-SEP-2024,Qianjiang astro-like virus 6,Viruses;Riboviria;Orthornavirae;Pisuviricota;Stelpaviricetes;Stellavirales;Astroviridae,,Astroviridae,6260,"Guo,G., Liu,Z., Weng,S. and He,J.",,QJ3MS35,"China: Qianjiang, Hubei Province",,21-Mar-2021,,Procambarus clarkii,Yes,2,No,No,Malacostraca,NA-NA,,4443-6219,1.0,NA-NA,
PQ055528,PQ055528.1,MAG: Qianjiang astro-like virus 5 isolate QJ3TS2970 cRNA sequence,24-SEP-2024,Qianjiang astro-like virus 5,Viruses;Riboviria;Orthornavirae;Pisuviricota;Stelpaviricetes;Stellavirales;Astroviridae,,Astroviridae,6295,"Guo,G., Liu,Z., Weng,S. and He,J.",,QJ3TS2970,"China: Qianjiang, Hubei Province",,21-Mar-2021,,Procambarus clarkii,Yes,3,No,No,Malacostraca,NA-NA,,2917-4876,1.0,NA-NA,
PQ055527,PQ055527.1,MAG: Qianjiang astro-like virus 4 isolate QJ3TS1993 cRNA sequence,24-SEP-2024,Qianjiang astro-like virus 4,Viruses;Riboviria;Orthornavirae;Pisuviricota;Stelpaviricetes;Stellavirales;Astroviridae,,Astroviridae,6333,"Guo,G., Liu,Z., Weng,S. and He,J.",,QJ3TS1993,"China: Qianjiang, Hubei Province",,21-Mar-2021,,Procambarus clarkii,Yes,1,No,No,Malacostraca,NA-NA,,23-6293,1.0,NA-NA,
PQ055526,PQ055526.1,MAG: Qianjiang astro-like virus 3 isolate QJ5DG2895 cRNA sequence,24-SEP-2024,Qianjiang astro-like virus 3,Viruses;Riboviria;Orthornavirae;Pisuviricota;Stelpaviricetes;Stellavirales;Astroviridae,,Astroviridae,6386,"Guo,G., Liu,Z., Weng,S. and He,J.",,QJ5DG2895,"China: Qianjiang, Hubei Province",,15-May-2021,,Procambarus clarkii,Yes,4,No,No,Malacostraca,NA-NA,,2682-4314,1.0,371-2669,1.0
OR367608,OR367608.1,MAG: Astroviridae sp. isolate YakFeces06-13688 genomic sequence,09-SEP-2024,Astroviridae sp.,Viruses;Riboviria;Orthornavirae;Pisuviricota;Stelpaviricetes;Stellavirales;Astroviridae,,Astroviridae,6309,"Lu,X. and Zhang,W.",,YakFeces06-13688,China,,May-2021,,Bos mutus,Yes,3,No,No,Mammalia,178-2626,1.0,2574-4092,1.0,4084-6309,1.0
OR367606,OR367606.1,MAG: Astroviridae sp. isolate YakFeces06-11940 genomic sequence,09-SEP-2024,Astroviridae sp.,Viruses;Riboviria;Orthornavirae;Pisuviricota;Stelpaviricetes;Stellavirales;Astroviridae,,Astroviridae,6110,"Lu,X. and Zhang,W.",,YakFeces06-11940,China,,May-2021,,Bos mutus,Yes,1,No,No,Mammalia,NA-NA,,2669-4028,1.0,NA-NA,
OR367603,OR367603.1,MAG: Astroviridae sp. isolate YakFeces06-1944 genomic sequence,09-SEP-2024,Astroviridae sp.,Viruses;Riboviria;Orthornavirae;Pisuviricota;Stelpaviricetes;Stellavirales;Astroviridae,,Astroviridae,4415,"Lu,X. and Zhang,W.",,YakFeces06-1944,China,,May-2021,,Bos mutus,Yes,1,No,No,Mammalia,NA-NA,,540-1995,-1.0,NA-NA,
PP623814,PP623814.1,"Avian avastrovirus 4 isolate MP22-196, complete genome",19-AUG-2024,Avian avastrovirus 4,Viruses;Riboviria;Orthornavirae;Pisuviricota;Stelpaviricetes;Stellavirales;Astroviridae;Avastrovirus,,Astroviridae,6566,"Ng,Y.M.",,MP22-196,China: Hong Kong,,09-Nov-2022,,Mareca falcata,No,3,No,No,Aves,14-2825,1.0,2815-4315,1.0,4296-6345,1.0
PQ110289,PQ110289.1,MAG: Oryctes associated astro-like virus isolate Or_elegans1_agamemnon2 genomic sequence,07-AUG-2024,Oryctes associated astro-like virus,Viruses;Riboviria;Orthornavirae;Pisuviricota;Stelpaviricetes;Stellavirales;Astroviridae,,Astroviridae,2228,"Hgeazy,A. and Etebari,K.",,Or_elegans1_agamemnon2,Iran,,16-Jan-2024,date plam field,Oryctes sp.,Yes,0,No,No,,2-883,1.0,834-2226,1.0,NA-NA,
PP478076,PP478076.1,"Avian astrovirus isolate PL_pigeon_24/2023, complete genome",03-AUG-2024,Avian astrovirus,Viruses;Riboviria;Orthornavirae;Pisuviricota;Stelpaviricetes;Stellavirales;Astroviridae;Avastrovirus,,Astroviridae,6833,"Lukaszuk,E., Dziewulska,D., Custer,J., Kraberger,S., Varsani,A. and Stenzel,T.",,PL_pigeon_24/2023,Poland,,Apr-2023,cloacal swab,carrier pigeon,No,2,No,No,Aves,12-3027,1.0,3026-4550,1.0,4568-6590,1.0
MW588064,MW588064.1,"Mute swan feces associated avastrovius 2 strain Abbotsbury/A/2016 ORF1a, ORF1b, and ORF2 genes, complete cds",19-JUL-2024,Mute swan feces associated avastrovius 2,Viruses;Riboviria;Orthornavirae;Pisuviricota;Stelpaviricetes;Stellavirales;Astroviridae;Avastrovirus,,Astroviridae,7274,"Francois,S. and Hill,S.C.",Abbotsbury/A/2016,,United Kingdom,,,Cygnus olor fecal material,,No,3,No,No,,9-3288,1.0,3437-4820,1.0,4813-7069,1.0
MW588062,MW588062.1,"Mute swan feces associated avastrovius 1 strain Abbotsbury/A/2016 ORF1a, ORF1b, and ORF2 genes, complete cds",19-JUL-2024,Mute swan feces associated avastrovius 1,Viruses;Riboviria;Orthornavirae;Pisuviricota;Stelpaviricetes;Stellavirales;Astroviridae;Avastrovirus,,Astroviridae,7249,"Francois,S. and Hill,S.C.",Abbotsbury/A/2016,,United Kingdom,,,Cygnus olor fecal material,,No,3,No,No,,24-3507,1.0,3488-5048,1.0,5071-7246,1.0
PP711188,PP711188.1,MAG: Hetplan gecko astrovirus isolate Hplan-A_304122 genomic sequence,22-JUN-2024,Hetplan gecko astrovirus,Viruses;Riboviria;Orthornavirae;Pisuviricota;Stelpaviricetes;Stellavirales;Astroviridae,,Astroviridae,7172,"Mahar,J.E., Wille,M., Harvey,E., Moritz,C.C. and Holmes,E.C.",,Hplan-A_304122,Australia: Kimberley region Western Australia,,2017,"pooled lizard liver RNA, sampled in situ",Heteronotia planiceps,Yes,3,No,No,Lepidosauria,2-3119,1.0,3115-4630,1.0,4663-7018,1.0
PP590730,PP590730.1,"MAG: Muraenolepis astrovirus isolate MRL_L ORF1b protein gene, partial cds",12-JUN-2024,Muraenolepis astrovirus,Viruses;Riboviria;Orthornavirae;Pisuviricota;Stelpaviricetes;Stellavirales;Astroviridae,,Astroviridae,1387,"Grimwood,R.M. and Geoghegan,J.L.",,MRL_L,Antarctica,,Dec-2021/Jan-2022,gill tissue pool,Muraenolepis sp.,Yes,1,No,No,Actinopteri,NA-NA,,0-1387,1.0,NA-NA,
PP711880,PP711880.1,MAG: Rousettus bat astrovirus isolate 8A/Uganda/UGR87/2019 genomic sequence,05-JUN-2024,Rousettus bat astrovirus,Viruses;Riboviria;Orthornavirae;Pisuviricota;Stelpaviricetes;Stellavirales;Astroviridae,,Astroviridae,6589,"Hu,B.",,8A/Uganda/UGR87/2019,Uganda,,2019,,Rousettus aegyptiacus,Yes,3,No,No,Mammalia,0-2736,1.0,2849-4196,1.0,4195-6481,1.0
PP711877,PP711877.1,MAG: Miniopterus bat astrovirus isolate 5A/Kenya/BAT0738/2015 genomic sequence,05-JUN-2024,Miniopterus bat astrovirus,Viruses;Riboviria;Orthornavirae;Pisuviricota;Stelpaviricetes;Stellavirales;Astroviridae,,Astroviridae,6677,"Hu,B.",,5A/Kenya/BAT0738/2015,Kenya,,2015,,Miniopterus sp. clade 10 TD-2020,Yes,3,No,No,Mammalia,32-2576,1.0,2707-4108,1.0,4120-6364,1.0
PP711874,PP711874.1,MAG: Miniopterus bat astrovirus isolate 4A/Kenya/BAT3003/2015 genomic sequence,05-JUN-2024,Miniopterus bat astrovirus,Viruses;Riboviria;Orthornavirae;Pisuviricota;Stelpaviricetes;Stellavirales;Astroviridae,,Astroviridae,6680,"Hu,B.",,4A/Kenya/BAT3003/2015,Kenya,,2015,,Miniopterus sp. B76,Yes,3,No,No,Mammalia,0-2604,1.0,2633-4133,1.0,4147-6376,1.0
PP711873,PP711873.1,MAG: Miniopterus bat astrovirus isolate 3A/Kenya/BAT0736/2015 genomic sequence,05-JUN-2024,Miniopterus bat astrovirus,Viruses;Riboviria;Orthornavirae;Pisuviricota;Stelpaviricetes;Stellavirales;Astroviridae,,Astroviridae,6722,"Hu,B.",,3A/Kenya/BAT0736/2015,Kenya,,2015,,Miniopterus sp. clade 10 TD-2020,Yes,3,No,No,Mammalia,1-2602,1.0,2598-4131,1.0,4114-6718,1.0
PP711863,PP711863.1,MAG: Miniopterus bat astrovirus isolate 18A/Kenya/BAT0736/2015 genomic sequence,05-JUN-2024,Miniopterus bat astrovirus,Viruses;Riboviria;Orthornavirae;Pisuviricota;Stelpaviricetes;Stellavirales;Astroviridae,,Astroviridae,3412,"Hu,B.",,18A/Kenya/BAT0736/2015,Kenya,,2015,,Miniopterus sp. clade 10 TD-2020,Yes,3,No,No,Mammalia,0-1512,1.0,1523-3062,1.0,3039-3412,1.0
PP711856,PP711856.1,MAG: Mops bat astrovirus isolate 13A/Kenya/BAT1552/2015 genomic sequence,05-JUN-2024,Mops bat astrovirus,Viruses;Riboviria;Orthornavirae;Pisuviricota;Stelpaviricetes;Stellavirales;Astroviridae,,Astroviridae,6385,"Hu,B.",,13A/Kenya/BAT1552/2015,Kenya,,2015,,Mops condylurus,Yes,3,No,No,Mammalia,1-2584,1.0,2715-4080,1.0,4083-6243,1.0
OQ236139,OQ236139.1,MAG: Bat astrovirus isolate AstV/GD/L95.21/2022 genomic sequence,05-JUN-2024,Bat astrovirus,Viruses;Riboviria;Orthornavirae;Pisuviricota;Stelpaviricetes;Stellavirales;Astroviridae,,Astroviridae,6590,"Chen,R.",,AstV/GD/L95.21/2022,China,,Apr-2022,,Rhinolophus sinicus,Yes,2,No,No,Mammalia,NA-NA,,2587-4168,1.0,4103-6509,1.0
OQ236134,OQ236134.1,MAG: Bat astrovirus isolate AstV/GZ/L162.18b/2022 genomic sequence,05-JUN-2024,Bat astrovirus,Viruses;Riboviria;Orthornavirae;Pisuviricota;Stelpaviricetes;Stellavirales;Astroviridae,,Astroviridae,5795,"Chen,R.",,AstV/GZ/L162.18b/2022,China,,Aug-2022,,Myotis ricketti,Yes,3,No,No,Mammalia,0-1836,1.0,2066-3392,1.0,3336-5478,1.0
OQ236128,OQ236128.1,MAG: Bat astrovirus isolate AstV/SC/L74.18c/2021 genomic sequence,05-JUN-2024,Bat astrovirus,Viruses;Riboviria;Orthornavirae;Pisuviricota;Stelpaviricetes;Stellavirales;Astroviridae,,Astroviridae,6708,"Chen,R.",,AstV/SC/L74.18c/2021,China,,Dec-2021,,Hipposideros armiger,Yes,3,No,No,Mammalia,1662-2667,1.0,2684-4256,1.0,4197-6597,1.0
OQ236125,OQ236125.1,MAG: Bat astrovirus isolate AstV/CQ/L76.18e/2021 genomic sequence,05-JUN-2024,Bat astrovirus,Viruses;Riboviria;Orthornavirae;Pisuviricota;Stelpaviricetes;Stellavirales;Astroviridae,,Astroviridae,4823,"Chen,R.",,AstV/CQ/L76.18e/2021,China,,Dec-2021,,Hipposideros armiger,Yes,3,No,No,Mammalia,223-1216,1.0,1220-2777,1.0,2733-4823,1.0
OQ236124,OQ236124.1,MAG: Bat astrovirus isolate AstV/CQ/L76.18d/2021 genomic sequence,05-JUN-2024,Bat astrovirus,Viruses;Riboviria;Orthornavirae;Pisuviricota;Stelpaviricetes;Stellavirales;Astroviridae,,Astroviridae,6747,"Chen,R.",,AstV/CQ/L76.18d/2021,China,,Dec-2021,,Hipposideros armiger,Yes,3,No,No,Mammalia,1668-2700,1.0,2711-4265,1.0,4224-6633,1.0
OQ236123,OQ236123.1,MAG: Bat astrovirus isolate AstV/CQ/L76.18c/2021 genomic sequence,05-JUN-2024,Bat astrovirus,Viruses;Riboviria;Orthornavirae;Pisuviricota;Stelpaviricetes;Stellavirales;Astroviridae,,Astroviridae,6687,"Chen,R.",,AstV/CQ/L76.18c/2021,China,,Dec-2021,,Hipposideros armiger,Yes,3,No,No,Mammalia,1664-2675,1.0,2686-4249,1.0,4199-6602,1.0
OQ236121,OQ236121.1,MAG: Bat astrovirus isolate AstV/CQ/L76.18a/2021 genomic sequence,05-JUN-2024,Bat astrovirus,Viruses;Riboviria;Orthornavirae;Pisuviricota;Stelpaviricetes;Stellavirales;Astroviridae,,Astroviridae,6711,"Chen,R.",,AstV/CQ/L76.18a/2021,China,,Dec-2021,,Hipposideros armiger,Yes,3,No,No,Mammalia,1661-2663,1.0,2674-4219,1.0,4187-6587,1.0
OQ236157,OQ236157.1,MAG: Bamboo rat astrovirus isolate AstV/GX/B30M0312/2019 genomic sequence,05-JUN-2024,Bamboo rat astrovirus,Viruses;Riboviria;Orthornavirae;Pisuviricota;Stelpaviricetes;Stellavirales;Astroviridae,,Astroviridae,3675,"Chen,R.",,AstV/GX/B30M0312/2019,China,,Mar-2019,,Rhizomys pruinosus,Yes,2,No,No,Mammalia,NA-NA,,2-1433,1.0,1438-3595,1.0
OQ236114,OQ236114.1,MAG: Rhinolophus pusillus astrovirus isolate AstV/GD/L93.21/2022 cRNA sequence,05-JUN-2024,Rhinolophus pusillus astrovirus,Viruses;Riboviria;Orthornavirae;Pisuviricota;Stelpaviricetes;Stellavirales;Astroviridae,,Astroviridae,6480,"Chen,R.",,AstV/GD/L93.21/2022,China,,Apr-2022,,Rhinolophus pusillus,Yes,2,No,No,Mammalia,NA-NA,,2636-4172,1.0,4152-6480,1.0
OQ236112,OQ236112.1,MAG: Niviventer sp. astrovirus isolate AstV/GD/C5-49.18/2022 cRNA sequence,05-JUN-2024,Niviventer sp. astrovirus,Viruses;Riboviria;Orthornavirae;Pisuviricota;Stelpaviricetes;Stellavirales;Astroviridae,,Astroviridae,3908,"Chen,R.",,AstV/GD/C5-49.18/2022,China,,Dec-2021,,Niviventer sp.,Yes,2,No,No,Mammalia,NA-NA,,0-1329,1.0,1321-3835,1.0
PP700500,PP700500.1,MAG: Eviota astrovirus isolate F32 cRNA sequence,02-JUN-2024,Eviota astrovirus,Viruses;Riboviria;Orthornavirae;Pisuviricota;Stelpaviricetes;Stellavirales;Astroviridae,,Astroviridae,1587,"Costa,V.A., Bellwood,D.R., Mifsud,J.C.O., Geoghegan,J.L., Harvey,E. and Holmes,E.C.",,F32,Australia: Lizard Island,,Jan-2022,liver and gill tissue,Eviota sp.,Yes,1,No,No,Actinopteri,NA-NA,,0-1587,1.0,NA-NA,
PP700499,PP700499.1,MAG: Dascyllus reticulatus astrovirus isolate F31 cRNA sequence,02-JUN-2024,Dascyllus reticulatus astrovirus,Viruses;Riboviria;Orthornavirae;Pisuviricota;Stelpaviricetes;Stellavirales;Astroviridae,,Astroviridae,1371,"Costa,V.A., Bellwood,D.R., Mifsud,J.C.O., Geoghegan,J.L., Harvey,E. and Holmes,E.C.",,F31,Australia: Lizard Island,,Jan-2022,liver and gill tissue,Dascyllus reticulatus,Yes,1,No,No,Actinopteri,NA-NA,,0-1371,1.0,NA-NA,
PP646881,PP646881.2,"Goat astrovirus isolate GX/WZ/2023, complete genome",21-MAY-2024,Goat astrovirus,Viruses;Riboviria;Orthornavirae;Pisuviricota;Stelpaviricetes;Stellavirales;Astroviridae,,Astroviridae,6284,"Zhou,Y., Mo,X., Huang,W. and Qin,Y.",,GX/WZ/2023,China,,2023,feces,goat,No,3,No,No,Mammalia,23-2465,1.0,2422-3928,1.0,3920-6092,1.0
PP763758,PP763758.1,"Goose astrovirus 1 isolate AAstV/Goose/CHN/2023/C102, complete genome",14-MAY-2024,Goose astrovirus 1,Viruses;Riboviria;Orthornavirae;Pisuviricota;Stelpaviricetes;Stellavirales;Astroviridae;Avastrovirus,,Astroviridae,7295,"Chen,G., Zhang,H. and Hao,X.",,AAstV/Goose/CHN/2023/C102,China: Sichuan province,,Jun-2023,liver,goose,No,3,No,No,Aves,22-3304,1.0,3288-4839,1.0,4832-6992,1.0
PP174201,PP174201.1,MAG: Sopitred virus isolate SP2C_k141_173245 genomic sequence,20-APR-2024,Sopitred virus,Viruses;Riboviria;Orthornavirae;Pisuviricota;Stelpaviricetes;Stellavirales;Astroviridae,,Astroviridae,2039,"Sadiq,S., Harvey,E., Mifsud,J.C.O., Minasny,B., Mcbratney,A.B., Pozza,L.E., Mahar,J.E. and Holmes,E.C.",,SP2C_k141_173245,Australia: New South Wales,,17-Dec-2021,farmland soil (pasture),,Yes,1,No,No,,NA-NA,,0-1623,-1.0,NA-NA,
PP174197,PP174197.1,MAG: Sopicas virus isolate SP2C_k141_157132 genomic sequence,20-APR-2024,Sopicas virus,Viruses;Riboviria;Orthornavirae;Pisuviricota;Stelpaviricetes;Stellavirales;Astroviridae,,Astroviridae,1931,"Sadiq,S., Harvey,E., Mifsud,J.C.O., Minasny,B., Mcbratney,A.B., Pozza,L.E., Mahar,J.E. and Holmes,E.C.",,SP2C_k141_157132,Australia: New South Wales,,17-Dec-2021,farmland soil (pasture),,Yes,1,No,No,,NA-NA,,66-1740,-1.0,NA-NA,
PP174176,PP174176.1,MAG: Sopiway virus isolate SP2B_k141_169106 genomic sequence,20-APR-2024,Sopiway virus,Viruses;Riboviria;Orthornavirae;Pisuviricota;Stelpaviricetes;Stellavirales;Astroviridae,,Astroviridae,1412,"Sadiq,S., Harvey,E., Mifsud,J.C.O., Minasny,B., Mcbratney,A.B., Pozza,L.E., Mahar,J.E. and Holmes,E.C.",,SP2B_k141_169106,Australia: New South Wales,,17-Dec-2021,farmland soil (pasture),,Yes,1,No,No,,NA-NA,,0-1412,1.0,NA-NA,
PP174052,PP174052.1,MAG: Sopigof virus isolate SP1C_k141_170176 genomic sequence,20-APR-2024,Sopigof virus,Viruses;Riboviria;Orthornavirae;Pisuviricota;Stelpaviricetes;Stellavirales;Astroviridae,,Astroviridae,5160,"Sadiq,S., Harvey,E., Mifsud,J.C.O., Minasny,B., Mcbratney,A.B., Pozza,L.E., Mahar,J.E. and Holmes,E.C.",,SP1C_k141_170176,Australia: New South Wales,,17-Dec-2021,farmland soil (pasture),,Yes,3,No,No,,NA-NA,,1584-3111,1.0,NA-NA,
PP174037,PP174037.1,MAG: Sopises virus isolate SP1C_k141_138402 genomic sequence,20-APR-2024,Sopises virus,Viruses;Riboviria;Orthornavirae;Pisuviricota;Stelpaviricetes;Stellavirales;Astroviridae,,Astroviridae,2801,"Sadiq,S., Harvey,E., Mifsud,J.C.O., Minasny,B., Mcbratney,A.B., Pozza,L.E., Mahar,J.E. and Holmes,E.C.",,SP1C_k141_138402,Australia: New South Wales,,17-Dec-2021,farmland soil (pasture),,Yes,2,No,No,,NA-NA,,1289-2801,-1.0,NA-NA,
PP173952,PP173952.1,MAG: Sopidep virus isolate SP1A_k141_93956 genomic sequence,20-APR-2024,Sopidep virus,Viruses;Riboviria;Orthornavirae;Pisuviricota;Stelpaviricetes;Stellavirales;Astroviridae,,Astroviridae,4899,"Sadiq,S., Harvey,E., Mifsud,J.C.O., Minasny,B., Mcbratney,A.B., Pozza,L.E., Mahar,J.E. and Holmes,E.C.",,SP1A_k141_93956,Australia: New South Wales,,17-Dec-2021,farmland soil (pasture),,Yes,3,No,No,,NA-NA,,1503-3006,-1.0,NA-NA,
PP173905,PP173905.1,MAG: Sopicug virus isolate SP1A_k141_108659 genomic sequence,20-APR-2024,Sopicug virus,Viruses;Riboviria;Orthornavirae;Pisuviricota;Stelpaviricetes;Stellavirales;Astroviridae,,Astroviridae,3786,"Sadiq,S., Harvey,E., Mifsud,J.C.O., Minasny,B., Mcbratney,A.B., Pozza,L.E., Mahar,J.E. and Holmes,E.C.",,SP1A_k141_108659,Australia: New South Wales,,17-Dec-2021,farmland soil (pasture),,Yes,2,No,No,,NA-NA,,0-2812,-1.0,NA-NA,
PP173619,PP173619.1,MAG: Ripipron virus isolate MP3_k141_278491 genomic sequence,20-APR-2024,Ripipron virus,Viruses;Riboviria;Orthornavirae;Pisuviricota;Stelpaviricetes;Stellavirales;Astroviridae,,Astroviridae,4373,"Sadiq,S., Harvey,E., Mifsud,J.C.O., Minasny,B., Mcbratney,A.B., Pozza,L.E., Mahar,J.E. and Holmes,E.C.",,MP3_k141_278491,Australia: Western Australia,,09-May-2022,riverbank sediment,,Yes,2,No,No,,NA-NA,,0-1555,-1.0,NA-NA,
PP173376,PP173376.1,MAG: Ripishic virus isolate KCAP3_k141_88145 genomic sequence,20-APR-2024,Ripishic virus,Viruses;Riboviria;Orthornavirae;Pisuviricota;Stelpaviricetes;Stellavirales;Astroviridae,,Astroviridae,2020,"Sadiq,S., Harvey,E., Mifsud,J.C.O., Minasny,B., Mcbratney,A.B., Pozza,L.E., Mahar,J.E. and Holmes,E.C.",,KCAP3_k141_88145,Australia: Western Australia,,09-May-2022,riverbank sediment,,Yes,2,No,No,,NA-NA,,0-1553,-1.0,NA-NA,
PP173125,PP173125.1,MAG: Ripishyf virus isolate KCAP3_k141_153500 genomic sequence,20-APR-2024,Ripishyf virus,Viruses;Riboviria;Orthornavirae;Pisuviricota;Stelpaviricetes;Stellavirales;Astroviridae,,Astroviridae,2179,"Sadiq,S., Harvey,E., Mifsud,J.C.O., Minasny,B., Mcbratney,A.B., Pozza,L.E., Mahar,J.E. and Holmes,E.C.",,KCAP3_k141_153500,Australia: Western Australia,,09-May-2022,riverbank sediment,,Yes,2,No,No,,NA-NA,,180-1545,-1.0,NA-NA,
PP172690,PP172690.1,MAG: Ripinasc virus isolate KCAP1_k141_334640 genomic sequence,20-APR-2024,Ripinasc virus,Viruses;Riboviria;Orthornavirae;Pisuviricota;Stelpaviricetes;Stellavirales;Astroviridae,,Astroviridae,4331,"Sadiq,S., Harvey,E., Mifsud,J.C.O., Minasny,B., Mcbratney,A.B., Pozza,L.E., Mahar,J.E. and Holmes,E.C.",,KCAP1_k141_334640,Australia: Western Australia,,09-May-2022,riverbank sediment,,Yes,1,No,No,,NA-NA,,2-4331,1.0,NA-NA,
PP172253,PP172253.1,MAG: Chronimunb virus isolate CN1B_k141_41676 genomic sequence,20-APR-2024,Chronimunb virus,Viruses;Riboviria;Orthornavirae;Pisuviricota;Stelpaviricetes;Stellavirales;Astroviridae,,Astroviridae,3298,"Sadiq,S., Harvey,E., Mifsud,J.C.O., Minasny,B., Mcbratney,A.B., Pozza,L.E., Mahar,J.E. and Holmes,E.C.",,CN1B_k141_41676,Australia: New South Wales,,17-Dec-2021,farmland soil (native),,Yes,2,No,No,,NA-NA,,1514-3143,-1.0,127-1408,-1.0
PP172252,PP172252.1,MAG: Chronihask virus isolate CN1B_k141_41417 genomic sequence,20-APR-2024,Chronihask virus,Viruses;Riboviria;Orthornavirae;Pisuviricota;Stelpaviricetes;Stellavirales;Astroviridae,,Astroviridae,7368,"Sadiq,S., Harvey,E., Mifsud,J.C.O., Minasny,B., Mcbratney,A.B., Pozza,L.E., Mahar,J.E. and Holmes,E.C.",,CN1B_k141_41417,Australia: New South Wales,,17-Dec-2021,farmland soil (native),,Yes,3,No,No,,NA-NA,,0-3610,-1.0,NA-NA,
PP171953,PP171953.1,MAG: Chrocifust virus isolate CC1B_k141_72897 genomic sequence,20-APR-2024,Chrocifust virus,Viruses;Riboviria;Orthornavirae;Pisuviricota;Stelpaviricetes;Stellavirales;Astroviridae,,Astroviridae,7907,"Sadiq,S., Harvey,E., Mifsud,J.C.O., Minasny,B., Mcbratney,A.B., Pozza,L.E., Mahar,J.E. and Holmes,E.C.",,CC1B_k141_72897,Australia: New South Wales,,17-Dec-2021,farmland soil (cropping),,Yes,3,No,No,,NA-NA,,4009-5551,1.0,5566-7549,1.0
PP171789,PP171789.1,MAG: Chrocigord virus isolate CC1A_k141_26573 genomic sequence,20-APR-2024,Chrocigord virus,Viruses;Riboviria;Orthornavirae;Pisuviricota;Stelpaviricetes;Stellavirales;Astroviridae,,Astroviridae,3359,"Sadiq,S., Harvey,E., Mifsud,J.C.O., Minasny,B., Mcbratney,A.B., Pozza,L.E., Mahar,J.E. and Holmes,E.C.",,CC1A_k141_26573,Australia: New South Wales,,17-Dec-2021,farmland soil (cropping),,Yes,2,No,No,,NA-NA,,1600-3295,1.0,NA-NA,
OR871060,OR871060.1,MAG: Astroviridae sp. isolate HAFQP22/11 cRNA sequence,16-MAR-2024,Astroviridae sp.,Viruses;Riboviria;Orthornavirae;Pisuviricota;Stelpaviricetes;Stellavirales;Astroviridae,,Astroviridae,2325,"Yan,X.M.",,HAFQP22/11,China: Guizhou,,2022,spleen,Hipposideros armiger,Yes,0,No,No,Mammalia,NA-NA,,2-1304,1.0,NA-NA,
PP272790,PP272790.1,MAG: Copper skink astrovirus isolate DN66980 genomic sequence,06-MAR-2024,Copper skink astrovirus,Viruses;Riboviria;Orthornavirae;Pisuviricota;Stelpaviricetes;Stellavirales;Astroviridae,,Astroviridae,5545,"Waller,S.J., Butcher,R., Lim,L., Mcinnes,K., Holmes,E.C. and Geoghegan,J.L.",,DN66980,New Zealand,,2021,cloacal swab,Oligosoma aeneum,Yes,2,No,No,Lepidosauria,2-3332,1.0,3034-4756,1.0,NA-NA,
PP352011,PP352011.1,MAG: Astrovirus sp. isolate Jiangxi/CHN/2022 genomic sequence,04-MAR-2024,Astrovirus sp.,Viruses;Riboviria;Orthornavirae;Pisuviricota;Stelpaviricetes;Stellavirales;Astroviridae,,Astroviridae,6453,"Li,C.X., He,B., Yi,L. and Hu,Y.Z.",,Jiangxi/CHN/2022,China: Jiangxi,,2022,lung,Pelophylax nigromaculatus,Yes,2,No,No,Amphibia,356-2737,1.0,2737-4054,1.0,4011-6294,1.0
PP352010,PP352010.1,MAG: Astrovirus sp. isolate Hunan/CHN/2022 genomic sequence,04-MAR-2024,Astrovirus sp.,Viruses;Riboviria;Orthornavirae;Pisuviricota;Stelpaviricetes;Stellavirales;Astroviridae,,Astroviridae,6191,"Li,C.X., He,B., Yi,L. and Hu,Y.Z.",,Hunan/CHN/2022,China: Hunan,,2022,liver,Pelophylax nigromaculatus,Yes,2,No,No,Amphibia,60-2689,1.0,2690-4088,1.0,4111-6191,1.0
OR924090,OR924090.1,"Duck astrovirus strain X2250, complete genome",18-DEC-2023,Duck astrovirus,Viruses;Riboviria;Orthornavirae;Pisuviricota;Stelpaviricetes;Stellavirales;Astroviridae;Avastrovirus;Avastrovirus intestini,Avastrovirus intestini,Astroviridae,7287,"Deng,C., Zhang,F., Luo,J. and Li,Y.",X2250,,China,,09-Nov-2021,Throat and anal swabs,Goose,No,3,No,No,Aves,12-3375,1.0,3365-4910,1.0,4926-7110,1.0
OR907127,OR907127.1,"Duck astrovirus CPH strain C1350, complete genome",18-DEC-2023,Duck astrovirus CPH,Viruses;Riboviria;Orthornavirae;Pisuviricota;Stelpaviricetes;Stellavirales;Astroviridae;Avastrovirus,,Astroviridae,7463,"Li,Y., Luo,J., Zhang,F.Y., Shang,J.J., Feng,Y.J., Meng,G., Deng,C.R., Jiang,W.M., Yu,X.H., Liu,G.H. and Liu,H.L.",C1350,,China,,21-Mar-2023,Throat and anal swabs,Goose,No,3,No,No,Aves,19-3445,1.0,3435-4986,1.0,5006-7244,1.0
OQ986722,OQ986722.1,MAG: Spider astrovirus isolate ARAN genomic sequence,10-DEC-2023,Spider astrovirus,Viruses;Riboviria;Orthornavirae;Pisuviricota;Stelpaviricetes;Stellavirales;Astroviridae,,Astroviridae,6771,"French,R.K., Anderson,S.H., Cain,K.E., Greene,T.C., Minor,M., Miskelly,C.M., Montoya,J.M., Muller,C.G., Taylor,M.W., Recovery Team,K. and Holmes,E.C.",,ARAN,New Zealand: Pukenui/Anchor Island,,Feb-2021/Mar-2021,,Araneae,Yes,2,No,No,Arachnida,NA-NA,,3190-4882,1.0,4892-6731,1.0
OQ986648,OQ986648.1,MAG: Avian astrovirus 13 isolate GEIG genomic sequence,10-DEC-2023,Avian astrovirus 13,Viruses;Riboviria;Orthornavirae;Pisuviricota;Stelpaviricetes;Stellavirales;Astroviridae,,Astroviridae,4527,"French,R.K., Anderson,S.H., Cain,K.E., Greene,T.C., Minor,M., Miskelly,C.M., Montoya,J.M., Muller,C.G., Taylor,M.W., Recovery Team,K. and Holmes,E.C.",,GEIG,New Zealand: Pukenui/Anchor Island,,Feb-2021/Mar-2021,cloacal swab,,Yes,2,No,No,,15-2793,1.0,2864-4355,1.0,NA-NA,
OQ986679,OQ986679.1,MAG: Avian astrovirus 3 isolate GEIG genomic sequence,10-DEC-2023,Avian astrovirus 3,Viruses;Riboviria;Orthornavirae;Pisuviricota;Stelpaviricetes;Stellavirales;Astroviridae,,Astroviridae,6531,"French,R.K., Anderson,S.H., Cain,K.E., Greene,T.C., Minor,M., Miskelly,C.M., Montoya,J.M., Muller,C.G., Taylor,M.W., Recovery Team,K. and Holmes,E.C.",,GEIG,New Zealand: Pukenui/Anchor Island,,Feb-2021/Mar-2021,cloacal swab,,Yes,3,No,No,,0-2553,1.0,2648-4040,1.0,3834-6327,1.0
OQ986609,OQ986609.1,MAG: Avian astrovirus 9 isolate RHFU genomic sequence,10-DEC-2023,Avian astrovirus 9,Viruses;Riboviria;Orthornavirae;Pisuviricota;Stelpaviricetes;Stellavirales;Astroviridae,,Astroviridae,6664,"French,R.K., Anderson,S.H., Cain,K.E., Greene,T.C., Minor,M., Miskelly,C.M., Montoya,J.M., Muller,C.G., Taylor,M.W., Recovery Team,K. and Holmes,E.C.",,RHFU,New Zealand: Pukenui/Anchor Island,,Feb-2021/Mar-2021,cloacal swab,,Yes,3,No,No,,4037-6656,-1.0,2490-3900,-1.0,176-2537,-1.0
OQ986608,OQ986608.1,MAG: Avian astrovirus 5 isolate RHFU genomic sequence,10-DEC-2023,Avian astrovirus 5,Viruses;Riboviria;Orthornavirae;Pisuviricota;Stelpaviricetes;Stellavirales;Astroviridae,,Astroviridae,6520,"French,R.K., Anderson,S.H., Cain,K.E., Greene,T.C., Minor,M., Miskelly,C.M., Montoya,J.M., Muller,C.G., Taylor,M.W., Recovery Team,K. and Holmes,E.C.",,RHFU,New Zealand: Pukenui/Anchor Island,,Feb-2021/Mar-2021,cloacal swab,,Yes,3,No,No,,36-2637,1.0,2732-4127,1.0,4130-6443,1.0
OQ986607,OQ986607.1,MAG: Avian astrovirus 4 isolate GEIG genomic sequence,10-DEC-2023,Avian astrovirus 4,Viruses;Riboviria;Orthornavirae;Pisuviricota;Stelpaviricetes;Stellavirales;Astroviridae,,Astroviridae,6631,"French,R.K., Anderson,S.H., Cain,K.E., Greene,T.C., Minor,M., Miskelly,C.M., Montoya,J.M., Muller,C.G., Taylor,M.W., Recovery Team,K. and Holmes,E.C.",,GEIG,New Zealand: Pukenui/Anchor Island,,Feb-2021/Mar-2021,cloacal swab,,Yes,3,No,No,,164-2726,1.0,2701-4216,1.0,4194-6450,1.0
OQ986677,OQ986677.1,MAG: Avian astrovirus 15 isolate GEIG genomic sequence,10-DEC-2023,Avian astrovirus 15,Viruses;Riboviria;Orthornavirae;Pisuviricota;Stelpaviricetes;Stellavirales;Astroviridae,,Astroviridae,4789,"French,R.K., Anderson,S.H., Cain,K.E., Greene,T.C., Minor,M., Miskelly,C.M., Montoya,J.M., Muller,C.G., Taylor,M.W., Recovery Team,K. and Holmes,E.C.",,GEIG,New Zealand: Pukenui/Anchor Island,,Feb-2021/Mar-2021,cloacal swab,,Yes,3,No,No,,2-770,1.0,772-2362,1.0,2066-4607,1.0
OQ986606,OQ986606.1,MAG: Avian astrovirus 14 isolate GEIG genomic sequence,10-DEC-2023,Avian astrovirus 14,Viruses;Riboviria;Orthornavirae;Pisuviricota;Stelpaviricetes;Stellavirales;Astroviridae,,Astroviridae,6655,"French,R.K., Anderson,S.H., Cain,K.E., Greene,T.C., Minor,M., Miskelly,C.M., Montoya,J.M., Muller,C.G., Taylor,M.W., Recovery Team,K. and Holmes,E.C.",,GEIG,New Zealand: Pukenui/Anchor Island,,Feb-2021/Mar-2021,cloacal swab,,Yes,3,No,No,,37-2632,1.0,2655-4254,1.0,4123-6469,1.0
OR711901,OR711901.1,"Rodent astrovirus strain CHN/YN/KM-5/2022, complete genome",11-NOV-2023,Rodent astrovirus,Viruses;Riboviria;Orthornavirae;Pisuviricota;Stelpaviricetes;Stellavirales;Astroviridae;Mamastrovirus,,Astroviridae,6688,"Xia,X., Wang,B., Hou,J., Huang,X., Yang,L., Le,X., Ning,Y. and Wang,J.",CHN/YN/KM-5/2022,YNKm72022,China,,Jul-2022,,Rattus norvegicus,No,3,No,No,Mammalia,23-2660,1.0,2660-4226,1.0,4226-6596,1.0
OR613303,OR613303.1,"Bat astrovirus isolate MSJDC22/12649 non-structural ORF1ab polyprotein and ORF1a genes, partial cds; and capsid protein precursor, gene, complete cds",08-NOV-2023,Bat astrovirus,Viruses;Riboviria;Orthornavirae;Pisuviricota;Stelpaviricetes;Stellavirales;Astroviridae,,Astroviridae,6557,"Yan,X.M.",,MSJDC22/12649,China: Jiangxi,,2022,intestine,Miniopterus schreibersii,No,3,No,No,Mammalia,2-2534,1.0,2491-4060,1.0,4078-6295,1.0
OR613301,OR613301.1,"Bat astrovirus isolate MSCZC1516/7 non-structural ORF1ab polyprotein gene, partial cds",08-NOV-2023,Bat astrovirus,Viruses;Riboviria;Orthornavirae;Pisuviricota;Stelpaviricetes;Stellavirales;Astroviridae,,Astroviridae,1739,"Yan,X.M.",,MSCZC1516/7,China: Guangxi,,2015,intestine,Miniopterus schreibersii,No,1,No,No,Mammalia,2-434,1.0,433-1739,1.0,NA-NA,
OR613299,OR613299.1,"Bat astrovirus isolate HLNN15/1 non-structural ORF1ab polyprotein and ORF1a genes, partial cds; and capsid protein gene, complete cds",08-NOV-2023,Bat astrovirus,Viruses;Riboviria;Orthornavirae;Pisuviricota;Stelpaviricetes;Stellavirales;Astroviridae,,Astroviridae,6498,"Yan,X.M.",,HLNN15/1,China: Guangxi,,2015,intestine,Hipposideros larvatus,No,3,No,No,Mammalia,0-2631,1.0,2477-4088,1.0,4096-6256,1.0
OR613294,OR613294.1,"Bat astrovirus isolate MSCZC1516/7 non-structural polyprotein 1ab and capsid protein precursor, genes, partial cds",08-NOV-2023,Bat astrovirus,Viruses;Riboviria;Orthornavirae;Pisuviricota;Stelpaviricetes;Stellavirales;Astroviridae,,Astroviridae,4078,"Yan,X.M.",,MSCZC1516/7,China: Guangxi,,2015,intestine,Miniopterus schreibersii,No,2,No,No,Mammalia,1-1843,1.0,1842-3414,1.0,3428-4078,1.0
OQ802759,OQ802759.1,MAG: Wufeng shrew astrovirus 1 isolate WF_Ni.niviventer_astro_1 genomic sequence,30-OCT-2023,Wufeng shrew astrovirus 1,Viruses;Riboviria;Orthornavirae;Pisuviricota;Stelpaviricetes;Stellavirales;Astroviridae,,Astroviridae,6202,"Chen,Y.-M., Hu,S.-J. and Zhang,Y.-Z.",,WF_Ni.niviventer_astro_1,China: Wufeng,,2016/2017,,Niviventer niviventer,Yes,3,No,No,Mammalia,18-2514,1.0,2411-3920,1.0,3687-6202,1.0
OQ802750,OQ802750.1,MAG: Wenzhou bat astrovirus 3 isolate WZ_My.laniger_astro_2 genomic sequence,30-OCT-2023,Wenzhou bat astrovirus 3,Viruses;Riboviria;Orthornavirae;Pisuviricota;Stelpaviricetes;Stellavirales;Astroviridae,,Astroviridae,6754,"Chen,Y.-M., Hu,S.-J. and Zhang,Y.-Z.",,WZ_My.laniger_astro_2,China: Wenzhou,,2016/2017,,Myotis laniger,Yes,3,No,No,Mammalia,1-2626,1.0,2574-4122,1.0,4134-6510,1.0
OQ802749,OQ802749.1,MAG: Wenzhou bat astrovirus 2 isolate WZ_Pi.abramus_astro_3 genomic sequence,30-OCT-2023,Wenzhou bat astrovirus 2,Viruses;Riboviria;Orthornavirae;Pisuviricota;Stelpaviricetes;Stellavirales;Astroviridae,,Astroviridae,6594,"Chen,Y.-M., Hu,S.-J. and Zhang,Y.-Z.",,WZ_Pi.abramus_astro_3,China: Wenzhou,,2016/2017,,Pipistrellus abramus,Yes,3,No,No,Mammalia,1-2632,1.0,2517-4227,1.0,4138-6286,1.0
OQ802743,OQ802743.1,MAG: Wenzhou bat astrovirus 1 isolate WZ_Hy.pulveratus_astro_1 genomic sequence,30-OCT-2023,Wenzhou bat astrovirus 1,Viruses;Riboviria;Orthornavirae;Pisuviricota;Stelpaviricetes;Stellavirales;Astroviridae,,Astroviridae,6277,"Chen,Y.-M., Hu,S.-J. and Zhang,Y.-Z.",,WZ_Hy.pulveratus_astro_1,China: Wenzhou,,2016/2017,,Hypsugo pulveratus,Yes,3,No,No,Mammalia,7-2338,1.0,2301-3990,1.0,3784-5272,1.0
OQ802738,OQ802738.1,MAG: Longquan rodent astrovirus 1 isolate LQ_Ap.agrarius_astro_1 genomic sequence,30-OCT-2023,Longquan rodent astrovirus 1,Viruses;Riboviria;Orthornavirae;Pisuviricota;Stelpaviricetes;Stellavirales;Astroviridae,,Astroviridae,6633,"Chen,Y.-M., Hu,S.-J. and Zhang,Y.-Z.",,LQ_Ap.agrarius_astro_1,China: Longquan,,2016/2017,,Apodemus agrarius,Yes,3,No,No,Mammalia,0-2661,1.0,2600-4109,1.0,4101-6558,1.0
OQ802736,OQ802736.1,MAG: Longquan bat astrovirus 1 isolate LQ_Rh.pearsonii_astro_2 genomic sequence,30-OCT-2023,Longquan bat astrovirus 1,Viruses;Riboviria;Orthornavirae;Pisuviricota;Stelpaviricetes;Stellavirales;Astroviridae,,Astroviridae,2723,"Chen,Y.-M., Hu,S.-J. and Zhang,Y.-Z.",,LQ_Rh.pearsonii_astro_2,China: Longquan,,2016/2017,,Rhinolophus pearsonii,Yes,2,No,No,Mammalia,0-1143,1.0,1103-2723,1.0,NA-NA,
OQ802733,OQ802733.1,MAG: Jingmen shrew astrovirus 1 isolate JM_Cr.shantungensis_astro_1 genomic sequence,30-OCT-2023,Jingmen shrew astrovirus 1,Viruses;Riboviria;Orthornavirae;Pisuviricota;Stelpaviricetes;Stellavirales;Astroviridae,,Astroviridae,5013,"Chen,Y.-M., Hu,S.-J. and Zhang,Y.-Z.",,JM_Cr.shantungensis_astro_1,China: Jingmen,,2016/2017,,Crocidura shantungensis,Yes,3,No,No,Mammalia,1-1186,1.0,1122-2691,1.0,2650-4831,1.0
OQ802722,OQ802722.1,MAG: Jingmen rodent astrovirus 2 isolate WZ_Ra.tanezumi_astro_1 genomic sequence,30-OCT-2023,Jingmen rodent astrovirus 2,Viruses;Riboviria;Orthornavirae;Pisuviricota;Stelpaviricetes;Stellavirales;Astroviridae,,Astroviridae,6721,"Chen,Y.-M., Hu,S.-J. and Zhang,Y.-Z.",,WZ_Ra.tanezumi_astro_1,China: Wenzhou,,2016/2017,,Rattus tanezumi,Yes,3,No,No,Mammalia,4-2677,1.0,2610-4125,1.0,4117-6628,1.0
OQ802712,OQ802712.1,MAG: Jingmen bat astrovirus 12 isolate JM_Rh.sinicus_astro_2 genomic sequence,30-OCT-2023,Jingmen bat astrovirus 12,Viruses;Riboviria;Orthornavirae;Pisuviricota;Stelpaviricetes;Stellavirales;Astroviridae,,Astroviridae,6488,"Chen,Y.-M., Hu,S.-J. and Zhang,Y.-Z.",,JM_Rh.sinicus_astro_2,China: Jingmen,,2016/2017,,Rhinolophus sinicus,Yes,3,No,No,Mammalia,6-2670,1.0,2546-4163,1.0,4059-6186,1.0
OQ802710,OQ802710.1,MAG: Jingmen bat astrovirus 11 isolate JM_My.chinensis_astro_6 genomic sequence,30-OCT-2023,Jingmen bat astrovirus 11,Viruses;Riboviria;Orthornavirae;Pisuviricota;Stelpaviricetes;Stellavirales;Astroviridae,,Astroviridae,5051,"Chen,Y.-M., Hu,S.-J. and Zhang,Y.-Z.",,JM_My.chinensis_astro_6,China: Jingmen,,2016/2017,,Myotis chinensis,Yes,3,No,No,Mammalia,1-1204,1.0,1170-2757,1.0,2743-4927,1.0
OQ802704,OQ802704.1,MAG: Jingmen bat astrovirus 8 isolate JM_My.chinensis_astro_1 genomic sequence,30-OCT-2023,Jingmen bat astrovirus 8,Viruses;Riboviria;Orthornavirae;Pisuviricota;Stelpaviricetes;Stellavirales;Astroviridae,,Astroviridae,6661,"Chen,Y.-M., Hu,S.-J. and Zhang,Y.-Z.",,JM_My.chinensis_astro_1,China: Jingmen,,2016/2017,,Myotis chinensis,Yes,3,No,No,Mammalia,18-2658,1.0,2612-4214,1.0,4158-6351,1.0
OR552421,OR552421.1,MAG: Bat astrovirus isolate seven genomic sequence,30-SEP-2023,Bat astrovirus,Viruses;Riboviria;Orthornavirae;Pisuviricota;Stelpaviricetes;Stellavirales;Astroviridae,,Astroviridae,6541,"Roev,G.V., Khafizov,K.F., Borisova,N.I., Agletdinov,M.R., Chistyakova,N.V. and Akimkin,V.G.",,seven,Russia: Moscow,,Feb-2023,feces,Nyctalus noctula,Yes,3,No,No,Mammalia,2-2561,1.0,2557-4078,1.0,4070-6455,1.0
MW826483,MW826483.1,Avastrovirus sp. isolate YSN01 genomic sequence,05-SEP-2023,Avastrovirus sp.,Viruses;Riboviria;Orthornavirae;Pisuviricota;Stelpaviricetes;Stellavirales;Astroviridae;Avastrovirus,,Astroviridae,6948,"Zhu,W., Huang,Y. and Yang,J.",,YSN01,China,,Jul-2019,feces,bird,No,3,No,No,,110-2807,1.0,2932-4294,1.0,4312-6829,1.0
MW826482,MW826482.1,Avastrovirus sp. isolate YSN02 genomic sequence,05-SEP-2023,Avastrovirus sp.,Viruses;Riboviria;Orthornavirae;Pisuviricota;Stelpaviricetes;Stellavirales;Astroviridae;Avastrovirus,,Astroviridae,6835,"Zhu,W., Huang,Y. and Yang,J.",,YSN02,China,,Jul-2019,feces,bird,No,3,No,No,,46-2788,1.0,2988-4377,1.0,4291-6646,1.0
OR350291,OR350291.1,"MAG: Limnochromis auritus astrovirus isolate F32 RNA-dependent RNA polymerase gene, partial cds",15-AUG-2023,Limnochromis auritus astrovirus,Viruses;Riboviria;Orthornavirae;Pisuviricota;Stelpaviricetes;Stellavirales;Astroviridae,,Astroviridae,2442,"Costa,V.A., Ronco,F., Mifsud,J.C.O., Harvey,E., Salzburger,W. and Holmes,E.C.",,F32,Zambia,,28-Aug-2017,lower pharyngeal jaw,Limnochromis auritus,Yes,1,No,No,Actinopteri,NA-NA,,0-2442,1.0,NA-NA,
OR350289,OR350289.1,"MAG: Benthochromis horii astrovirus isolate F31 RNA-dependent RNA polymerase gene, partial cds",15-AUG-2023,Benthochromis horii astrovirus,Viruses;Riboviria;Orthornavirae;Pisuviricota;Stelpaviricetes;Stellavirales;Astroviridae,,Astroviridae,2316,"Costa,V.A., Ronco,F., Mifsud,J.C.O., Harvey,E., Salzburger,W. and Holmes,E.C.",,F31,Zambia,,25-Aug-2016,lower pharyngeal jaw,Benthochromis horii,Yes,1,No,No,Actinopteri,NA-NA,,0-2316,1.0,NA-NA,
OR350285,OR350285.1,"MAG: Xenotilapia nasus astrovirus 1 isolate F29 RNA-dependent RNA polymerase gene, partial cds",15-AUG-2023,Xenotilapia nasus astrovirus 1,Viruses;Riboviria;Orthornavirae;Pisuviricota;Stelpaviricetes;Stellavirales;Astroviridae,,Astroviridae,2316,"Costa,V.A., Ronco,F., Mifsud,J.C.O., Harvey,E., Salzburger,W. and Holmes,E.C.",,F29,Zambia,,30-Aug-2016,lower pharyngeal jaw,Xenotilapia nasus,Yes,1,No,No,Actinopteri,NA-NA,,0-2316,1.0,NA-NA,
OR350281,OR350281.1,"MAG: Enantiopus melanogenys astrovirus isolate F26 RNA-dependent RNA polymerase gene, partial cds",15-AUG-2023,Enantiopus melanogenys astrovirus,Viruses;Riboviria;Orthornavirae;Pisuviricota;Stelpaviricetes;Stellavirales;Astroviridae,,Astroviridae,1983,"Costa,V.A., Ronco,F., Mifsud,J.C.O., Harvey,E., Salzburger,W. and Holmes,E.C.",,F26,Tanzania,,27-Jan-2017,gill,Enantiopus melanogenys,Yes,1,No,No,Actinopteri,NA-NA,,0-1983,1.0,NA-NA,
OR350280,OR350280.1,"MAG: Xenotilapia boulengeri astrovirus isolate F25 RNA-dependent RNA polymerase gene, partial cds",15-AUG-2023,Xenotilapia boulengeri astrovirus,Viruses;Riboviria;Orthornavirae;Pisuviricota;Stelpaviricetes;Stellavirales;Astroviridae,,Astroviridae,1926,"Costa,V.A., Ronco,F., Mifsud,J.C.O., Harvey,E., Salzburger,W. and Holmes,E.C.",,F25,Zambia,,21-Jul-2014,gill,Xenotilapia boulengeri,Yes,1,No,No,Actinopteri,NA-NA,,0-1926,1.0,NA-NA,
OR270059,OR270059.1,"MAG: Retropinna astrovirus 1 isolate MAR-S ORF1ab gene, complete cds",14-AUG-2023,Retropinna astrovirus 1,Viruses;Riboviria;Orthornavirae;Pisuviricota;Stelpaviricetes;Stellavirales;Astroviridae,,Astroviridae,2886,"Grimwood,R.M., Fortune-Kelly,G., Holmes,E.C., Ingram,T. and Geoghegan,J.L.",,MAR-S,New Zealand,,2021,gill,Retropinna retropinna,Yes,1,No,No,Actinopteri,NA-NA,,0-2886,1.0,NA-NA,
OR270057,OR270057.1,"MAG: Porure astrovirus 1 isolate KAI-S ORF1ab gene, partial cds",14-AUG-2023,Porure astrovirus 1,Viruses;Riboviria;Orthornavirae;Pisuviricota;Stelpaviricetes;Stellavirales;Astroviridae,,Astroviridae,1447,"Grimwood,R.M., Fortune-Kelly,G., Holmes,E.C., Ingram,T. and Geoghegan,J.L.",,KAI-S,New Zealand,,2021,gill,Retropinna retropinna,Yes,1,No,No,Actinopteri,NA-NA,,1-1446,-1.0,NA-NA,
OP589985,OP589985.1,"MAG: Bat astrovirus 10 isolate EBW/Sk/9 ORF1ab and capsid protein genes, partial cds",07-AUG-2023,Bat astrovirus 10,Viruses;Riboviria;Orthornavirae;Pisuviricota;Stelpaviricetes;Stellavirales;Astroviridae,,Astroviridae,4760,"Van Brussel,K., Mahar,J.E., Hall,J., Bender,H., Ortiz-Baez,A.S., Chang,W.-S., Holmes,E.C. and Rose,K.",,EBW/Sk/9,Australia: Yass,,2013/2021,skin,Miniopterus orianae oceanensis,Yes,2,No,No,Mammalia,2-689,1.0,688-2278,1.0,2237-4760,1.0
OP589980,OP589980.1,"MAG: Bat astrovirus 5 isolate EBW/Sk/4 ORF1ab and capsid protein genes, partial cds",07-AUG-2023,Bat astrovirus 5,Viruses;Riboviria;Orthornavirae;Pisuviricota;Stelpaviricetes;Stellavirales;Astroviridae,,Astroviridae,4783,"Van Brussel,K., Mahar,J.E., Hall,J., Bender,H., Ortiz-Baez,A.S., Chang,W.-S., Holmes,E.C. and Rose,K.",,EBW/Sk/4,Australia: Yass,,2013/2021,skin,Miniopterus orianae oceanensis,Yes,2,No,No,Mammalia,2-2549,1.0,2548-4138,1.0,4097-4783,1.0
OP589978,OP589978.1,"MAG: Bat astrovirus 3 isolate EBW/Sk/2 ORF1ab gene, partial cds; and capsid protein gene, complete cds",07-AUG-2023,Bat astrovirus 3,Viruses;Riboviria;Orthornavirae;Pisuviricota;Stelpaviricetes;Stellavirales;Astroviridae,,Astroviridae,6748,"Van Brussel,K., Mahar,J.E., Hall,J., Bender,H., Ortiz-Baez,A.S., Chang,W.-S., Holmes,E.C. and Rose,K.",,EBW/Sk/2,Australia: Yass,,2013/2021,skin,Miniopterus orianae oceanensis,Yes,2,No,No,Mammalia,1-2599,1.0,2598-4173,1.0,4156-6688,1.0
OP589977,OP589977.1,"MAG: Bat astrovirus 2 isolate EBW/Sk/1 ORF1ab gene, partial cds; and capsid protein gene, complete cds",07-AUG-2023,Bat astrovirus 2,Viruses;Riboviria;Orthornavirae;Pisuviricota;Stelpaviricetes;Stellavirales;Astroviridae,,Astroviridae,6765,"Van Brussel,K., Mahar,J.E., Hall,J., Bender,H., Ortiz-Baez,A.S., Chang,W.-S., Holmes,E.C. and Rose,K.",,EBW/Sk/1,Australia: Yass,,2013/2021,skin,Miniopterus orianae oceanensis,Yes,2,No,No,Mammalia,2-2621,1.0,2620-4195,1.0,4178-6707,1.0
OQ693700,OQ693700.1,"Astroviridae sp. isolate DAstV-1 ORF1a (ORF1a) and ORF1b (ORF1b) genes, partial cds; and ORF2 (ORF2) gene, complete cds",29-JUL-2023,Astroviridae sp.,Viruses;Riboviria;Orthornavirae;Pisuviricota;Stelpaviricetes;Stellavirales;Astroviridae,,Astroviridae,6317,"Tian,F., Li,J., Tu,Q., Xu,S., Liu,W., Li,Y., Bai,Y., Yu,J., Liu,W., Xiao,Y., Ren,H. and Tong,Y.",,DAstV-1,,,,,donkey,No,3,No,No,Mammalia,2-2468,1.0,2422-3985,1.0,3990-6225,1.0
OQ606244,OQ606244.1,"MAG: Bat astrovirus isolate RR034B, partial genome",26-JUL-2023,Bat astrovirus,Viruses;Riboviria;Orthornavirae;Pisuviricota;Stelpaviricetes;Stellavirales;Astroviridae,,Astroviridae,6593,"Horigan,S.M.",,RR034B,Madagascar,,2018,fecal swab,Rousettus madagascariensis,Yes,3,No,No,Mammalia,1-2734,1.0,2814-4194,1.0,4193-6482,1.0
OP963603,OP963603.1,"Bat astrovirus BtSY4 non-structural polyprotein 1AB gene, complete cds; and capsid protein precursor, gene, partial cds",14-JUL-2023,Bat astrovirus BtSY4,Viruses;Riboviria;Orthornavirae;Pisuviricota;Stelpaviricetes;Stellavirales;Astroviridae,,Astroviridae,3900,"Wang,J., Pan,Y.-F., Yang,L.-F., Yang,W.-H., Luo,C.-M., Wang,J., Kuang,G.-P., Wu,W.-C., Gou,Q.-Y., Xin,G.-Y., Li,B., Luo,H.-L., Chen,Y.-Q., Shu,Y.-L., Guo,D., Gao,Z.-H., Liang,G.-D., Li,J., Holmes,E.C., Feng,Y. and Shi,M.",Bat/2018/S18CXBatR30,,China: Yunnan,,2018,,Rhinolophus pusillus,No,2,No,No,Mammalia,NA-NA,,25-1582,1.0,1541-3900,1.0
MK404646,MK404646.1,"Caprine astrovirus G3.1, complete genome",12-JUL-2023,Caprine astrovirus G3.1,Viruses;Riboviria;Orthornavirae;Pisuviricota;Stelpaviricetes;Stellavirales;Astroviridae,,Astroviridae,6269,"Kauer,R.V., Koch,M.C., Boujon,C.L., Werder,S. and Seuberlich,T.",,,Switzerland,,2017,feces,Capra hircus,No,3,No,No,Mammalia,27-2478,1.0,2432-3941,1.0,3831-6195,1.0
MK987100,MK987100.1,"Bovine astrovirus isolate BoAstV-VC34/346 nonstructural protein 1ab (ORF1ab) and nonstructrial protein 1a (ORF1a) genes, partial cds; and capsid precursor protein (ORF2) gene, complete cds",12-JUL-2023,Bovine astrovirus,Viruses;Riboviria;Orthornavirae;Pisuviricota;Stelpaviricetes;Stellavirales;Astroviridae;Mamastrovirus,,Astroviridae,6379,"Seuberlich,T.",,BoAstV-VC34/346,Switzerland,,2016,feces,Bos taurus,No,3,No,No,Mammalia,0-2487,1.0,2438-4013,1.0,4005-6291,1.0
ON982163,ON982163.1,"Hippocampus erectus astro-like virus 1 isolate SD/19 hypothetical protein and RNA-dependent RNA polymerase genes, complete cds",05-APR-2023,Hippocampus erectus astro-like virus 1,Viruses;Riboviria;Orthornavirae;Pisuviricota;Stelpaviricetes;Stellavirales;Astroviridae,,Astroviridae,7114,"Dong,X., Zhang,F., Ren,Z., Shi,W., Wang,Y. and Meng,F.",,SD/19,China,,2019,,Hippocampus erectus,No,2,No,No,Actinopteri,NA-NA,,4056-6747,1.0,NA-NA,
ON595949,ON595949.1,"MAG: Goby astrovirus 2 isolate F14 ORF1b gene, complete cds",21-MAR-2023,Goby astrovirus 2,Viruses;Riboviria;Orthornavirae;Pisuviricota;Stelpaviricetes;Stellavirales;Astroviridae,,Astroviridae,1458,"Costa,V.A., Bellwood,D.R., Mifsud,J.C.O., Geoghegan,J.L., Holmes,E.C. and Harvey,E.",,F14,Australia,,2021-04,liver and gill tissue,Istigobius goldmanni,Yes,1,No,No,Actinopteri,NA-NA,,0-1458,1.0,NA-NA,
ON595937,ON595937.1,"MAG: Cabillus tongarevae astrovirus isolate F2 ORF1b gene, complete cds",21-MAR-2023,Cabillus tongarevae astrovirus,Viruses;Riboviria;Orthornavirae;Pisuviricota;Stelpaviricetes;Stellavirales;Astroviridae,,Astroviridae,1422,"Costa,V.A., Bellwood,D.R., Mifsud,J.C.O., Geoghegan,J.L., Holmes,E.C. and Harvey,E.",,F2,Australia,,2021-04,liver and gill tissue,Cabillus tongarevae,Yes,1,No,No,Actinopteri,NA-NA,,0-1422,1.0,NA-NA,
OQ198047,OQ198047.1,MAG: Canine astrovirus isolate AstroviridaeDogfe326C1full genomic sequence,07-MAR-2023,Canine astrovirus,Viruses;Riboviria;Orthornavirae;Pisuviricota;Stelpaviricetes;Stellavirales;Astroviridae;Mamastrovirus,,Astroviridae,7394,"Jiang,X. and Zhang,W.",,AstroviridaeDogfe326C1full,China,,2020/2021,canine feces,canine,Yes,3,No,No,,200-3389,1.0,3340-4876,1.0,4865-7385,1.0
OQ198044,OQ198044.1,MAG: Canine astrovirus isolate AstroviridaeDogfe337C1full genomic sequence,07-MAR-2023,Canine astrovirus,Viruses;Riboviria;Orthornavirae;Pisuviricota;Stelpaviricetes;Stellavirales;Astroviridae;Mamastrovirus,,Astroviridae,6081,"Jiang,X. and Zhang,W.",,AstroviridaeDogfe337C1full,China,,2020/2021,canine feces,canine,Yes,2,No,No,,15-2337,1.0,2300-3818,1.0,NA-NA,
OQ198041,OQ198041.1,MAG: Canine astrovirus isolate AstroviridaeDogfe351C1full genomic sequence,07-MAR-2023,Canine astrovirus,Viruses;Riboviria;Orthornavirae;Pisuviricota;Stelpaviricetes;Stellavirales;Astroviridae;Mamastrovirus,,Astroviridae,6741,"Jiang,X. and Zhang,W.",,AstroviridaeDogfe351C1full,China,,2020/2021,canine feces,canine,Yes,3,No,No,,178-2935,1.0,2886-4422,1.0,4234-6736,1.0
ON624282,ON624282.1,"Bovine astrovirus strain BoAstV32/2021/CHN, complete genome",20-FEB-2023,Bovine astrovirus,Viruses;Riboviria;Orthornavirae;Pisuviricota;Stelpaviricetes;Stellavirales;Astroviridae;Mamastrovirus,,Astroviridae,6287,"Wu,H.",BoAstV32/2021/CHN,,China,,2021,feces,cow,No,3,No,No,Mammalia,37-2491,1.0,2424-3954,1.0,3898-6211,1.0
ON624251,ON624251.1,"Bovine astrovirus strain BoAstV1/2021/CHN, complete genome",20-FEB-2023,Bovine astrovirus,Viruses;Riboviria;Orthornavirae;Pisuviricota;Stelpaviricetes;Stellavirales;Astroviridae;Mamastrovirus,,Astroviridae,6126,"Wu,H.",BoAstV1/2021/CHN,,China,,2021,feces,cow,No,3,No,No,Mammalia,12-2349,1.0,2303-3821,1.0,3759-6039,1.0
OP076748,OP076748.1,"Dromedary astrovirus isolate DcAstV/Jd57/KSA/2014, complete genome",01-FEB-2023,Dromedary astrovirus,Viruses;Riboviria;Orthornavirae;Pisuviricota;Stelpaviricetes;Stellavirales;Astroviridae;Mamastrovirus,,Astroviridae,6326,"Qureshi,M.I., Worthington,B.M., Liu,Y., Cheung,Y.M., Su,S., Zheng,Z., Li,L., Lam,T.T.Y., Guan,Y. and Zhu,H.",,DcAstV/Jd57/KSA/2014,Saudi Arabia: Jeddah,,02-Jun-2014,rectal swab,Camelus dromedarius,No,4,No,No,Mammalia,21-2496,1.0,2450-3959,1.0,3951-6213,1.0
MW450837,MW450837.1,"Mamastrovirus 18 isolate BF2-astro-YN-CHN-2020 ORF1ab and ORF1a genes, complete cds; and ORF2 gene, partial cds",17-JAN-2023,Mamastrovirus 18,Viruses;Riboviria;Orthornavirae;Pisuviricota;Stelpaviricetes;Stellavirales;Astroviridae;Mamastrovirus;Mamastrovirus pusilli,Mamastrovirus pusilli,Astroviridae,5659,"Han,Z., Xiao,J., Song,Y., Lu,H., Zhang,K., Li,J., Si,F., Sun,Q., Wang,D., Zhu,S., Yan,D., Xu,W. and Zhang,Y.",,BF2-astro-YN-CHN-2020,China,,20-Feb-2020,anal and throat swabs,Miniopterus schreibersii,No,3,No,No,Mammalia,61-1777,1.0,1773-3306,1.0,3289-5659,1.0
ON893139,ON893139.1,"Astrovirus sp. isolate SYMN012 ORF1ab polyprotein gene, partial cds",19-SEP-2022,Astrovirus sp.,Viruses;Riboviria;Orthornavirae;Pisuviricota;Stelpaviricetes;Stellavirales;Astroviridae,,Astroviridae,2227,"Ergunay,K. and Linton,Y.-M.",,SYMN012,Kenya,,,,Miniopterus natalensis,No,1,No,No,Mammalia,0-690,1.0,689-2227,1.0,NA-NA,
OL345583,OL345583.1,"Gerbil astrovirus isolate DB03F/SX/2018, complete genome",13-SEP-2022,Gerbil astrovirus,Viruses;Riboviria;Orthornavirae;Pisuviricota;Stelpaviricetes;Stellavirales;Astroviridae,,Astroviridae,6552,"Li,C.-X.",,DB03F/SX/2018,China,,2018,lung,Meriones unguiculatus,No,3,No,No,Mammalia,7-2521,1.0,2460-3969,1.0,3961-6433,1.0
MW385412,MW385412.1,"Crow astrovirus strain Astrovirus/crow/Henan/JZ1228-CAS001/2017 non-structural polyprotein and RNA-dependent RNA polymerase genes, complete cds; and capsid protein gene, partial cds",05-SEP-2022,Crow astrovirus,Viruses;Riboviria;Orthornavirae;Pisuviricota;Stelpaviricetes;Stellavirales;Astroviridae,,Astroviridae,6152,"Zhang,C., Zhang,C., Shi,W. and Bi,Y.",Astrovirus/crow/Henan/JZ1228-CAS001/2017,,China,,28-Dec-2017,,Crow,No,3,No,No,,7-2632,1.0,2709-4128,1.0,4099-6152,1.0
OM514376,OM514376.1,"MAG: Sanya astro-like virus 1 isolate LSHLS353 reverse transcriptase-like protein and hypothetical protein genes, complete cds",17-AUG-2022,Sanya astro-like virus 1,Viruses;Riboviria;Orthornavirae;Pisuviricota;Stelpaviricetes;Stellavirales;Astroviridae,,Astroviridae,4099,"Feng,G.",,LSHLS353,"China: Hainan, Lingshui",,12-Jan-2019,rice field,Leersia hexandra,Yes,2,No,No,Magnoliopsida,NA-NA,,191-1676,1.0,NA-NA,
MW505490,MW505490.1,"Goose astrovirus strain AstV/Goose/2019/HLJJX, partial genome",06-AUG-2022,Goose astrovirus,Viruses;Riboviria;Orthornavirae;Pisuviricota;Stelpaviricetes;Stellavirales;Astroviridae;Avastrovirus,,Astroviridae,7047,"Zhao,L., Chen,H. and Su,S.",AstV/Goose/2019/HLJJX,,"China: Heilongjiang Province, Jixi",,21-Jun-2019,liver,goose,No,3,No,No,Aves,0-3186,1.0,3176-4727,1.0,4745-6860,1.0
OM954094,OM954094.1,"Flumine Astrovirus 3 RNA-dependent RNA polymerase gene, partial cds",14-MAY-2022,Flumine Astrovirus 3,Viruses;Riboviria;Orthornavirae;Pisuviricota;Stelpaviricetes;Stellavirales;Astroviridae,,Astroviridae,5447,"French,R.K., Charon,J., Le Lay,C., Muller,C.G. and Holmes,E.C.",,CMP2_DN37632_c0_g1_i1,New Zealand: Manawatu River,,13-Jul-2019,river water,,No,1,No,No,,NA-NA,,3771-5447,1.0,NA-NA,
OM954082,OM954082.1,"Flumine Astrovirus 11 RNA-dependent RNA polymerase gene, partial cds",14-MAY-2022,Flumine Astrovirus 11,Viruses;Riboviria;Orthornavirae;Pisuviricota;Stelpaviricetes;Stellavirales;Astroviridae,,Astroviridae,1405,"French,R.K., Charon,J., Le Lay,C., Muller,C.G. and Holmes,E.C.",,CMU2_DN72442_c0_g1_i1,New Zealand: Manawatu River,,13-Jul-2019,river water,,No,1,No,No,,NA-NA,,58-1405,1.0,NA-NA,
OM954081,OM954081.1,"Flumine Astrovirus 1 RNA-dependent RNA polymerase gene, partial cds",14-MAY-2022,Flumine Astrovirus 1,Viruses;Riboviria;Orthornavirae;Pisuviricota;Stelpaviricetes;Stellavirales;Astroviridae,,Astroviridae,2466,"French,R.K., Charon,J., Le Lay,C., Muller,C.G. and Holmes,E.C.",,CMU2_DN76774_c0_g2_i1,New Zealand: Manawatu River,,13-Jul-2019,river water,,No,1,No,No,,NA-NA,,42-2466,1.0,NA-NA,
OM953851,OM953851.1,"Flumine Astrovirus 9 RNA-dependent RNA polymerase gene, complete cds",14-MAY-2022,Flumine Astrovirus 9,Viruses;Riboviria;Orthornavirae;Pisuviricota;Stelpaviricetes;Stellavirales;Astroviridae,,Astroviridae,3400,"French,R.K., Charon,J., Le Lay,C., Muller,C.G. and Holmes,E.C.",,CMF2_DN25939_c0_g1_i1,New Zealand: Manawatu River,,13-Jul-2019,river water,,No,1,No,No,,NA-NA,,1805-3302,1.0,NA-NA,
OM953850,OM953850.1,"Flumine Astrovirus 8 RNA-dependent RNA polymerase gene, complete cds",14-MAY-2022,Flumine Astrovirus 8,Viruses;Riboviria;Orthornavirae;Pisuviricota;Stelpaviricetes;Stellavirales;Astroviridae,,Astroviridae,1913,"French,R.K., Charon,J., Le Lay,C., Muller,C.G. and Holmes,E.C.",,CMU1_DN176158_c0_g1_i1,New Zealand: Manawatu River,,13-Jul-2019,river water,,No,1,No,No,,NA-NA,,22-1564,1.0,NA-NA,
OM953849,OM953849.1,"Flumine Astrovirus 7 RNA-dependent RNA polymerase gene, complete cds",14-MAY-2022,Flumine Astrovirus 7,Viruses;Riboviria;Orthornavirae;Pisuviricota;Stelpaviricetes;Stellavirales;Astroviridae,,Astroviridae,7690,"French,R.K., Charon,J., Le Lay,C., Muller,C.G. and Holmes,E.C.",,CMF2_DN31075_c0_g1_i1,New Zealand: Manawatu River,,13-Jul-2019,river water,,No,1,No,No,,NA-NA,,4192-5689,1.0,NA-NA,
OM953848,OM953848.1,"Flumine Astrovirus 6 RNA-dependent RNA polymerase gene, complete cds",14-MAY-2022,Flumine Astrovirus 6,Viruses;Riboviria;Orthornavirae;Pisuviricota;Stelpaviricetes;Stellavirales;Astroviridae,,Astroviridae,5842,"French,R.K., Charon,J., Le Lay,C., Muller,C.G. and Holmes,E.C.",,CMF1_DN41184_c0_g1_i1,New Zealand: Manawatu River,,13-Jul-2019,river water,,No,1,No,No,,NA-NA,,2829-4329,1.0,NA-NA,
OM953847,OM953847.1,"Flumine Astrovirus 5 RNA-dependent RNA polymerase gene, complete cds",14-MAY-2022,Flumine Astrovirus 5,Viruses;Riboviria;Orthornavirae;Pisuviricota;Stelpaviricetes;Stellavirales;Astroviridae,,Astroviridae,3653,"French,R.K., Charon,J., Le Lay,C., Muller,C.G. and Holmes,E.C.",,CMF1_DN41866_c1_g1_i1,New Zealand: Manawatu River,,13-Jul-2019,river water,,No,1,No,No,,NA-NA,,1243-2842,1.0,NA-NA,
OM953846,OM953846.1,"Flumine Astrovirus 4 RNA-dependent RNA polymerase gene, complete cds",14-MAY-2022,Flumine Astrovirus 4,Viruses;Riboviria;Orthornavirae;Pisuviricota;Stelpaviricetes;Stellavirales;Astroviridae,,Astroviridae,2741,"French,R.K., Charon,J., Le Lay,C., Muller,C.G. and Holmes,E.C.",,CMF2_DN30973_c0_g1_i4,New Zealand: Manawatu River,,13-Jul-2019,river water,,No,1,No,No,,NA-NA,,768-2352,1.0,NA-NA,
OM953842,OM953842.1,"Flumine Astrovirus 12 RNA-dependent RNA polymerase gene, complete cds",14-MAY-2022,Flumine Astrovirus 12,Viruses;Riboviria;Orthornavirae;Pisuviricota;Stelpaviricetes;Stellavirales;Astroviridae,,Astroviridae,1544,"French,R.K., Charon,J., Le Lay,C., Muller,C.G. and Holmes,E.C.",,CMU2_DN75963_c0_g1_i1,New Zealand: Manawatu River,,13-Jul-2019,river water,,No,1,No,No,,NA-NA,,3-1368,1.0,NA-NA,
OM953841,OM953841.1,"Flumine Astrovirus 10 RNA-dependent RNA polymerase gene, complete cds",14-MAY-2022,Flumine Astrovirus 10,Viruses;Riboviria;Orthornavirae;Pisuviricota;Stelpaviricetes;Stellavirales;Astroviridae,,Astroviridae,2406,"French,R.K., Charon,J., Le Lay,C., Muller,C.G. and Holmes,E.C.",,CMU2_DN78443_c0_g1_i1,New Zealand: Manawatu River,,13-Jul-2019,river water,,No,1,No,No,,NA-NA,,555-2004,1.0,NA-NA,
MZ779126,MZ779126.1,"Vole astrovirus strain 14657 orf1ab polyprotein (orf1ab) and orf2 protein (orf2) genes, complete cds",05-APR-2022,Vole astrovirus,Viruses;Riboviria;Orthornavirae;Pisuviricota;Stelpaviricetes;Stellavirales;Astroviridae,,Astroviridae,6933,"Schaeffer,R., Temeeyasen,G. and Hause,B.M.",14657,,USA: South Dakota,,13-Jul-2021,,Myodes,No,2,No,No,Mammalia,23-2465,1.0,2464-4081,1.0,4073-6797,1.0
OL871128,OL871128.1,"Toitoi astrovirus 1 isolate CB_FW_05_Hayes_RdRp RNA dependent RNA polymerase gene, complete cds",23-MAR-2022,Toitoi astrovirus 1,Viruses;Riboviria;Orthornavirae;Pisuviricota;Stelpaviricetes;Stellavirales;Astroviridae,,Astroviridae,2295,"Perry,B.J., Darestani,M.M., Ara,M.G., Hoste,A., Jandt,J.M., Dutoit,L., Holmes,E.C., Ingram,T. and Geoghegan,J.L.",,CB_FW_05_Hayes_RdRp,New Zealand,,,gill,Gobiomorphus cotidianus,No,1,No,No,Actinopteri,NA-NA,,0-2295,1.0,NA-NA,
OM480534,OM480534.1,Porcupine astrovirus 2 strain FJ-F1 genomic sequence,15-MAR-2022,Porcupine astrovirus 2,Viruses;Riboviria;Orthornavirae;Pisuviricota;Stelpaviricetes;Stellavirales;Astroviridae,,Astroviridae,6262,"He,W.-T., Hou,X. and Zhao,J.",FJ-F1,,China,,2020,,Porcupine,No,1,No,No,,50-2438,1.0,2437-3934,1.0,NA-NA,
OM480543,OM480543.2,"Coypu astrovirus 1 polyprotein ORF1ab and capsid protein genes, complete cds",08-MAR-2022,Coypu astrovirus 1,Viruses;Riboviria;Orthornavirae;Pisuviricota;Stelpaviricetes;Stellavirales;Astroviridae,,Astroviridae,6962,"He,W.-T., Hou,X. and Zhao,J.",GX-F3,,China,,2020,,Coypu,No,2,No,No,Mammalia,25-2830,1.0,2829-4341,1.0,4327-6877,1.0
OM140654,OM140654.1,"Marmot astrovirus strain MCAsV/XJ4/CHN/2016, complete genome",09-FEB-2022,Marmot astrovirus,Viruses;Riboviria;Orthornavirae;Pisuviricota;Stelpaviricetes;Stellavirales;Astroviridae,,Astroviridae,6650,"Yan,G.Z. and He,B.",MCAsV/XJ4/CHN/2016,,China: Xinjiang,,2016,intestinal sample,Marmota caudata,No,3,No,No,Mammalia,88-2749,1.0,2612-4235,1.0,4227-6618,1.0
MW504552,MW504552.1,MAG: Mamastrovirus 3 isolate 15214_AST_len_6117_cov_31.526724 mRNA sequence,01-FEB-2022,Mamastrovirus 3,Viruses;Riboviria;Orthornavirae;Pisuviricota;Stelpaviricetes;Stellavirales;Astroviridae;Mamastrovirus;Mamastrovirus suis,Mamastrovirus suis,Astroviridae,6108,"Ramesh,A., Bailey,E.S., Ahyong,V., Phelps,M., Tato,C., Gary,G. and DeRisi,J.L.",,15214_AST_len_6117_cov_31.526724,USA,,09-Oct-2018,fecal samples,Sus scrofa,Yes,3,No,No,Mammalia,2-2390,1.0,2335-3853,1.0,3797-6108,1.0
MZ819170,MZ819170.1,"Porcine astrovirus 5 isolate PoAstV5/Swine/CHI/FB036/2017, complete genome",08-JAN-2022,Porcine astrovirus 5,Viruses;Riboviria;Orthornavirae;Pisuviricota;Stelpaviricetes;Stellavirales;Astroviridae,,Astroviridae,6499,"Flores,C., Ariyama,N., Bennet,B., Mena,J., Verdugo,C., Mor,S., Brito,B., Ramirez,G. and Neira,V.",,PoAstV5/Swine/CHI/FB036/2017,Chile,,2017,feces,Sus scrofa,No,3,No,No,Mammalia,100-2719,1.0,2679-4191,1.0,4174-6382,1.0
MZ150559,MZ150559.1,"Avian nephritis virus isolate ANV/Chicken/CHN/2020/AH202017, complete genome",04-JAN-2022,Avian nephritis virus,Viruses;Riboviria;Orthornavirae;Pisuviricota;Stelpaviricetes;Stellavirales;Astroviridae;Avastrovirus,,Astroviridae,6951,"Yin,L., Zhou,Q., Mai,K., Huang,J. and Zhou,Q.",,ANV/Chicken/CHN/2020/AH202017,China,,2020,,chicken,No,3,No,No,Aves,8-3056,1.0,3043-4576,1.0,4595-6635,1.0
OK107514,OK107514.1,"Caprine astrovirus strain SWUN/ECJK3/2021, partial genome",24-NOV-2021,Caprine astrovirus,Viruses;Riboviria;Orthornavirae;Pisuviricota;Stelpaviricetes;Stellavirales;Astroviridae,,Astroviridae,6387,"Jiayi,W., Mengting,Z. and Chenxia,X.",SWUN/ECJK3/2021,,China,,2021,stool,goat,No,3,No,No,Mammalia,30-2580,1.0,2534-4100,1.0,4092-6372,1.0
KT946721,KT946721.1,"Avian astrovirus isolate D11-148.2/HK, complete genome",31-OCT-2021,Avian astrovirus,Viruses;Riboviria;Orthornavirae;Pisuviricota;Stelpaviricetes;Stellavirales;Astroviridae;Avastrovirus,,Astroviridae,6877,"Tse,H., Chan,W.M. and Yuen,K.Y.",,D11-148.2/HK,Hong Kong,,,,white eye,No,3,No,No,,19-2938,1.0,2904-4434,1.0,4437-6672,1.0
KT946718,KT946718.1,"Avian astrovirus isolate D11-139/HK, complete genome",31-OCT-2021,Avian astrovirus,Viruses;Riboviria;Orthornavirae;Pisuviricota;Stelpaviricetes;Stellavirales;Astroviridae;Avastrovirus,,Astroviridae,6719,"Tse,H., Chan,W.M. and Yuen,K.Y.",,D11-139/HK,Hong Kong,,,,house crow,No,3,No,No,Aves,26-2666,1.0,2632-4198,1.0,4154-6527,1.0
MZ375143,MZ375143.1,"MAG: Astroviridae sp. isolate 5PT-RDRP-3 ORF1ab gene, partial cds",20-OCT-2021,Astroviridae sp.,Viruses;Riboviria;Orthornavirae;Pisuviricota;Stelpaviricetes;Stellavirales;Astroviridae,,Astroviridae,5398,"Lu,J., Shen,Q. and Zhang,W.",,5PT-RDRP-3,China,,2020,feces,Phrynocephalus theobaldi,Yes,1,No,No,Lepidosauria,1-3016,1.0,3015-5058,1.0,NA-NA,
MZ375141,MZ375141.1,"MAG: Astroviridae sp. isolate 5PT-RDRP-1 ORF1ab and capsid protein genes, complete cds",20-OCT-2021,Astroviridae sp.,Viruses;Riboviria;Orthornavirae;Pisuviricota;Stelpaviricetes;Stellavirales;Astroviridae,,Astroviridae,8068,"Lu,J., Shen,Q. and Zhang,W.",,5PT-RDRP-1,China,,2020,feces,Phrynocephalus theobaldi,Yes,2,No,No,Lepidosauria,46-3103,1.0,3102-5157,1.0,5065-7774,1.0
MZ375140,MZ375140.1,"MAG: Astroviridae sp. isolate 4PT-RDRP-1 ORF1ab gene, partial cds",20-OCT-2021,Astroviridae sp.,Viruses;Riboviria;Orthornavirae;Pisuviricota;Stelpaviricetes;Stellavirales;Astroviridae,,Astroviridae,5062,"Lu,J., Shen,Q. and Zhang,W.",,4PT-RDRP-1,China,,2020,feces,Phrynocephalus theobaldi,Yes,1,No,No,Lepidosauria,311-3287,1.0,3286-5062,1.0,NA-NA,
MZ375148,MZ375148.1,"MAG: Astroviridae sp. isolate 6PT-RDRP-2 ORF1ab gene, partial cds",18-OCT-2021,Astroviridae sp.,Viruses;Riboviria;Orthornavirae;Pisuviricota;Stelpaviricetes;Stellavirales;Astroviridae,,Astroviridae,2203,"Lu,J., Shen,Q. and Zhang,W.",,6PT-RDRP-2,China,,2020,feces,Phrynocephalus theobaldi,Yes,1,No,No,Lepidosauria,NA-NA,,0-1899,1.0,NA-NA,
MZ375139,MZ375139.1,"MAG: Astroviridae sp. isolate 3PE-RDRP-2 ORF1a, ORF1b, and capsid protein genes, complete cds",18-OCT-2021,Astroviridae sp.,Viruses;Riboviria;Orthornavirae;Pisuviricota;Stelpaviricetes;Stellavirales;Astroviridae,,Astroviridae,7312,"Lu,J., Shen,Q. and Zhang,W.",,3PE-RDRP-2,China,,2020,feces,Phrynocephalus erythrurus,Yes,3,No,No,Lepidosauria,109-3088,1.0,3252-4605,1.0,4626-6885,1.0
MZ375134,MZ375134.1,"MAG: Astroviridae sp. isolate 1PE-RDRP-4 ORF1a, ORF1b, and capsid protein genes, complete cds",18-OCT-2021,Astroviridae sp.,Viruses;Riboviria;Orthornavirae;Pisuviricota;Stelpaviricetes;Stellavirales;Astroviridae,,Astroviridae,7845,"Lu,J., Shen,Q. and Zhang,W.",,1PE-RDRP-4,China,,2020,feces,Phrynocephalus erythrurus,Yes,3,No,No,Lepidosauria,108-3531,1.0,3725-5129,1.0,4746-7737,1.0
MZ375133,MZ375133.1,"MAG: Astroviridae sp. isolate 1PE-RDRP-3 ORF1a, ORF1b, and capsid protein genes, complete cds",18-OCT-2021,Astroviridae sp.,Viruses;Riboviria;Orthornavirae;Pisuviricota;Stelpaviricetes;Stellavirales;Astroviridae,,Astroviridae,8038,"Lu,J., Shen,Q. and Zhang,W.",,1PE-RDRP-3,China,,2020,feces,Phrynocephalus erythrurus,Yes,3,No,No,Lepidosauria,38-3566,1.0,3760-5155,1.0,5069-7748,1.0
MZ291970,MZ291970.1,"Astroviridae sp. isolate G20_108 RdRp gene, partial cds",10-OCT-2021,Astroviridae sp.,Viruses;Riboviria;Orthornavirae;Pisuviricota;Stelpaviricetes;Stellavirales;Astroviridae,,Astroviridae,3801,"Bonny,P., Schaeffer,J., Besnard,A. and Le Guyader,F.S.",,G20_108,Cameroon,,01-Jan-2019,shellfish,environment,No,1,No,No,,NA-NA,,2001-3801,1.0,NA-NA,
MZ603076,MZ603076.1,MAG: Mamastrovirus sp. isolate HAstV-VA2_RVAB genomic sequence,22-SEP-2021,Mamastrovirus sp.,Viruses;Riboviria;Orthornavirae;Pisuviricota;Stelpaviricetes;Stellavirales;Astroviridae;Mamastrovirus,,Astroviridae,6447,"Simsek,C. and Matthijnssens,J.",,HAstV-VA2_RVAB,,,2010,feces,,Yes,3,No,No,,NA-NA,,2748-4251,1.0,4251-6447,1.0
MW826371,MW826371.1,Avastrovirus sp. isolate XZN01 genomic sequence,20-SEP-2021,Avastrovirus sp.,Viruses;Riboviria;Orthornavirae;Pisuviricota;Stelpaviricetes;Stellavirales;Astroviridae;Avastrovirus,,Astroviridae,6820,"Zhu,W., Huang,Y. and Yang,J.",,XZN01,China,,Apr-2018,feces,bird,No,3,No,No,,2-2771,1.0,2929-4438,1.0,4274-6644,1.0
MT832894,MT832894.1,"Human astrovirus 1 strain MAstV-1/Hu/BRA/TO-162/2011, complete genome",15-SEP-2021,Human astrovirus 1,Viruses;Riboviria;Orthornavirae;Pisuviricota;Stelpaviricetes;Stellavirales;Astroviridae;Mamastrovirus;Mamastrovirus hominis,Mamastrovirus hominis,Astroviridae,6795,"Luchs,A.",MAstV-1/Hu/BRA/TO-162/2011,TO-162,Brazil,,2011,feces,Homo sapiens,No,3,No,No,Mammalia,85-2893,1.0,2820-4380,1.0,4372-6736,1.0
BR001717,BR001717.1,"TPA_asm: Macaque MLB-like astrovirus macaque_feces/2019/624 genes for ORF1a protein, ORF1b protein, ORF2 protein, complete cds",19-AUG-2021,Macaque MLB-like astrovirus,Viruses;Riboviria;Orthornavirae;Pisuviricota;Stelpaviricetes;Stellavirales;Astroviridae,,Astroviridae,6082,"Kawasaki,J. and Horie,M.",,macaque_feces/2019/624,,,,,Macaca mulatta,No,3,No,No,Mammalia,7-2338,1.0,2337-3816,1.0,3670-6031,1.0
MT993596,MT993596.1,"MAG: Carnarvon virus isolate MW10_1o non-structural polyprotein (ORF1ab) and structural protein (ORF2) genes, complete cds",14-JUL-2021,Carnarvon virus,Viruses;Riboviria;Orthornavirae;Pisuviricota;Stelpaviricetes;Stellavirales;Astroviridae,,Astroviridae,6928,"Wille,M., Shi,M., Hurt,A., Klaassen,M. and Holmes,E.",,MW10_1o,Australia,,2015,Tasmania,Arenaria interpres (ruddy turnstone),Yes,2,No,No,Aves,22-3316,1.0,3303-4833,1.0,4854-6846,1.0
MT993595,MT993595.1,"MAG: Blencathra virus isolate MW09_1o non-structural polyprotein (ORF1ab) gene, partial cds; and structural protein (ORF2) gene, complete cds",14-JUL-2021,Blencathra virus,Viruses;Riboviria;Orthornavirae;Pisuviricota;Stelpaviricetes;Stellavirales;Astroviridae,,Astroviridae,7436,"Wille,M., Shi,M., Hurt,A., Klaassen,M. and Holmes,E.",,MW09_1o,Australia,,2015,Tasmania,Arenaria interpres (ruddy turnstone),Yes,2,No,No,Aves,0-3417,1.0,3362-4928,1.0,4931-7187,1.0
MT993583,MT993583.1,"MAG: Neva virus isolate MW06_2o non-structural polyprotein (ORF1ab) and structural protein (ORF2) genes, complete cds",14-JUL-2021,Neva virus,Viruses;Riboviria;Orthornavirae;Pisuviricota;Stelpaviricetes;Stellavirales;Astroviridae,,Astroviridae,6842,"Wille,M., Shi,M., Hurt,A., Klaassen,M. and Holmes,E.",,MW06_2o,Australia,,2014,Tasmania,Arenaria interpres (ruddy turnstone),Yes,2,No,No,Aves,14-3017,1.0,3016-4546,1.0,4564-6556,1.0
MZ218053,MZ218053.1,MAG: Bat astrovirus isolate BtAstV/21164-6-A/M.dau/DK/2015 genomic sequence,09-JUN-2021,Bat astrovirus,Viruses;Riboviria;Orthornavirae;Pisuviricota;Stelpaviricetes;Stellavirales;Astroviridae,,Astroviridae,6619,"Lazov,C.M., Belsham,G.J., Boetner,A. and Rasmussen,T.B.",,BtAstV/21164-6-A/M.dau/DK/2015,Denmark: Moensted,,Nov-2015,feces,Myotis daubentonii,Yes,2,No,No,Mammalia,2-2681,1.0,2680-4249,1.0,4241-6619,1.0
MN832787,MN832787.1,"MAG: Bat astrovirus isolate BtAstV/13585-58/M.dau/DK/2014, complete genome",09-JUN-2021,Bat astrovirus,Viruses;Riboviria;Orthornavirae;Pisuviricota;Stelpaviricetes;Stellavirales;Astroviridae,,Astroviridae,6557,"Lazov,C.M., Belsham,G.J., Boetner,A. and Rasmussen,T.B.",,BtAstV/13585-58/M.dau/DK/2014,Denmark,,Oct-2014,feces,Myotis daubentonii,Yes,2,No,No,Mammalia,37-2605,1.0,2604-4155,1.0,4167-6366,1.0
MW645024,MW645024.1,"Murray-Darling rainbowfish astrovirus RNA-dependent RNA polymerase gene, complete cds",01-MAY-2021,Murray-Darling rainbowfish astrovirus,Viruses;Riboviria;Orthornavirae;Pisuviricota;Stelpaviricetes;Stellavirales;Astroviridae,,Astroviridae,1989,"Costa,V.A., Mifsud,J.C.O., Gilligan,D., Williamson,J.E., Holmes,E.C. and Geoghegan,J.L.",F7,,Australia,,01-Feb-2020,liver and gills,Melanotaenia fluviatilis,No,1,No,No,Actinopteri,NA-NA,,0-1989,1.0,NA-NA,
MW249010,MW249010.1,"Bat astrovirus isolate DesRot/Peru/AYA14_F_DrAstV, complete genome",09-APR-2021,Bat astrovirus,Viruses;Riboviria;Orthornavirae;Pisuviricota;Stelpaviricetes;Stellavirales;Astroviridae,,Astroviridae,5310,"Bergner,L., Mollentze,N., Orton,R., Tello,C., Broos,A., Biek,R. and Streicker,D.",,DesRot/Peru/AYA14_F_DrAstV,Peru,,2016,,Desmodus rotundus,No,3,No,No,Mammalia,194-1376,1.0,1393-2875,1.0,2876-5051,1.0
MW037839,MW037839.1,"Feline astrovirus 3 strain FAstV3-AUS, complete genome",01-DEC-2020,Feline astrovirus 3,Viruses;Riboviria;Orthornavirae;Pisuviricota;Stelpaviricetes;Stellavirales;Astroviridae;Mamastrovirus,,Astroviridae,6458,"Van Brussel,K., Wang,X., Shi,M., Carrai,M., Li,J., Martella,V., Beatty,J.A., Holmes,E.C. and Barrs,V.R.",FAstV3-AUS,,Australia,,Jun-2018,feces,Felis catus,No,3,No,No,Mammalia,13-2512,1.0,2475-4035,1.0,3991-6352,1.0
KY933399,KY933399.1,"Mamastrovirus 3 isolate U460 polyprotein, nonstructural protein, and capsid protein genes, partial cds",24-NOV-2020,Mamastrovirus 3,Viruses;Riboviria;Orthornavirae;Pisuviricota;Stelpaviricetes;Stellavirales;Astroviridae;Mamastrovirus;Mamastrovirus suis,Mamastrovirus suis,Astroviridae,5281,"Njuguna,J.N. and Djikeng,A.",,U460,Uganda,,Nov-2012,feces,pig,No,3,No,No,Mammalia,1-1615,1.0,1575-3144,1.0,3133-5281,1.0
MT734809,MT734809.1,"Bat astrovirus isolate BAstV/RB, complete genome",31-OCT-2020,Bat astrovirus,Viruses;Riboviria;Orthornavirae;Pisuviricota;Stelpaviricetes;Stellavirales;Astroviridae,,Astroviridae,6650,"Li,Y., Altan,E., Reyes,G. and Delwart,E.",,BAstV/RB,USA,,Feb-2020,guano samples,bat,No,3,No,No,,5-2702,1.0,2719-4201,1.0,4154-6395,1.0
MT138010,MT138010.1,MAG: Astroviridae sp. isolate prf037ast2 genomic sequence,15-JUN-2020,Astroviridae sp.,Viruses;Riboviria;Orthornavirae;Pisuviricota;Stelpaviricetes;Stellavirales;Astroviridae,,Astroviridae,7468,"Chen,X., Shan,T., Yang,S. and Zhang,W.",,prf037ast2,,,2018,anal swab,,Yes,3,No,No,,918-3636,1.0,3782-5120,1.0,5144-7163,1.0
MT138007,MT138007.1,MAG: Astroviridae sp. isolate ltr178ast1 genomic sequence,15-JUN-2020,Astroviridae sp.,Viruses;Riboviria;Orthornavirae;Pisuviricota;Stelpaviricetes;Stellavirales;Astroviridae,,Astroviridae,7141,"Chen,X., Shan,T., Yang,S. and Zhang,W.",,ltr178ast1,,,2018,anal swab,,Yes,3,No,No,,264-3363,1.0,3395-4847,1.0,4871-6863,1.0
MT138005,MT138005.1,MAG: Astroviridae sp. isolate hwf041ast1 genomic sequence,15-JUN-2020,Astroviridae sp.,Viruses;Riboviria;Orthornavirae;Pisuviricota;Stelpaviricetes;Stellavirales;Astroviridae,,Astroviridae,6943,"Chen,X., Shan,T., Yang,S. and Zhang,W.",,hwf041ast1,,,2018,anal swab,,Yes,3,No,No,,199-3271,1.0,3303-4755,1.0,4779-6759,1.0
MT138002,MT138002.1,MAG: Astroviridae sp. isolate cra070ast1 genomic sequence,15-JUN-2020,Astroviridae sp.,Viruses;Riboviria;Orthornavirae;Pisuviricota;Stelpaviricetes;Stellavirales;Astroviridae,,Astroviridae,6755,"Chen,X., Shan,T., Yang,S. and Zhang,W.",,cra070ast1,,,2018,anal swab,,Yes,3,No,No,,0-3108,1.0,3140-4592,1.0,4612-6622,1.0
MT137999,MT137999.1,MAG: Astroviridae sp. isolate coa196ast1 genomic sequence,15-JUN-2020,Astroviridae sp.,Viruses;Riboviria;Orthornavirae;Pisuviricota;Stelpaviricetes;Stellavirales;Astroviridae,,Astroviridae,6801,"Chen,X., Shan,T., Yang,S. and Zhang,W.",,coa196ast1,,,2018,anal swab,,Yes,3,No,No,,2-3185,1.0,3217-4669,1.0,4689-6726,1.0
MT137996,MT137996.1,MAG: Astroviridae sp. isolate cfe153ast01 genomic sequence,15-JUN-2020,Astroviridae sp.,Viruses;Riboviria;Orthornavirae;Pisuviricota;Stelpaviricetes;Stellavirales;Astroviridae,,Astroviridae,6963,"Chen,X., Shan,T., Yang,S. and Zhang,W.",,cfe153ast01,,,2018,anal swab,,Yes,3,No,No,,231-3306,1.0,3359-4790,1.0,4815-6873,1.0
MT138009,MT138009.1,MAG: Astroviridae sp. isolate prf037ast1nc genomic sequence,15-JUN-2020,Astroviridae sp.,Viruses;Riboviria;Orthornavirae;Pisuviricota;Stelpaviricetes;Stellavirales;Astroviridae,,Astroviridae,6371,"Chen,X., Shan,T., Yang,S. and Zhang,W.",,prf037ast1nc,,,2018,anal swab,,Yes,3,No,No,,343-2395,1.0,2478-3876,1.0,3892-6371,1.0
MT137995,MT137995.1,MAG: Astroviridae sp. isolate bun145astnc1 genomic sequence,15-JUN-2020,Astroviridae sp.,Viruses;Riboviria;Orthornavirae;Pisuviricota;Stelpaviricetes;Stellavirales;Astroviridae,,Astroviridae,5496,"Chen,X., Shan,T., Yang,S. and Zhang,W.",,bun145astnc1,,,2018,anal swab,,Yes,3,No,No,,299-1535,1.0,1450-3088,1.0,3038-5405,1.0
MT137994,MT137994.1,MAG: Astroviridae sp. isolate bsk136ast01 genomic sequence,15-JUN-2020,Astroviridae sp.,Viruses;Riboviria;Orthornavirae;Pisuviricota;Stelpaviricetes;Stellavirales;Astroviridae,,Astroviridae,6442,"Chen,X., Shan,T., Yang,S. and Zhang,W.",,bsk136ast01,,,2018,anal swab,,Yes,3,No,No,,76-2641,1.0,2772-4224,1.0,4154-6431,1.0
MT137991,MT137991.1,MAG: Astroviridae sp. isolate bbr144ast1 genomic sequence,15-JUN-2020,Astroviridae sp.,Viruses;Riboviria;Orthornavirae;Pisuviricota;Stelpaviricetes;Stellavirales;Astroviridae,,Astroviridae,7060,"Chen,X., Shan,T., Yang,S. and Zhang,W.",,bbr144ast1,,,2018,anal swab,,Yes,3,No,No,,243-3075,1.0,3275-4730,1.0,4566-6882,1.0
MN920670,MN920670.1,"MAG: Astroviridae sp. isolate ybw202ast01, complete genome",06-MAY-2020,Astroviridae sp.,Viruses;Riboviria;Orthornavirae;Pisuviricota;Stelpaviricetes;Stellavirales;Astroviridae,,Astroviridae,6701,"Chen,X., Shan,T., Yang,S. and Zhang,W.",,ybw202ast01,China,,2018,anal swab,,Yes,3,No,No,,226-3004,1.0,3204-4563,1.0,4492-6694,1.0
MN920669,MN920669.1,"MAG: Astroviridae sp. isolate ybb150ast01, complete genome",06-MAY-2020,Astroviridae sp.,Viruses;Riboviria;Orthornavirae;Pisuviricota;Stelpaviricetes;Stellavirales;Astroviridae,,Astroviridae,6816,"Chen,X., Shan,T., Yang,S. and Zhang,W.",,ybb150ast01,China,,2018,anal swab,,Yes,3,No,No,,139-2806,1.0,2733-4467,1.0,4309-6634,1.0
MN920668,MN920668.1,"MAG: Astroviridae sp. isolate war204ast1, complete genome",06-MAY-2020,Astroviridae sp.,Viruses;Riboviria;Orthornavirae;Pisuviricota;Stelpaviricetes;Stellavirales;Astroviridae,,Astroviridae,6848,"Chen,X., Shan,T., Yang,S. and Zhang,W.",,war204ast1,China,,2018,anal swab,,Yes,3,No,No,,41-2807,1.0,2971-4342,1.0,4310-6707,1.0
MN920663,MN920663.1,"MAG: Astroviridae sp. isolate spa143ast1, complete genome",06-MAY-2020,Astroviridae sp.,Viruses;Riboviria;Orthornavirae;Pisuviricota;Stelpaviricetes;Stellavirales;Astroviridae,,Astroviridae,6570,"Chen,X., Shan,T., Yang,S. and Zhang,W.",,spa143ast1,China,,2018,anal swab,,Yes,3,No,No,,31-2659,1.0,2859-4554,1.0,4156-6400,1.0
MN087316,MN087316.1,"White-tailed deer astrovirus strain WI65268, complete genome",15-MAR-2020,White-tailed deer astrovirus,Viruses;Riboviria;Orthornavirae;Pisuviricota;Stelpaviricetes;Stellavirales;Astroviridae,,Astroviridae,6246,"Zheng,Y., Shen,H., Wang,L. and Li,G.",WI65268,,USA: Wisconsin,,2018,,white-tailed deer,No,3,No,No,Mammalia,24-2478,1.0,2432-3941,1.0,3885-6168,1.0
MN626434,MN626434.1,"Astrovirus sp. isolate AV/UKMa1_TT RNA-dependent RNA polymerase (ORF1b) gene, partial cds",19-JAN-2020,Astrovirus sp.,Viruses;Riboviria;Orthornavirae;Pisuviricota;Stelpaviricetes;Stellavirales;Astroviridae,,Astroviridae,1554,"Tsoleridis,T., Chappell,J.G., Monchatre-Leroy,E., Umhang,G., Shi,M., Tarlinton,R.E., McClure,C.P., Holmes,E.C. and Ball,J.K.",,AV/UKMa1_TT,United Kingdom,,09-Jul-2014,,Microtus agrestis,No,1,No,No,Mammalia,NA-NA,,0-1449,1.0,NA-NA,
MN035893,MN035893.1,MAG: Astroviridae sp. isolate H3_Bulk_Litter_17_scaffold_17037 sequence,10-JUL-2019,Astroviridae sp.,Viruses;Riboviria;Orthornavirae;Pisuviricota;Stelpaviricetes;Stellavirales;Astroviridae,,Astroviridae,1422,"Starr,E.P., Nuccio,E., Pett-Ridge,J., Banfield,J.F. and Firestone,M.K.",,H3_Bulk_Litter_17_scaffold_17037,"USA: Hopland, California",,,grassland soil,,Yes,0,No,No,,NA-NA,,3-1419,1.0,NA-NA,
MN035758,MN035758.1,"MAG: Astroviridae sp. isolate H1_Rhizo_26_FD_scaffold_114 hypothetical protein (H1Rhizo26FD114_000001) gene, partial cds; and RNA-dependent RNA polymerase (H1Rhizo26FD114_000002) and hypothetical protein (H1Rhizo26FD114_000003) genes, complete cds",10-JUL-2019,Astroviridae sp.,Viruses;Riboviria;Orthornavirae;Pisuviricota;Stelpaviricetes;Stellavirales;Astroviridae,,Astroviridae,6286,"Starr,E.P., Nuccio,E., Pett-Ridge,J., Banfield,J.F. and Firestone,M.K.",,H1_Rhizo_26_FD_scaffold_114,"USA: Hopland, California",,,grassland soil,,Yes,3,No,No,,NA-NA,,1894-3460,1.0,NA-NA,
MN034752,MN034752.1,"MAG: Astroviridae sp. isolate H1_Rhizo_Litter_1_scaffold_1158 RNA-dependent RNA polymerase (H1RhizoLitter11158_000001) gene, partial cds; and hypothetical protein (H1RhizoLitter11158_000002) gene, complete cds",10-JUL-2019,Astroviridae sp.,Viruses;Riboviria;Orthornavirae;Pisuviricota;Stelpaviricetes;Stellavirales;Astroviridae,,Astroviridae,2861,"Starr,E.P., Nuccio,E., Pett-Ridge,J., Banfield,J.F. and Firestone,M.K.",,H1_Rhizo_Litter_1_scaffold_1158,"USA: Hopland, California",,,grassland soil,,Yes,2,No,No,,NA-NA,,0-1385,-1.0,NA-NA,
MN034082,MN034082.1,"MAG: Astroviridae sp. isolate H2_Bulk_35_scaffold_28 hypothetical protein (H2Bulk3528_000001) gene, partial cds; and RNA-dependent RNA polymerase (H2Bulk3528_000002) gene, complete cds",10-JUL-2019,Astroviridae sp.,Viruses;Riboviria;Orthornavirae;Pisuviricota;Stelpaviricetes;Stellavirales;Astroviridae,,Astroviridae,6892,"Starr,E.P., Nuccio,E., Pett-Ridge,J., Banfield,J.F. and Firestone,M.K.",,H2_Bulk_35_scaffold_28,"USA: Hopland, California",,,grassland soil,,Yes,2,No,No,,NA-NA,,2288-6143,1.0,NA-NA,
MN033591,MN033591.1,MAG: Astroviridae sp. isolate H4_Rhizo_44_scaffold_12707 sequence,10-JUL-2019,Astroviridae sp.,Viruses;Riboviria;Orthornavirae;Pisuviricota;Stelpaviricetes;Stellavirales;Astroviridae,,Astroviridae,1318,"Starr,E.P., Nuccio,E., Pett-Ridge,J., Banfield,J.F. and Firestone,M.K.",,H4_Rhizo_44_scaffold_12707,"USA: Hopland, California",,,grassland soil,,Yes,0,No,No,,NA-NA,,5-1316,1.0,NA-NA,
MK096775,MK096775.1,"Passerine astrovirus 3 isolate PasAstV-3, complete genome",12-MAY-2019,Passerine astrovirus 3,Viruses;Riboviria;Orthornavirae;Pisuviricota;Stelpaviricetes;Stellavirales;Astroviridae,,Astroviridae,6628,"Fernandez-Correa,I., Truchado,D.A., Gomez-Lucia,E., Domenech,A., Perez-Tris,J., Schmidt-Chanasit,J., Cadar,D. and Benitez,L.",,PasAstV-3,French Guiana,,Oct-2016,cloacal swabs,Passeriformes,No,3,No,No,Aves,41-2684,1.0,2707-4177,1.0,4197-6453,1.0
MK096774,MK096774.1,"Passerine astrovirus 2 isolate PasAstV-2, complete genome",12-MAY-2019,Passerine astrovirus 2,Viruses;Riboviria;Orthornavirae;Pisuviricota;Stelpaviricetes;Stellavirales;Astroviridae,,Astroviridae,6864,"Fernandez-Correa,I., Truchado,D.A., Gomez-Lucia,E., Domenech,A., Perez-Tris,J., Schmidt-Chanasit,J., Cadar,D. and Benitez,L.",,PasAstV-2,French Guiana,,Oct-2016,cloacal swabs,Passeriformes,No,3,No,No,Aves,46-2752,1.0,2811-4251,1.0,4254-6555,1.0
MK096773,MK096773.1,"Passerine astrovirus 1 isolate PasAstV-1, complete genome",12-MAY-2019,Passerine astrovirus 1,Viruses;Riboviria;Orthornavirae;Pisuviricota;Stelpaviricetes;Stellavirales;Astroviridae,,Astroviridae,6745,"Fernandez-Correa,I., Truchado,D.A., Gomez-Lucia,E., Domenech,A., Perez-Tris,J., Schmidt-Chanasit,J., Cadar,D. and Benitez,L.",,PasAstV-1,French Guiana,,,,Passeriformes,No,3,No,No,Aves,29-2753,1.0,2881-4459,1.0,4296-6561,1.0
MK089435,MK089435.1,"Human astrovirus isolate 668, complete genome",17-APR-2019,Human astrovirus,Viruses;Riboviria;Orthornavirae;Pisuviricota;Stelpaviricetes;Stellavirales;Astroviridae,,Astroviridae,6128,"Vu,D.-L., Bosch,A., Pinto,R.M. and Guix,S.",,668,Switzerland,,2015,feces,Homo sapiens,No,3,No,No,Mammalia,14-2378,1.0,2314-3850,1.0,3842-6080,1.0
MH712856,MH712856.1,"Duck astrovirus 1 strain D51, complete genome",02-APR-2019,Duck astrovirus 1,Viruses;Riboviria;Orthornavirae;Pisuviricota;Stelpaviricetes;Stellavirales;Astroviridae;Avastrovirus;Duck astrovirus GII.A,Duck astrovirus GII.A,Astroviridae,7752,"Lan,J., Zhang,R., Li,H., Chen,J. and Jiang,S.",D51,,China,,06-Feb-2012,liver,duck,No,3,No,No,Aves,22-3745,1.0,3735-5286,1.0,5309-7505,1.0
MK521912,MK521912.1,"MAG: Tasmanian devil-associated astrovirus 1 isolate Stony Head/Tasmania/Sarcophilus_harrisii/2016/DN108473, complete genome",10-MAR-2019,Tasmanian devil-associated astrovirus 1,Viruses;Riboviria;Orthornavirae;Pisuviricota;Stelpaviricetes;Stellavirales;Astroviridae,,Astroviridae,6618,"Chong,R., Shi,M., Grueber,C., Holmes,E.C., Hogg,C.J., Belov,K. and Barrs,V.R.",,Stony Head/Tasmania/Sarcophilus_harrisii/2016/DN108473,"Australia: Stoney Head, Tasmania",,2016,fecal sample,Sarcophilus harrisii,Yes,3,No,No,Mammalia,31-2752,1.0,2760-4236,1.0,4126-6523,1.0
MH453801,MH453801.1,MAG: Avastrovirus 2 isolate AstV/Red-necked Avocet/MW09/Interior genomic sequence,09-NOV-2018,Avastrovirus 2,Viruses;Riboviria;Orthornavirae;Pisuviricota;Stelpaviricetes;Stellavirales;Astroviridae;Avastrovirus;Avastrovirus galli,Avastrovirus galli,Astroviridae,6869,"Wille,M., Shi,M., Eden,J.-S., Klaassen,M., Hurt,A.C. and Holmes,E.C.",,AstV/Red-necked Avocet/MW09/Interior,Australia: Innaminka Regional Reserve,,2013,cloacal swab,Red-necked Avocet,Yes,2,No,No,,0-2992,1.0,2993-4520,1.0,4539-6585,1.0
MH453800,MH453800.1,MAG: Avastrovirus 2 isolate AstV/Red-necked Avocet/MW08/Interior genomic sequence,09-NOV-2018,Avastrovirus 2,Viruses;Riboviria;Orthornavirae;Pisuviricota;Stelpaviricetes;Stellavirales;Astroviridae;Avastrovirus;Avastrovirus galli,Avastrovirus galli,Astroviridae,6960,"Wille,M., Shi,M., Eden,J.-S., Klaassen,M., Hurt,A.C. and Holmes,E.C.",,AstV/Red-necked Avocet/MW08/Interior,Australia: Western Port Bay,,2013,cloacal swab,Red-necked Avocet,Yes,2,No,No,,0-3184,1.0,3185-4661,1.0,4654-6649,1.0
MG599912,MG599912.1,"Zhejiang gunthers frog astrovirus strain TQSWC31946 ORF1ab gene, complete cds; and capsid protein gene, partial cds",08-NOV-2018,Zhejiang gunthers frog astrovirus,Viruses;Riboviria;Orthornavirae;Pisuviricota;Stelpaviricetes;Stellavirales;Astroviridae,,Astroviridae,6010,"Shi,M., Lin,X.-D., Chen,X., Tian,J.-H., Chen,L.-J., Li,K., Wang,W., Eden,J.-S., Shen,J.-J., Liu,L., Holmes,E.C. and Zhuang,Y.-Z.",TQSWC31946,,China,,,,Sylvirana guentheri,No,2,No,No,Amphibia,183-2829,1.0,2828-4313,1.0,4481-6010,1.0
MG599904,MG599904.1,"Guangdong chinese water snake astrovirus strain LPSF9635 ORF1ab gene, partial cds; and capsid protein gene, complete cds",08-NOV-2018,Guangdong chinese water snake astrovirus,Viruses;Riboviria;Orthornavirae;Pisuviricota;Stelpaviricetes;Stellavirales;Astroviridae,,Astroviridae,6919,"Shi,M., Lin,X.-D., Chen,X., Tian,J.-H., Chen,L.-J., Li,K., Wang,W., Eden,J.-S., Shen,J.-J., Liu,L., Holmes,E.C. and Zhuang,Y.-Z.",LPSF9635,,China,,,,Myrrophis chinensis,No,2,No,No,Lepidosauria,1-2533,1.0,2532-4323,1.0,4315-6727,1.0
MG599899,MG599899.1,"Wenling righteye flounders astrovirus strain XYHYG25184 ORF1ab gene, complete cds; and capsid protein gene, partial cds",08-NOV-2018,Wenling righteye flounders astrovirus,Viruses;Riboviria;Orthornavirae;Pisuviricota;Stelpaviricetes;Stellavirales;Astroviridae,,Astroviridae,6337,"Shi,M., Lin,X.-D., Chen,X., Tian,J.-H., Chen,L.-J., Li,K., Wang,W., Eden,J.-S., Shen,J.-J., Liu,L., Holmes,E.C. and Zhuang,Y.-Z.",XYHYG25184,,China,,,,Pleuronichthys japonicus,No,2,No,No,Actinopteri,59-3416,1.0,3415-4951,1.0,5049-6337,1.0
MG599895,MG599895.1,"Wenling rattails astrovirus 2 strain XYHYC187426 ORF1ab gene, partial cds; and capsid protein gene, complete cds",08-NOV-2018,Wenling rattails astrovirus 2,Viruses;Riboviria;Orthornavirae;Pisuviricota;Stelpaviricetes;Stellavirales;Astroviridae,,Astroviridae,6434,"Shi,M., Lin,X.-D., Chen,X., Tian,J.-H., Chen,L.-J., Li,K., Wang,W., Eden,J.-S., Shen,J.-J., Liu,L., Holmes,E.C. and Zhuang,Y.-Z.",XYHYC187426,,China,,,,Coelorinchus multispinulosus,No,2,No,No,Actinopteri,0-2271,1.0,2270-3776,1.0,3947-6014,1.0
MG599888,MG599888.1,"Wenzhou pacific spadenose shark astrovirus 3 strain DWXCSC2095 ORF1ab gene, partial cds; and capsid protein gene, complete cds",08-NOV-2018,Wenzhou pacific spadenose shark astrovirus 3,Viruses;Riboviria;Orthornavirae;Pisuviricota;Stelpaviricetes;Stellavirales;Astroviridae,,Astroviridae,6450,"Shi,M., Lin,X.-D., Chen,X., Tian,J.-H., Chen,L.-J., Li,K., Wang,W., Eden,J.-S., Shen,J.-J., Liu,L., Holmes,E.C. and Zhuang,Y.-Z.",DWXCSC2095,,China,,,,Scoliodon macrorhynchos,No,2,No,No,Chondrichthyes,0-2397,1.0,2396-3926,1.0,3864-5898,1.0
MG599886,MG599886.1,"Dongbei arctic lamprey astrovirus 3 strain QSMC2427 ORF1ab gene, partial cds; and capsid protein gene, complete cds",08-NOV-2018,Dongbei arctic lamprey astrovirus 3,Viruses;Riboviria;Orthornavirae;Pisuviricota;Stelpaviricetes;Stellavirales;Astroviridae,,Astroviridae,6555,"Shi,M., Lin,X.-D., Chen,X., Tian,J.-H., Chen,L.-J., Li,K., Wang,W., Eden,J.-S., Shen,J.-J., Liu,L., Holmes,E.C. and Zhuang,Y.-Z.",QSMC2427,,China,,,,Lethenteron camtschaticum,No,2,No,No,Hyperoartia,2-2297,1.0,2296-4324,1.0,4100-6128,1.0
MG599931,MG599931.1,"Beihai tree frog astrovirus strain GDSWC169064 ORF1ab gene, partial cds; and capsid protein gene, complete cds",08-NOV-2018,Beihai tree frog astrovirus,Viruses;Riboviria;Orthornavirae;Pisuviricota;Stelpaviricetes;Stellavirales;Astroviridae,,Astroviridae,5247,"Shi,M., Lin,X.-D., Chen,X., Tian,J.-H., Chen,L.-J., Li,K., Wang,W., Eden,J.-S., Shen,J.-J., Liu,L., Holmes,E.C. and Zhuang,Y.-Z.",GDSWC169064,,China,,,,Polypedates megacephalus,No,2,No,No,Amphibia,2-1517,1.0,1516-3022,1.0,3040-5191,1.0
MG599922,MG599922.1,"Wenling bighead beaked sandfish astrovirus strain XQTMC51418 ORF1ab gene, partial cds; and capsid protein gene, complete cds",08-NOV-2018,Wenling bighead beaked sandfish astrovirus,Viruses;Riboviria;Orthornavirae;Pisuviricota;Stelpaviricetes;Stellavirales;Astroviridae,,Astroviridae,6336,"Shi,M., Lin,X.-D., Chen,X., Tian,J.-H., Chen,L.-J., Li,K., Wang,W., Eden,J.-S., Shen,J.-J., Liu,L., Holmes,E.C. and Zhuang,Y.-Z.",XQTMC51418,,China,,,,Gonorynchus abbreviatus,No,2,No,No,Actinopteri,1-2314,1.0,2313-3864,1.0,3860-5909,1.0
MG599920,MG599920.1,"Guangdong chinese water skink astrovirus strain ZGLXR62176 ORF1ab and capsid protein genes, partial cds",08-NOV-2018,Guangdong chinese water skink astrovirus,Viruses;Riboviria;Orthornavirae;Pisuviricota;Stelpaviricetes;Stellavirales;Astroviridae,,Astroviridae,6783,"Shi,M., Lin,X.-D., Chen,X., Tian,J.-H., Chen,L.-J., Li,K., Wang,W., Eden,J.-S., Shen,J.-J., Liu,L., Holmes,E.C. and Zhuang,Y.-Z.",ZGLXR62176,,China,,,,Tropidophorus sinicus,No,2,No,No,Lepidosauria,1-3556,1.0,3555-5508,1.0,5443-6783,1.0
MG599918,MG599918.1,"Hainan oriental leaf-toed gecko astrovirus 1 strain LPXYC174317 ORF1ab gene, partial cds; and capsid protein gene, complete cds",08-NOV-2018,Hainan oriental leaf-toed gecko astrovirus 1,Viruses;Riboviria;Orthornavirae;Pisuviricota;Stelpaviricetes;Stellavirales;Astroviridae,,Astroviridae,7126,"Shi,M., Lin,X.-D., Chen,X., Tian,J.-H., Chen,L.-J., Li,K., Wang,W., Eden,J.-S., Shen,J.-J., Liu,L., Holmes,E.C. and Zhuang,Y.-Z.",LPXYC174317,,China,,,,Hemidactylus bowringii,No,2,No,No,Lepidosauria,2-2924,1.0,2923-4447,1.0,4487-6938,1.0
MG599917,MG599917.1,"Hainan gekko similignum astrovirus strain LPXYC188631 ORF1a gene, partial cds; and ORF1b and capsid protein genes, complete cds",08-NOV-2018,Hainan gekko similignum astrovirus,Viruses;Riboviria;Orthornavirae;Pisuviricota;Stelpaviricetes;Stellavirales;Astroviridae,,Astroviridae,6548,"Shi,M., Lin,X.-D., Chen,X., Tian,J.-H., Chen,L.-J., Li,K., Wang,W., Eden,J.-S., Shen,J.-J., Liu,L., Holmes,E.C. and Zhuang,Y.-Z.",LPXYC188631,,China,,,,Gekko similignum,No,3,No,No,Lepidosauria,0-2286,1.0,2393-3785,1.0,3824-6341,1.0
MG599916,MG599916.1,"Zhejiang chinese fire belly newt astrovirus 2 strain DFRYG3998 ORF1ab gene, partial cds; and capsid protein gene, complete cds",08-NOV-2018,Zhejiang chinese fire belly newt astrovirus 2,Viruses;Riboviria;Orthornavirae;Pisuviricota;Stelpaviricetes;Stellavirales;Astroviridae,,Astroviridae,5038,"Shi,M., Lin,X.-D., Chen,X., Tian,J.-H., Chen,L.-J., Li,K., Wang,W., Eden,J.-S., Shen,J.-J., Liu,L., Holmes,E.C. and Zhuang,Y.-Z.",DFRYG3998,,China,,,,Cynops orientalis,No,2,No,No,Amphibia,1-649,1.0,648-2166,1.0,2210-4826,1.0
MG599909,MG599909.1,"Hainan marbled pigmy frog astrovirus 2 strain HJWCGF4863 ORF1ab gene, partial cds; and capsid protein gene, complete cds",08-NOV-2018,Hainan marbled pigmy frog astrovirus 2,Viruses;Riboviria;Orthornavirae;Pisuviricota;Stelpaviricetes;Stellavirales;Astroviridae,,Astroviridae,6865,"Shi,M., Lin,X.-D., Chen,X., Tian,J.-H., Chen,L.-J., Li,K., Wang,W., Eden,J.-S., Shen,J.-J., Liu,L., Holmes,E.C. and Zhuang,Y.-Z.",HJWCGF4863,,China,,,,Microhyla pulchra,No,2,No,No,Amphibia,1-2545,1.0,2544-4134,1.0,3916-6364,1.0
MG599907,MG599907.1,"Yili teratoscincus roborowskii astrovirus strain LPWC210211 ORF1ab gene, partial cds; and capsid protein gene, complete cds",08-NOV-2018,Yili teratoscincus roborowskii astrovirus,Viruses;Riboviria;Orthornavirae;Pisuviricota;Stelpaviricetes;Stellavirales;Astroviridae,,Astroviridae,7632,"Shi,M., Lin,X.-D., Chen,X., Tian,J.-H., Chen,L.-J., Li,K., Wang,W., Eden,J.-S., Shen,J.-J., Liu,L., Holmes,E.C. and Zhuang,Y.-Z.",LPWC210211,,China,,,,Teratoscincus roborowskii,No,2,No,No,Lepidosauria,2-2960,1.0,2959-4948,1.0,4776-7086,1.0
MG599905,MG599905.1,"Guangdong sanke astrovirus strain LPSF12373 ORF1ab gene, partial cds; and capsid protein gene, complete cds",08-NOV-2018,Guangdong sanke astrovirus,Viruses;Riboviria;Orthornavirae;Pisuviricota;Stelpaviricetes;Stellavirales;Astroviridae,,Astroviridae,6559,"Shi,M., Lin,X.-D., Chen,X., Tian,J.-H., Chen,L.-J., Li,K., Wang,W., Eden,J.-S., Shen,J.-J., Liu,L., Holmes,E.C. and Zhuang,Y.-Z.",LPSF12373,,China,,,,,No,2,No,No,,0-2019,1.0,2018-3911,1.0,3867-6324,1.0
MG599900,MG599900.1,"Wenling japanese thread-sail fish astrovirus strain XYHYG25325 ORF1ab gene, partial cds; and capsid protein gene, complete cds",08-NOV-2018,Wenling japanese thread-sail fish astrovirus,Viruses;Riboviria;Orthornavirae;Pisuviricota;Stelpaviricetes;Stellavirales;Astroviridae,,Astroviridae,4469,"Shi,M., Lin,X.-D., Chen,X., Tian,J.-H., Chen,L.-J., Li,K., Wang,W., Eden,J.-S., Shen,J.-J., Liu,L., Holmes,E.C. and Zhuang,Y.-Z.",XYHYG25325,,China,,,,Hime japonica,No,2,No,No,Actinopteri,2-734,1.0,733-2272,1.0,2390-4142,1.0
MG599894,MG599894.1,"Wenling snipefish astrovirus strain XYHYC165335 ORF1ab and capsid protein genes, partial cds",08-NOV-2018,Wenling snipefish astrovirus,Viruses;Riboviria;Orthornavirae;Pisuviricota;Stelpaviricetes;Stellavirales;Astroviridae,,Astroviridae,4401,"Shi,M., Lin,X.-D., Chen,X., Tian,J.-H., Chen,L.-J., Li,K., Wang,W., Eden,J.-S., Shen,J.-J., Liu,L., Holmes,E.C. and Zhuang,Y.-Z.",XYHYC165335,,China,,,,Macroramphosus scolopax,No,2,No,No,Actinopteri,2-1115,1.0,1114-2665,1.0,2649-4401,1.0
MG599891,MG599891.1,"Dongbei arctic lamprey astrovirus 1 strain QSMS31209 ORF1ab gene, complete cds; and capsid protein gene, partial cds",08-NOV-2018,Dongbei arctic lamprey astrovirus 1,Viruses;Riboviria;Orthornavirae;Pisuviricota;Stelpaviricetes;Stellavirales;Astroviridae,,Astroviridae,6885,"Shi,M., Lin,X.-D., Chen,X., Tian,J.-H., Chen,L.-J., Li,K., Wang,W., Eden,J.-S., Shen,J.-J., Liu,L., Holmes,E.C. and Zhuang,Y.-Z.",QSMS31209,,China,,,,Lethenteron camtschaticum,No,2,No,No,Hyperoartia,191-3479,1.0,3478-4990,1.0,4994-6885,1.0
MG599889,MG599889.1,"Wenzhou pacific spadenose shark astrovirus 2 strain RGYQSMGReov43317 ORF1ab gene, partial cds; and capsid protein gene, complete cds",08-NOV-2018,Wenzhou pacific spadenose shark astrovirus 2,Viruses;Riboviria;Orthornavirae;Pisuviricota;Stelpaviricetes;Stellavirales;Astroviridae,,Astroviridae,7089,"Shi,M., Lin,X.-D., Chen,X., Tian,J.-H., Chen,L.-J., Li,K., Wang,W., Eden,J.-S., Shen,J.-J., Liu,L., Holmes,E.C. and Zhuang,Y.-Z.",RGYQSMGReov43317,,China,,,,Scoliodon macrorhynchos,No,2,No,No,Chondrichthyes,1-2602,1.0,2601-4185,1.0,4051-6151,1.0
MG599884,MG599884.1,"Wenling perciformes astrovirus 2 strain LXMC185503 ORF1a and ORF1b genes, complete cds; and capsid protein gene, partial cds",08-NOV-2018,Wenling perciformes astrovirus 2,Viruses;Riboviria;Orthornavirae;Pisuviricota;Stelpaviricetes;Stellavirales;Astroviridae,,Astroviridae,5518,"Shi,M., Lin,X.-D., Chen,X., Tian,J.-H., Chen,L.-J., Li,K., Wang,W., Eden,J.-S., Shen,J.-J., Liu,L., Holmes,E.C. and Zhuang,Y.-Z.",LXMC185503,,China,,,,,No,3,No,No,,154-3547,1.0,3663-5088,1.0,5166-5518,1.0
MG599880,MG599880.1,"Wuhan japanese halfbeak astrovirus strain DSYS1394 ORF1a gene, partial cds; ORF1b gene, complete cds; and capsid protein gene, partial cds",08-NOV-2018,Wuhan japanese halfbeak astrovirus,Viruses;Riboviria;Orthornavirae;Pisuviricota;Stelpaviricetes;Stellavirales;Astroviridae,,Astroviridae,3611,"Shi,M., Lin,X.-D., Chen,X., Tian,J.-H., Chen,L.-J., Li,K., Wang,W., Eden,J.-S., Shen,J.-J., Liu,L., Holmes,E.C. and Zhuang,Y.-Z.",DSYS1394,,China,,,,Hyporhamphus sajori,No,3,No,No,Actinopteri,1-1102,1.0,1155-2460,1.0,2345-3611,1.0
MG599936,MG599936.1,"Wenling japanese topeshark astrovirus strain RBCSC17455 ORF1ab and capsid protein genes, complete cds",08-NOV-2018,Wenling japanese topeshark astrovirus,Viruses;Riboviria;Orthornavirae;Pisuviricota;Stelpaviricetes;Stellavirales;Astroviridae,,Astroviridae,7099,"Shi,M., Lin,X.-D., Chen,X., Tian,J.-H., Chen,L.-J., Li,K., Wang,W., Eden,J.-S., Shen,J.-J., Liu,L., Holmes,E.C. and Zhuang,Y.-Z.",RBCSC17455,,China,,,,Hemitriakis japanica,No,2,No,No,Chondrichthyes,23-2825,1.0,2824-4465,1.0,4307-6455,1.0
MG599933,MG599933.1,"Guangxi changeable lizard astrovirus strain GXSXC128985 ORF1ab and capsid protein genes, complete cds",08-NOV-2018,Guangxi changeable lizard astrovirus,Viruses;Riboviria;Orthornavirae;Pisuviricota;Stelpaviricetes;Stellavirales;Astroviridae,,Astroviridae,7832,"Shi,M., Lin,X.-D., Chen,X., Tian,J.-H., Chen,L.-J., Li,K., Wang,W., Eden,J.-S., Shen,J.-J., Liu,L., Holmes,E.C. and Zhuang,Y.-Z.",GXSXC128985,,China,,,,Calotes versicolor,No,2,No,No,Lepidosauria,85-2941,1.0,2940-4917,1.0,4852-7585,1.0
MG599932,MG599932.1,"Beihai tree frog astrovirus strain GDSWC170753 ORF1ab and capsid protein genes, complete cds",08-NOV-2018,Beihai tree frog astrovirus,Viruses;Riboviria;Orthornavirae;Pisuviricota;Stelpaviricetes;Stellavirales;Astroviridae,,Astroviridae,6979,"Shi,M., Lin,X.-D., Chen,X., Tian,J.-H., Chen,L.-J., Li,K., Wang,W., Eden,J.-S., Shen,J.-J., Liu,L., Holmes,E.C. and Zhuang,Y.-Z.",GDSWC170753,,China,,,,Polypedates megacephalus,No,2,No,No,Amphibia,70-2584,1.0,2583-4380,1.0,4096-6406,1.0
MG599930,MG599930.1,"Yancheng grey stingfish astrovirus strain XYXMC57263 ORF1ab and capsid protein genes, complete cds",08-NOV-2018,Yancheng grey stingfish astrovirus,Viruses;Riboviria;Orthornavirae;Pisuviricota;Stelpaviricetes;Stellavirales;Astroviridae,,Astroviridae,6774,"Shi,M., Lin,X.-D., Chen,X., Tian,J.-H., Chen,L.-J., Li,K., Wang,W., Eden,J.-S., Shen,J.-J., Liu,L., Holmes,E.C. and Zhuang,Y.-Z.",XYXMC57263,,China,,,,Minous monodactylus,No,2,No,No,Actinopteri,232-2917,1.0,2916-4476,1.0,4460-6491,1.0
MG599928,MG599928.1,"Wenling yellow-striped sandperch astrovirus strain XLXMC35036 ORF1ab and capsid protein genes, complete cds",08-NOV-2018,Wenling yellow-striped sandperch astrovirus,Viruses;Riboviria;Orthornavirae;Pisuviricota;Stelpaviricetes;Stellavirales;Astroviridae,,Astroviridae,7417,"Shi,M., Lin,X.-D., Chen,X., Tian,J.-H., Chen,L.-J., Li,K., Wang,W., Eden,J.-S., Shen,J.-J., Liu,L., Holmes,E.C. and Zhuang,Y.-Z.",XLXMC35036,,China,,,,Parapercis lutevittata,No,2,No,No,Actinopteri,172-3580,1.0,3579-5124,1.0,5202-6930,1.0
MG599926,MG599926.1,"Beihai fish astrovirus 1 strain XDXMG13821 ORF1ab and capsid protein genes, complete cds",08-NOV-2018,Beihai fish astrovirus 1,Viruses;Riboviria;Orthornavirae;Pisuviricota;Stelpaviricetes;Stellavirales;Astroviridae,,Astroviridae,7167,"Shi,M., Lin,X.-D., Chen,X., Tian,J.-H., Chen,L.-J., Li,K., Wang,W., Eden,J.-S., Shen,J.-J., Liu,L., Holmes,E.C. and Zhuang,Y.-Z.",XDXMG13821,,China,,,,Arnoglossus sp.,No,2,No,No,Actinopteri,32-3266,1.0,3265-4801,1.0,4886-6623,1.0
MG599925,MG599925.1,"Wenling crossorhombus astrovirus 2 strain XDXMC21452 ORF1ab and capsid protein genes, complete cds",08-NOV-2018,Wenling crossorhombus astrovirus 2,Viruses;Riboviria;Orthornavirae;Pisuviricota;Stelpaviricetes;Stellavirales;Astroviridae,,Astroviridae,6973,"Shi,M., Lin,X.-D., Chen,X., Tian,J.-H., Chen,L.-J., Li,K., Wang,W., Eden,J.-S., Shen,J.-J., Liu,L., Holmes,E.C. and Zhuang,Y.-Z.",XDXMC21452,,China,,,,Crossorhombus sp.,No,2,No,No,,17-3320,1.0,3319-4840,1.0,5005-6661,1.0
MG599924,MG599924.1,"Wenling crossorhombus astrovirus 1 strain XDXMC21409 ORF1ab and capsid protein genes, complete cds",08-NOV-2018,Wenling crossorhombus astrovirus 1,Viruses;Riboviria;Orthornavirae;Pisuviricota;Stelpaviricetes;Stellavirales;Astroviridae,,Astroviridae,6844,"Shi,M., Lin,X.-D., Chen,X., Tian,J.-H., Chen,L.-J., Li,K., Wang,W., Eden,J.-S., Shen,J.-J., Liu,L., Holmes,E.C. and Zhuang,Y.-Z.",XDXMC21409,,China,,,,Crossorhombus sp.,No,2,No,No,,14-3122,1.0,3121-4654,1.0,4757-6440,1.0
MG599923,MG599923.1,"Wenling plagiopsetta astrovirus strain XDXMC10209 ORF1ab and capsid protein genes, complete cds",08-NOV-2018,Wenling plagiopsetta astrovirus,Viruses;Riboviria;Orthornavirae;Pisuviricota;Stelpaviricetes;Stellavirales;Astroviridae,,Astroviridae,6656,"Shi,M., Lin,X.-D., Chen,X., Tian,J.-H., Chen,L.-J., Li,K., Wang,W., Eden,J.-S., Shen,J.-J., Liu,L., Holmes,E.C. and Zhuang,Y.-Z.",XDXMC10209,,China,,,,Plagiopsetta sp.,No,2,No,No,Actinopteri,387-3021,1.0,3020-4667,1.0,4558-6373,1.0
MG599921,MG599921.1,"Wenling longspine snipefish astrovirus strain XQTMC49337 ORF1ab and capsid protein genes, complete cds",08-NOV-2018,Wenling longspine snipefish astrovirus,Viruses;Riboviria;Orthornavirae;Pisuviricota;Stelpaviricetes;Stellavirales;Astroviridae,,Astroviridae,7198,"Shi,M., Lin,X.-D., Chen,X., Tian,J.-H., Chen,L.-J., Li,K., Wang,W., Eden,J.-S., Shen,J.-J., Liu,L., Holmes,E.C. and Zhuang,Y.-Z.",XQTMC49337,,China,,,,Macroramphosus scolopax,No,2,No,No,Actinopteri,21-3357,1.0,3356-4880,1.0,4892-6815,1.0
MG599915,MG599915.1,"Zhejiang chinese fire belly newt astrovirus 3 strain DFRYG3979V2 ORF1ab and capsid protein genes, complete cds",08-NOV-2018,Zhejiang chinese fire belly newt astrovirus 3,Viruses;Riboviria;Orthornavirae;Pisuviricota;Stelpaviricetes;Stellavirales;Astroviridae,,Astroviridae,7723,"Shi,M., Lin,X.-D., Chen,X., Tian,J.-H., Chen,L.-J., Li,K., Wang,W., Eden,J.-S., Shen,J.-J., Liu,L., Holmes,E.C. and Zhuang,Y.-Z.",DFRYG3979V2,,China,,,,Cynops orientalis,No,2,No,No,Amphibia,38-3395,1.0,3394-5383,1.0,5130-7512,1.0
MG599913,MG599913.1,"Fujian spotted paddle-tail newt astrovirus strain BHNG3698 ORF1ab and capsid protein genes, complete cds",08-NOV-2018,Fujian spotted paddle-tail newt astrovirus,Viruses;Riboviria;Orthornavirae;Pisuviricota;Stelpaviricetes;Stellavirales;Astroviridae,,Astroviridae,7490,"Shi,M., Lin,X.-D., Chen,X., Tian,J.-H., Chen,L.-J., Li,K., Wang,W., Eden,J.-S., Shen,J.-J., Liu,L., Holmes,E.C. and Zhuang,Y.-Z.",BHNG3698,,China,,,,Pachytriton brevipes,No,2,No,No,Amphibia,569-3623,1.0,3622-5215,1.0,5174-7214,1.0
MG599911,MG599911.1,"Huanan hylidae astrovirus strain HNYWC54030 ORF1ab and capsid protein genes, complete cds",08-NOV-2018,Huanan hylidae astrovirus,Viruses;Riboviria;Orthornavirae;Pisuviricota;Stelpaviricetes;Stellavirales;Astroviridae,,Astroviridae,6988,"Shi,M., Lin,X.-D., Chen,X., Tian,J.-H., Chen,L.-J., Li,K., Wang,W., Eden,J.-S., Shen,J.-J., Liu,L., Holmes,E.C. and Zhuang,Y.-Z.",HNYWC54030,,China,,,,Hyla simplex,No,2,No,No,Amphibia,33-2756,1.0,2756-4454,1.0,4272-6516,1.0
MG599910,MG599910.1,"Hainan black-spectacled toad astrovirus 2 strain HKCCC7872 ORF1ab and capsid protein genes, complete cds",08-NOV-2018,Hainan black-spectacled toad astrovirus 2,Viruses;Riboviria;Orthornavirae;Pisuviricota;Stelpaviricetes;Stellavirales;Astroviridae,,Astroviridae,7476,"Shi,M., Lin,X.-D., Chen,X., Tian,J.-H., Chen,L.-J., Li,K., Wang,W., Eden,J.-S., Shen,J.-J., Liu,L., Holmes,E.C. and Zhuang,Y.-Z.",HKCCC7872,,China,,,,Duttaphrynus melanostictus,No,2,No,No,Amphibia,5-3212,1.0,3211-4735,1.0,4758-7269,1.0
MG599903,MG599903.1,"Wuhan asiatic toad astrovirus strain WHHM73969 ORF1ab and capsid protein genes, complete cds",08-NOV-2018,Wuhan asiatic toad astrovirus,Viruses;Riboviria;Orthornavirae;Pisuviricota;Stelpaviricetes;Stellavirales;Astroviridae,,Astroviridae,7012,"Shi,M., Lin,X.-D., Chen,X., Tian,J.-H., Chen,L.-J., Li,K., Wang,W., Eden,J.-S., Shen,J.-J., Liu,L., Holmes,E.C. and Zhuang,Y.-Z.",WHHM73969,,China,,,,Bufo gargarizans,No,2,No,No,Amphibia,39-2709,1.0,2708-4238,1.0,4218-6480,1.0
MG599902,MG599902.1,"Wenling pterygotrigla hemisticta astrovirus strain YXMC112999 ORF1ab and capsid protein genes, complete cds",08-NOV-2018,Wenling pterygotrigla hemisticta astrovirus,Viruses;Riboviria;Orthornavirae;Pisuviricota;Stelpaviricetes;Stellavirales;Astroviridae,,Astroviridae,6230,"Shi,M., Lin,X.-D., Chen,X., Tian,J.-H., Chen,L.-J., Li,K., Wang,W., Eden,J.-S., Shen,J.-J., Liu,L., Holmes,E.C. and Zhuang,Y.-Z.",YXMC112999,,China,,,,Pterygotrigla hemisticta,No,2,No,No,Actinopteri,50-2453,1.0,2452-3925,1.0,3943-6046,1.0
MG599901,MG599901.1,"Wenling lepidotrigla astrovirus strain YXMC64648 ORF1ab and capsid protein genes, complete cds",08-NOV-2018,Wenling lepidotrigla astrovirus,Viruses;Riboviria;Orthornavirae;Pisuviricota;Stelpaviricetes;Stellavirales;Astroviridae,,Astroviridae,7426,"Shi,M., Lin,X.-D., Chen,X., Tian,J.-H., Chen,L.-J., Li,K., Wang,W., Eden,J.-S., Shen,J.-J., Liu,L., Holmes,E.C. and Zhuang,Y.-Z.",YXMC64648,,China,,,,Lepidotrigla sp.,No,2,No,No,Actinopteri,152-3617,1.0,3616-5155,1.0,5253-6948,1.0
MG599898,MG599898.1,"Wenling rattails astrovirus 5 strain XYHYC190343 polyprotein gene, complete cds",08-NOV-2018,Wenling rattails astrovirus 5,Viruses;Riboviria;Orthornavirae;Pisuviricota;Stelpaviricetes;Stellavirales;Astroviridae,,Astroviridae,6822,"Shi,M., Lin,X.-D., Chen,X., Tian,J.-H., Chen,L.-J., Li,K., Wang,W., Eden,J.-S., Shen,J.-J., Liu,L., Holmes,E.C. and Zhuang,Y.-Z.",XYHYC190343,,China,,,,Cynoglossus sp.,No,1,No,No,Actinopteri,226-3232,1.0,3231-6528,1.0,NA-NA,
MG599897,MG599897.1,"Wenling rattails astrovirus 4 strain XYHYC192174 ORF1a, ORF1b, and capsid protein genes, complete cds",08-NOV-2018,Wenling rattails astrovirus 4,Viruses;Riboviria;Orthornavirae;Pisuviricota;Stelpaviricetes;Stellavirales;Astroviridae,,Astroviridae,7198,"Shi,M., Lin,X.-D., Chen,X., Tian,J.-H., Chen,L.-J., Li,K., Wang,W., Eden,J.-S., Shen,J.-J., Liu,L., Holmes,E.C. and Zhuang,Y.-Z.",XYHYC192174,,China,,,,Coelorinchus multispinulosus,No,3,No,No,Actinopteri,41-3185,1.0,3271-4657,1.0,4726-6727,1.0
MG599893,MG599893.1,"Wenling rattails astrovirus 1 strain XYHYC191403 ORF1ab and capsid protein genes, complete cds",08-NOV-2018,Wenling rattails astrovirus 1,Viruses;Riboviria;Orthornavirae;Pisuviricota;Stelpaviricetes;Stellavirales;Astroviridae,,Astroviridae,7538,"Shi,M., Lin,X.-D., Chen,X., Tian,J.-H., Chen,L.-J., Li,K., Wang,W., Eden,J.-S., Shen,J.-J., Liu,L., Holmes,E.C. and Zhuang,Y.-Z.",XYHYC191403,,China,,,,Coelorinchus multispinulosus,No,2,No,No,Actinopteri,230-3449,1.0,3448-4954,1.0,5099-7157,1.0
MG599892,MG599892.1,"Dongbei arctic lamprey astrovirus 4 strain QSMS17426 ORF1a, ORF1b, and capsid protein genes, complete cds",08-NOV-2018,Dongbei arctic lamprey astrovirus 4,Viruses;Riboviria;Orthornavirae;Pisuviricota;Stelpaviricetes;Stellavirales;Astroviridae,,Astroviridae,7513,"Shi,M., Lin,X.-D., Chen,X., Tian,J.-H., Chen,L.-J., Li,K., Wang,W., Eden,J.-S., Shen,J.-J., Liu,L., Holmes,E.C. and Zhuang,Y.-Z.",QSMS17426,,China,,,,Lethenteron camtschaticum,No,3,No,No,Hyperoartia,191-3602,1.0,3670-5056,1.0,5069-7103,1.0
MG599883,MG599883.1,"Beihai cephalopholis spiloparaea astrovirus strain LXMC182963 hypothetical protein, ORF1ab, and capsid protein genes, complete cds",08-NOV-2018,Beihai cephalopholis spiloparaea astrovirus,Viruses;Riboviria;Orthornavirae;Pisuviricota;Stelpaviricetes;Stellavirales;Astroviridae,,Astroviridae,6092,"Shi,M., Lin,X.-D., Chen,X., Tian,J.-H., Chen,L.-J., Li,K., Wang,W., Eden,J.-S., Shen,J.-J., Liu,L., Holmes,E.C. and Zhuang,Y.-Z.",LXMC182963,,China,,,,Cephalopholis spiloparaea,No,3,No,No,Actinopteri,451-2674,1.0,2673-5526,1.0,4144-6034,1.0
MG599882,MG599882.1,"Wenling banjofish astrovirus strain LXMC75461 ORF1a, ORF1b, and capsid protein genes, complete cds",08-NOV-2018,Wenling banjofish astrovirus,Viruses;Riboviria;Orthornavirae;Pisuviricota;Stelpaviricetes;Stellavirales;Astroviridae,,Astroviridae,6081,"Shi,M., Lin,X.-D., Chen,X., Tian,J.-H., Chen,L.-J., Li,K., Wang,W., Eden,J.-S., Shen,J.-J., Liu,L., Holmes,E.C. and Zhuang,Y.-Z.",LXMC75461,,China,,,,Banjos banjos,No,3,No,No,Actinopteri,134-2552,1.0,2692-5092,1.0,3986-5948,1.0
NC_036583,NC_036583.1,"Rodent astrovirus isolate GX-006, complete genome",13-AUG-2018,Rodent astrovirus,Viruses;Riboviria;Orthornavirae;Pisuviricota;Stelpaviricetes;Stellavirales;Astroviridae;Mamastrovirus,,Astroviridae,6861,"Tse,H., Chan,W.M. and Yuen,K.Y.",,GX-006,China,,,,Rattus norvegicus,No,3,No,No,Mammalia,0-2742,1.0,2654-4169,1.0,4161-6747,1.0
LT706531,LT706531.1,"Mamastrovirus 13 isolate UK/2013/ewe/lib01454 genome assembly, complete genome: monopartite",15-JUN-2018,Mamastrovirus 13,Viruses;Riboviria;Orthornavirae;Pisuviricota;Stelpaviricetes;Stellavirales;Astroviridae;Mamastrovirus;Mamastrovirus ovis,Mamastrovirus ovis,Astroviridae,6454,"Hoeper,D. and Hoeper,D.",,UK/2013/ewe/lib01454,,,,,,No,3,No,No,,45-2595,1.0,2549-4115,1.0,4107-6387,1.0
KY855439,KY855439.1,"Marmot astrovirus 3 strain HT12, complete genome",15-APR-2018,Marmot astrovirus 3,Viruses;Riboviria;Orthornavirae;Pisuviricota;Stelpaviricetes;Stellavirales;Astroviridae;Avastrovirus,,Astroviridae,6466,"Luo,X., Lu,S., Yang,J., Jin,D., Xiong,Y., Pu,J. and Xu,J.",HT12,,China,,2013,,Marmota himalayana,No,3,No,No,Mammalia,18-2499,1.0,2426-3968,1.0,3960-6375,1.0
EU847155,EU847155.1,"Mamastrovirus 18 isolate AFCD337 polyprotein 1AB and polyprotein 1a genes, partial cds; and capsid protein precursor, gene, complete cds",02-MAR-2018,Mamastrovirus 18,Viruses;Riboviria;Orthornavirae;Pisuviricota;Stelpaviricetes;Stellavirales;Astroviridae;Mamastrovirus;Mamastrovirus pusilli,Mamastrovirus pusilli,Astroviridae,5083,"Chu,D.K.W., Poon,L.L.M., Guan,Y. and Peiris,J.S.M.",,AFCD337,China: Hong Kong,,2006,,Miniopterus pusillus,No,3,No,No,Mammalia,0-909,1.0,878-2450,1.0,2433-4986,1.0
EU847154,EU847154.1,"Bat astrovirus 1 isolate WCF214 polyprotein 1AB gene, partial cds",02-MAR-2018,Bat astrovirus 1,Viruses;Riboviria;Orthornavirae;Pisuviricota;Stelpaviricetes;Stellavirales;Astroviridae;Mamastrovirus,,Astroviridae,2225,"Chu,D.K.W., Poon,L.L.M., Guan,Y. and Peiris,J.S.M.",,WCF214,China: Hong Kong,,2005,,Miniopterus pusillus,No,1,No,No,Mammalia,0-687,1.0,686-2225,1.0,NA-NA,
EU847153,EU847153.1,"Bat astrovirus 1 isolate AFCD68 polyprotein 1AB gene, partial cds",02-MAR-2018,Bat astrovirus 1,Viruses;Riboviria;Orthornavirae;Pisuviricota;Stelpaviricetes;Stellavirales;Astroviridae;Mamastrovirus,,Astroviridae,2231,"Chu,D.K.W., Poon,L.L.M., Guan,Y. and Peiris,J.S.M.",,AFCD68,China: Hong Kong,,2005,,Miniopterus magnater,No,1,No,No,Mammalia,0-693,1.0,692-2231,1.0,NA-NA,
EU847151,EU847151.1,"Bat astrovirus 1 isolate AFCD77 polyprotein 1AB gene, partial cds",02-MAR-2018,Bat astrovirus 1,Viruses;Riboviria;Orthornavirae;Pisuviricota;Stelpaviricetes;Stellavirales;Astroviridae;Mamastrovirus,,Astroviridae,2234,"Chu,D.K.W., Poon,L.L.M., Guan,Y. and Peiris,J.S.M.",,AFCD77,China: Hong Kong,,2005,,Miniopterus magnater,No,1,No,No,Mammalia,0-693,1.0,692-2234,1.0,NA-NA,
EU847150,EU847150.1,"Bat astrovirus 1 isolate AFCD82 polyprotein 1AB gene, partial cds",02-MAR-2018,Bat astrovirus 1,Viruses;Riboviria;Orthornavirae;Pisuviricota;Stelpaviricetes;Stellavirales;Astroviridae;Mamastrovirus,,Astroviridae,2225,"Chu,D.K.W., Poon,L.L.M., Guan,Y. and Peiris,J.S.M.",,AFCD82,China: Hong Kong,,2005,,Miniopterus magnater,No,1,No,No,Mammalia,0-684,1.0,683-2225,1.0,NA-NA,
EU847149,EU847149.1,"Bat astrovirus 1 isolate WCF4 polyprotein 1AB gene, partial cds",02-MAR-2018,Bat astrovirus 1,Viruses;Riboviria;Orthornavirae;Pisuviricota;Stelpaviricetes;Stellavirales;Astroviridae;Mamastrovirus,,Astroviridae,2234,"Chu,D.K.W., Poon,L.L.M., Guan,Y. and Peiris,J.S.M.",,WCF4,China: Hong Kong,,2004,,Miniopterus pusillus,No,1,No,No,Mammalia,0-687,1.0,686-2234,1.0,NA-NA,
EU847148,EU847148.1,"Bat astrovirus 1 isolate WCF90 polyprotein 1AB gene, partial cds",02-MAR-2018,Bat astrovirus 1,Viruses;Riboviria;Orthornavirae;Pisuviricota;Stelpaviricetes;Stellavirales;Astroviridae;Mamastrovirus,,Astroviridae,2225,"Chu,D.K.W., Poon,L.L.M., Guan,Y. and Peiris,J.S.M.",,WCF90,China: Hong Kong,,2004,,Miniopterus magnater,No,1,No,No,Mammalia,0-687,1.0,686-2225,1.0,NA-NA,
EU847147,EU847147.1,"Bat astrovirus 1 isolate WCF98 polyprotein 1AB gene, partial cds",02-MAR-2018,Bat astrovirus 1,Viruses;Riboviria;Orthornavirae;Pisuviricota;Stelpaviricetes;Stellavirales;Astroviridae;Mamastrovirus,,Astroviridae,2207,"Chu,D.K.W., Poon,L.L.M., Guan,Y. and Peiris,J.S.M.",,WCF98,China: Hong Kong,,2004,,Miniopterus magnater,No,1,No,No,Mammalia,0-670,1.0,671-2207,1.0,NA-NA,
MF033385,MF033385.1,"Rat astrovirus Rn/S510/Guangzhou isolate S510 nonstructural polyprotein and RNA-dependent RNA-polymerase genes, partial cds; and capsid precursor protein gene, complete cds",21-FEB-2018,Rat astrovirus Rn/S510/Guangzhou,Viruses;Riboviria;Orthornavirae;Pisuviricota;Stelpaviricetes;Stellavirales;Astroviridae,,Astroviridae,4898,"Qiu,M., Chen,X., Cheng,M. and Chen,Q.",,S510,China,,09-Feb-2017,stool,Rattus norvegicus,No,3,No,No,Mammalia,2-941,1.0,889-2440,1.0,2429-4874,1.0
KT946731,KT946731.1,"Rodent astrovirus isolate HK-CWRN1RV, complete genome",19-DEC-2017,Rodent astrovirus,Viruses;Riboviria;Orthornavirae;Pisuviricota;Stelpaviricetes;Stellavirales;Astroviridae;Mamastrovirus,,Astroviridae,6840,"Tse,H., Chan,W.M. and Yuen,K.Y.",,HK-CWRN1RV,Hong Kong,,,,Rattus norvegicus,No,3,No,No,Mammalia,16-2794,1.0,2727-4242,1.0,4198-6727,1.0
KX599351,KX599351.1,"Canine astrovirus strain HUN/2012/115, complete genome",27-DEC-2016,Canine astrovirus,Viruses;Riboviria;Orthornavirae;Pisuviricota;Stelpaviricetes;Stellavirales;Astroviridae;Mamastrovirus,,Astroviridae,6569,"Mihalov-Kovacs,E., Martella,V., Lanave,G., Marton,S., Jakab,F. and Banyai,K.",HUN/2012/115,,Hungary,,20-Apr-2012,feces,dog,No,3,No,No,Mammalia,45-2715,1.0,2672-4202,1.0,4014-6486,1.0
JN420359,JN420359.1,"California sea lion astrovirus 11 isolate 9822 nonstructural protein gene, complete cds; putative RNA-dependent RNA polymerase gene, partial cds; and capsid precursor protein gene, complete cds",25-JUL-2016,California sea lion astrovirus 11,Viruses;Riboviria;Orthornavirae;Pisuviricota;Stelpaviricetes;Stellavirales;Astroviridae,,Astroviridae,6618,"Li,L., Wang,C. and Delwart,E.",,9822,USA: California,,2010,sea lion feces,Zalophus californianus (California sea lion),No,3,No,No,Mammalia,66-2871,1.0,2810-4358,1.0,4350-6609,1.0
JN420356,JN420356.1,"California sea lion astrovirus 9 isolate 1234 nonstructural protein gene, complete cds; putative RNA-dependent RNA polymerase gene, partial cds; and capsid precursor protein gene, complete cds",25-JUL-2016,California sea lion astrovirus 9,Viruses;Riboviria;Orthornavirae;Pisuviricota;Stelpaviricetes;Stellavirales;Astroviridae,,Astroviridae,6627,"Li,L., Wang,C. and Delwart,E.",,1234,USA: California,,2010,sea lion feces,Zalophus californianus (California sea lion),No,3,No,No,Mammalia,32-2699,1.0,2578-4186,1.0,4064-6581,1.0
JN420351,JN420351.1,"California sea lion astrovirus 4 isolate 1136 nonstructural protein gene, complete cds; putative RNA-dependent RNA polymerase gene, partial cds; and capsid precursor protein gene, complete cds",25-JUL-2016,California sea lion astrovirus 4,Viruses;Riboviria;Orthornavirae;Pisuviricota;Stelpaviricetes;Stellavirales;Astroviridae,,Astroviridae,6650,"Li,L., Wang,C. and Delwart,E.",,1136,USA: California,,2010,sea lion feces,Zalophus californianus (California sea lion),No,3,No,No,Mammalia,63-2802,1.0,2696-4289,1.0,4167-6650,1.0
GQ267696,GQ267696.1,"Astrovirus human/SZ908/China/2008 3C-like serine proteinase and RNA-dependent RNA polymerase mRNAs, partial cds; and capsid protein precursor, mRNA, complete cds",24-JUL-2016,Astrovirus human/SZ908/China/2008,Viruses;Riboviria;Orthornavirae;Pisuviricota;Stelpaviricetes;Stellavirales;Astroviridae;Mamastrovirus,,Astroviridae,5977,"Zhu,H.-C., Zhou,B.-P., Li,L.-F., Duan,L., Chen,X.-C., Xie,J.-J. and Guan,Y.",,SZ908,,,2008,,Homo sapiens,No,3,No,No,Mammalia,2-2063,1.0,2011-3586,1.0,3575-5852,1.0
LC047789,LC047789.1,"Bovine astrovirus genomic RNA, nearly complete genome, strain: BoAstV/JPN/Hokkaido11-7/2009",02-OCT-2015,Bovine astrovirus,Viruses;Riboviria;Orthornavirae;Pisuviricota;Stelpaviricetes;Stellavirales;Astroviridae;Mamastrovirus,,Astroviridae,6105,"Nagai,M. and Omatsu,T.",BoAstV/JPN/Hokkaido11-7/2009,,Japan: Hokkaido,,2009,,Bos taurus,No,3,No,No,Mammalia,0-2451,1.0,2405-3914,1.0,3858-6081,1.0
KP663426,KP663426.1,"Astrovirus Er/SZAL6/HUN/2011, complete genome",23-JUN-2015,Astrovirus Er/SZAL6/HUN/2011,Viruses;Riboviria;Orthornavirae;Pisuviricota;Stelpaviricetes;Stellavirales;Astroviridae,,Astroviridae,7025,"Pankovics,P., Boros,A., Kiss,T., Delwart,E. and Reuter,G.",Er/SZAL6/HUN/2011,,Hungary,,Jul-2011,fecal sample,Coracias garrulus (European roller),No,3,No,No,Aves,19-2845,1.0,2859-4344,1.0,4174-6946,1.0
KF753807,KF753807.1,"Duck astrovirus strain SL5, complete genome",23-APR-2014,Duck astrovirus,Viruses;Riboviria;Orthornavirae;Pisuviricota;Stelpaviricetes;Stellavirales;Astroviridae;Avastrovirus;Avastrovirus intestini,Avastrovirus intestini,Astroviridae,7319,"Liu,N. and Zhang,D.",SL5,,China,,15-Sep-2012,intestine,,No,3,No,No,,21-3363,1.0,3353-4901,1.0,4916-7097,1.0
AB823732,AB823732.1,"Astrovirus MLB1 genomic RNA, complete genome, isolate: BtnMLB1-86",10-AUG-2013,Astrovirus MLB1,Viruses;Riboviria;Orthornavirae;Pisuviricota;Stelpaviricetes;Stellavirales;Astroviridae;Mamastrovirus;Mamastrovirus melbournense,Mamastrovirus melbournense,Astroviridae,6201,"Ahmed,K. and Matsumoto,T.",,BtnMLB1-86,Bhutan,,22-May-2010,stool,Homo sapiens 1 months old male,No,3,No,No,,14-2378,1.0,2314-3850,1.0,3842-6113,1.0
KC692365,KC692365.1,"Fox astrovirus isolate fox 5 non-structural polyprotein gene, partial cds; and RNA-dependent RNA polymerase and capsid protein genes, complete cds",14-JUN-2013,Fox astrovirus,Viruses;Riboviria;Orthornavirae;Pisuviricota;Stelpaviricetes;Stellavirales;Astroviridae,,Astroviridae,6456,"Bodewes,R., van der Giessen,J., Haagmans,B.L., Osterhaus,A.D. and Smits,S.L.",,fox 5,Netherlands,,15-Mar-2012,,Vulpes vulpes,No,3,No,No,Mammalia,1-2542,1.0,2553-4074,1.0,4063-6361,1.0
JX857869,JX857869.1,"Astrovirus VA4 isolate VA4/human/Nepal/s5363, complete genome",16-JAN-2013,Astrovirus VA4,Viruses;Riboviria;Orthornavirae;Pisuviricota;Stelpaviricetes;Stellavirales;Astroviridae,,Astroviridae,6518,"Jiang,H., Holtz,L.R., Bauer,I., Franz,C.J., Zhao,G., Bodhidatta,L., Shrestha,S.K., Kang,G. and Wang,D.",,VA4/human/Nepal/S5363/2008,Nepal,,2008,stool,Homo sapiens,No,3,No,No,Mammalia,40-2701,1.0,2643-4224,1.0,4213-6403,1.0
JX857868,JX857868.1,"Astrovirus VA3 isolate VA3/human/Vellore/28054/2005, complete genome",16-JAN-2013,Astrovirus VA3,Viruses;Riboviria;Orthornavirae;Pisuviricota;Stelpaviricetes;Stellavirales;Astroviridae,,Astroviridae,6581,"Jiang,H., Holtz,L.R., Bauer,I., Franz,C.J., Zhao,G., Bodhidatta,L., Shrestha,S.K., Kang,G. and Wang,D.",,VA3/human/Vellore/28054/2005,India,,2005,stool,Homo sapiens,No,3,No,No,Mammalia,36-2706,1.0,2567-4229,1.0,4218-6486,1.0
JX544744,JX544744.1,"Murine astrovirus strain STL 2, complete genome",23-OCT-2012,Murine astrovirus,Viruses;Riboviria;Orthornavirae;Pisuviricota;Stelpaviricetes;Stellavirales;Astroviridae,,Astroviridae,6827,"Yokoyama,C.C., Loh,J., Zhao,G., Stappenbeck,T.S., Wang,D., Huang,H.V., Virgin,H.W. and Thackray,L.B.",STL 2,,USA,,Jan-2011,,,No,3,No,No,,46-2818,1.0,2760-4266,1.0,4258-6715,1.0
AF206663,AF206663.2,"Avastrovirus 3 polyprotein gene, complete cds; RNA polymerase gene, partial cds; and capsid protein gene, complete cds",04-OCT-2012,Avastrovirus 3,Viruses;Riboviria;Orthornavirae;Pisuviricota;Stelpaviricetes;Stellavirales;Astroviridae;Avastrovirus;Avastrovirus intestini,Avastrovirus intestini,Astroviridae,7355,"Koci,M.D., Seal,B.S. and Schultz-Cherry,S.",,,,,,,,No,3,No,No,,20-3398,1.0,3352-4936,1.0,4954-7129,1.0
JF729316,JF729316.1,"Rabbit astrovirus TN/2208/2010, complete genome",27-SEP-2012,Rabbit astrovirus TN/2208/2010,Viruses;Riboviria;Orthornavirae;Pisuviricota;Stelpaviricetes;Stellavirales;Astroviridae;Mamastrovirus,,Astroviridae,7353,"Stenglein,M.D., Velazquez,E., Greenacre,C., Wilkes,R., Ganem,D., Kennedy,M.A. and DeRisi,J.L.",,TN rabbit 10-2208,USA,,04-Jun-2010,,Oryctolagus cuniculus,No,3,No,No,Mammalia,12-3216,1.0,3167-4700,1.0,4692-7251,1.0
JF832365,JF832365.1,"Chicken astrovirus isolate 4175, complete genome",22-JUL-2012,Chicken astrovirus,Viruses;Riboviria;Orthornavirae;Pisuviricota;Stelpaviricetes;Stellavirales;Astroviridae;Avastrovirus,,Astroviridae,7008,"Cheng,S., Zavala,G. and Barbosa,T.",,4175,USA: GA,,Nov-2006,,Gallus gallus,No,3,No,No,Aves,16-3442,1.0,3432-4986,1.0,5010-6945,1.0
HQ916316,HQ916316.1,"Bovine astrovirus B76/HK, complete genome",25-JUL-2011,Bovine astrovirus B76/HK,Viruses;Riboviria;Orthornavirae;Pisuviricota;Stelpaviricetes;Stellavirales;Astroviridae;Mamastrovirus,,Astroviridae,6253,"Tse,H., Chan,W.-M., Tsoi,H.-W., Woo,P.C.Y., Lau,S.K.P. and Yuen,K.-Y.",B76/HK,,Hong Kong,,,,cattle,No,3,No,No,Mammalia,43-2491,1.0,2445-3954,1.0,3898-6178,1.0
Y15937,Y15937.2,"Sheep astrovirus, complete genome, genomic RNA",31-MAR-2003,Mamastrovirus 13,Viruses;Riboviria;Orthornavirae;Pisuviricota;Stelpaviricetes;Stellavirales;Astroviridae;Mamastrovirus;Mamastrovirus ovis,Mamastrovirus ovis,Astroviridae,6440,"Jonassen,C.M.",,"provided by Dr. D.R. Snodgrass, Moredun Research Institute, Edinburgh",,,,,sheep,No,3,No,No,Mammalia,45-2580,1.0,2528-4100,1.0,4092-6381,1.0
