,Host
PV418556,Canis lupus familiaris
PV418555,Canis lupus familiaris
PV418548,Canis lupus familiaris
PV418547,Canis lupus familiaris
PV418557,Canis lupus familiaris
PV418554,Canis lupus familiaris
PV418553,Canis lupus familiaris
PV418552,Canis lupus familiaris
PV418551,Canis lupus familiaris
PV418550,Canis lupus familiaris
PV418549,Canis lupus familiaris
PV418546,Canis lupus familiaris
PV418545,Canis lupus familiaris
PX395426,chicken (broiler)
PX395425,chicken (broiler)
PX395424,chicken (broiler)
PX395423,chicken (broiler)
PX395422,chicken (broiler)
PX395421,chicken (broiler)
PX395420,chicken (broiler)
PX395419,chicken (broiler)
PX395418,chicken (broiler)
PX395417,chicken (broiler)
PX395416,chicken (broiler)
PX395415,chicken (broiler)
PX378139,Homo sapiens
PX378138,Homo sapiens
PX378137,Homo sapiens
PX378136,Homo sapiens
PX378135,Homo sapiens
PX378134,Homo sapiens
PX378133,Homo sapiens
PX378132,Homo sapiens
PX378131,Homo sapiens
PV211181,Homo sapiens
PV211180,Homo sapiens
PV211179,Homo sapiens
PV211178,Homo sapiens
PV211177,Homo sapiens
PV211176,Homo sapiens
PX236818,Trichosurus vulpecula
PX236817,Trichosurus vulpecula
PX255451,Homo sapiens
PX255450,Homo sapiens
PX255449,Homo sapiens
PX255448,Homo sapiens
PX255447,Homo sapiens
PX255446,Homo sapiens
PX289198,goose
PX289197,goose
PX289196,goose
OR951098,Rhinolophus sinicus
OR951097,Rhinolophus sinicus
OR951096,Rhinolophus affinis
OR951095,Rhinolophus affinis
OR951094,Rhinolophus affinis
OR951093,Rhinolophus affinis
OR951092,Rhinolophus affinis
OR951091,Rhinolophus ferrumequinum
OR951090,Myotis sp.
OR951089,Miniopterus schreibersii
OR951088,Miniopterus schreibersii
OR951087,Miniopterus schreibersii
OR951086,Miniopterus schreibersii
OR951085,Miniopterus schreibersii
OR951084,Miniopterus schreibersii
OR951083,Miniopterus schreibersii
OR951082,Chiroptera sp.
OR951081,Hipposideros sp.
OR951080,Rhinolophus sinicus
OR951079,Rhinolophus ferrumequinum
OR951078,Rhinolophus pusillus
OR951077,Taphozous sp.
OR951076,Taphozous sp.
OR951075,Taphozous sp.
OR951074,Myotis chinensis
OR951073,Myotis chinensis
OR951072,Myotis chinensis
OR951071,Myotis laniger
OR951070,Miniopterus schreibersii
OR951069,Rousettus leschenaultii
OR951068,Rousettus leschenaultii
OR951067,Myotis adversus
OR951066,Myotis siligorensis
OR951065,Hipposideros pomona
OR951064,Taphozous melanopogon
OR951063,Taphozous melanopogon
OR951062,Taphozous melanopogon
OR951061,Taphozous melanopogon
OR951060,Taphozous melanopogon
OR951059,Miniopterus pusillus
OR951058,Miniopterus pusillus
OR951057,Miniopterus pusillus
OR951056,Myotis pilosus
OR951055,Myotis pilosus
OR951054,Myotis pilosus
OR951053,fish
OR951052,fish
OR951051,Myotis pilosus
OR951050,Myotis pilosus
OR951049,Myotis pilosus
OR951048,Myotis pilosus
OR951047,Myotis pilosus
OR951046,Myotis pilosus
OR951045,Myotis pilosus
OR951044,Myotis pilosus
OR951043,Hipposideros larvatus
OR951042,Hipposideros larvatus
OR951041,Hipposideros larvatus
OR951040,Hipposideros larvatus
OR951039,Hipposideros larvatus
OR951038,Hipposideros larvatus
OR951037,Hipposideros larvatus
OR951036,Hipposideros larvatus
OR951035,Hipposideros larvatus
OR951034,Hipposideros larvatus
OR951033,Hipposideros larvatus
OR951032,Hipposideros larvatus
OR951031,Hipposideros larvatus
OR951030,Hipposideros larvatus
OR951029,Hipposideros larvatus
OR951028,Hipposideros larvatus
OR951027,Scotophilus kuhlii
OR951026,Scotophilus kuhlii
OR951025,Scotophilus kuhlii
OR951024,Scotophilus kuhlii
OR951023,Tylonycteris pachypus
OR951022,Tylonycteris pachypus
OR951021,Tylonycteris pachypus
OR951020,Rhinolophus affinis
OR951019,Rhinolophus affinis
OR951018,Rhinolophus sinicus
OR951017,Chiroptera sp.
OR951016,Myotis chinensis
OR951015,Rhinolophus affinis
OR951014,Rhinolophus affinis
OR951013,Rhinolophus affinis
OR951012,Hipposideros pomona
OR951011,Scotophilus kuhlii
OR951010,Scotophilus kuhlii
OR951009,Miniopterus schreibersii
OR951008,Myotis chinensis
OR951007,Myotis chinensis
PX280286,Gallus gallus gallus
PX237220,pigeon
PX237222,pigeon
PX237221,pigeon
PX148103,pig
PX132666,pig
PX132665,pig
PX132664,pig
PP239060,Chroicocephalus ridibundus
PX171445,Leopardus guttulus
MW826416,rat
PX146716,Gallus gallus gallus
PX095946,Gyps himalayensis
PX095874,Anser anser
PX095873,Anser anser
PX095817,Anser anser
PX095816,Neodon fuscus
PX095815,Neodon fuscus
PX095814,Neodon fuscus
PX095800,Pseudois nayaur
PX095793,Urocricetus kamensis
PX095754,Pseudois nayaur
PX095750,Neodon fuscus
PX095749,Neodon fuscus
PX095698,Anser anser
PX095697,Anser anser
PX095696,Anser anser
PX095695,Anser anser
PV975263,sheep
PV975262,sheep
PX113257,Bactrian camel
PX113256,Bactrian camel
PX113255,Bactrian camel
PX113254,Bactrian camel
PX113253,Bactrian camel
PX113252,Bactrian camel
PX113251,Bactrian camel
PV067282,Homo sapiens
PV999259,Vulpes vulpes (fox)
PV999258,Vulpes vulpes (fox)
PV999257,Vulpes vulpes (fox)
PV999256,Vulpes vulpes (fox)
PV999255,Vulpes vulpes (fox)
PV979748,Su. murinus
PV979747,Su. murinus
PV987765,sheep
PP980351,Canis lupus familiaris
PP980350,Canis lupus familiaris
PP980349,Canis lupus familiaris
PP980348,Canis lupus familiaris
PP980347,Canis lupus familiaris
PP980346,Canis lupus familiaris
PP980345,Canis lupus familiaris
PP980344,Canis lupus familiaris
PP980343,Canis lupus familiaris
PP980342,Canis lupus familiaris
PP980341,Canis lupus familiaris
PP980340,Canis lupus familiaris
PP980339,Canis lupus familiaris
PV972769,goat; Mixed breed
PV972768,goat; Mixed breed
PV972767,goat; Mixed breed
PV972766,goat; Mixed breed
PV972765,goat; Mixed breed
PV972764,goat; Mixed breed
PV972763,goat; Mixed breed
PV972762,goat; Mixed breed
PV983331,Myotis ciliolabrum
PV793827,Leucogeranus leucogeranus
PV793829,Anser sp.
PV793828,Anser sp.
PV793826,Leucogeranus leucogeranus
PV793833,Anser sp.
PV793832,Anser sp.
PV793831,Anser sp.
PV793830,Anser sp.
PV880246,Capra hircus
PV880245,Capra hircus
PV880244,Capra hircus
PV880243,Capra hircus
PV880242,Capra hircus
PV880241,Capra hircus
PV880240,Capra hircus
PV880239,Capra hircus
PV880238,Capra hircus
PQ421854,Suncus murinus
PQ421853,Suncus murinus
PQ421852,Suncus murinus
PQ421851,Suncus murinus
PQ421850,Crocidura dracula
PQ421849,Anourosorex squamipes
PQ421848,Episoriculus caudatus
PQ421847,Anourosorex squamipes
PQ421846,Crocidura suaveolens
PQ421845,Uropsilus gracilis
PQ421844,Crocidura attenuata
PQ421843,Crocidura attenuata
PQ421842,Crocidura attenuata
PQ421841,Crocidura dracula
PP942995,Gallus gallus
PP942994,Gallus gallus
PV853945,Capra hircus
PV847578,cat
PV843273,NA
PV838126,Homo sapiens
PV838125,Homo sapiens
PV838124,Homo sapiens
PV838123,Homo sapiens
PV838122,Homo sapiens
PV838121,Homo sapiens
PV838120,Homo sapiens
PV838119,Homo sapiens
PV838118,Homo sapiens
PV838117,Homo sapiens
PV838116,Homo sapiens
PV838115,Homo sapiens
PV838114,Homo sapiens
PV838113,Homo sapiens
PV838112,Homo sapiens
PV838111,Homo sapiens
PV838110,Homo sapiens
PV838109,Homo sapiens
PV838108,Homo sapiens
PV838107,Homo sapiens
PV838106,Homo sapiens
PV838105,Homo sapiens
PV838104,Homo sapiens
PV838103,Homo sapiens
PV838102,Homo sapiens
PV838101,Homo sapiens
PV838100,Homo sapiens
PV838099,Homo sapiens
PV838098,Homo sapiens
PV838097,Homo sapiens
PV838096,Homo sapiens
PV838095,Homo sapiens
PV838094,Homo sapiens
PV838093,Homo sapiens
PV791158,Homo sapiens
PV780444,goose
PV780443,goose
PV780442,goose
PV780441,goose
PV780440,goose
PV780439,goose
PV780438,goose
PV780437,Anser anser
PV780436,Anser anser
PV780435,Anser anser
PV780434,Anser anser
OP556335,Dicentrarchus labrax
PP872139,Sus scrofa domesticus
PP872138,Sus scrofa domesticus
PP872137,Sus scrofa domesticus
PP872136,Sus scrofa domesticus
PP872135,Sus scrofa domesticus
PP872134,Sus scrofa domesticus
PP872133,Sus scrofa domesticus
PP872132,Sus scrofa domesticus
PP872131,Sus scrofa domesticus
PP872130,Sus scrofa domesticus
PP872129,Canis lupus familiaris
PP872128,Sus scrofa domesticus
PP872127,Sus scrofa domesticus
PP872126,Sus scrofa domesticus
PP872125,Sus scrofa domesticus
PP872124,Sus scrofa domesticus
PP872123,Sus scrofa domesticus
PP872122,Sus scrofa domesticus
PP872121,Sus scrofa domesticus
PP872120,Sus scrofa domesticus
PP872119,Sus scrofa domesticus
PP872118,Sus scrofa domesticus
PP872117,Gallus gallus
PP872116,Sus scrofa domesticus
PP872115,Sus scrofa domesticus
PP872114,Sus scrofa domesticus
PP872113,Sus scrofa domesticus
PP872112,Sus scrofa domesticus
PP872111,Sus scrofa domesticus
PP872110,Sus scrofa domesticus
PP872109,Sus scrofa domesticus
PP872108,Canis lupus familiaris
PP872107,Sus scrofa domesticus
PP872106,Sus scrofa domesticus
PP872105,Sus scrofa domesticus
PP872104,Sus scrofa domesticus
PP872103,Sus scrofa (wild boar)
PP872102,Sus scrofa domesticus
PP872101,Sus scrofa domesticus
PP872100,Sus scrofa domesticus
PP872099,Sus scrofa domesticus
PP872098,Sus scrofa domesticus
PP872097,Sus scrofa domesticus
PP872096,Sus scrofa domesticus
PP872095,Sus scrofa domesticus
PP872094,Sus scrofa domesticus
PP872093,Sus scrofa domesticus
PP872092,Sus scrofa domesticus
PP872091,Sus scrofa domesticus
PP872090,Sus scrofa domesticus
PP872089,Canis lupus familiaris
PP872088,Sus scrofa domesticus
PP872087,Sus scrofa domesticus
PP872086,Sus scrofa domesticus
PP872085,Sus scrofa domesticus
PP872084,Sus scrofa domesticus
PP872083,Sus scrofa domesticus
PP872082,Sus scrofa domesticus
PP872081,Sus scrofa (wild boar)
PP872080,Sus scrofa domesticus
PP872079,Sus scrofa domesticus
PP872078,Sus scrofa domesticus
PP872077,Sus scrofa domesticus
PP872076,Sus scrofa domesticus
PP872075,Sus scrofa domesticus
PP872074,Sus scrofa domesticus
PP872073,Sus scrofa domesticus
PP872072,Sus scrofa domesticus
PP872071,Sus scrofa domesticus
PP872070,Sus scrofa domesticus
PP872069,Sus scrofa domesticus
PP872068,Sus scrofa domesticus
PP872067,Sus scrofa domesticus
PP872066,Sus scrofa domesticus
PP872065,Sus scrofa domesticus
PP872064,Sus scrofa domesticus
PP872063,Gallus gallus
PP872062,Sus scrofa domesticus
PP872061,Sus scrofa domesticus
PP872060,Sus scrofa domesticus
PP872059,Sus scrofa (wild boar)
PP872058,Sus scrofa domesticus
PP872057,Sus scrofa (wild boar)
PP872056,Sus scrofa (wild boar)
PP872055,Sus scrofa domesticus
PP872054,Sus scrofa domesticus
PP872053,Sus scrofa domesticus
PP872052,Sus scrofa domesticus
PP872051,Sus scrofa domesticus
PP872050,Sus scrofa domesticus
PP872049,Sus scrofa domesticus
PP872048,Sus scrofa domesticus
PP872047,Sus scrofa domesticus
PP872046,Sus scrofa domesticus
PP872045,Sus scrofa domesticus
PP872044,Sus scrofa domesticus
PP872043,Sus scrofa domesticus
PP872042,Sus scrofa domesticus
PP872041,Sus scrofa (wild boar)
PP872040,Sus scrofa domesticus
PP872039,Sus scrofa domesticus
PP872038,Sus scrofa domesticus
PP872037,Sus scrofa domesticus
PP872036,Sus scrofa domesticus
PP872035,Sus scrofa domesticus
PP872034,Sus scrofa domesticus
PP872033,Sus scrofa domesticus
PP872032,Sus scrofa domesticus
PP872031,Sus scrofa domesticus
PP872030,Sus scrofa domesticus
PP872029,Sus scrofa domesticus
PP872028,Sus scrofa domesticus
PP872027,Sus scrofa domesticus
PP872026,Sus scrofa domesticus
PP872025,Sus scrofa domesticus
PP872024,Sus scrofa domesticus
PP872023,Sus scrofa domesticus
PP872022,Sus scrofa domesticus
PP872021,Gallus gallus
PP872020,Sus scrofa domesticus
PP872019,Sus scrofa domesticus
PP872018,Sus scrofa domesticus
PP872017,Sus scrofa domesticus
PP872016,Sus scrofa domesticus
PP872015,Sus scrofa domesticus
PP872014,Sus scrofa (wild boar)
PP872013,Sus scrofa domesticus
PP872012,Sus scrofa domesticus
PP872011,Sus scrofa (wild boar)
PP872010,Sus scrofa domesticus
PP872009,Sus scrofa domesticus
PP872008,Sus scrofa domesticus
PP872007,Sus scrofa domesticus
PP872006,Sus scrofa domesticus
PP872005,Sus scrofa domesticus
PP872004,Sus scrofa (wild boar)
PP872003,Sus scrofa domesticus
PP872002,Sus scrofa domesticus
PP872001,Sus scrofa domesticus
PP872000,Sus scrofa domesticus
PP871999,Sus scrofa domesticus
PP871998,Gallus gallus
PP871997,Sus scrofa (wild boar)
PP871996,Sus scrofa domesticus
PP871995,Sus scrofa domesticus
PP871994,Sus scrofa domesticus
PP871993,Sus scrofa (wild boar)
PP871992,Sus scrofa domesticus
PP871991,Sus scrofa (wild boar)
PP871990,Sus scrofa domesticus
PP871989,Sus scrofa domesticus
PP871988,Sus scrofa domesticus
PP871987,Sus scrofa domesticus
PP871986,Sus scrofa domesticus
PP871985,Sus scrofa domesticus
PP871984,Sus scrofa domesticus
PP871983,Sus scrofa domesticus
PP871982,Sus scrofa domesticus
PP871981,Sus scrofa domesticus
PP871980,Sus scrofa domesticus
PP871979,Canis lupus familiaris
PP871978,Sus scrofa domesticus
PP871977,Sus scrofa domesticus
PP871976,Sus scrofa domesticus
PP871975,Sus scrofa domesticus
PP871974,Sus scrofa domesticus
PP871973,Sus scrofa domesticus
PP871972,Sus scrofa (wild boar)
PP871971,Sus scrofa domesticus
PP871970,Sus scrofa domesticus
PP871969,Sus scrofa (wild boar)
PP871968,Sus scrofa (wild boar)
PP871967,Sus scrofa domesticus
PP871966,Sus scrofa domesticus
PP871965,Sus scrofa (wild boar)
PP871964,Sus scrofa domesticus
PP871963,Sus scrofa domesticus
PP871962,Sus scrofa domesticus
PP871961,Sus scrofa domesticus
PP871960,Sus scrofa domesticus
PP871959,Sus scrofa domesticus
PP871958,Sus scrofa domesticus
PP871957,Sus scrofa domesticus
PP871956,Sus scrofa domesticus
PP871955,Sus scrofa domesticus
PP871954,Sus scrofa domesticus
PP871953,Sus scrofa domesticus
PP871952,Sus scrofa domesticus
PP871951,Canis lupus familiaris
PP871950,Sus scrofa domesticus
PP871949,Sus scrofa domesticus
PP871948,Sus scrofa domesticus
PP871947,Sus scrofa domesticus
PP871946,Gallus gallus
PP871945,Sus scrofa domesticus
PP871944,Sus scrofa domesticus
PP871943,Sus scrofa domesticus
PP871942,Sus scrofa domesticus
PP871941,Sus scrofa domesticus
PP871940,Sus scrofa domesticus
PP871939,Sus scrofa (wild boar)
PP871938,Sus scrofa domesticus
PP871937,Gallus gallus
PP871936,Sus scrofa (wild boar)
PP871935,Sus scrofa domesticus
PP871934,Sus scrofa domesticus
PP871933,Gallus gallus
PP871932,Sus scrofa (wild boar)
PP871931,Sus scrofa domesticus
PP871930,Sus scrofa domesticus
PP871929,Sus scrofa domesticus
PP871928,Sus scrofa domesticus
PP871927,Sus scrofa domesticus
PP871926,Gallus gallus
PP871925,Sus scrofa domesticus
PP871924,Sus scrofa domesticus
PP871923,Sus scrofa domesticus
PP871922,Gallus gallus
PP871921,Sus scrofa (wild boar)
PP871920,Gallus gallus
PP871919,Sus scrofa domesticus
PP871918,Sus scrofa domesticus
PP871917,Canis lupus familiaris
PP871916,Sus scrofa domesticus
PP871915,Sus scrofa domesticus
PP871914,Sus scrofa (wild boar)
PP871913,Sus scrofa domesticus
PP871912,Sus scrofa domesticus
PP871911,Sus scrofa domesticus
PP871910,Sus scrofa domesticus
PP871909,Sus scrofa domesticus
PP871908,Sus scrofa (wild boar)
PP871907,Sus scrofa (wild boar)
PP871906,Sus scrofa domesticus
PP871905,Sus scrofa domesticus
PP871904,Sus scrofa domesticus
PP871903,Sus scrofa domesticus
PP871902,Sus scrofa domesticus
PP871901,Gallus gallus
PP871900,Sus scrofa domesticus
PP871899,Canis lupus familiaris
PP871898,Sus scrofa domesticus
PP871897,Sus scrofa domesticus
PP871896,Sus scrofa (wild boar)
PP871895,Sus scrofa (wild boar)
PP871894,Sus scrofa domesticus
PP871893,Sus scrofa domesticus
PP871892,Sus scrofa domesticus
PP871891,Sus scrofa domesticus
PP871890,Sus scrofa domesticus
PP871889,Sus scrofa domesticus
PP871888,Gallus gallus
PP871887,Sus scrofa domesticus
PP871886,Sus scrofa domesticus
PP871885,Sus scrofa domesticus
PP871884,Sus scrofa domesticus
PP871883,Sus scrofa (wild boar)
PP871882,Sus scrofa domesticus
PP871881,Sus scrofa domesticus
PP871880,Sus scrofa domesticus
PP871879,Sus scrofa domesticus
PP871878,Sus scrofa (wild boar)
PP871877,Sus scrofa domesticus
PP871876,Sus scrofa domesticus
PP871875,Sus scrofa (wild boar)
PP871874,Sus scrofa domesticus
PP871873,Gallus gallus
PP871872,Sus scrofa (wild boar)
PP871871,Sus scrofa domesticus
PP871870,Sus scrofa domesticus
PP871869,Sus scrofa domesticus
PP871868,Sus scrofa domesticus
PP871867,Sus scrofa domesticus
PP871866,Sus scrofa (wild boar)
PP871865,Sus scrofa domesticus
PP871864,Sus scrofa domesticus
PP871863,Sus scrofa domesticus
PP871862,Gallus gallus
PP871861,Sus scrofa domesticus
PP871860,Sus scrofa domesticus
PP871859,Sus scrofa (wild boar)
PP871858,Sus scrofa domesticus
PP871857,Gallus gallus
PP871856,Sus scrofa domesticus
PP871855,Sus scrofa domesticus
PP871854,Sus scrofa domesticus
PP871853,Sus scrofa domesticus
PP871852,Sus scrofa domesticus
PP871851,Sus scrofa domesticus
PP871850,Sus scrofa domesticus
PP871849,Sus scrofa domesticus
PP871848,Gallus gallus
PP871847,Sus scrofa domesticus
PP871846,Sus scrofa domesticus
PP871845,Sus scrofa domesticus
PP871844,Sus scrofa domesticus
PP871843,Sus scrofa domesticus
PP871842,Sus scrofa domesticus
PP871841,Sus scrofa domesticus
PP871840,Gallus gallus
PP871839,Sus scrofa domesticus
PP871838,Sus scrofa domesticus
PP871837,Sus scrofa domesticus
PP871836,Sus scrofa domesticus
PP871835,Sus scrofa domesticus
PP871834,Sus scrofa domesticus
PP871833,Sus scrofa domesticus
PP871832,Sus scrofa domesticus
PP871831,Sus scrofa domesticus
PP871830,Sus scrofa domesticus
PP871829,Sus scrofa domesticus
PP871828,Sus scrofa domesticus
PP871827,Sus scrofa domesticus
PP871826,Sus scrofa domesticus
PP871825,Sus scrofa domesticus
PP871824,Sus scrofa domesticus
PP871823,Sus scrofa domesticus
PP871822,Sus scrofa domesticus
PP871821,Sus scrofa domesticus
PP871820,Sus scrofa domesticus
PP871819,Sus scrofa domesticus
PP871818,Sus scrofa domesticus
PP871817,Sus scrofa domesticus
PP871816,Gallus gallus
PP871815,Canis lupus familiaris
PP871814,Sus scrofa domesticus
PP871813,Sus scrofa domesticus
PP871812,Canis lupus familiaris
PP871811,Sus scrofa domesticus
PP871810,Canis lupus familiaris
PP871809,Sus scrofa domesticus
PP871808,Gallus gallus
PP871807,Sus scrofa (wild boar)
PP871806,Gallus gallus
PP871805,Sus scrofa domesticus
PP871804,Canis lupus familiaris
PP871803,Gallus gallus
PP871802,Sus scrofa domesticus
PP871801,Sus scrofa domesticus
PP871800,Sus scrofa domesticus
PP871799,Sus scrofa domesticus
PP871798,Sus scrofa (wild boar)
PP871797,Sus scrofa domesticus
PP871796,Sus scrofa domesticus
PP871795,Canis lupus familiaris
PP871794,Sus scrofa domesticus
PP871793,Sus scrofa domesticus
PP871792,Gallus gallus
PP871791,Sus scrofa domesticus
PP871790,Sus scrofa domesticus
PP871789,Sus scrofa domesticus
PP871788,Sus scrofa domesticus
PP871787,Sus scrofa domesticus
PP871786,Gallus gallus
PP871785,Sus scrofa (wild boar)
PP871784,Sus scrofa (wild boar)
PP871783,Sus scrofa domesticus
PP871782,Sus scrofa domesticus
PP871781,Sus scrofa domesticus
PP871780,Sus scrofa domesticus
PP871779,Sus scrofa domesticus
PP871778,Sus scrofa domesticus
PP871777,Sus scrofa domesticus
PP871776,Sus scrofa domesticus
PP871775,Sus scrofa domesticus
PP871774,Sus scrofa domesticus
PP871773,Sus scrofa domesticus
PP871772,Sus scrofa domesticus
PP871771,Gallus gallus
PP871770,Sus scrofa domesticus
PP871769,Sus scrofa domesticus
PP871768,Sus scrofa domesticus
PP871767,Sus scrofa domesticus
PP871766,Sus scrofa domesticus
PP871765,Sus scrofa (wild boar)
PP871764,Sus scrofa (wild boar)
PP871763,Sus scrofa (wild boar)
PP871762,Capra hircus
PP871761,Gallus gallus
PP871760,Sus scrofa (wild boar)
PP871759,Sus scrofa (wild boar)
PP871758,Sus scrofa (wild boar)
PP871757,Sus scrofa (wild boar)
PP871756,Sus scrofa domesticus
PP871755,Sus scrofa domesticus
PP871754,Sus scrofa domesticus
PP871753,Sus scrofa domesticus
PP871752,Sus scrofa (wild boar)
PP871751,Sus scrofa (wild boar)
PP871750,Sus scrofa (wild boar)
PP871749,Sus scrofa (wild boar)
PP871748,Sus scrofa (wild boar)
PP871747,Sus scrofa domesticus
PP871746,Sus scrofa domesticus
PP871745,Sus scrofa domesticus
PP871744,Sus scrofa domesticus
PP871743,Sus scrofa domesticus
PP871742,Sus scrofa domesticus
PP871741,Sus scrofa domesticus
PP871740,Sus scrofa domesticus
PP871739,Sus scrofa domesticus
PP871738,Sus scrofa domesticus
PP871737,Sus scrofa domesticus
PP871736,Sus scrofa domesticus
PP871735,Sus scrofa domesticus
PP871734,Sus scrofa domesticus
PP871733,Sus scrofa domesticus
PP871732,Sus scrofa domesticus
PP871731,Canis lupus familiaris
PP871730,Sus scrofa domesticus
PP871729,Sus scrofa domesticus
PP871728,Sus scrofa domesticus
PP871727,Sus scrofa domesticus
PP871726,Sus scrofa domesticus
PP871725,Sus scrofa domesticus
PP871724,Sus scrofa (wild boar)
PP871723,Sus scrofa domesticus
PP871722,Sus scrofa domesticus
PP871721,Sus scrofa domesticus
PP871720,Sus scrofa domesticus
PP871719,Sus scrofa domesticus
PV076096,Bos taurus
PV076095,Bos taurus
PV076094,Bos taurus
PV708886,Marmota sibirica
PV470470,Botrylloides leachii
LC877794,NA
LC877793,NA
PV656460,Homo sapiens
PV656459,Homo sapiens
PQ569844,Cebus cuscinus
PQ619424,NA
PQ619423,NA
PQ619422,NA
PQ619421,NA
PQ619420,NA
PQ619419,NA
PP211426,Rattus norvegicus
PP211349,Rattus norvegicus
PP211348,Rattus norvegicus
PP211347,Rattus norvegicus
PP211346,Rattus norvegicus
PP211345,Rattus norvegicus
PP211344,Rattus norvegicus
PP211343,Rattus norvegicus
PP211271,Rattus norvegicus
PP211270,Rattus norvegicus
PP211238,Cricetulus longicaudatus
PP211223,Rattus norvegicus
PP211222,Rattus norvegicus
PP211221,Rattus norvegicus
PQ533463,Ateles chamek
PQ533462,Ateles chamek
PV602113,porcine
PV600843,goose
PV590879,Tufted duck
PV590878,Gadwall
PV590877,Tufted duck
PV590876,Tufted duck
PV568368,Meleagris gallopavo domesticus
PV568367,Meleagris gallopavo domesticus
PV568366,Meleagris gallopavo domesticus
PV568365,Meleagris gallopavo domesticus
PV568364,Meleagris gallopavo domesticus
PV568363,Meleagris gallopavo domesticus
PV568362,Meleagris gallopavo domesticus
PV568361,Meleagris gallopavo domesticus
PV568360,Meleagris gallopavo domesticus
PV568359,Meleagris gallopavo domesticus
PV568358,Meleagris gallopavo domesticus
PV568357,Meleagris gallopavo domesticus
PV568356,Meleagris gallopavo domesticus
PV568355,Meleagris gallopavo domesticus
PV568354,Meleagris gallopavo domesticus
PV568353,Meleagris gallopavo domesticus
PV568352,Meleagris gallopavo domesticus
PV568351,Meleagris gallopavo domesticus
PV568350,Meleagris gallopavo domesticus
PV548864,pig
PV548863,pig
PV544235,Mus musculus
PV351774,Suncus murinus
PV351773,Suncus murinus
PV351772,Suncus murinus
PV351771,Suncus murinus
PV351770,Suncus murinus
PV539770,porcine
PV524668,goose
PV455027,Pig
PV400867,cattle
PV400866,sheep
PV400865,sheep
PV017218,swine
PQ583783,Bos taurus
PQ583782,Bos taurus
FJ890355,Tursiops truncatus (Bottlenose dolphin)
FJ890354,Eumetopias jubatus (Steller sea lion)
FJ890353,Zalophus californianus (California sea lion)
FJ890352,Zalophus californianus (California sea lion)
FJ890351,Zalophus californianus (California sea lion)
FJ973620,Homo sapiens
FJ571074,Hipposideros pomona
FJ571073,Taphozous melanopogon
FJ571072,Taphozous melanopogon
FJ571071,Taphozous melanopogon
FJ571070,Taphozous melanopogon
FJ571069,Taphozous melanopogon
FJ571068,Hipposideros armiger
FJ571067,Taphozous melanopogon
FJ571066,Taphozous melanopogon
FJ571065,Taphozous melanopogon
FJ222451,NA
PG036827,NA
PG036826,NA
PG036825,NA
PG036824,NA
PG036823,NA
PG036822,NA
PG036821,NA
PG036820,NA
PV169360,duck
PQ408913,chicken
PQ408912,chicken
PQ408911,chicken
PQ408910,chicken
PQ408909,chicken
PQ408908,chicken
PQ408907,chicken
PQ408906,chicken
PQ408905,chicken
PQ408904,chicken
OR134528,Muscovy duck
OR134527,Muscovy duck
OR134526,Muscovy duck
OR134525,Muscovy duck
OR134524,Muscovy duck
OR134523,Muscovy duck
OR134522,Muscovy duck
OR134521,Muscovy duck
OR134520,Muscovy duck
OR134519,Muscovy duck
OR134518,Muscovy duck
PV335595,Phocarctos hookeri (New Zealand sea lion)
PV335594,Phocarctos hookeri (New Zealand sea lion)
PV335593,Phocarctos hookeri (New Zealand sea lion)
PV089624,swine
PV089611,swine
PV089610,swine
PV089609,swine
PV089623,swine
PV089622,swine
PV089617,swine
PV089616,swine
PV089615,swine
PV089608,swine
PV089607,swine
PV089606,swine
PV089605,swine
PV089604,swine
PV089603,swine
PV089621,swine
PV089620,swine
PV089619,swine
PV089618,swine
PV089614,swine
PV089613,swine
PV089612,swine
PV089602,swine
PV089601,swine
PV089600,swine
PV089599,swine
PV089598,swine
PV089597,swine
PV189393,Homo sapiens
PV189392,Homo sapiens
PV189391,Homo sapiens
PV189390,Homo sapiens
PV189389,Homo sapiens
PV189388,Homo sapiens
PV189387,Homo sapiens
PV189386,Homo sapiens
PV189385,Homo sapiens
PV189384,Homo sapiens
PV189383,Homo sapiens
PQ789237,rook
PQ789236,rook
PQ789235,Eurasian tree sparrow
PQ789234,hooded crow
PQ789233,hooded crow
PP357251,Scotophilus dinganii; sex: male
PP357250,Miniopterus fraterculus; sex: male
PP357249,Miniopterus fraterculus; sex: male
PV247174,pig
PV247173,pig
PV210984,Rattus norvegicus
PV210983,Rattus norvegicus
PV210982,Rattus norvegicus
PV210981,Rattus norvegicus
PV210980,Rattus norvegicus
PV210979,Rattus norvegicus
PV210978,Rattus norvegicus
PV210977,Rattus tanezumi
PV210976,Rattus norvegicus
PV210975,Rattus tanezumi
PV210974,Rattus norvegicus
PV210973,Rattus norvegicus
PV210972,Rattus tanezumi
PV210971,Rattus norvegicus
PV210970,Rattus norvegicus
PV210969,Rattus tanezumi
PV093029,Neogale vison
PV093028,Neogale vison
PV093027,Neogale vison
PV093026,Neogale vison
PV093025,Neogale vison
PV093024,Neogale vison
PV093023,Neogale vison
PV093022,Neogale vison
PV093021,Neogale vison
PV093020,Neogale vison
PV093019,Neogale vison
PV093018,Neogale vison
PV088328,Homo sapiens
PQ899177,sheep
PQ899176,sheep
PQ899175,sheep
PQ899174,sheep
PQ899173,sheep
PQ899172,sheep
PQ899171,sheep
PQ860806,bovine
PQ541182,Rattus rattus
PQ541179,Praomys rostratus
PQ541178,Mus setulosus
PQ541169,Miniopterus inflatus
PQ541164,Mastomys erythroleucus
PQ541155,Lophuromys chrysopus
PQ788589,Felis catus (domestic cat)
PQ150499,Rhipicephalus sanguineus
PQ805455,goat
PQ805454,goat
PQ805453,goat
PQ883185,goose
PQ883184,goose
PQ883183,goose
PQ883182,goose
PQ789807,canine
PQ998994,Meleagris gallopavo domesticus
PQ998993,Meleagris gallopavo domesticus
PQ998992,Meleagris gallopavo domesticus
PQ777147,Canis lupus familiaris
PQ777146,Canis lupus familiaris
PQ777145,Canis lupus familiaris
PQ777144,Canis lupus familiaris
PQ777143,Canis lupus familiaris
PQ777142,Canis lupus familiaris
PQ777141,Canis lupus familiaris
PQ777140,Canis lupus familiaris
PQ777139,Canis lupus familiaris
PQ777138,Canis lupus familiaris
PQ777137,Canis lupus familiaris
PQ777136,Canis lupus familiaris
PQ777135,Canis lupus familiaris
PQ777134,Canis lupus familiaris
PQ777133,Canis lupus familiaris
PQ777132,Canis lupus familiaris
PQ777131,Canis lupus familiaris
PQ777130,Canis lupus familiaris
PQ777129,Canis lupus familiaris
PQ777128,Canis lupus familiaris
PQ777127,Canis lupus familiaris
PQ777126,Canis lupus familiaris
PQ777125,Canis lupus familiaris
PQ777124,Canis lupus familiaris
PQ678099,Niviventer confucianus
PQ678098,Apodemus chevrieri
PQ678019,Crocidura fuliginosa
PQ678018,Anourosorex squamipes
PQ678017,Crocidura fuliginosa
PQ678016,Eothenomys miletus
PQ678015,Rattus tanezumi
PQ678014,Rattus nitidus
PQ678013,Niviventer huang
PQ678012,Rattus tanezumi
PQ678011,Rattus norvegicus
PQ678010,Leopoldamys neilli
PQ678009,Rattus tanezumi
PQ678008,Rattus norvegicus
PQ678007,Rattus tanezumi
PQ740944,goose
PP786658,goose
PQ792554,Neodon fuscus
PQ792210,Araneus ventricosus
PQ792140,Helobdella robusta
PQ791985,Neodon fuscus
PD223317,NA
PD223316,NA
PD222915,NA
PD222914,NA
PQ622678,Gekko chinensis
PQ622677,Hemidactylus frenatus
PQ893528,Eolophus roseicapilla
PQ893527,Alisterus scapularis
PQ628032,goose
PQ628031,goose
PQ862915,goose
PQ862914,goose
PQ862913,goose
PQ862912,goose
PQ862911,goose
PL092599,NA
PL092591,NA
PL092587,NA
PL092412,NA
PL092404,NA
PL092400,NA
PL092225,NA
PL092217,NA
PL092213,NA
PL190248,NA
PQ615938,Acalles camelus
OR752625,Rattus norvegicus
OR752624,Rattus norvegicus
OR752623,Rattus norvegicus
OR752622,Rattus rattus
OR752621,Rattus rattus
OR752620,Rattus rattus
OR752619,Mus musculus
OR752618,Mus musculus
OR752617,Rattus norvegicus
OR752616,Rattus norvegicus
OR752615,Rattus norvegicus
OR752614,Rattus rattus
OR752613,Rattus rattus
OR752612,Rattus rattus
OR752611,Rattus rattus
OR752610,Rattus rattus
OR752609,Rattus rattus
OR752608,Rattus rattus
OR752607,Mus musculus
OR752606,Rattus norvegicus
OR752605,Rattus norvegicus
OR752604,Rattus norvegicus
OR752603,Rattus rattus
OR752602,Rattus norvegicus
OR752601,Rattus rattus
OR752600,Rattus norvegicus
OR752599,Rattus norvegicus
OR752598,Rattus rattus
OR752597,Rattus norvegicus
OR752596,Rattus norvegicus
OR752595,Suncus murinus
OR752594,Rattus norvegicus
OR752593,Rattus norvegicus
OR752592,Rattus norvegicus
OR752591,Rattus norvegicus
OR752590,Rattus norvegicus
OR752589,Rattus norvegicus
OR752588,Rattus norvegicus
OR752587,Rattus norvegicus
OR752586,Rattus rattus
OR752585,Mus musculus
OR752584,Mus musculus
OR752583,Rattus rattus
OR752582,Rattus rattus
OR752581,Rattus norvegicus
OR752580,Rattus rattus
OR752579,Rattus rattus
OR752578,Rattus rattus
OR752577,Rattus norvegicus
OR752576,Rattus rattus
OR752575,Rattus norvegicus
OR752574,Rattus rattus
OR752573,Rattus rattus
OR752572,Rattus norvegicus
OR752571,Rattus norvegicus
OR752570,Rattus rattus
OR752569,Rattus rattus
OR752568,Rattus norvegicus
OR752567,Rattus norvegicus
OR752566,Rattus norvegicus
OR752565,Rattus rattus
OR752564,Rattus norvegicus
OR752563,Rattus rattus
OR752562,Rattus rattus
OR752561,Rattus rattus
OR752560,Rattus norvegicus
OR752559,Rattus norvegicus
OR752558,Rattus norvegicus
OR752557,Rattus norvegicus
OR752556,Columba livia
OR752555,Columba livia
OR752554,Columba livia
OR752553,Columba livia
OR752552,Columba livia
OR752551,Columba livia
OR752550,Columba livia
OR752549,Columba livia
OR752548,Columba livia
OR752547,Columba livia
OR752546,Columba livia
OR752545,Columba livia
OR752544,Columba livia
OR752543,Columba livia
OR752542,Columba livia
OR752541,Mormopterus francoismoutoui
OR752540,Mormopterus francoismoutoui
OR752539,Mormopterus francoismoutoui
OR752538,Mormopterus francoismoutoui
OR752537,Mormopterus francoismoutoui
OR752536,Mormopterus francoismoutoui
OR752535,Mormopterus francoismoutoui
OR752534,Mormopterus francoismoutoui
OR752533,Mormopterus francoismoutoui
OR752532,Mormopterus francoismoutoui
OR752531,Mormopterus francoismoutoui
OR752530,Mormopterus francoismoutoui
OR752529,Mormopterus francoismoutoui
OR752528,Mormopterus francoismoutoui
OR752527,Mormopterus francoismoutoui
OR752526,Mormopterus francoismoutoui
OR752525,Mormopterus francoismoutoui
OR752524,Mormopterus francoismoutoui
OR752523,Mormopterus francoismoutoui
OR752522,Mormopterus francoismoutoui
OR752521,Mormopterus francoismoutoui
OR752520,Mormopterus francoismoutoui
OR752519,Mormopterus francoismoutoui
OR752518,Mormopterus francoismoutoui
OR752517,Mormopterus francoismoutoui
OR752516,Mormopterus francoismoutoui
OR752515,Mormopterus francoismoutoui
OR752514,Mormopterus francoismoutoui
OR752513,Mormopterus francoismoutoui
OR752512,Mormopterus francoismoutoui
OR752511,Mormopterus francoismoutoui
OR752510,Mormopterus francoismoutoui
OR752509,Mormopterus francoismoutoui
OR752508,Mormopterus francoismoutoui
OR752507,Mormopterus francoismoutoui
OR752506,Mormopterus francoismoutoui
OR752505,Mormopterus francoismoutoui
OR752504,Mormopterus francoismoutoui
OR752503,Mormopterus francoismoutoui
OR752502,Mormopterus francoismoutoui
OR752501,Mormopterus francoismoutoui
OR752500,Mormopterus francoismoutoui
OR752499,Mormopterus francoismoutoui
OR752498,Mormopterus francoismoutoui
OR752497,Mormopterus francoismoutoui
OR752496,Mormopterus francoismoutoui
OR752495,Mormopterus francoismoutoui
OR752494,Mormopterus francoismoutoui
OR752493,Mormopterus francoismoutoui
OR752492,Mormopterus francoismoutoui
OR752491,Mormopterus francoismoutoui
OR752490,Mormopterus francoismoutoui
OR752489,Mormopterus francoismoutoui
OR752488,Mormopterus francoismoutoui
OR752487,Mormopterus francoismoutoui
OR752486,Mormopterus francoismoutoui
OR752485,Mormopterus francoismoutoui
PQ586402,Gallus gallus
PQ586401,Gallus gallus
PQ586400,Gallus gallus
PQ586399,Gallus gallus
PQ586398,Gallus gallus
PQ586397,Gallus gallus
PQ586396,Gallus gallus
PQ586395,Gallus gallus
PQ586394,Gallus gallus
PQ586393,Gallus gallus
PQ586392,Gallus gallus
PQ586391,Gallus gallus
PQ586390,Gallus gallus
PQ586389,Gallus gallus
PQ586388,Gallus gallus
PQ586387,Gallus gallus
PQ601068,dairy cow
PQ601067,dairy cow
PQ510867,Homo sapiens
PQ510866,Homo sapiens
PQ510865,Homo sapiens
PQ510864,Homo sapiens
PQ510863,Homo sapiens
PQ510862,Homo sapiens
PQ510861,Homo sapiens
PQ510860,Homo sapiens
PQ510859,Homo sapiens
PQ510858,Homo sapiens
PQ510857,Homo sapiens
PQ510856,Homo sapiens
PQ510855,Homo sapiens
PQ510854,Homo sapiens
PQ510853,Homo sapiens
PQ539468,cattle
PQ539467,cattle
PQ552759,duck
PQ573797,sheep
PQ573796,sheep
OQ835730,Homo sapiens
OQ835729,Homo sapiens
PQ530056,NA
PQ541070,Homo sapiens
PQ541069,Homo sapiens
PQ541068,Homo sapiens
PQ496878,Homo sapiens
PQ496877,Homo sapiens
PQ496876,Homo sapiens
PQ496875,Homo sapiens
PQ496874,Homo sapiens
PQ496873,Homo sapiens
PQ496872,Homo sapiens
PQ496871,Homo sapiens
PQ496870,Homo sapiens
PQ496869,Homo sapiens
PQ496868,Homo sapiens
PQ496867,Homo sapiens
PQ496866,Homo sapiens
PQ496865,Homo sapiens
PQ496864,Homo sapiens
PQ496863,Homo sapiens
PQ496862,Homo sapiens
PQ496861,Homo sapiens
PQ496860,Homo sapiens
PQ496859,Homo sapiens
PQ496858,Homo sapiens
PQ476025,Homo sapiens
PQ496891,Homo sapiens
PQ496890,Homo sapiens
LC849253,Nyctereutes procyonoides(racoon dog)
LC849230,Nyctereutes procyonoides(racoon dog)
LC849229,Nyctereutes procyonoides(racoon dog)
LC849228,Nyctereutes procyonoides(racoon dog)
PQ525428,Homo sapiens
PP741992,chicken
PP741991,chicken
PP741990,chicken
PP741996,chicken
PP741995,chicken
PP741994,chicken
PP741993,chicken
PQ435248,Felis catus
PQ435247,Felis catus
PQ435246,Felis catus
PQ435245,Felis catus
PQ435244,Felis catus
PQ435243,Felis catus
PQ435242,Felis catus
PQ435241,Felis catus
PQ435240,Felis catus
PQ435239,Felis catus
PQ435238,Felis catus
PQ435237,Felis catus
PQ161557,Ortmanniana pectorosa
PQ435198,goose
PQ423920,Canis lupus familiaris
PQ423919,Canis lupus familiaris
PQ423918,Canis lupus familiaris
PQ423917,Canis lupus familiaris
PQ423916,Canis lupus familiaris
PQ423915,Canis lupus familiaris
PQ423914,Canis lupus familiaris
PQ423913,Canis lupus familiaris
PQ423912,Canis lupus familiaris
PQ423911,Canis lupus familiaris
PQ423910,Canis lupus familiaris
LC810976,Myotis macrodactylus
LC810975,Rhinolophus ferrumequinum
LC810974,Myotis macrodactylus
LC810973,Myotis macrodactylus
LC810972,Myotis macrodactylus
LC810971,Myotis macrodactylus
LC810970,Myotis macrodactylus
LC810969,Rhinolophus ferrumequinum
LC810967,Myotis macrodactylus
LC810966,Rhinolophus ferrumequinum
LC810965,Rhinolophus ferrumequinum
LC810964,Rhinolophus ferrumequinum
LC810963,Rhinolophus ferrumequinum
LC810962,Rhinolophus ferrumequinum
LC810961,Rhinolophus ferrumequinum
LC810960,Rhinolophus ferrumequinum
LC810959,Miniopterus fuliginosus
LC810958,Miniopterus fuliginosus
LC810957,Miniopterus fuliginosus
LC810956,Rhinolophus ferrumequinum
LC810955,Rhinolophus ferrumequinum
LC810954,Miniopterus fuliginosus
LC810953,Miniopterus fuliginosus
LC810952,Miniopterus fuliginosus
LC810951,Miniopterus fuliginosus
LC810950,Miniopterus fuliginosus
LC810949,Miniopterus fuliginosus
LC810948,Miniopterus fuliginosus
LC810947,Miniopterus fuliginosus
LC810946,Miniopterus fuliginosus
LC810968,Myotis macrodactylus
PQ220260,Anser indicus (Bar-headed goose)
PQ220259,Anser indicus (Bar-headed goose)
PQ220258,Anser indicus (Bar-headed goose)
PQ220257,Anser indicus (Bar-headed goose)
PQ308726,goose
LC845131,Canis lupus familiaris
PQ287383,goose
PQ287382,duck
PQ287381,duck
PQ287380,duck
PQ287379,duck
PQ287378,duck
OR412751,duck; breed: muscovy
PQ055542,Procambarus clarkii
PQ055541,Procambarus clarkii
PQ055540,Procambarus clarkii
PQ055539,Procambarus clarkii
PQ055538,Procambarus clarkii
PQ055537,Procambarus clarkii
PQ055536,Procambarus clarkii
PQ055535,Procambarus clarkii
PQ055534,Procambarus clarkii
PQ055533,Procambarus clarkii
PQ055532,Procambarus clarkii
PQ055531,Procambarus clarkii
PQ055530,Procambarus clarkii
PQ055529,Procambarus clarkii
PQ055528,Procambarus clarkii
PQ055527,Procambarus clarkii
PQ055526,Procambarus clarkii
PQ055525,Procambarus clarkii
PQ055524,Procambarus clarkii
PQ055523,Procambarus clarkii
PQ055522,Procambarus clarkii
PQ055521,Procambarus clarkii
PQ335170,NA
PQ231052,bovine
PP977475,Urva auropunctata
PP977474,Urva auropunctata
PP977473,Urva auropunctata
PP977472,Urva auropunctata
PP977471,Urva auropunctata
PP977470,Urva auropunctata
PP977469,Urva auropunctata
PP977468,Urva auropunctata
PP977467,Urva auropunctata
PP977466,Urva auropunctata
PP977465,Urva auropunctata
PP977464,Urva auropunctata
PP977463,Urva auropunctata
PP977462,Urva auropunctata
OR367608,Bos mutus
OR367604,Bos mutus
OR367602,Bos mutus
OR367599,Bos mutus
OR367595,Bos mutus
OR367593,Bos mutus
OR367589,Bos mutus
OR367588,Bos mutus
OR367587,Bos mutus
OR367584,Bos mutus
OR367582,Bos mutus
OR367580,Bos mutus
OR367576,Bos mutus
OR367571,Bos mutus
OR367611,Bos mutus
OR367610,Bos mutus
OR367609,Bos mutus
OR367607,Bos mutus
OR367606,Bos mutus
OR367603,Bos mutus
OR367601,Bos mutus
OR367598,Bos mutus
OR367594,Bos mutus
OR367570,Bos mutus
MW810341,calf
MW810339,calf
MW810338,calf
MW810337,calf
MW810334,calf
MW810332,calf
PP382210,Jiangnan White Goose
PP382209,Jiangnan White Goose
PQ182548,Neogale vison
PP623814,Mareca falcata
OR827024,goose
PP272729,Crocidura tanakae
PP272615,Crocidura shantungensis
PP272491,Crocidura lasiura
PP272490,Crocidura lasiura
PP272489,Crocidura lasiura
PP272488,Crocidura lasiura
PP272487,Crocidura lasiura
PP272486,Crocidura lasiura
PQ110289,Oryctes sp.
PQ062282,goat
PQ062281,goat
PQ062280,goat
PQ062279,goat
PQ062278,goat
LC778163,Felis catus
LC778161,Felis catus
PQ106802,pig
PP740881,Rattus norvegicus
PP740880,Rattus norvegicus
PP478076,carrier pigeon
PP478075,carrier pigeon
PQ038334,Rousettus madagascariensis
PQ038333,Eidolon dupreanum
PQ038332,Eidolon dupreanum
OM966723,Sus scrofa domesticus
OM966722,Sus scrofa domesticus
OM105033,Sus scrofa domesticus
OM104033,Sus scrofa domesticus
OM104032,Sus scrofa domesticus
OM104031,Sus scrofa domesticus
OM104030,Sus scrofa domesticus
OM104029,Sus scrofa domesticus
OM105048,Sus scrofa domesticus
OM105047,Sus scrofa domesticus
OM105035,Sus scrofa domesticus
OM105034,Sus scrofa domesticus
OM105032,Sus scrofa domesticus
OM105003,Sus scrofa domesticus
PP171482,chicken
PP171481,chicken
PP171480,chicken
PP171479,chicken
PP171478,chicken
PP171477,chicken
PP171476,chicken
PP171475,chicken
PP171474,chicken
PP171473,chicken
PQ037214,goose
PQ045729,Sus scrofa
PQ045728,Sus scrofa
PQ045727,Sus scrofa
PQ045726,Sus scrofa
PQ045725,Sus scrofa
PQ045724,Sus scrofa
PQ045723,Sus scrofa
PQ045722,Sus scrofa
PQ045721,Sus scrofa
PQ045720,Sus scrofa
PQ045719,Sus scrofa
PQ045718,Sus scrofa
PQ045717,Sus scrofa
PQ045716,Sus scrofa
PQ045715,Sus scrofa
PQ045714,Sus scrofa
PQ045713,Sus scrofa
PQ045712,Sus scrofa
PQ045711,Sus scrofa
PP968017,porcine
MW588064,NA
MW588063,NA
MW588062,NA
PP999617,Sus scrofa
PP999616,Sus scrofa
OR427988,Homo sapiens
OR427987,Homo sapiens
OR427986,Homo sapiens
OR427985,Homo sapiens
OR427984,Homo sapiens
OR427983,Homo sapiens
OR427982,Homo sapiens
OR427981,Homo sapiens
OR427980,Homo sapiens
OR427979,Homo sapiens
OR427978,Homo sapiens
PP976052,Nyctalus noctula
PP966939,goose
PP926321,ticks
PP916236,Homo sapiens
PP901928,Homo sapiens
PP901927,Homo sapiens
PP901926,Homo sapiens
PP901925,Homo sapiens
OR544230,sheep
PP889839,Canis lupus familiaris
PP889838,Canis lupus familiaris
PP889837,Canis lupus familiaris
PP889836,Canis lupus familiaris
PP889835,Canis lupus familiaris
PP889834,Canis lupus familiaris
PP889833,Canis lupus familiaris
PP889832,Canis lupus familiaris
PP889831,Canis lupus familiaris
PP889830,Canis lupus familiaris
PP711211,Heteronotia binoei
PP711204,Heteronotia planiceps
PP711198,Heteronotia planiceps
PP711188,Heteronotia planiceps
OQ615742,goose
OQ615741,goose
OQ615740,goose
PP590731,Pogonophryne immaculata
PP590744,Muraenolepis sp.
PP590743,Muraenolepis sp.
PP590742,Muraenolepis sp.
PP590741,Muraenolepis sp.
PP590740,Muraenolepis sp.
PP590730,Muraenolepis sp.
PP590729,Muraenolepis sp.
PP516520,Rattus rattus
PP516519,Rattus rattus
PP516518,Rattus rattus
PP516517,Rattus rattus
PP516516,Rattus rattus
PP516515,Rattus rattus
PP516514,Rattus rattus
PP516513,Rattus rattus
PP516512,Rattus rattus
PP516511,Rattus rattus
PP516510,Rattus rattus
PP516509,Rattus rattus
PP516508,Rattus rattus
PP516507,Rattus rattus
PP516506,Rattus rattus
PP516505,Rattus rattus
PP516504,Rattus rattus
PP516503,Rattus rattus
OP728001,Microgale brevicaudata; sex: male
OP728000,Rattus rattus; sex: female
OP727999,Rattus rattus; sex: female
OP727998,Rattus rattus; sex: female
OP727997,Rattus rattus; sex: male
ON653001,Rattus rattus; female
ON653000,Rattus rattus; female
ON652999,Rattus rattus; male
ON652998,Rattus rattus; male
ON652997,Mus musculus; male
ON652996,Rattus rattus; male
ON652995,Rattus rattus; male
ON652994,Rattus rattus; male
ON652993,Mus musculus; male
ON652992,Mus musculus; male
ON652991,Rattus rattus; male
ON652990,Mus musculus; male
ON652989,Mus musculus; female
ON652988,Rattus rattus; female
ON652987,Rattus rattus; male
ON652986,Mus musculus; female
PP711884,Rousettus aegyptiacus
PP711883,Aethomys hindei
PP711882,Coleura afra
PP711881,Miniopterus sp. clade 1 TD-2020
PP711880,Rousettus aegyptiacus
PP711879,Miniopterus sp. clade 10 TD-2020
PP711878,Miniopterus sp. clade 1 TD-2020
PP711877,Miniopterus sp. clade 10 TD-2020
PP711876,Miniopterus sp. B76
PP711875,Miniopterus minor
PP711874,Miniopterus sp. B76
PP711873,Miniopterus sp. clade 10 TD-2020
PP711872,Rousettus aegyptiacus
PP711871,Rousettus aegyptiacus
PP711870,Miniopterus sp. clade 1 TD-2020
PP711869,Cardioderma cor
PP711868,Hipposideros caffer
PP711867,Miniopterus sp. clade 10 TD-2020
PP711866,Mops condylurus
PP711865,Miniopterus sp. clade 10 TD-2020
PP711864,Coleura afra
PP711863,Miniopterus sp. clade 10 TD-2020
PP711862,Cardioderma cor
PP711861,Coleura afra
PP711860,Mops condylurus
PP711859,Mops condylurus
PP711858,Mops condylurus
PP711857,Mops condylurus
PP711856,Mops condylurus
PP711855,Coleura afra
PP711854,Coleura afra
PP711853,Coleura afra
OQ236140,Rousettus leschenaultii
OQ236139,Rhinolophus sinicus
OQ236138,Rhinolophus sinicus
OQ236137,Rhinolophus pearsonii
OQ236136,Myotis sp.
OQ236135,Myotis ricketti
OQ236134,Myotis ricketti
OQ236133,Myotis ricketti
OQ236132,Ia io
OQ236131,Hipposideros armiger
OQ236130,Hipposideros armiger
OQ236129,Hipposideros armiger
OQ236128,Hipposideros armiger
OQ236127,Hipposideros armiger
OQ236126,Hipposideros armiger
OQ236125,Hipposideros armiger
OQ236124,Hipposideros armiger
OQ236123,Hipposideros armiger
OQ236122,Hipposideros armiger
OQ236121,Hipposideros armiger
OQ236157,Rhizomys pruinosus
OQ236156,Rhizomys pruinosus
OQ236114,Rhinolophus pusillus
OQ236113,Rattus pyctoris
OQ236112,Niviventer sp.
OQ236111,Miniopterus fuliginosus
OQ236110,Caracal caracal
PP700500,Eviota sp.
PP700499,Dascyllus reticulatus
PP700498,Chaetodon baronessa
PP700497,Plagiotremus tapeinosoma
PP700496,Chromis viridis
PP825914,Nyctalus plancyi; sex: female
PP825913,Nyctalus plancyi; sex: male
PP825912,Rhinolophus pusillus; sex: male
PP825911,Scotophilus kuhlii; sex: male
PP825910,Scotophilus kuhlii; sex: female
PP825909,Scotophilus kuhlii; sex: male
PP825908,Scotophilus kuhlii; sex: female
PP825907,Scotophilus kuhlii; sex: female
PP825906,Scotophilus kuhlii; sex: male
PP825905,Scotophilus kuhlii; sex: female
PP825904,Scotophilus kuhlii; sex: female
PP825903,Scotophilus kuhlii; sex: female
PP825902,Scotophilus kuhlii; sex: female
PP825901,Scotophilus kuhlii; sex: male
PP825900,Scotophilus kuhlii; sex: female
PP825899,Scotophilus kuhlii; sex: male
PP825898,Scotophilus kuhlii; sex: male
PP825897,Scotophilus kuhlii; sex: female
PP825896,Scotophilus kuhlii; sex: male
PP825895,Scotophilus kuhlii; sex: female
PP825894,Scotophilus kuhlii; sex: female
PP825893,Scotophilus kuhlii; sex: female
PP825892,Taphozous melanopogon; sex: female
PP825891,Taphozous melanopogon; sex: female
PP825890,Taphozous melanopogon; sex: female
PP825889,Taphozous melanopogon; sex: female
PP825888,Taphozous melanopogon; sex: female (pregnant)
PP825887,Taphozous melanopogon; sex: female (pregnant)
PP825886,Taphozous melanopogon; sex: female (pregnant)
PP825885,Taphozous melanopogon; sex: female (pregnant)
PP825884,Taphozous melanopogon; sex: female (pregnant)
PP825883,Taphozous melanopogon; sex: female (pregnant)
PP825882,Taphozous melanopogon; sex: female (pregnant)
PP825881,Taphozous melanopogon; sex: female (pregnant)
PP825880,Taphozous melanopogon; sex: female (pregnant)
PP825879,Taphozous melanopogon; sex: female (pregnant)
PP825878,Taphozous melanopogon; sex: female (pregnant)
PP825877,Taphozous melanopogon; sex: female (pregnant)
PP825876,Taphozous melanopogon; sex: female (pregnant)
PP825875,Taphozous melanopogon; sex: female (pregnant)
PP825874,Taphozous melanopogon; sex: female
PP825873,Taphozous melanopogon; sex: female
PP825872,Taphozous melanopogon; sex: female (pregnant)
PP825871,Taphozous melanopogon; sex: female (pregnant)
PP825870,Tylonycteris robustula; sex: male
PP825869,Eptesicus pachyomus; sex: female
PP825868,Eptesicus pachyomus; sex: female
PP825867,Myotis ricketti; sex: male
PP825866,Myotis ricketti; sex: male
PP825865,Myotis ricketti; sex: female
PP825864,Myotis ricketti; sex: female
PP825863,Myotis ricketti; sex: male
PP825862,Myotis ricketti; sex: male
PP825861,Miniopterus schreibersii; sex: female
PP825860,Miniopterus schreibersii; sex: male
PP825859,Miniopterus schreibersii; sex: female
PP825858,Miniopterus schreibersii; sex: male
PP825857,Miniopterus schreibersii; sex: female
PP806170,porcine
PP646881,goat
PP782511,Homo sapiens
PP782510,Homo sapiens
PP782509,Homo sapiens
PP782508,Homo sapiens
PP782507,Homo sapiens
PP782506,Homo sapiens
PP782505,Homo sapiens
PP782504,Homo sapiens
PP782503,Homo sapiens
PP782502,Homo sapiens
PP782501,Homo sapiens
PP782500,Homo sapiens
PP782499,Homo sapiens
PP782498,Homo sapiens
PP782497,Homo sapiens
PP782496,Homo sapiens
PP782495,Homo sapiens
PP782494,Homo sapiens
PP782493,Homo sapiens
PP782492,Homo sapiens
PP782491,Homo sapiens
PP782490,Homo sapiens
PP782489,Homo sapiens
PP782488,Homo sapiens
PP782487,Homo sapiens
PP782486,Homo sapiens
PP782485,Homo sapiens
PP779607,Homo sapiens
PP779606,Homo sapiens
PP779605,Homo sapiens
PP779604,Homo sapiens
PP779603,Homo sapiens
PP779602,Homo sapiens
PP779601,Homo sapiens
PP779600,Homo sapiens
PP779599,Homo sapiens
PP779598,Homo sapiens
PP779597,Homo sapiens
PP779596,Homo sapiens
PP779595,Homo sapiens
PP763758,goose
PP731851,Sus scrofa
PP731850,Sus scrofa
PP731849,Sus scrofa
PP731848,Sus scrofa
PP731847,Sus scrofa
PP731846,Sus scrofa
PP707744,bovine
PP707743,bovine
PP707742,bovine
PP707741,bovine
PP707740,bovine
PP707739,bovine
PP707738,bovine
PP707737,bovine
OQ758054,Bos taurus
OQ758053,Bos taurus
OQ758052,Capra hircus
OQ758051,Capra hircus
OQ758050,Capra hircus
OQ758049,Capra hircus
OQ758048,Bos taurus
OQ758047,Bos taurus
OQ758046,Bos taurus
OQ758045,Bos taurus
OQ758044,Bos taurus
OQ758043,Bos taurus
OQ758042,Bos taurus
OQ758041,Bos taurus
OQ758040,Bos taurus
OQ758039,Bos taurus
OQ758038,Bos taurus
OQ758037,Bos taurus
OQ758036,Bos taurus
OQ758035,Ovis aries
OQ758034,Ovis aries
OQ758033,Ovis aries
OQ758032,Ovis aries
OQ758031,Capra hircus
OQ758025,Capra hircus
PP531440,Marmota caudata
PP531439,Marmota caudata
PP531438,Marmota caudata
PP531437,Marmota caudata
PP531436,Marmota caudata
PP531435,Marmota caudata
PP531434,Marmota caudata
PP174209,NA
PP174201,NA
PP174197,NA
PP174176,NA
PP174162,NA
PP174151,NA
PP174138,NA
PP174099,NA
PP174094,NA
PP174089,NA
PP174052,NA
PP174037,NA
PP174020,NA
PP173978,NA
PP173959,NA
PP173952,NA
PP173914,NA
PP173905,NA
PP173693,NA
PP173657,NA
PP173621,NA
PP173619,NA
PP173590,NA
PP173384,NA
PP173376,NA
PP173374,NA
PP173284,NA
PP173191,NA
PP173172,NA
PP173125,NA
PP172939,NA
PP172843,NA
PP172792,NA
PP172759,NA
PP172690,NA
PP172253,NA
PP172252,NA
PP172218,NA
PP172159,NA
PP172104,NA
PP172017,NA
PP172009,NA
PP171968,NA
PP171953,NA
PP171789,NA
PP171787,NA
PP171767,NA
PP571883,goat
PP571882,goat
BK066576,Betta splendens
OR670489,Oryctolagus cuniculus
PP512783,Peking duckling
LC779658,Homo sapiens
LC779657,Homo sapiens
LC779656,Homo sapiens
LC779655,Homo sapiens
LC779654,Homo sapiens
LC779653,Homo sapiens
LC779652,Homo sapiens
LC779651,Homo sapiens
LC779650,Homo sapiens
LC779649,Homo sapiens
LC779648,Homo sapiens
LC779647,Homo sapiens
LC779646,Homo sapiens
LC779645,Homo sapiens
LC779644,Homo sapiens
LC779643,Homo sapiens
LC779642,Homo sapiens
LC779641,Homo sapiens
LC779640,Homo sapiens
LC779639,Homo sapiens
LC779638,Homo sapiens
LC779637,Homo sapiens
LC779636,Homo sapiens
LC779635,Homo sapiens
LC779634,Homo sapiens
LC779633,Homo sapiens
LC779632,Homo sapiens
PP475137,swine
PP475136,swine
PP475135,swine
PP444710,goose
PP444709,goose
OR871062,Hipposideros armiger
OR871061,Hipposideros armiger
OR871060,Hipposideros armiger
PP228886,Gallus gallus
PP228885,Gallus gallus
PP272791,Woodworthia maculata
PP272790,Oligosoma aeneum
PP352011,Pelophylax nigromaculatus
PP352010,Pelophylax nigromaculatus
OR800329,Columba livia
OR800315,Columba livia
OR800314,Columba livia
PP265521,bovine
PP265520,bovine
PP236967,NA
PP108251,goose
PP197957,Rattus tanezumi
OP381856,swine
OP381833,swine
OP381831,swine
OP381827,swine
OP381851,swine
OP381825,swine
PP105462,duck; breed: Pekin
PP068355,Canis lupus familiaris
PP068354,Canis lupus familiaris
PP068353,Canis lupus familiaris
OR690946,Homo sapiens
OR690945,Homo sapiens
OR690944,Homo sapiens
OR690943,Homo sapiens
OR690942,Homo sapiens
OR690941,Homo sapiens
OR690940,Homo sapiens
OR690939,Homo sapiens
OR690938,Homo sapiens
OR690937,Homo sapiens
OR690936,Homo sapiens
OR690935,Homo sapiens
OR690934,Homo sapiens
OR690933,Homo sapiens
OR690932,Homo sapiens
OR690931,Homo sapiens
OR670615,Homo sapiens
OR670614,Homo sapiens
OR670613,Homo sapiens
OR670612,Homo sapiens
OR670611,Homo sapiens
OR670610,Homo sapiens
OR670609,Homo sapiens
OR670608,Homo sapiens
OR670607,Homo sapiens
OR670606,Homo sapiens
OR670605,Homo sapiens
OR670604,Homo sapiens
OR047826,Homo sapiens
OR220030,dog
OR220029,dog
OR220028,dog
OR220027,dog
OR220026,dog
OR220025,dog
OR220024,dog
OR220023,dog
OR220022,dog
OK376645,racing pigeon
OR192134,Mus musculus
OR192133,Mus musculus
OR192132,Mus musculus
OR965521,goose
OR958817,goose
OR800317,Columba livia
OR800316,Columba livia
OR863201,Anguilla dieffenbachii
OR906208,goose
OR906207,goose
OQ986647,NA
OR940920,wild boar
OR940919,rat
OR940918,rat
OR940917,rat
OR940916,red fox
OR940915,red fox
OR940914,red fox
OR940913,red fox
OR940912,red fox
OR940911,red fox
OR940910,wild boar
OR940909,Sus scrofa
OR940908,Sus scrofa
OR940907,Sus scrofa
OR940906,Sus scrofa
OR940905,Sus scrofa
OR940904,Sus scrofa
OR940903,Sus scrofa
OR873548,Homo sapiens
OR873547,Homo sapiens
OR873546,Homo sapiens
OR873545,Homo sapiens
OR873544,Homo sapiens
OR873543,Homo sapiens
OR873542,Homo sapiens
OR873541,Homo sapiens
OR873540,Homo sapiens
OR873539,Homo sapiens
OR873538,Homo sapiens
OR873537,Homo sapiens
OR873536,Homo sapiens
OR873535,Homo sapiens
OR873534,Homo sapiens
OR873533,Homo sapiens
OR873532,Homo sapiens
OR873531,Homo sapiens
OR873530,Homo sapiens
OR873529,Homo sapiens
OR873528,Homo sapiens
OR873527,Homo sapiens
OR873526,Homo sapiens
OR873525,Homo sapiens
OR873524,Homo sapiens
OR873523,Homo sapiens
OR873522,Homo sapiens
OR873521,Homo sapiens
OR873520,Homo sapiens
OR873519,Homo sapiens
OR873518,Homo sapiens
OR873517,Homo sapiens
OR873516,Homo sapiens
OR873515,Homo sapiens
OR873514,Homo sapiens
OR873513,Homo sapiens
OR873512,Homo sapiens
OR873511,Homo sapiens
OR873510,Homo sapiens
OR873509,Homo sapiens
OR873508,Homo sapiens
OR873507,Homo sapiens
OR873506,Homo sapiens
OR873505,Homo sapiens
OR873504,Homo sapiens
OR873503,Homo sapiens
OR873502,Homo sapiens
OR873501,Homo sapiens
OR873500,Homo sapiens
OR873499,Homo sapiens
OR873498,Homo sapiens
OR873497,Homo sapiens
OR873496,Homo sapiens
OR873495,Homo sapiens
OR873494,Homo sapiens
OR873493,Homo sapiens
OR873492,Homo sapiens
OR873491,Homo sapiens
OR873490,Homo sapiens
OR873489,Homo sapiens
OR873488,Homo sapiens
OR873487,Homo sapiens
OR873486,Homo sapiens
OR873485,Homo sapiens
OR873484,Homo sapiens
OR873483,Homo sapiens
OR873482,Homo sapiens
OR873481,Homo sapiens
OR873480,Homo sapiens
OR873479,Homo sapiens
OR873478,Homo sapiens
OR873477,Homo sapiens
OR873476,Homo sapiens
OR873475,Homo sapiens
OR873474,Homo sapiens
OR873473,Homo sapiens
OR873472,Homo sapiens
OR873471,Homo sapiens
OR873470,Homo sapiens
OR873469,Homo sapiens
OR873468,Homo sapiens
OR873467,Homo sapiens
OR924093,Goose
OR924092,Duck
OR924091,Goose
OR924090,Goose
OR924089,Duck
OR924088,Duck
OR924087,Duck
OR924086,Duck
OR907134,Goose
OR907133,Goose
OR907132,Goose
OR907131,Goose
OR907130,Duck
OR907129,Duck
OR907128,Duck
OR907127,Goose
OR907126,Duck
OR907125,Duck
OR902765,goose
OR902764,goose
OR902763,goose
OR902762,goose
OR902761,goose
OR902760,goose
OR902759,goose
OR898438,Canis lupus familiaris; sex: male
OR898437,Canis lupus familiaris; sex: female
OR898436,Canis lupus familiaris; sex: male
OR852659,Hierococcyx sparverioides
OR852658,Chroicocephalus ridibundus
OR645517,Pachyptila vittata
OR645486,Pachyptila vittata
OR840971,pig
OR840970,pig
OR840969,pig
OR840950,Rattus tanezumi
OR840949,Rattus norvegicus
OR840948,Rattus tanezumi
OR840947,Rattus tanezumi
OR840946,Rattus tanezumi
OR840945,Rattus tanezumi
OR270284,Gonidea angulata
OQ986722,Araneae
OQ986649,NA
OQ986648,NA
OQ986679,NA
OQ986609,NA
OQ986608,NA
OQ986607,NA
OQ986677,NA
OQ986606,NA
OQ986605,NA
OQ986723,Oribatida
OQ986681,NA
OQ986680,NA
OQ986678,NA
OQ986676,NA
OR835189,Rattus tanezumi
OR835188,Rattus tanezumi
OR835187,Rattus tanezumi
OR835186,Rattus tanezumi
OR835185,Rattus tanezumi
OR835184,Rattus tanezumi
OR835183,Rattus tanezumi
OR835182,Rattus tanezumi
OR835181,Rattus tanezumi
OR835180,Rattus tanezumi
OR835179,Rattus tanezumi
OR835178,Rattus tanezumi
OR835177,Rattus tanezumi
OR835176,Rattus tanezumi
OR835175,Rattus tanezumi
OR835174,Rattus tanezumi
OR835173,Rattus tanezumi
OR835172,Rattus tanezumi
OR835171,Rattus tanezumi
OR835170,Rattus norvegicus
OR835169,Rattus norvegicus
OR835168,Rattus norvegicus
OR835167,Rattus norvegicus
OR835166,Rattus norvegicus
OR835165,Rattus norvegicus
OR835164,Rattus_tanezumi
OR835163,Rattus_tanezumi
OR835162,Rattus tanezumi
OR835146,Rattus tanezumi
OR835145,Rattus tanezumi
OR835144,Rattus tanezumi
OR835143,Rattus tanezumi
OR835142,Rattus tanezumi
OR835141,Rattus tanezumi
OR835140,Rattus tanezumi
OR835139,Rattus tanezumi
OR835138,Rattus tanezumi
OR835137,Rattus tanezumi
OR835136,Rattus nitidus
OR835135,Rattus tanezumi
OR835134,Rattus norvegicus
OR826345,Miniopterus pusillus
OR826344,Miniopterus pusillus
OR826343,Miniopterus pusillus
OR826342,Miniopterus pusillus
OR826341,Hipposideros pomona
OR826340,Hipposideros pomona
OR826339,Hipposideros pomona
OR826338,Hipposideros pomona
OR826337,Hipposideros pomona
OR826336,Hipposideros pomona
OR774966,Rattus tanezumi
OR826329,Sus scrofa
OR818357,Sus scrofa
OR818356,Sus scrofa
OR818355,Sus scrofa
OR818354,Sus scrofa
OR818353,Sus scrofa
OR818352,Sus scrofa
OR818351,Sus scrofa
OR818350,Sus scrofa
OR792802,Homo sapiens
OR800746,Rattus tanezumi
OR800745,Rattus norvegicus
OR800744,Rattus norvegicus
OR800743,Rattus norvegicus
OR800742,Sus scrofa
OR800741,Sus scrofa
OR800740,Sus scrofa
OR800739,Sus scrofa
OR800738,Sus scrofa
OR800737,Rattus tanezumi
OR800736,Chroicocephalus ridibundus
OR800735,Chroicocephalus ridibundus
OR800734,Chroicocephalus ridibundus
OR800733,Turdus dissimilis
OR815359,Sus scrofa
OR815358,Sus scrofa
OR815357,Sus scrofa
OR815356,Sus scrofa
OR806935,Hipposideros pomona
OR806934,Hipposideros pomona
OR806933,Hipposideros pomona
OR806932,Hipposideros pomona
OR806931,Hipposideros pomona
OR806930,Hipposideros pomona
MT085167,Bandicota savilei
OR756288,Gallus gallus
OR756287,Gallus gallus
OR756286,Gallus gallus
OR756285,Gallus gallus
OR756284,Gallus gallus
OR756283,Gallus gallus
OR756282,Gallus gallus
OR756281,Gallus gallus
OR756280,Gallus gallus
OR756279,Gallus gallus
LC745071,Homo sapiens
LC745070,Homo sapiens
LC745069,Homo sapiens
LC745068,Homo sapiens
OR248795,Chalinolobus tuberculatus
OR248794,Chalinolobus tuberculatus
OR248793,Chalinolobus tuberculatus
OR711901,Rattus norvegicus
OR702990,Bos taurus
OR613371,Miniopterus fuliginosus
OR613370,Hipposideros armiger
OR613369,Hipposideros larvatus
OR613368,Hipposideros pomona
OR613367,Hipposideros pomona
OR613366,Hipposideros pomona
OR613365,Hipposideros pomona
OR613364,Hipposideros pomona
OR613363,Rhinolophus sp.
OR613362,Miniopterus schreibersii
OR613361,Miniopterus schreibersii
OR613360,Miniopterus schreibersii
OR613359,Miniopterus schreibersii
OR613358,Miniopterus schreibersii
OR613357,Miniopterus schreibersii
OR613356,Miniopterus schreibersii
OR613355,Miniopterus schreibersii
OR613354,Miniopterus schreibersii
OR613353,Miniopterus schreibersii
OR613352,Miniopterus schreibersii
OR613351,Miniopterus schreibersii
OR613350,Miniopterus schreibersii
OR613349,Miniopterus schreibersii
OR613348,Miniopterus schreibersii
OR613347,Miniopterus schreibersii
OR613346,Miniopterus schreibersii
OR613345,Miniopterus schreibersii
OR613344,Miniopterus schreibersii
OR613343,Miniopterus schreibersii
OR613342,Miniopterus schreibersii
OR613341,Miniopterus schreibersii
OR613340,Pipistrellus pipistrellus
OR613339,Pipistrellus pipistrellus
OR613338,Pipistrellus pipistrellus
OR613337,Pipistrellus pipistrellus
OR613336,Pipistrellus pipistrellus
OR613335,Pipistrellus pipistrellus
OR613334,Pipistrellus pipistrellus
OR613333,Rhinolophus affinis
OR613332,Rhinolophus affinis
OR613331,Rhinolophus affinis
OR613330,Rhinolophus affinis
OR613329,Rhinolophus affinis
OR613328,Rousettus leschenaultii
OR613327,Rhinolophus pearsonii
OR613326,Rhinolophus pearsonii
OR613325,Rhinolophus sinicus
OR613324,Rhinolophus sinicus
OR613323,Rhinolophus sinicus
OR613322,Rhinolophus sinicus
OR613321,Rhinolophus sinicus
OR613320,Rhinolophus sinicus
OR613319,Rhinolophus sinicus
OR613318,Rhinolophus sinicus
OR613317,Rhinolophus sinicus
OR613316,Rhinolophus sinicus
OR613315,Rhinolophus sinicus
OR613314,Rhinolophus sinicus
OR613313,Rhinolophus sinicus
OR613312,Rhinolophus sinicus
OR613311,Rhinolophus sinicus
OR613310,Vespertilio sinensis
OR613309,Rhinolophus sinicus
OR613306,Rhinolophus sinicus
OR613305,Pipistrellus pipistrellus
OR613304,Miniopterus schreibersii
OR613303,Miniopterus schreibersii
OR613302,Miniopterus schreibersii
OR613301,Miniopterus schreibersii
OR613300,Miniopterus schreibersii
OR613299,Hipposideros larvatus
OR613298,Hipposideros larvatus
OR613297,Hipposideros armiger
OR613296,Pipistrellus pipistrellus
OR613295,Miniopterus schreibersii
OR613294,Miniopterus schreibersii
OR613293,Taphozous melanopogon
OR613292,Taphozous melanopogon
OR613291,Scotophilus kuhlii
OR613290,Scotophilus kuhlii
OR613289,Rhinolophus sinicus
OR613288,Rhinolophus sinicus
OR613287,Rhinolophus sinicus
OR613286,Rhinolophus sinicus
OR613285,Rhinolophus sinicus
OR613284,Rhinolophus sinicus
OR613283,Rhinolophus pearsonii
OR613282,Rousettus leschenaultii
OR613281,Rhinolophus affinis
OR613280,Rhinolophus affinis
OR613279,Rhinolophus affinis
OR613278,Rhinolophus affinis
OR613277,Rhinolophus affinis
OR613276,Rhinolophus affinis
OR613275,Rhinolophus affinis
OR613274,Miniopterus schreibersii
OR613273,Miniopterus schreibersii
OR613272,Miniopterus schreibersii
OR613271,Miniopterus schreibersii
OR613270,Miniopterus schreibersii
OR613269,Miniopterus schreibersii
OR613268,Miniopterus schreibersii
OR613267,Miniopterus schreibersii
OR613266,Miniopterus schreibersii
OR613265,Miniopterus schreibersii
OR613264,Miniopterus schreibersii
OR613263,Miniopterus schreibersii
OR613262,Miniopterus schreibersii
OR613261,Miniopterus schreibersii
OR613260,Miniopterus schreibersii
OR613259,Miniopterus schreibersii
OR613258,Miniopterus schreibersii
OR613257,Miniopterus schreibersii
OR613256,Miniopterus schreibersii
OR613255,Miniopterus schreibersii
OR613254,Miniopterus schreibersii
OR613253,Miniopterus schreibersii
OR613252,Miniopterus schreibersii
OR613251,Miniopterus schreibersii
OR613250,Miniopterus schreibersii
OR613249,Miniopterus schreibersii
OR613248,Miniopterus schreibersii
OR613247,Miniopterus schreibersii
OR613246,Miniopterus schreibersii
OR613245,Hipposideros pomona
OR613244,Hipposideros pomona
OR613243,Hipposideros pomona
OR613242,Hipposideros larvatus
OR700006,Phasianus colchicus
OR626615,NA
ON907858,Rattus norvegicus
ON907857,Rattus norvegicus
ON907856,Rattus norvegicus
OR682667,Aythya marila
OR682666,Aythya marila
OR682665,Anas acuta
OR682664,Aythya marila
OR682663,Aythya marila
OR682662,Anas crecca
OR682661,Streptopelia orientalis
OR682660,Streptopelia orientalis
OR682659,Streptopelia orientalis
OL444939,ferret
OR652457,goat
OQ802763,Chodsigoa smithii
OQ802762,Chodsigoa smithii
OQ802761,Chodsigoa smithii
OQ802760,Chodsigoa smithii
OQ802759,Niviventer niviventer
OQ802758,Anourosorex squamipes
OQ802757,Typhlomys cinereus
OQ802756,Rattus nitidus
OQ802755,Suncus murinus
OQ802754,Suncus murinus
OQ802753,Apodemus agrarius
OQ802752,Myotis ricketti
OQ802751,Myotis ricketti
OQ802750,Myotis laniger
OQ802749,Pipistrellus abramus
OQ802748,Pipistrellus abramus
OQ802747,Pipistrellus abramus
OQ802746,Nyctalus noctula
OQ802745,Myotis laniger
OQ802744,Myotis davidii
OQ802743,Hypsugo pulveratus
OQ802742,Niviventer niviventer
OQ802741,Leopoldamys edwardsi
OQ802740,Niviventer fulvescens
OQ802739,Apodemus agrarius
OQ802738,Apodemus agrarius
OQ802737,Myotis chinensis
OQ802736,Rhinolophus pearsonii
OQ802735,Rhinolophus pearsonii
OQ802734,Myotis chinensis
OQ802733,Crocidura shantungensis
OQ802732,Rattus norvegicus
OQ802731,Rattus norvegicus
OQ802730,Berylmys bowersi
OQ802729,Rattus norvegicus
OQ802728,Rattus tanezumi
OQ802727,Rattus norvegicus
OQ802726,Rattus norvegicus
OQ802725,Rattus norvegicus
OQ802724,Rattus tanezumi
OQ802723,Rattus norvegicus
OQ802722,Rattus tanezumi
OQ802721,Rattus norvegicus
OQ802720,Rattus losea
OQ802719,Rattus nitidus
OQ802718,Berylmys bowersi
OQ802717,Rattus tanezumi
OQ802716,Rattus norvegicus
OQ802715,Mus musculus
OQ802714,Rhinolophus sinicus
OQ802713,Miniopterus schreibersii
OQ802712,Rhinolophus sinicus
OQ802711,Rhinolophus sinicus
OQ802710,Myotis chinensis
OQ802709,Myotis chinensis
OQ802708,Myotis chinensis
OQ802707,Myotis davidii
OQ802706,Myotis chinensis
OQ802705,Myotis chinensis
OQ802704,Myotis chinensis
OQ802703,Miniopterus schreibersii
OQ802702,Miniopterus schreibersii
OQ802701,Miniopterus schreibersii
OQ802700,Miniopterus schreibersii
OQ802699,Miniopterus schreibersii
OQ802698,Miniopterus schreibersii
OQ802697,Hipposideros pratti
OP946740,NA
OP946739,NA
OP946738,NA
OP946737,NA
OP946736,NA
OP946735,NA
OP946734,NA
OP946733,NA
OP946732,NA
OP946731,NA
OP946730,NA
OP946729,NA
OP946728,NA
OP946727,NA
OP946726,NA
OP946725,NA
OP946724,NA
OP946449,laying hens
OQ686756,Bovine
OQ686755,Bovine
OQ686754,Bovine
OQ686753,Bovine
OR571426,chicken
OR545219,Gallus gallus
OR545218,Gallus gallus
OR545217,Gallus gallus
OR545216,Gallus gallus
OR545215,Gallus gallus
OR545214,Gallus gallus
OR545213,Gallus gallus
OR545212,Gallus gallus
OR545211,Gallus gallus
OR545210,Gallus gallus
OR286522,chicken
OR286521,chicken
OR286520,chicken
OR545548,chicken
OR439362,Rhinolophus affinis
OR220065,chicken
OR220064,chicken
OR355816,Homo sapiens
OR355815,Homo sapiens
OR355814,Homo sapiens
OR355813,Homo sapiens
OR355812,Homo sapiens
OR355811,Homo sapiens
OR355810,Homo sapiens
OR355809,Homo sapiens
OR355808,Homo sapiens
OR355807,Homo sapiens
OR355806,Homo sapiens
OR355805,Homo sapiens
OR355804,Homo sapiens
OR355803,Homo sapiens
OR355802,Homo sapiens
OR355801,Homo sapiens
OR355800,Homo sapiens
OR355799,Homo sapiens
OR355798,Homo sapiens
OR355797,Homo sapiens
OR355796,Homo sapiens
OR355795,Homo sapiens
OR355794,Homo sapiens
OR355793,Homo sapiens
OR355792,Homo sapiens
OR355791,Homo sapiens
OR355790,Homo sapiens
OR355789,Homo sapiens
OR355788,Homo sapiens
OR355787,Homo sapiens
OR355786,Homo sapiens
OR355785,Homo sapiens
OR355784,Homo sapiens
OR355783,Homo sapiens
OR355782,Homo sapiens
OR355781,Homo sapiens
OR355780,Homo sapiens
OR355779,Homo sapiens
OR355778,Homo sapiens
OR355777,Homo sapiens
OR355776,Homo sapiens
OR355775,Homo sapiens
OR355774,Homo sapiens
OR355773,Homo sapiens
OR355772,Homo sapiens
OR355771,Homo sapiens
OR355770,Homo sapiens
OR355769,Homo sapiens
OR355768,Homo sapiens
OR371570,Homo sapiens
OQ271203,Hipposideros sp. (bat)
OQ271202,Hipposideros sp. (bat)
OQ271201,Hipposideros sp. (bat)
OQ271200,Hipposideros sp. (bat)
OQ271199,Hipposideros sp. (bat)
OQ271198,Hipposideros sp. (bat)
OQ271197,Hipposideros sp. (bat)
OQ271196,bat
OQ271195,Hipposideros sp. (bat)
OQ271194,Hipposideros sp. (bat)
OQ271193,Hipposideros sp. (bat)
OQ271192,Hipposideros sp. (bat)
OQ271191,bat
OQ271190,Hipposideros sp. (bat)
OQ271189,Rhinolophus sp. (bat)
OQ271188,Hipposideros sp. (bat)
OQ271187,Rhinolophus sp. (bat)
OQ271186,Hipposideros sp. (bat)
OQ271185,Hipposideros sp. (bat)
OQ271184,Hipposideros sp. (bat)
OQ271183,Rhinolophus sp. (bat)
OQ271182,Hipposideros sp. (bat)
OQ271181,Hipposideros sp. (bat)
OQ271180,Hipposideros sp. (bat)
OQ271179,Hipposideros sp. (bat)
OQ271178,Hipposideros sp. (bat)
OQ271177,bat
OQ271176,bat
OQ271175,bat
OQ271174,Hipposideros sp. (bat)
OQ271173,Hipposideros sp. (bat)
OQ271172,Hipposideros sp. (bat)
OQ271171,Hipposideros sp. (bat)
OQ271170,bat
OQ271169,Hipposideros sp. (bat)
OQ271168,Hipposideros sp. (bat)
OQ271167,bat
OQ271166,Rhinolophus sp. (bat)
OQ271165,Miniopterus sp. (bat)
OQ271164,Rhinolophus sp. (bat)
OQ271163,Rhinolophus sp. (bat)
OQ271162,Rhinolophus sp. (bat)
OQ271161,Rhinolophus sp. (bat)
OQ271160,Rhinolophus sp. (bat)
OQ271159,Hipposideros sp. (bat)
OQ271158,Rhinolophus sp. (bat)
OQ271157,Rhinolophus sp. (bat)
OQ271156,Rhinolophus sp. (bat)
OQ271155,bat
OQ271154,Hipposideros sp. (bat)
OQ271153,Hipposideros sp. (bat)
OQ271152,Hipposideros sp. (bat)
OQ271151,Hipposideros sp. (bat)
OQ271150,Rhinolophus sp. (bat)
OQ271149,Rhinolophus sp. (bat)
OQ271148,Miniopterus sp. (bat)
OQ271147,Rhinolophus sp. (bat)
OQ271146,Hipposideros sp. (bat)
OQ271145,Hipposideros sp. (bat)
OQ271144,Hipposideros sp. (bat)
OQ271143,Hipposideros sp. (bat)
OQ271142,Hipposideros sp. (bat)
OQ271141,Hipposideros sp. (bat)
OQ271140,Hipposideros sp. (bat)
OQ271139,Hipposideros sp. (bat)
OQ271138,Hipposideros sp. (bat)
OQ271137,Hipposideros sp. (bat)
OQ271136,Hipposideros sp. (bat)
OQ271135,Hipposideros sp. (bat)
OQ271134,Hipposideros sp. (bat)
OQ271133,Hipposideros sp. (bat)
OQ271132,Hipposideros sp. (bat)
OQ271131,Hipposideros sp. (bat)
OQ271130,Rhinolophus sp. (bat)
OQ271129,Hipposideros sp. (bat)
OQ271128,Hipposideros sp. (bat)
OQ271127,Hipposideros sp. (bat)
OQ271126,Hipposideros sp. (bat)
OQ271125,Hipposideros sp. (bat)
OQ271124,Hipposideros sp. (bat)
OQ271123,Hipposideros sp. (bat)
OQ271122,Hipposideros sp. (bat)
OQ271121,Hipposideros sp. (bat)
OQ271120,Rhinolophus sp. (bat)
OQ271119,Hipposideros sp. (bat)
OQ271118,Hipposideros sp. (bat)
OQ271117,Hipposideros sp. (bat)
OQ271116,Hipposideros sp. (bat)
OQ271115,Hipposideros sp. (bat)
OQ271114,Hipposideros sp. (bat)
OQ271113,Hipposideros sp. (bat)
OQ271112,Hipposideros sp. (bat)
OQ271111,Hipposideros sp. (bat)
OQ271110,Hipposideros sp. (bat)
OQ271109,Hipposideros sp. (bat)
OQ271108,Hipposideros sp. (bat)
OQ271107,Hipposideros sp. (bat)
OQ271106,Hipposideros sp. (bat)
OQ271105,Eidolon helvum (bat)
OQ271104,Eidolon helvum (bat)
OQ271103,Eidolon helvum (bat)
OQ271102,Eidolon helvum (bat)
OQ271101,Eidolon helvum (bat)
OQ271100,Eidolon helvum (bat)
OQ271099,Eidolon helvum (bat)
OQ271098,Rhinolophus sp. (bat)
OQ271097,Rhinolophus sp. (bat)
OQ271096,Miniopterus sp. (bat)
OQ271095,Miniopterus sp. (bat)
OQ271094,bat
OQ271093,Rhinolophus sp. (bat)
OQ271092,Rhinolophus sp. (bat)
OQ271091,Rhinolophus sp. (bat)
OQ271090,Rhinolophus sp. (bat)
OQ271089,Rhinolophus sp. (bat)
OQ271088,Rhinolophus sp. (bat)
OQ271087,bat
OQ271086,bat
OQ271085,bat
OQ271084,bat
OQ271083,bat
OQ271082,bat
OQ271081,bat
OQ271080,Rhinolophus sp. (bat)
OQ271079,Rhinolophus sp. (bat)
OQ271078,Hipposideros sp. (bat)
OQ271077,Rhinolophus sp. (bat)
OQ271076,Miniopterus sp. (bat)
OQ271075,Hipposideros sp. (bat)
OQ271074,Rhinolophus sp. (bat)
OQ271073,Rhinolophus sp. (bat)
OQ271072,Rhinolophus sp. (bat)
OQ271071,Rhinolophus sp. (bat)
OQ271070,Miniopterus sp. (bat)
OQ271069,Miniopterus sp. (bat)
OQ271068,Hipposideros sp. (bat)
OQ271067,Hipposideros sp. (bat)
OQ271066,Hipposideros sp. (bat)
OQ271065,Hipposideros sp. (bat)
OQ271064,Hipposideros sp. (bat)
OQ271063,Nycteris sp. (bat)
OQ271062,Hipposideros sp. (bat)
OQ271061,Hipposideros sp. (bat)
OQ271060,Hipposideros sp. (bat)
OQ271059,Nycteris sp. (bat)
OQ271058,Hipposideros sp. (bat)
OQ271057,Hipposideros sp. (bat)
OQ271056,bat
OQ271055,Hipposideros sp. (bat)
OQ271054,bat
OQ271053,Hipposideros sp. (bat)
OQ271052,Hipposideros sp. (bat)
OQ271051,bat
OQ271050,Hipposideros sp. (bat)
OQ271049,Rhinolophus sp. (bat)
OR552431,Nyctalus noctula
OR552430,Nyctalus noctula
OR552421,Nyctalus noctula
OQ603360,Homo sapiens
OR351273,Gallus gallus
OR351272,Gallus gallus
OR359230,Gallus gallus
OR359229,Gallus gallus
OR359228,Gallus gallus
OR359227,Gallus gallus
OR359226,Gallus gallus
OR359225,Gallus gallus
OR359224,Gallus gallus
OR359223,Gallus gallus
OR359222,Gallus gallus
OR359221,Gallus gallus
OR359220,Gallus gallus
OR359219,Gallus gallus
OR359218,Gallus gallus
OR359217,Gallus gallus
OR359216,Gallus gallus
OR359215,Gallus gallus
OR359214,Gallus gallus
OR359213,Gallus gallus
OR359212,Gallus gallus
OR359211,Gallus gallus
OR359210,Gallus gallus
OR359209,Gallus gallus
OR359208,Gallus gallus
OR359207,Gallus gallus
OR359206,Gallus gallus
OR359205,Gallus gallus
OR359204,Gallus gallus
OR359203,Gallus gallus
OR359202,Gallus gallus
OR351067,goose
OR234628,goose
OR234627,goose
OR234626,goose
OR234625,goose
OR234624,goose
OR234620,goose
OR234619,goose
OR234618,goose
OR234617,goose
OR234616,goose
OR234615,goose
OR234623,goose
OR234622,goose
OR234621,goose
OR234614,goose
OR234612,goose
OR234611,goose
OR234610,goose
OR234609,goose
OR234608,goose
OR234613,goose
OR234607,goose
OR261089,Bos taurus
OR261088,Bos taurus
OR261087,Bos taurus
OR261086,Bos taurus
OR261085,Bos taurus
OR261084,Bos taurus
OR261083,Bos taurus
OR261082,Bos taurus
OR261081,Bos taurus
OR261080,Bos taurus
OR261079,Bos taurus
OQ852918,bovine
OQ852917,bovine
OQ852916,bovine
OQ852915,bovine
OQ852914,bovine
OQ852913,porcine
OQ852912,porcine
OQ852911,porcine
OQ852910,porcine
OQ852909,porcine
OQ852908,porcine
OQ852907,canine
OQ852906,canine
OQ852905,canine
OR260032,Homo sapiens
OR260031,Homo sapiens
OR260030,Homo sapiens
OR260029,Homo sapiens
OR260028,Homo sapiens
OR260027,Homo sapiens
OR260026,Homo sapiens
OR260025,Homo sapiens
OR260024,Homo sapiens
OR260023,Homo sapiens
OR222911,Homo sapiens
OR222910,Homo sapiens
OR211592,goose
OR448835,Homo sapiens
OR448834,Homo sapiens
OR448833,Homo sapiens
OR448832,Homo sapiens
OR448831,Homo sapiens
OR448830,Homo sapiens
OR134383,Homo sapiens
OR134382,Homo sapiens
OR134381,Homo sapiens
OR134380,Homo sapiens
OR134379,Homo sapiens
OR134378,Homo sapiens
OR134377,Homo sapiens
OR134376,Homo sapiens
OR134375,Homo sapiens
OR134374,Homo sapiens
OR134373,Homo sapiens
OR134372,Homo sapiens
OR134371,Homo sapiens
OR134370,Homo sapiens
OR134369,Homo sapiens
OR134368,Homo sapiens
OR134367,Homo sapiens
OR134366,Homo sapiens
OR134365,Homo sapiens
OR134364,Homo sapiens
OR134363,Homo sapiens
OR134362,Homo sapiens
OR134361,Homo sapiens
OR134360,Homo sapiens
OR134359,Homo sapiens
OR134358,Homo sapiens
OR134357,Homo sapiens
OR134356,Homo sapiens
OR134355,Homo sapiens
OR134354,Homo sapiens
OR134353,Homo sapiens
OR134352,Homo sapiens
OR134351,Homo sapiens
OR134350,Homo sapiens
OR134349,Homo sapiens
OR134348,Homo sapiens
OR134347,Homo sapiens
OR134346,Homo sapiens
OR134345,Homo sapiens
OR134344,Homo sapiens
OR134343,Homo sapiens
OR134342,Homo sapiens
OR134341,Homo sapiens
MW826483,bird
MW826482,bird
OQ513257,Homo sapiens
OR188805,Domestic goat
OR188804,Domestic goat
OR188803,Domestic goat
OR188802,Domestic goat
OR188801,Domestic goat
OR188800,Domestic goat
OR188799,Domestic goat
OR188798,Domestic goat
OR188797,Domestic goat
OR188796,Domestic goat
OR188795,Domestic goat
OR188794,Domestic goat
OR188793,Domestic goat
OR188792,Domestic goat
OR188791,Domestic goat
OR188790,Domestic goat
OR188789,Domestic goat
OM892277,amur tiger
OQ995318,chicken
OQ995317,chicken
OQ995316,chicken
OR350290,Limnochromis auritus
OR350288,Benthochromis horii
OR350286,Xenotilapia nasus
OR350284,Xenotilapia nasus
OR350292,Lamprologus kungweensis
OR350291,Limnochromis auritus
OR350289,Benthochromis horii
OR350287,Xenotilapia nasus
OR350285,Xenotilapia nasus
OR350283,Petrochromis famula
OR350282,Neolamprologus brevis
OR350281,Enantiopus melanogenys
OR350280,Xenotilapia boulengeri
OR350279,Neolamprologus tetracanthus
OQ870553,NA
OR270072,Retropinna retropinna
OR270059,Retropinna retropinna
OR270058,Retropinna retropinna
OR270057,Retropinna retropinna
OR270056,Retropinna retropinna
OR270055,Retropinna retropinna
OR270054,Retropinna retropinna
OR043651,Nyctereutes procyonoides (Raccoon dog)
OR043650,Nyctereutes procyonoides (Raccoon dog)
OR043647,Nyctereutes procyonoides (Raccoon dog)
OR043656,Nyctereutes procyonoides (Raccoon dog)
OR043655,Nyctereutes procyonoides (Raccoon dog)
OR043654,Nyctereutes procyonoides (Raccoon dog)
OR043653,Nyctereutes procyonoides (Raccoon dog)
OR043652,Nyctereutes procyonoides (Raccoon dog)
OR043649,Nyctereutes procyonoides (Raccoon dog)
OR043648,Nyctereutes procyonoides (Raccoon dog)
OP589985,Miniopterus orianae oceanensis
OP589984,Miniopterus orianae oceanensis
OP589983,Miniopterus orianae oceanensis
OP589982,Miniopterus orianae oceanensis
OP589981,Miniopterus orianae oceanensis
OP589980,Miniopterus orianae oceanensis
OP589979,Miniopterus orianae oceanensis
OP589978,Miniopterus orianae oceanensis
OP589977,Miniopterus orianae oceanensis
OQ805853,NA
OQ805852,NA
OQ787033,goose
OQ873517,Homo sapiens
OQ781001,swine
OQ693700,donkey
OR148666,Bos taurus breed Hanwoo
OR148665,Bos taurus breed Hanwoo
OR148664,Bos taurus breed Hanwoo
OR148663,Bos taurus breed Hanwoo
OR148662,Bos taurus breed Hanwoo
OR148661,Bos taurus breed Hanwoo
OR148660,Bos taurus breed Hanwoo
OQ606244,Rousettus madagascariensis
OQ709181,Hipposideros pomona
OQ709180,Hipposideros larvatus
OQ709194,Eonycteris spelaea
OQ709193,Rhinolophus pearsonii
OQ709192,Rhinolophus stheno
OQ709191,Rhinolophus stheno
OQ709190,Rhinolophus thomasi
OQ709189,Hipposideros pomona
OQ709188,Cynopterus sphinx
OQ709182,Rhinolophus macrotis
OP963604,Rhinolophus pusillus
OP963603,Rhinolophus pusillus
OP963602,Hipposideros pomona
OP963601,Hipposideros pomona
OP963600,Hipposideros larvatus
MK404649,Ovis aries
MK404648,Ovis aries
MK404647,Capra hircus
MK404646,Capra hircus
MK404645,Capra hircus
MK987103,Bos taurus
MK987102,Bos taurus
MK987101,Bos taurus
MK987100,Bos taurus
MK987099,Bos taurus
MK211323,Ovibos moschatus
OQ198437,Homo sapiens
OQ198436,Homo sapiens
OQ198435,Homo sapiens
OQ198434,Homo sapiens
OQ198433,Homo sapiens
OQ198432,Homo sapiens
OQ198431,Homo sapiens
OQ198430,Homo sapiens
OQ198429,Homo sapiens
OQ198428,Homo sapiens
OQ198427,Homo sapiens
OP141167,Miniopterus fuliginosus
OP141166,Miniopterus fuliginosus
OP141160,Miniopterus fuliginosus
OP141159,Miniopterus fuliginosus
OQ300510,Podarcis siculus; sex: female
OQ300509,Podarcis siculus; sex: male
OQ300508,Tarentola mauritanica; sex: female
OQ300507,Tarentola mauritanica; sex: male
OQ300506,Podarcis siculus; sex: male
OQ300505,Podarcis siculus; sex: male
ON400505,goose
OQ943923,Homo sapiens
OQ943922,Homo sapiens
OQ943921,Homo sapiens
OQ943920,Homo sapiens
OQ943919,Homo sapiens
OQ943918,Homo sapiens
OQ943917,Homo sapiens
OQ943916,Homo sapiens
OQ943915,Homo sapiens
OQ943914,Homo sapiens
OQ943913,Homo sapiens
OQ943912,Homo sapiens
OQ943911,Homo sapiens
OQ943910,Homo sapiens
OQ943909,Homo sapiens
OQ943908,Homo sapiens
OQ943907,Homo sapiens
OQ943906,Homo sapiens
OQ943905,Homo sapiens
OQ943904,Homo sapiens
OQ943903,Homo sapiens
OQ943902,Homo sapiens
OQ943901,Homo sapiens
OQ943900,Homo sapiens
OQ943899,Homo sapiens
OQ943898,Homo sapiens
OQ943897,Homo sapiens
OQ943896,Homo sapiens
OQ943895,Homo sapiens
OQ943894,Homo sapiens
OQ943893,Homo sapiens
OQ943892,Homo sapiens
OQ943891,Homo sapiens
OQ943890,Homo sapiens
OQ943889,Homo sapiens
OQ943888,Homo sapiens
OQ943887,Homo sapiens
OQ943886,Homo sapiens
OQ943885,Homo sapiens
OQ943884,Homo sapiens
OQ943883,Homo sapiens
OQ943882,Homo sapiens
OQ943881,Homo sapiens
OQ943880,Homo sapiens
OQ943879,Homo sapiens
OQ943878,Homo sapiens
OQ943877,Homo sapiens
OQ943876,Homo sapiens
OQ943875,Homo sapiens
OQ943874,Homo sapiens
OQ943873,Homo sapiens
OQ943872,Homo sapiens
OQ943871,Homo sapiens
OQ943870,Homo sapiens
OQ943869,Homo sapiens
OQ943868,Homo sapiens
OQ943867,Homo sapiens
OQ943866,Homo sapiens
OQ943865,Homo sapiens
OQ943864,Homo sapiens
OQ943863,Homo sapiens
OQ943862,Homo sapiens
OQ943861,Homo sapiens
OQ943860,Homo sapiens
OQ943859,Homo sapiens
OQ943858,Homo sapiens
OQ943857,Homo sapiens
OQ943856,Homo sapiens
OQ943855,Homo sapiens
OQ943854,Homo sapiens
OQ943853,Homo sapiens
OQ943852,Homo sapiens
OQ943851,Homo sapiens
OQ943850,Homo sapiens
OQ943849,Homo sapiens
OQ943848,Homo sapiens
OQ943847,Homo sapiens
OQ943846,Homo sapiens
OQ909424,goose
ON382522,goose
ON382521,goose
ON382520,goose
ON382519,goose
OQ076692,goose
OQ079564,Canis lupus (wolf)
OQ079562,Cervus elaphus (red deer)
OQ079561,Mustelidae
OQ079560,Cervus elaphus (red deer)
OQ079559,Hystrix cristata (porcupine)
OQ079558,Vulpes vulpes (fox)
OQ685946,Gallus gallus
OQ685945,Gallus gallus
OP293097,Homo sapiens
OQ968312,Homo sapiens
OQ968311,Homo sapiens
OQ968310,Homo sapiens
OQ968309,Homo sapiens
OQ968308,Homo sapiens
OQ968307,Homo sapiens
OQ968306,Homo sapiens
OQ968305,Homo sapiens
OQ968304,Homo sapiens
OQ968303,Homo sapiens
OQ968302,Homo sapiens
OP967012,chicken
OP967011,chicken
OP967010,chicken
OP967009,chicken
OP967008,chicken
OP967007,chicken
OP967006,chicken
OP967005,chicken
OP967004,chicken
OP967003,chicken
MW927503,rodent
OP764611,goose
OP776630,goose
OP776629,goose
OM256543,chicken
OM256542,chicken
OM256541,chicken
OM256540,chicken
OP696941,NA
OP696940,NA
OP696939,NA
OP696938,NA
OP696937,NA
OP696936,NA
OP696935,NA
OP696934,NA
OP696933,NA
OP696932,NA
OP681161,feline
OP681160,feline
OP681159,feline
OP681158,feline
OP681157,feline
OP681156,feline
OP681155,feline
OP681154,feline
OQ599876,Bufo gargarizans
OP643782,Sus scrofa domesticus (pig)
OP643781,Sus scrofa domesticus (pig)
OP643780,Sus scrofa domesticus (pig)
OP643779,Sus scrofa domesticus (pig)
OP643778,Sus scrofa domesticus (pig)
OP643777,Sus scrofa domesticus (pig)
OP643776,Sus scrofa domesticus (pig)
OP643775,Sus scrofa domesticus (pig)
OP643774,Sus scrofa domesticus (pig)
OP643773,Sus scrofa domesticus (pig)
OP643772,Sus scrofa domesticus (pig)
OP643771,Sus scrofa domesticus (pig)
OP643770,Sus scrofa domesticus (pig)
OP643769,Sus scrofa domesticus (pig)
OP594725,Homo sapiens
OQ633094,Homo sapiens
OQ633093,Homo sapiens
OQ633092,Homo sapiens
LC732194,Homo sapiens
LC732193,Homo sapiens
LC732192,Homo sapiens
LC732191,Homo sapiens
LC732190,Homo sapiens
LC732189,Homo sapiens
LC732188,Homo sapiens
LC732187,Homo sapiens
LC732186,Homo sapiens
LC732185,Homo sapiens
LC732184,Homo sapiens
LC732183,Homo sapiens
LC732182,Homo sapiens
LC732181,Homo sapiens
LC732180,Homo sapiens
LC732179,Homo sapiens
LC732178,Homo sapiens
LC732177,Homo sapiens
LC732176,Homo sapiens
LC732175,Homo sapiens
LC732174,Homo sapiens
LC732173,Homo sapiens
LC732172,Homo sapiens
LC732171,Homo sapiens
LC732170,Homo sapiens
LC732169,Homo sapiens
LC732168,Homo sapiens
LC732167,Homo sapiens
LC732166,Homo sapiens
LC732165,Homo sapiens
LC732164,Homo sapiens
LC732163,Homo sapiens
LC732162,Homo sapiens
LC732161,Homo sapiens
LC732160,Homo sapiens
LC732159,Homo sapiens
LC732158,Homo sapiens
LC732157,Homo sapiens
LC732156,Homo sapiens
LC732155,Homo sapiens
LC732154,Homo sapiens
LC732153,Homo sapiens
LC732152,Homo sapiens
LC732151,Homo sapiens
LC732150,Homo sapiens
LC732149,Homo sapiens
LC732148,Homo sapiens
LC732147,Homo sapiens
LC732146,Homo sapiens
LC732145,Homo sapiens
LC732144,Homo sapiens
LC732143,Homo sapiens
LC732142,Homo sapiens
LC732141,Homo sapiens
LC732140,Homo sapiens
LC732139,Homo sapiens
LC732138,Homo sapiens
LC732137,Homo sapiens
LC732136,Homo sapiens
LC732135,Homo sapiens
LC732134,Homo sapiens
LC732133,Homo sapiens
LC732132,Homo sapiens
LC732131,Homo sapiens
LC732130,Homo sapiens
LC732129,Homo sapiens
LC732128,Homo sapiens
LC732127,Homo sapiens
LC732126,Homo sapiens
LC732125,Homo sapiens
LC732124,Homo sapiens
LC732123,Homo sapiens
LC732122,Homo sapiens
OQ615871,Rattus norvegicus
OQ615870,Rattus flavipectus
OQ615869,Rattus flavipectus
OQ615868,Rattus flavipectus
OQ615867,Rattus flavipectus
OP221744,goose
OP221743,goose
OP221742,goose
OP221741,goose
OP221740,goose
OP221739,goose
OP221738,goose
OP221737,goose
OP221736,goose
OP221735,goose
OP221734,goose
OP221733,goose
OP221732,goose
OP221731,goose
OP221730,goose
OP221729,goose
OP221728,goose
LC732014,Homo sapiens
LC732013,Homo sapiens
LC732012,Homo sapiens
LC732011,Homo sapiens
LC732010,Homo sapiens
LC732009,Homo sapiens
LC732008,Homo sapiens
LC732007,Homo sapiens
LC732006,Homo sapiens
LC732005,Homo sapiens
LC732004,Homo sapiens
LC732003,Homo sapiens
LC732002,Homo sapiens
LC732001,Homo sapiens
LC732000,Homo sapiens
LC731999,Homo sapiens
LC731998,Homo sapiens
LC731997,Homo sapiens
LC731996,Homo sapiens
LC731995,Homo sapiens
LC731994,Homo sapiens
LC731993,Homo sapiens
LC731992,Homo sapiens
LC731991,Homo sapiens
LC731990,Homo sapiens
LC731989,Homo sapiens
LC731988,Homo sapiens
LC731987,Homo sapiens
LC731986,Homo sapiens
LC731985,Homo sapiens
LC731984,Homo sapiens
LC731983,Homo sapiens
LC731982,Homo sapiens
LC731981,Homo sapiens
LC731980,Homo sapiens
LC731979,Homo sapiens
LC731978,Homo sapiens
LC731977,Homo sapiens
LC731976,Homo sapiens
LC731975,Homo sapiens
LC731974,Homo sapiens
LC731973,Homo sapiens
LC731972,Homo sapiens
LC731971,Homo sapiens
LC731970,Homo sapiens
LC731969,Homo sapiens
LC731968,Homo sapiens
LC731967,Homo sapiens
LC731966,Homo sapiens
LC731965,Homo sapiens
LC731964,Homo sapiens
LC731963,Homo sapiens
LC731962,Homo sapiens
OP094602,Rhizomys pruinosus
ON982163,Hippocampus erectus
OP272633,goose
OQ198049,canine
OP169001,chicken
OP179660,goose
OQ543105,Homo sapiens
OQ543104,Homo sapiens
OQ543103,Homo sapiens
OQ543102,Homo sapiens
OQ543101,Homo sapiens
OQ543100,Homo sapiens
OQ543099,Homo sapiens
OQ543098,Homo sapiens
OQ543097,Homo sapiens
OQ543096,Homo sapiens
OQ543095,Homo sapiens
OQ543094,Homo sapiens
OQ543093,Homo sapiens
OQ543092,Homo sapiens
OQ543091,Homo sapiens
OQ543090,Homo sapiens
OQ543089,Homo sapiens
OQ543088,Homo sapiens
OQ543087,Homo sapiens
OQ543086,Homo sapiens
OQ543085,Homo sapiens
OQ543084,Homo sapiens
OQ543083,Homo sapiens
OQ543082,Homo sapiens
OQ543081,Homo sapiens
OQ543080,Homo sapiens
OQ543079,Homo sapiens
OQ543078,Homo sapiens
OQ543077,Homo sapiens
OQ543076,Homo sapiens
OQ543075,Homo sapiens
OQ543074,Homo sapiens
OQ543073,Homo sapiens
OQ543072,Homo sapiens
OQ543071,Homo sapiens
OQ543070,Homo sapiens
OQ543069,Homo sapiens
OQ543068,Homo sapiens
OQ543067,Homo sapiens
OQ543066,Homo sapiens
OQ543065,Homo sapiens
OQ543064,Homo sapiens
OQ543063,Homo sapiens
OQ543062,Homo sapiens
OQ543061,Homo sapiens
OQ543060,Homo sapiens
OQ543059,Homo sapiens
OQ543058,Homo sapiens
OQ543057,Homo sapiens
OQ543056,Homo sapiens
OQ543055,Homo sapiens
OQ543054,Homo sapiens
OQ543053,Homo sapiens
OQ543052,Homo sapiens
OQ543051,Homo sapiens
OQ543050,Homo sapiens
OQ543049,Homo sapiens
OQ543048,Homo sapiens
OQ543047,Homo sapiens
OQ543046,Homo sapiens
OQ543045,Homo sapiens
OQ543044,Homo sapiens
OQ543043,Homo sapiens
OQ543042,Homo sapiens
OQ543041,Homo sapiens
OQ543040,Homo sapiens
OQ543039,Homo sapiens
OQ543038,Homo sapiens
OQ543037,Homo sapiens
OQ543036,Homo sapiens
OQ543035,Homo sapiens
OQ543034,Homo sapiens
OQ543033,Homo sapiens
OQ543032,Homo sapiens
OQ543031,Homo sapiens
OQ543030,Homo sapiens
OQ543029,Homo sapiens
OQ543028,Homo sapiens
OQ543027,Homo sapiens
OQ543026,Homo sapiens
OQ543025,Homo sapiens
OQ543024,Homo sapiens
OQ543023,Homo sapiens
OQ543022,Homo sapiens
OQ543021,Homo sapiens
OQ543020,Homo sapiens
OQ543019,Homo sapiens
OQ543018,Homo sapiens
OQ543017,Homo sapiens
OQ543016,Homo sapiens
OQ543015,Homo sapiens
OQ543014,Homo sapiens
ON807354,environment
ON807353,environment
ON807352,environment
ON807351,environment
ON807350,environment
ON807349,environment
ON807348,environment
ON807347,environment
ON807346,environment
ON807345,environment
ON807344,environment
ON807320,environment
ON807319,environment
ON807318,environment
ON886356,Homo sapiens
ON886355,Homo sapiens
ON886354,Homo sapiens
ON886353,Homo sapiens
ON886352,Homo sapiens
ON886351,Homo sapiens
ON886350,Homo sapiens
ON886349,Homo sapiens
ON886348,Homo sapiens
ON886347,Homo sapiens
ON886346,Homo sapiens
ON886345,Homo sapiens
ON886344,Homo sapiens
ON886343,Homo sapiens
ON886342,Homo sapiens
ON886341,Homo sapiens
ON886340,Homo sapiens
ON886339,Homo sapiens
ON886338,Homo sapiens
ON886337,Homo sapiens
ON886336,Homo sapiens
ON886335,Homo sapiens
ON886334,Homo sapiens
ON886333,Homo sapiens
ON886332,Homo sapiens
ON886331,Homo sapiens
ON886330,Homo sapiens
ON932808,Rattus tanezumi
ON932807,Rattus tanezumi
ON932806,Rattus tanezumi
ON932805,Rattus tanezumi
OQ630461,Homo sapiens
OP292324,Homo sapiens
OP292323,Homo sapiens
OP292322,Homo sapiens
OP292321,Homo sapiens
OP292320,Homo sapiens
OP292319,Homo sapiens
OP621341,goose
OP621340,goose
OP621339,goose
OP621338,goose
OP621337,goose
OP621336,goose
OP621335,goose
OP621334,goose
OP621333,goose embryo
OP621332,goose
OP621331,goose
OP621330,goose
OP484924,goose
OP484923,goose
ON682303,Cow
ON682302,Cow
ON682301,Cow
ON682300,Cow
ON682299,Cow
ON682298,Cow
ON682297,Cow
ON682296,Cow
ON682295,Cow
ON682294,Cow
ON682293,Cow
ON682292,Cow
ON682291,Cow
ON682290,Cow
ON682289,Cow
ON682288,Cow
ON682287,Cow
ON682286,Cow
ON682285,Cow
ON682284,Cow
ON682283,Cow
ON682282,Cow
ON682281,Cow
ON682280,Cow
ON682279,Cow
ON682278,Cow
ON682277,Cow
ON682276,Cow
ON682275,Cow
ON682274,Cow
ON682273,Cow
ON682272,Cow
ON682271,Cow
ON595954,Blenniella sp.
ON595953,Luposicya lupus
ON595952,Luposicya lupus
ON595951,Luposicya lupus
ON595950,Istigobius goldmanni
ON595949,Istigobius goldmanni
ON595948,Istigobius goldmanni
ON595947,Asterropteryx semipunctata
ON595946,Asterropteryx semipunctata
ON595945,Asterropteryx semipunctata
ON595944,Istigobius nigroocellatus
ON595943,Istigobius nigroocellatus
ON595942,Istigobius nigroocellatus
ON595941,Istigobius decoratus
ON595940,Istigobius decoratus
ON595939,Istigobius decoratus
ON595938,Cabillus tongarevae
ON595937,Cabillus tongarevae
ON595936,Cabillus tongarevae
OP851369,Capreolus capreolus (roe deer)
OP851368,Vulpes vulpes (red fox)
ON979523,Homo sapiens
ON979522,Homo sapiens
ON979521,Homo sapiens
ON954324,goose
ON954170,Sus scrofa domesticus
ON954169,Sus scrofa domesticus
OP482094,NA
OP482093,NA
OQ198051,canine
OQ198050,canine
OQ198048,canine
OQ198047,canine
OQ198046,canine
OQ198045,canine
OQ198044,canine
OQ198043,canine
OQ198042,canine
OQ198041,canine
OQ198040,canine
OQ198039,canine
OQ198038,canine
OQ198037,canine
OQ198036,canine
OQ198035,canine
OQ198034,canine
OQ198033,canine
ON885952,Sichuan takin
ON885951,Water buffalo
ON885950,Water buffalo
ON885949,Water buffalo
OM469246,Gallus gallus domesticus (broiler)
OM469245,Gallus gallus domesticus (broiler)
OM469244,Gallus gallus domesticus (broiler)
OM469243,Gallus gallus domesticus (broiler)
OM469242,Gallus gallus domesticus (broiler)
OM469241,Gallus gallus domesticus (broiler)
OM469240,Gallus gallus domesticus (broiler)
OM469239,Gallus gallus domesticus (broiler)
OM469238,Gallus gallus domesticus (broiler)
OM469237,Gallus gallus domesticus (broiler)
OM469236,Gallus gallus domesticus (broiler)
OM469235,Gallus gallus domesticus (broiler)
OM469234,Gallus gallus domesticus (broiler)
OM469233,Gallus gallus domesticus (broiler)
OM469232,Gallus gallus domesticus (broiler)
OM469231,Gallus gallus domesticus (broiler)
OM469230,Gallus gallus domesticus (broiler)
OM469229,Gallus gallus domesticus (broiler)
ON971223,goose
OP556137,goose
OP331312,NA
ON624279,cow
ON624264,cow
ON624259,cow
ON624284,cow
ON624283,cow
ON624282,cow
ON624281,cow
ON624280,cow
ON624278,cow
ON624277,cow
ON624276,cow
ON624275,cow
ON624274,cow
ON624273,cow
ON624272,cow
ON624271,cow
ON624270,cow
ON624269,cow
ON624268,cow
ON624267,cow
ON624266,cow
ON624265,cow
ON624263,cow
ON624262,cow
ON624261,cow
ON624260,cow
ON624258,cow
ON624257,cow
ON624256,cow
ON624255,cow
ON624254,cow
ON624253,cow
ON624252,cow
ON624251,cow
ON669289,Homo sapiens
ON669288,Homo sapiens
ON669287,Homo sapiens
ON669286,Homo sapiens
ON669285,Homo sapiens
ON669284,Homo sapiens
ON571598,Homo sapiens
ON571597,Homo sapiens
ON571596,Homo sapiens
ON571595,Homo sapiens
ON571594,Homo sapiens
OM892279,rhinos
OM892278,deer
ON552247,bovine
ON391462,piglet
ON376722,goose
OP076766,Camelus bactrianus
OP076765,Camelus bactrianus
OP076764,Camelus bactrianus
OP076763,Camelus bactrianus
OP076762,Camelus bactrianus
OP076761,Camelus bactrianus
OP076760,Camelus bactrianus
OP076759,Camelus bactrianus
OP076758,Camelus bactrianus
OP076757,Camelus bactrianus
OP076756,Camelus bactrianus
OP076755,Camelus bactrianus
OP076754,Camelus bactrianus
OP076753,Camelus bactrianus
OP076752,Camelus bactrianus
OP076751,Camelus bactrianus
OP076750,Camelus dromedarius
OP076749,Camelus dromedarius
OP076748,Camelus dromedarius
OP076747,Camelus dromedarius
OP076746,Camelus dromedarius
OP076745,Camelus dromedarius
OP076744,Camelus dromedarius
OP076743,Camelus dromedarius
ON205965,goose
OM811460,goose
OM811459,goose
OM811458,goose
ON191568,Bos taurus
OP820521,duck
ON156528,goose
ON964512,Gallus gallus
OP432301,Homo sapiens
OP432300,Homo sapiens
OP432299,Homo sapiens
OP432298,Homo sapiens
OP432297,Homo sapiens
OP432296,Homo sapiens
OP432295,Homo sapiens
OP432294,Homo sapiens
OP432293,Homo sapiens
OP413964,pig
OP413961,pig
OP413952,pig
OP413944,pig
ON010707,bovine
ON010706,bovine
ON010705,bovine
ON010704,bovine
ON010703,bovine
ON010702,bovine
ON010701,bovine
ON010700,bovine
ON010699,bovine
ON010698,bovine
ON010697,bovine
ON010696,bovine
ON010695,bovine
ON010694,bovine
ON010693,bovine
ON010692,bovine
ON010691,bovine
ON010690,bovine
ON010689,bovine
ON010688,bovine
ON010687,bovine
ON010686,bovine
ON010685,bovine
ON010684,bovine
ON010683,bovine
ON010682,bovine
ON010681,bovine
ON010680,bovine
ON010679,bovine
ON010678,bovine
ON010677,bovine
MW450837,Miniopterus schreibersii
OQ110736,Homo sapiens
OQ110735,Homo sapiens
OQ110734,Homo sapiens
OQ110733,Homo sapiens
OQ110732,Homo sapiens
OQ110731,Homo sapiens
ON049473,goose
ON049472,goose
ON049471,goose
ON049470,goose
ON049469,goose
ON049468,goose
ON049467,goose
OP381862,swine
OP381861,swine
OP381860,swine
OP381859,swine
OP381858,swine
OP381857,swine
OP381855,swine
OP381854,swine
OP381853,swine
OP381852,swine
OP381850,swine
OP381849,swine
OP381848,swine
OP381847,swine
OP381846,swine
OP381845,swine
OP381844,swine
OP381843,swine
OP381842,swine
OP381841,swine
OP381840,swine
OP381839,swine
OP381838,swine
OP381837,swine
OP381836,swine
OP381835,swine
OP381834,swine
OP381832,swine
OP381830,swine
OP381829,swine
OP381828,swine
OP381826,swine
OP381824,swine
OP381823,swine
ON745304,landaise
OM937013,goose
OP413962,pig
OP413949,pig
OP413943,pig
OP413966,pig
OP413965,pig
OP413963,pig
OP413960,pig
OP413959,pig
OP413958,pig
OP413957,pig
OP413956,pig
OP413955,pig
OP413954,pig
OP413953,pig
OP413951,pig
OP413950,pig
OP413948,pig
OP413947,pig
OP413946,pig
OP413945,pig
OP413942,pig
OP413941,pig
MT981054,Homo sapiens
MT981053,Homo sapiens
MT981052,Homo sapiens
ON595840,Felis catus
ON595839,Felis catus
OL762473,goose
ON595841,Felis catus
ON595838,Felis catus
ON595837,Felis catus
ON595836,Felis catus
ON595835,Felis catus
ON595834,Felis catus
ON595833,Felis catus
ON595832,Felis catus
ON595831,Felis catus
ON595830,Felis catus
ON595829,Felis catus
ON595828,Felis catus
ON595827,Felis catus
ON595826,Felis catus
ON595825,Felis catus
ON595824,Felis catus
OM103852,Homo sapiens
OM103851,Homo sapiens
OM103850,Homo sapiens
OM103849,Homo sapiens
OM103848,Homo sapiens
OM103847,Homo sapiens
OM103846,Homo sapiens
OM103845,Homo sapiens
OM103844,Homo sapiens
OM103843,Homo sapiens
OM103842,Homo sapiens
OM103841,Homo sapiens
OM103840,Homo sapiens
OM103839,Homo sapiens
OM103838,Homo sapiens
OM103837,Homo sapiens
OM103836,Homo sapiens
OM103835,Homo sapiens
OM103834,Homo sapiens
OM103833,Homo sapiens
OM103832,Homo sapiens
OM103831,Homo sapiens
OM103830,Homo sapiens
OM103829,Homo sapiens
OM103828,Homo sapiens
OM103827,Homo sapiens
OM103826,Homo sapiens
OM103825,Homo sapiens
OM103824,Homo sapiens
OM103823,Homo sapiens
OM103822,Homo sapiens
OM103821,Homo sapiens
OM103820,Homo sapiens
OM103819,Homo sapiens
OM103818,Homo sapiens
OM103817,Homo sapiens
OM103816,Homo sapiens
OM103815,Homo sapiens
OM103814,Homo sapiens
OM103813,Homo sapiens
OM103812,Homo sapiens
OM103811,Homo sapiens
OM103810,Homo sapiens
OM103809,Homo sapiens
OM103808,Homo sapiens
OM103807,Homo sapiens
OM103806,Homo sapiens
OM103805,Homo sapiens
OM103804,Homo sapiens
OM103803,Homo sapiens
OM103802,Homo sapiens
OM103801,Homo sapiens
OM103800,Homo sapiens
OM103799,Homo sapiens
OM103798,Homo sapiens
OM066895,goose
OM066894,goose
OM066893,goose
OM066892,goose
OK491635,murine
OL853843,goose
OM047214,Corvus frugilegus
OM047213,Coloeus monedula
OM047212,Coloeus monedula
OM047211,Hirundo rustica
OM047210,Merops apiaster
OM047209,Columba livia
OM047208,Hydroprogne caspia
OL695857,swine
OL695856,swine
OL695855,swine
OL695854,swine
OL695853,swine
OL695852,swine
OL695851,swine
OL695850,swine
OL695849,swine
OL695848,swine
OL689632,Porcine
OM719749,Goose
BK061393,Strophurus ciliaris
OK274244,chicken
OK274243,chicken
OK274242,chicken
OK274241,chicken
OK274240,chicken
OK274239,chicken
OK274238,chicken
OK274237,chicken
OK274236,chicken
OK274235,chicken
OK274234,chicken
OK274233,chicken
OK274232,chicken
OK274231,chicken
OM100603,goose
OM100602,goose
OM100601,goose
OM100600,goose
OM100599,goose
OM100598,goose
OM100597,goose
OM100596,goose
OM100595,goose
OM100594,goose
OM100593,goose
OM100592,goose
OM100591,goose
OM100590,goose
OM455389,goose
OM455388,goose
OM264914,goslings
OM264913,goslings
OM264912,goslings
OM264911,goslings
OM200916,goslings
OP093958,Canis lupus familiaris
OP093957,Canis lupus familiaris
ON792972,Sus scrofa
ON792971,Sus scrofa
ON792970,Sus scrofa
ON792969,Sus scrofa
ON792968,Sus scrofa
ON792967,Sus scrofa
ON715001,Sus scrofa
ON714997,Sus scrofa
ON714996,Sus scrofa
OP482149,Chroicocephalus ridibundus
OP482148,Chroicocephalus ridibundus
OP482147,Chroicocephalus ridibundus
OP482146,Chroicocephalus ridibundus
OP482145,Chroicocephalus ridibundus
OP482144,Anser indicus
OP482143,Anser indicus
OP482142,Anser indicus
OP482141,Anser indicus
OP482140,Anser indicus
OP482139,Anser indicus
OP482138,Anser indicus
OP482137,Anser indicus
OP482136,Anser indicus
OP482135,Anser indicus
OP482134,Anser indicus
OP482133,Anser indicus
OP482132,Anser indicus
OP482131,Hipposideros pomona
OP482130,Rhinolophus sinicus
OP482129,Hipposideros pomona
OP482128,Anser indicus
OP482127,Anser indicus
OP482126,Mus pahari
OP482125,Chroicocephalus ridibundus
OP482124,Mus caroli
OP482123,Rattus norvegicus
OP482122,Rattus norvegicus
OP482121,Rattus norvegicus
OP482120,Rattus norvegicus
OP482119,Rattus norvegicus
OP482118,Rattus norvegicus
OP482117,Rattus norvegicus
OP482116,Rattus norvegicus
OP482115,Rattus tanezumi
OP482114,Rattus tanezumi
OP482113,Rattus norvegicus
OP482112,Rattus tanezumi
OP482111,Rattus norvegicus
OP482110,Rattus norvegicus
OP482109,Sus scrofa
OP482108,Sus scrofa
OP482107,Sus scrofa
OP482106,Sus scrofa
OP482105,Sus scrofa
OP482104,porcupine
OP482103,porcupine
OP482102,porcupine
OP482101,Chroicocephalus ridibundus
OP482100,Chroicocephalus ridibundus
OP482099,Chroicocephalus ridibundus
OP482098,Chroicocephalus ridibundus
OM451103,porcupine
OL982615,goose
OL982614,goose
OL982613,goose
OL963558,goose
OL963557,goose
OL963556,goose
OL963555,goose
OP524618,Homo sapiens
OP524617,Homo sapiens
OP524616,Homo sapiens
OP524615,Homo sapiens
OP524614,Homo sapiens
OP524613,Homo sapiens
OP524612,Homo sapiens
OP524611,Homo sapiens
OP524610,Homo sapiens
OP524609,Homo sapiens
OP524608,Homo sapiens
OP524607,Homo sapiens
OP524606,Homo sapiens
OP524605,Homo sapiens
OP524604,Homo sapiens
OP524603,Homo sapiens
OP524602,Homo sapiens
OP524601,Homo sapiens
OP524600,Homo sapiens
OP524599,Homo sapiens
OP524598,Homo sapiens
OP524597,Homo sapiens
OP524596,Homo sapiens
OP524595,Homo sapiens
OP524594,Homo sapiens
OP524593,Homo sapiens
OP524592,Homo sapiens
OP524591,Homo sapiens
OP524590,Homo sapiens
OP524589,Homo sapiens
OP524588,Homo sapiens
OP524587,Homo sapiens
OP524586,Homo sapiens
OP524585,Homo sapiens
OP524584,Homo sapiens
OP524583,Homo sapiens
OP524582,Homo sapiens
OP524581,Homo sapiens
OP524580,Homo sapiens
OP524579,Homo sapiens
OM793621,goose
OP474168,Manis javanica
ON733251,dog
OP020131,50-day-old Landes geese
ON792966,Sus scrofa
ON792965,Sus scrofa
OL536330,goose
ON715000,Sus scrofa
ON714999,Sus scrofa
ON714998,Sus scrofa
ON093075,chicken
OK483336,Homo sapiens
OK483335,Homo sapiens
MZ325440,swine
MZ325439,swine
MZ325438,swine
MZ325437,swine
MZ325436,swine
MZ325435,swine
MZ325434,swine
MZ325433,swine
MZ325432,swine
MZ325431,swine
MZ325430,swine
MZ325429,swine
MZ325428,swine
MZ325427,swine
MZ325426,swine
MZ325425,swine
MZ325424,swine
ON792974,Sus scrofa
ON792973,Sus scrofa
ON893140,Miniopterus africanus
ON893139,Miniopterus natalensis
OL345584,Meriones unguiculatus
OL345583,Meriones unguiculatus
MW385414,Crow
MW385413,Crow
MW385412,Crow
MW855893,chicken
OP020145,Bos taurus
OP020144,Bos taurus
MW786757,goose
OK169911,goose
ON571550,home mice
OM569657,goose
OM569656,goose
MW787033,Spilopelia senegalensis
MW787032,Anas crecca
MW787031,Spatula clypeata
MW787030,Anas crecca
MW787029,Anas acuta
MW787028,Anas crecca
MW787027,Anas acuta
MW787026,Anas acuta
MW787025,Anas crecca
MW787024,Anas crecca
MW787023,Anas crecca
MW787022,Spatula clypeata
MW787021,Anas acuta
MW787020,Spatula clypeata
MW787019,Spatula clypeata
MW787018,Anas acuta
MW787017,Anas acuta
MW787016,Anas crecca
MW787015,Spatula clypeata
MW787014,Spatula clypeata
MW787013,Spatula clypeata
OP121133,Myotis fimbriatus
OP121132,Myotis fimbriatus
OP121131,Myotis fimbriatus
OP121130,Myotis fimbriatus
OM514376,Leersia hexandra
MW505493,goose
MW505492,goose
MW505491,goose
MW505490,goose
MW505489,goose
MW505488,goose
MW505487,goose
MW505486,goose
MW505485,goose
ON049752,NA
ON049763,NA
ON049762,NA
ON049761,NA
ON049760,NA
ON049759,NA
ON049758,NA
ON049757,NA
ON049756,NA
ON049755,NA
ON049754,NA
ON049753,NA
ON049751,NA
ON049750,NA
ON049749,NA
ON049748,NA
ON049747,NA
MW784099,NA
MW784097,NA
MW784094,NA
MW784086,NA
MW784084,NA
MW784109,NA
MW784107,NA
MW784106,NA
MW784105,NA
MW784104,NA
MW784103,NA
MW784102,NA
MW784101,NA
MW784100,NA
MW784098,NA
MW784096,NA
MW784095,NA
MW784093,NA
MW784092,NA
MW784091,NA
MW784090,NA
MW784089,NA
MW784088,NA
MW784087,NA
MW784085,NA
MW784083,NA
MW784082,NA
MW784081,NA
MW784080,NA
MW784079,NA
MW784078,NA
MW784077,NA
MW784076,NA
MW784075,NA
MW784074,NA
MW784073,NA
MW784072,NA
MW784070,NA
MW784069,NA
MW784108,NA
MW784071,NA
MW897146,NA
MW897147,NA
MW897145,NA
MZ648231,goose
MK395166,Mus musculus; IFNAR KO
MW735973,Calliope calliope
MW735972,Cyanopica cyanus
MW735971,Phylloscopus inornatus
MW735970,Periparus ater
MW735969,Prunella montanella
MW735968,Prunella montanella
MH645631,bovine
MH645630,bovine
MH645629,bovine
MH645628,bovine
MH645627,bovine
MH645626,bovine
MN977119,domestic cat; sex: male
MN977118,domestic cat; sex: male
MT274720,Homo sapiens
MT274719,Homo sapiens
MT274718,Homo sapiens
MT274717,Homo sapiens
MT274716,Homo sapiens
MZ819185,goose
MZ819184,goose
MZ819183,goose
MW536497,goose
ON571622,goat
ON304005,Turdus philomelos
ON482290,Mus musculus
ON304043,chimpanzee
ON304004,Petroica macrocephala
ON304003,Zosterops lateralis
MZ707081,Homo sapiens
MZ540963,bovine
MT766335,NA
MT766329,NA
MT766325,NA
MT766346,NA
MT766345,NA
MT766344,NA
MT766343,NA
MT766342,NA
MT766341,NA
MT766340,NA
MT766339,NA
MT766338,NA
MT766337,NA
MT766336,NA
MT766331,NA
MT766330,NA
MT766328,NA
MT766327,NA
MT766326,NA
MT766324,NA
MT766321,NA
MT766320,NA
MT766334,NA
MT766333,NA
MT766332,NA
MT766323,NA
MT766322,NA
MT766319,NA
MT766318,NA
OM890932,goat
OM890931,goat
OM890930,goat
OM890929,goat
OM890928,goat
OM890927,goat
OM890926,goat
OM890925,goat
OM890924,goat
OM890923,goat
OM890922,goat
OM890921,goat
OM890920,goat
OM890919,goat
OM890918,goat
OM890917,goat
OM890916,goat
OM890915,goat
OM890914,goat
OM890913,goat
OM890912,goat
OM890911,goat
OM890910,goat
OM890909,goat
MT157269,Paradoxurus hermaphroditus
MT157268,Paguma larvata
OK148600,goose
MW522993,Gallus gallus
MW522992,Gallus gallus
MW522991,Gallus gallus
MW522990,Gallus gallus
OM468883,Homo sapiens
OM468882,Homo sapiens
OM468881,Homo sapiens
OM468880,Homo sapiens
OM468879,Homo sapiens
OM468878,Homo sapiens
OM468877,Homo sapiens
OM468876,Homo sapiens
OM468875,Homo sapiens
OM468874,Homo sapiens
OM468873,Homo sapiens
OM468872,Homo sapiens
OM468871,Homo sapiens
OM468870,Homo sapiens
OM468869,Homo sapiens
OM468868,Homo sapiens
OM468867,Homo sapiens
OM468866,Homo sapiens
OM468865,Homo sapiens
OM468864,Homo sapiens
OM468863,Homo sapiens
OM468862,Homo sapiens
OM468861,Homo sapiens
OM468860,Homo sapiens
OM468859,Homo sapiens
OM468858,Homo sapiens
OM468857,Homo sapiens
OM468856,Homo sapiens
OM468855,Homo sapiens
OM468854,Homo sapiens
OM468853,Homo sapiens
OM468852,Homo sapiens
OM468851,Homo sapiens
OM468850,Homo sapiens
OM468849,Homo sapiens
OM468848,Homo sapiens
OM468847,Homo sapiens
OM468846,Homo sapiens
OM468845,Homo sapiens
OM468844,Homo sapiens
OM468843,Homo sapiens
OM468842,Homo sapiens
OM468841,Homo sapiens
OM468840,Homo sapiens
OM468839,Homo sapiens
OM468838,Homo sapiens
OM468837,Homo sapiens
OM468836,Homo sapiens
OM468835,Homo sapiens
OM468834,Homo sapiens
OM468833,Homo sapiens
OM468832,Homo sapiens
OM468831,Homo sapiens
OM468830,Homo sapiens
OM468829,Homo sapiens
OM468828,Homo sapiens
OM468827,Homo sapiens
OM468826,Homo sapiens
OM468825,Homo sapiens
OM468824,Homo sapiens
OM468823,Homo sapiens
OM468822,Homo sapiens
OM468821,Homo sapiens
OM468820,Homo sapiens
OM468819,Homo sapiens
OM468818,Homo sapiens
OM468817,Homo sapiens
OM468816,Homo sapiens
OM468815,Homo sapiens
OM468814,Homo sapiens
OM468813,Homo sapiens
OM468812,Homo sapiens
OM468811,Homo sapiens
OM468810,Homo sapiens
OM468809,Homo sapiens
OM468808,Homo sapiens
OM468807,Homo sapiens
OM468806,Homo sapiens
OM468805,Homo sapiens
OM468804,Homo sapiens
OM468803,Homo sapiens
OM468802,Homo sapiens
OM468801,Homo sapiens
OM468800,Homo sapiens
OM468799,Homo sapiens
OM468798,Homo sapiens
OM468797,Homo sapiens
OM468796,Homo sapiens
OM468795,Homo sapiens
OM468794,Homo sapiens
OM468793,Homo sapiens
OM468792,Homo sapiens
OM468791,Homo sapiens
OM468790,Homo sapiens
OM468789,Homo sapiens
OM468788,Homo sapiens
OM468787,Homo sapiens
OM468786,Homo sapiens
OM468785,Homo sapiens
OM468784,Homo sapiens
OM468783,Homo sapiens
OM468782,Homo sapiens
OM468781,Homo sapiens
OM468780,Homo sapiens
OM468779,Homo sapiens
OM468778,Homo sapiens
OM468777,Homo sapiens
OM468776,Homo sapiens
OM468775,Homo sapiens
OM468774,Homo sapiens
OM468773,Homo sapiens
OM468772,Homo sapiens
OM468771,Homo sapiens
OM468770,Homo sapiens
OM468769,Homo sapiens
OM468768,Homo sapiens
OM468767,Homo sapiens
OM468766,Homo sapiens
OM468765,Homo sapiens
OM468764,Homo sapiens
OM468763,Homo sapiens
OM468762,Homo sapiens
OM468761,Homo sapiens
OM468760,Homo sapiens
OM468759,Homo sapiens
OM468758,Homo sapiens
OM468757,Homo sapiens
OM468756,Homo sapiens
OM468755,Homo sapiens
OM468754,Homo sapiens
OM468753,Homo sapiens
OM468752,Homo sapiens
OM468751,Homo sapiens
OM468750,Homo sapiens
OM468749,Homo sapiens
OM468748,Homo sapiens
OM468747,Homo sapiens
OM468746,Homo sapiens
OM468745,Homo sapiens
OM468744,Homo sapiens
OM468743,Homo sapiens
OM468742,Homo sapiens
OM468741,Homo sapiens
OM468740,Homo sapiens
OM468739,Homo sapiens
OM468738,Homo sapiens
OM468737,Homo sapiens
OM468736,Homo sapiens
OM468735,Homo sapiens
OM468734,Homo sapiens
OM468733,Homo sapiens
OM468732,Homo sapiens
OM468731,Homo sapiens
OM468730,Homo sapiens
OM468729,Homo sapiens
OM468728,Homo sapiens
OM468727,Homo sapiens
OM468726,Homo sapiens
OM468725,Homo sapiens
OM468724,Homo sapiens
OM468723,Homo sapiens
OM468722,Homo sapiens
OM468721,Homo sapiens
OM468720,Homo sapiens
OM468719,Homo sapiens
OM468718,Homo sapiens
OM468717,Homo sapiens
OM468716,Homo sapiens
OM468715,Homo sapiens
OM468714,Homo sapiens
OM468713,Homo sapiens
OM468712,Homo sapiens
OM468711,Homo sapiens
OM468710,Homo sapiens
OM468709,Homo sapiens
OM468708,Homo sapiens
OM468707,Homo sapiens
OM468706,Homo sapiens
OM468705,Homo sapiens
OM468704,Homo sapiens
OM468703,Homo sapiens
OM468702,Homo sapiens
OM468701,Homo sapiens
OM468700,Homo sapiens
OM468699,Homo sapiens
OM468698,Homo sapiens
OM468697,Homo sapiens
OM468696,Homo sapiens
OM468695,Homo sapiens
OM468694,Homo sapiens
OM468693,Homo sapiens
OM468692,Homo sapiens
OM468691,Homo sapiens
OM468690,Homo sapiens
OM468689,Homo sapiens
OM468688,Homo sapiens
OM468687,Homo sapiens
OM468686,Homo sapiens
OM468685,Homo sapiens
OM468684,Homo sapiens
OM468683,Homo sapiens
OM468682,Homo sapiens
OM468681,Homo sapiens
OM468680,Homo sapiens
OM468679,Homo sapiens
OM468678,Homo sapiens
OM468677,Homo sapiens
OM468676,Homo sapiens
OM468675,Homo sapiens
OM468674,Homo sapiens
OM468673,Homo sapiens
OM468672,Homo sapiens
OM468671,Homo sapiens
OM468670,Homo sapiens
OM468669,Homo sapiens
OM468668,Homo sapiens
OM468667,Homo sapiens
OM468666,Homo sapiens
OM468665,Homo sapiens
OM468664,Homo sapiens
OM468663,Homo sapiens
OM468662,Homo sapiens
OM468661,Homo sapiens
OM468660,Homo sapiens
OM468659,Homo sapiens
OM468658,Homo sapiens
OM468657,Homo sapiens
OM468656,Homo sapiens
OM468655,Homo sapiens
OM468654,Homo sapiens
OM468653,Homo sapiens
OM468652,Homo sapiens
OM468651,Homo sapiens
OM468650,Homo sapiens
OM468649,Homo sapiens
OM468648,Homo sapiens
OM468647,Homo sapiens
OM468646,Homo sapiens
OM468645,Homo sapiens
OM468644,Homo sapiens
OM468643,Homo sapiens
OM468642,Homo sapiens
OM468641,Homo sapiens
OM468640,Homo sapiens
OM468639,Homo sapiens
OM468638,Homo sapiens
OM468637,Homo sapiens
OM468636,Homo sapiens
OM468635,Homo sapiens
OM468634,Homo sapiens
OM468633,Homo sapiens
OM468632,Homo sapiens
OM468631,Homo sapiens
OM468630,Homo sapiens
OM468629,Homo sapiens
OM468628,Homo sapiens
OM468627,Homo sapiens
OM468626,Homo sapiens
OM468625,Homo sapiens
OM468624,Homo sapiens
OM468623,Homo sapiens
OM468622,Homo sapiens
OM468621,Homo sapiens
OM468620,Homo sapiens
OM468619,Homo sapiens
OM468618,Homo sapiens
OM468617,Homo sapiens
OM468616,Homo sapiens
OM468615,Homo sapiens
OM468614,Homo sapiens
OM468613,Homo sapiens
OM468612,Homo sapiens
OM468611,Homo sapiens
OM954093,NA
OM954095,NA
OM954094,NA
OM954092,NA
OM954091,NA
OM954090,NA
OM954089,NA
OM954088,NA
OM954087,NA
OM954086,NA
OM954085,NA
OM954084,NA
OM954083,NA
OM954082,NA
OM954081,NA
OM953854,NA
OM953853,NA
OM953852,NA
OM953851,NA
OM953850,NA
OM953849,NA
OM953848,NA
OM953847,NA
OM953846,NA
OM953845,NA
OM953844,NA
OM953843,NA
OM953842,NA
OM953841,NA
MT333776,Homo sapiens
MT333775,Homo sapiens
MT333774,Homo sapiens
MT333773,Homo sapiens
MT333772,Homo sapiens
MT333771,Homo sapiens
MT333770,Homo sapiens
MT333769,Homo sapiens
MT333768,Homo sapiens
MT333767,Homo sapiens
MT333766,Homo sapiens
MT333765,Homo sapiens
MT333764,Homo sapiens
MT333763,Homo sapiens
MT333762,Homo sapiens
MT333761,Homo sapiens
MT333760,Homo sapiens
MT333759,Homo sapiens
MT333758,Homo sapiens
MT333757,Homo sapiens
MT333756,Homo sapiens
MT333755,Homo sapiens
MT333754,Homo sapiens
MT333753,Homo sapiens
MT333752,Homo sapiens
MT333751,Homo sapiens
MT333750,Homo sapiens
MT333749,Homo sapiens
MT333748,Homo sapiens
MT333747,Homo sapiens
MT333746,Homo sapiens
MT333745,Homo sapiens
LC695000,Homo sapiens
LC694999,Homo sapiens
LC694998,Homo sapiens
LC694997,Homo sapiens
LC694996,Homo sapiens
LC694995,Homo sapiens
LC694994,Homo sapiens
LC694993,Homo sapiens
LC694992,Homo sapiens
LC694991,Homo sapiens
LC694990,Homo sapiens
LC694989,Homo sapiens
LC694988,Homo sapiens
LC694987,Homo sapiens
LC694986,Homo sapiens
LC694985,Homo sapiens
OM366152,porcine
OM366151,porcine
OM366150,porcine
OM366112,porcine
OM366111,porcine
OM366110,porcine
MZ097399,Duck
MZ097398,Duck
MZ097397,Duck
MZ097396,Duck
MZ097395,Duck
MZ097394,Chicken
MZ097393,Chicken
MZ097392,Chicken
MZ097391,Chicken
MZ097390,Chicken
MZ097389,Chicken
MZ097388,Chicken
MZ097387,Chicken
MZ097386,Chicken
MZ097385,Chicken
MZ097384,Chicken
MZ097383,Chicken
MW401223,duck
MW401222,duck
MW401221,duck
MW401220,duck
MW401219,duck
MW401218,chicken
MW401217,chicken
MW401216,chicken
MW401215,chicken
MW401214,chicken
MW401213,chicken
MW401212,chicken
MW401211,chicken
MW401210,chicken
MW401209,chicken
MW401208,chicken
MW401207,chicken
MW357988,domestic pig
MW357987,domestic pig
MW357986,domestic pig
MW357985,domestic pig
MW357984,domestic pig
MW357983,domestic pig
MW357982,domestic pig
MW357981,domestic pig
MW357980,domestic pig
OK067314,dog
OK066048,Sus scrofa
OK066047,Sus scrofa
OK066046,Sus scrofa
OK066045,Sus scrofa
OK066044,Sus scrofa
OK066043,Sus scrofa
OK066042,Sus scrofa
OK066041,Sus scrofa
OK066040,Sus scrofa
OK066039,Sus scrofa
OK066038,Sus scrofa
OK066037,Sus scrofa
OK066036,Sus scrofa
OK066035,Sus scrofa
OK066034,Sus scrofa
OK066033,Sus scrofa
OK066032,Sus scrofa
OK066031,Sus scrofa
OK066030,Sus scrofa
OK066029,Sus scrofa
OK066028,Sus scrofa
OK066027,Sus scrofa
OK066026,Sus scrofa
OK066025,Sus scrofa
OK066024,Sus scrofa
OK066023,Sus scrofa
OK066022,Sus scrofa
OK066021,Sus scrofa
OK066020,Sus scrofa
OK066019,Sus scrofa
OK066018,Sus scrofa
OK066017,Sus scrofa
OK066016,Sus scrofa
OK066015,Sus scrofa
OK066014,Sus scrofa
OK066013,Sus scrofa
OK066012,Sus scrofa
OK066011,Sus scrofa
OK066010,Sus scrofa
OK066009,Sus scrofa
OK066008,Sus scrofa
OK066007,Sus scrofa
OM273310,goose
OM273309,goose
OM273308,goose
OM273307,goose
OM273306,goose
OM273305,goose
OM273304,goose
OM273303,goose
OM273302,goose
OM339161,NA
OM339160,NA
OM339159,NA
MW239655,Homo sapiens
MW239654,Homo sapiens
MZ779126,Myodes
OM480545,Coypu
MW310482,domestic pig
MW310481,domestic pig
MW310480,domestic pig
MW310479,domestic pig
MW310478,domestic pig
MW310477,domestic pig
MW310476,domestic pig
MW310475,domestic pig
MW310474,domestic pig
MW310473,domestic pig
MW310472,domestic pig
MW310471,domestic pig
MW310470,domestic pig
MW310469,domestic pig
MW310468,domestic pig
MW310467,domestic pig
MW310466,domestic pig
MW310465,domestic pig
MW310464,domestic pig
MW310463,domestic pig
MW310462,domestic pig
MW310461,domestic pig
MW310460,domestic pig
MW310459,domestic pig
MW310458,domestic pig
MZ546174,Homo sapiens
OL871149,Retropinna retropinna
OL871148,Retropinna retropinna
OL871133,Retropinna retropinna
OL871132,Retropinna retropinna
OL871131,Gobiomorphus cotidianus
OL871130,Gobiomorphus cotidianus
OL871129,Gobiomorphus cotidianus
OL871128,Gobiomorphus cotidianus
OL871127,Gobiomorphus cotidianus
OL871126,Gobiomorphus cotidianus
OM095382,duck
OM480521,Hoary bamboo rat
OM480534,Porcupine
OM480532,Porcupine
OM451117,rabbit
OM451147,coypu
OM480543,Coypu
OM480535,Porcupine
OM480533,Porcupine
OM480544,Coypu
OM480542,Coypu
MT981282,chicken
OM451211,porcupine
OM451210,porcupine
OM451148,raccoon dog
OM451146,eurasian red squirrel
OM451145,eurasian red squirrel
OM451116,masked palm civet
OM451114,raccoon dog
OM451113,raccoon dog
OM451109,pallas's squirrel
OM451108,hoary bamboo rat
OM451107,porcupine
OM451106,porcupine
OM451105,porcupine
OM451115,Raccoon dog
OM451112,Raccoon dog
OM451111,Raccoon dog
OM451110,Eurasian red squirrel
OM451104,Porcupine
OM140654,Marmota caudata
MW504580,Sus scrofa
MW504559,Sus scrofa
MW504552,Sus scrofa
MW504579,Sus scrofa
MW504578,Sus scrofa
MW504577,Sus scrofa
MW504576,Sus scrofa
MW504575,Sus scrofa
MW504574,Sus scrofa
MW504573,Sus scrofa
MW504572,Sus scrofa
MW504571,Sus scrofa
MW504570,Sus scrofa
MW504569,Sus scrofa
MW504568,Sus scrofa
MW504567,Sus scrofa
MW504566,Sus scrofa
MW504565,Sus scrofa
MW504564,Sus scrofa
MW504563,Sus scrofa
MW504562,Sus scrofa
MW504561,Sus scrofa
MW504560,Sus scrofa
MW504558,Sus scrofa
MW504557,Sus scrofa
MW504556,Sus scrofa
MW504555,Sus scrofa
MW504554,Sus scrofa
MW504553,Sus scrofa
MW504551,Sus scrofa
MW504550,Sus scrofa
MW504549,Sus scrofa
MW504548,Sus scrofa
MW504547,Sus scrofa
MW504546,Sus scrofa
MW504545,Sus scrofa
MW217578,duck
MZ357118,Rattus norvegicus
MZ357117,Ailurus fulgens
MZ357116,Ailurus fulgens
OL762472,goose
OL762471,goose
OL682011,Homo sapiens
OL682010,Homo sapiens
OL682009,Homo sapiens
OL682008,Homo sapiens
OL682007,Homo sapiens
OL682006,Homo sapiens
OL682005,Homo sapiens
OL682004,Homo sapiens
OL682003,Homo sapiens
OL682002,Homo sapiens
OL682001,Homo sapiens
OL682000,Homo sapiens
OL681999,Homo sapiens
OL681998,Homo sapiens
OL681997,Homo sapiens
OL681996,Homo sapiens
OL681995,Homo sapiens
OL681994,Homo sapiens
OL681993,Homo sapiens
OL681992,Homo sapiens
OL681991,Homo sapiens
OL681990,Homo sapiens
OL681989,Homo sapiens
OL681988,Homo sapiens
OL681987,Homo sapiens
OL681986,Homo sapiens
OL681985,Homo sapiens
OL681984,Homo sapiens
OL681983,Homo sapiens
OL681982,Homo sapiens
OL681981,Homo sapiens
OL681980,Homo sapiens
OL681979,Homo sapiens
OL681978,Homo sapiens
OL681977,Homo sapiens
OL681976,Homo sapiens
OL681975,Homo sapiens
OL681974,Homo sapiens
MW373720,bovine
MW373719,bovine
MW373718,bovine
MW373717,bovine
MW373716,bovine
MW373715,bovine
MW373714,bovine
MW373713,bovine
MW373712,bovine
OL321961,Gallus gallus
OL321960,Gallus gallus
OL321959,Gallus gallus
OL321958,Gallus gallus
MZ540211,goose
OK135154,Homo sapiens
OK135153,Homo sapiens
OK135152,Homo sapiens
OK135151,Homo sapiens
OK135150,Homo sapiens
OL652659,duck
MZ819174,Sus scrofa
MZ819173,Sus scrofa
MZ819172,Sus scrofa
MZ819171,Sus scrofa
MZ819170,Sus scrofa
MZ819169,Sus scrofa
MZ819168,Sus scrofa
MZ819167,Sus scrofa
MZ819166,Sus scrofa
MZ819165,Sus scrofa
MZ819164,Sus scrofa
MZ819163,Sus scrofa
MZ150559,chicken
MZ209691,Tetragnatha nitens
OK571391,goslings
OK571390,goose
OK571389,goose
OL739531,Sus scrofa
OL739530,Sus scrofa
MT980823,bat
MT980821,bat
MT980822,bat
MT980820,bat
MT980819,bat
MT955603,canine
MT955602,canine
MT955601,canine
MT955600,canine
MZ327133,Homo sapiens
MZ327132,Homo sapiens
MZ327131,Homo sapiens
MZ327130,Homo sapiens
MZ327129,Homo sapiens
MZ327128,Homo sapiens
MZ327127,Homo sapiens
MZ327126,Homo sapiens
MZ327125,Homo sapiens
MZ327124,Homo sapiens
MZ327123,Homo sapiens
MZ327122,Homo sapiens
MZ327121,Homo sapiens
MZ327120,Homo sapiens
MZ327119,Homo sapiens
MZ327118,Homo sapiens
MZ327117,Homo sapiens
MZ327116,Homo sapiens
MZ327115,Homo sapiens
MZ327114,Homo sapiens
MZ327113,Homo sapiens
MZ327112,Homo sapiens
MZ327111,Homo sapiens
MZ327110,Homo sapiens
MZ327109,Homo sapiens
MZ327108,Homo sapiens
MZ327107,Homo sapiens
MZ327106,Homo sapiens
MZ327105,Homo sapiens
MZ327104,Homo sapiens
MZ327103,Homo sapiens
MZ327102,Homo sapiens
MZ327101,Homo sapiens
MZ327100,Homo sapiens
MZ327099,Homo sapiens
MZ327098,Homo sapiens
MZ327097,Homo sapiens
MZ327096,Homo sapiens
MZ327095,Homo sapiens
MW239504,Calliope calliope
MW239381,Cyanopica cyanus
MW239289,Phylloscopus inornatus
MW239205,Periparus ater
MW239195,Prunella montanella
MW239194,Prunella montanella
MT568535,Culex tritaeniorhynchus
MZ476779,shellfish
MZ476778,shellfish
MZ182272,shellfish
MZ182271,shellfish
MZ182250,shellfish
LC656684,Homo sapiens
LC656683,Homo sapiens
LC656682,Homo sapiens
OK107515,goat
OK107514,goat
OK107513,goat
OK107512,goat
MZ475060,Bos taurus
MT894143,canine
MZ614436,Miniopterus gleni; UABBA 33031; male
MZ614435,Miniopterus gleni; FMNH 221332; male
MZ614434,Miniopterus gleni; FMNH 221331; male
MZ614433,Miniopterus gleni; FMNH 221330; male
MZ614432,Miniopterus gleni; UADBA 33027; male
MZ614431,Macronycteris commersoni; UADBA 50272; female
MZ614430,Macronycteris commersoni; UADBA 50270; female
MZ614429,Macronycteris commersoni; FMNH 218012; female
MZ614428,Mops leucostigma; female
MZ614427,Mops leucostigma; male
MZ614426,Chaerephon leucogaster; male
MZ614425,Triaenops menamena; FMNH 218069; male
MZ614424,Triaenops menamena; FMNH 218064; male
MZ614423,Triaenops menamena; UADBA 50149; male
MZ614422,Triaenops menamena; UADBA 50147; male
MZ614421,Triaenops menamena; UADBA 50148; male
MZ614420,Miniopterus sororculus; FMNH 218037; female
MZ614419,Miniopterus sororculus; FMNH 218034; female
MZ614418,Miniopterus sororculus; UADBA 50344; female
MZ614417,Miniopterus mahafaliensis; FMNH 218028; male
MZ614416,Miniopterus manavi; UADBA 33041; male
MZ614415,Miniopterus manavi; UADBA 33039; male
MZ614414,Miniopterus manavi; UADBA 33038; male
MZ614413,Miniopterus manavi; UADBA 33036; male
MZ614412,Miniopterus manavi; UADBA 33034; male
MZ614411,Miniopterus manavi; UADBA 33033; male
MZ614410,Miniopterus manavi; FMNH 221429; male
MZ614409,Miniopterus manavi; FMNH 221428; male
MZ614408,Miniopterus mahafaliensis; UADBA 50159; male
MZ614407,Miniopterus mahafaliensis; FMNH 218040; male
MZ614406,Miniopterus gleni; UADBA 50170; male
MZ614405,Miniopterus gleni; UADBA 50174; male
MZ614404,Miniopterus gleni; UADBA 50171; male
MW353015,goose
KT946725,spotted dove
KT946724,feral pigeon
KT946723,spotted dove
KT946722,spotted dove
KT946721,white eye
KT946720,house crow
KT946719,house crow
KT946718,house crow
MZ576222,goose
MZ367372,Gallus gallus
MZ682112,rabbit
MZ375147,Phrynocephalus theobaldi
MZ375144,Phrynocephalus theobaldi
MZ375143,Phrynocephalus theobaldi
MZ375142,Phrynocephalus theobaldi
MZ375141,Phrynocephalus theobaldi
MZ375140,Phrynocephalus theobaldi
MZ375138,Phrynocephalus erythrurus
MZ375136,Phrynocephalus erythrurus
MZ375135,Phrynocephalus erythrurus
MZ375132,Phrynocephalus erythrurus
MZ375131,Phrynocephalus erythrurus
MZ375150,Phrynocephalus theobaldi
MZ375149,Phrynocephalus theobaldi
MZ375148,Phrynocephalus theobaldi
MZ375146,Phrynocephalus theobaldi
MZ375145,Phrynocephalus theobaldi
MZ375139,Phrynocephalus erythrurus
MZ375137,Phrynocephalus erythrurus
MZ375134,Phrynocephalus erythrurus
MZ375133,Phrynocephalus erythrurus
MW043918,Homo sapiens
MW043917,Homo sapiens
MW043916,Homo sapiens
MW043915,Homo sapiens
MW043914,Homo sapiens
MW043913,Homo sapiens
MW043912,Homo sapiens
MW043911,Homo sapiens
MW043910,Homo sapiens
MW043909,Homo sapiens
MW043908,Homo sapiens
MW043907,Homo sapiens
MW043906,Homo sapiens
MW043905,Homo sapiens
MW043904,Homo sapiens
MW043903,Homo sapiens
MW043902,Homo sapiens
MW043901,Homo sapiens
MW043900,Homo sapiens
MW043899,Homo sapiens
MW043898,Homo sapiens
MW043897,Homo sapiens
MW043896,Homo sapiens
MW043895,Homo sapiens
MW043894,Homo sapiens
MW043893,Homo sapiens
MW043892,Homo sapiens
MW043891,Homo sapiens
MW043890,Homo sapiens
MW043889,Homo sapiens
MW043888,Homo sapiens
MW043887,Homo sapiens
MZ291971,environment
MZ291970,environment
MZ291969,environment
MZ291968,environment
MZ291967,environment
MW653753,porcine
MW653752,porcine
MW653751,porcine
MW653750,porcine
MW653749,porcine
MW653748,porcine
MW653747,porcine
MW732157,porcine
MW732156,porcine
MW732155,porcine
MW732154,porcine
MW732153,porcine
MW732152,porcine
MW732151,porcine
MW732150,porcine
MW732149,porcine
MW732148,porcine
MW732147,porcine
MW732146,porcine
MW732145,porcine
MZ603733,cattle
MT361962,Homo sapiens
MT361961,Homo sapiens
MT361960,Homo sapiens
MT361959,Homo sapiens
MT361958,Homo sapiens
MT361957,Homo sapiens
MT361956,Homo sapiens
MT361955,Homo sapiens
MT361954,Homo sapiens
MT361953,Homo sapiens
MT361952,Homo sapiens
MT361951,Homo sapiens
MT361950,Homo sapiens
MT361949,Homo sapiens
MT361948,Homo sapiens
MT361947,Homo sapiens
MT361946,Homo sapiens
MT361945,Homo sapiens
MT361944,Homo sapiens
MT361943,Homo sapiens
MT361942,Homo sapiens
MT361941,Homo sapiens
MT361940,Homo sapiens
MT361939,Homo sapiens
MT361938,Homo sapiens
MT361937,Homo sapiens
MT361936,Homo sapiens
MT361935,Homo sapiens
MT361934,Homo sapiens
MT361933,Homo sapiens
MT361932,Homo sapiens
MT361931,Homo sapiens
MT361930,Homo sapiens
MT361929,Homo sapiens
MT361928,Homo sapiens
MT361927,Homo sapiens
MT361926,Homo sapiens
MT361925,Homo sapiens
MT361924,Homo sapiens
MT361923,Homo sapiens
MT361922,Homo sapiens
MT361921,Homo sapiens
MT361920,Homo sapiens
MT361919,Homo sapiens
MT361918,Homo sapiens
MT361917,Homo sapiens
MT361916,Homo sapiens
MT361915,Homo sapiens
MT361914,Homo sapiens
MT361913,Homo sapiens
MT361912,Homo sapiens
MT361911,Homo sapiens
MT361910,Homo sapiens
MT361909,Homo sapiens
MT361908,Homo sapiens
MT361907,Homo sapiens
MT361906,Homo sapiens
MT361905,Homo sapiens
MT361904,Homo sapiens
MT361903,Homo sapiens
MT361902,Homo sapiens
MT361901,Homo sapiens
MT361900,Homo sapiens
MT361899,Homo sapiens
MT361898,Homo sapiens
MT361897,Homo sapiens
MT361896,Homo sapiens
MT361895,Homo sapiens
MT361894,Homo sapiens
MT361893,Homo sapiens
MT361892,Homo sapiens
MT361891,Homo sapiens
MT361890,Homo sapiens
MT361889,Homo sapiens
MT361888,Homo sapiens
MT361887,Homo sapiens
MT361886,Homo sapiens
MT361885,Homo sapiens
MT361884,Homo sapiens
MT361883,Homo sapiens
MT361882,Homo sapiens
MT361881,Homo sapiens
MT361880,Homo sapiens
MT361879,Homo sapiens
MT361878,Homo sapiens
MT361877,Homo sapiens
MT766313,Eptesicus regulus
MZ367612,Muscovy-duck
MW803173,mice
MW803172,mice
MZ603079,NA
MZ603076,NA
MZ603074,NA
MZ603072,NA
MZ603071,NA
MW826532,rat
MW826531,rat
MW826530,rat
MW826371,bird
MN217665,Homo sapiens
MN217664,Homo sapiens
MN217663,Homo sapiens
MN217662,Homo sapiens
MN217661,Homo sapiens
MN217660,Homo sapiens
MN217659,Homo sapiens
MN217658,Homo sapiens
MN217657,Homo sapiens
MN217656,Homo sapiens
MN217655,Homo sapiens
MN217654,Homo sapiens
MN217653,Homo sapiens
MN217652,Homo sapiens
MN217651,Homo sapiens
MN217650,Homo sapiens
MN217649,Homo sapiens
MN217648,Homo sapiens
MN217647,Homo sapiens
MN217646,Homo sapiens
MN217645,Homo sapiens
MN217644,Homo sapiens
MN217643,Homo sapiens
MN217642,Homo sapiens
MN217641,Homo sapiens
MN217640,Homo sapiens
MN217639,Homo sapiens
MN217638,Homo sapiens
MN217637,Homo sapiens
MN217636,Homo sapiens
MN217635,Homo sapiens
MN217634,Homo sapiens
MN217633,Homo sapiens
MN217632,Homo sapiens
MN217631,Homo sapiens
MN217630,Homo sapiens
MN217629,Homo sapiens
MN217628,Homo sapiens
MN217627,Homo sapiens
MN217626,Homo sapiens
MN217625,Homo sapiens
MN217624,Homo sapiens
MN217623,Homo sapiens
MN217622,Homo sapiens
MN217621,Homo sapiens
MN217620,Homo sapiens
MN217619,Homo sapiens
MN217618,Homo sapiens
MN217617,Homo sapiens
MN217616,Homo sapiens
MN217615,Homo sapiens
MN217614,Homo sapiens
MN217613,Homo sapiens
MN217612,Homo sapiens
MN217611,Homo sapiens
MN217610,Homo sapiens
MN217609,Homo sapiens
MN217608,Homo sapiens
MN217607,Homo sapiens
MN217606,Homo sapiens
MN217605,Homo sapiens
MN217604,Homo sapiens
MN217603,Homo sapiens
MN217602,Homo sapiens
MN217601,Homo sapiens
MN217600,Homo sapiens
MN217599,Homo sapiens
MN217598,Homo sapiens
MN217597,Homo sapiens
MN217596,Homo sapiens
MN217595,Homo sapiens
MN217594,Homo sapiens
MN217593,Homo sapiens
MN217592,Homo sapiens
MN217591,Homo sapiens
MN217590,Homo sapiens
MT832897,Homo sapiens
MT832896,Homo sapiens
MT832895,Homo sapiens
MT832894,Homo sapiens
MT832893,Homo sapiens
MT832892,Homo sapiens
MT906859,Homo sapiens
MT906858,Homo sapiens
MT906857,Homo sapiens
MT906856,Homo sapiens
MT906855,Homo sapiens
MT906854,Homo sapiens
MT906853,Homo sapiens
MZ515550,Sus scrofa domesticus
MZ515549,Sus scrofa domesticus
MZ515548,Sus scrofa domesticus
MZ515547,Sus scrofa domesticus
MZ515546,Sus scrofa domesticus
MZ515545,Sus scrofa domesticus
MZ515544,Sus scrofa domesticus
MZ515543,Sus scrofa domesticus
MZ515542,Sus scrofa domesticus
MZ515541,Sus scrofa domesticus
MZ443626,Vespula vulgaris
MW714408,Homo sapiens
MW714407,Homo sapiens
MW714406,Homo sapiens
MZ274086,Mormopterus francoismoutoui (Reunion Free-tailed Bat)
MZ274085,Mormopterus francoismoutoui (Reunion Free-tailed Bat)
MZ274084,Mormopterus francoismoutoui (Reunion Free-tailed Bat)
MZ274083,Mormopterus francoismoutoui (Reunion Free-tailed Bat)
MZ274082,Mormopterus francoismoutoui (Reunion Free-tailed Bat)
MZ274081,Mormopterus francoismoutoui (Reunion Free-tailed Bat)
MZ274080,Mormopterus francoismoutoui (Reunion Free-tailed Bat)
MZ274079,Mormopterus francoismoutoui (Reunion Free-tailed Bat)
MZ274078,Mormopterus francoismoutoui (Reunion Free-tailed Bat)
MZ274077,Mormopterus francoismoutoui (Reunion Free-tailed Bat)
MZ274076,Mormopterus francoismoutoui (Reunion Free-tailed Bat)
MZ274075,Mormopterus francoismoutoui (Reunion Free-tailed Bat)
MK746105,chicken
MW846319,chicken
MZ005893,goat
MT758371,cattle
BR001717,Macaca mulatta
MW924359,shellfish
MW924358,shellfish
MW924357,shellfish
MW924356,shellfish
MW924355,shellfish
MW924354,shellfish
MW924353,shellfish
MW924352,shellfish
MW842778,Homo sapiens
MW842777,Homo sapiens
MW842776,Homo sapiens
MW842775,Homo sapiens
MW842774,Homo sapiens
MN241818,porcine
MW684833,Gallus gallus domesticus (broiler)
MW684832,Gallus gallus domesticus (broiler)
MW684831,Gallus gallus domesticus (broiler)
MW684830,Gallus gallus domesticus (broiler)
MW684829,Gallus gallus domesticus (broiler)
MW684828,Gallus gallus domesticus (broiler)
MW684827,Gallus gallus domesticus (broiler)
MW684826,Gallus gallus domesticus (broiler)
MW684825,Gallus gallus domesticus (broiler)
MW684824,Gallus gallus domesticus (broiler)
MW684823,Gallus gallus domesticus (broiler)
MW684822,Gallus gallus domesticus (broiler)
MW684821,Gallus gallus domesticus (broiler)
MW684820,Gallus gallus domesticus (broiler)
MW684819,Gallus gallus domesticus (broiler)
MW684818,Gallus gallus domesticus (broiler)
MW684817,Gallus gallus domesticus (broiler)
MT708902,Anser anser
MT993596,Arenaria interpres (ruddy turnstone)
MT993595,Arenaria interpres (ruddy turnstone)
MT993583,Arenaria interpres (ruddy turnstone)
MT470282,Rhinolophus thomasi; mixed sex
MT470281,Rhinolophus thomasi; mixed sex
MT470280,Rhinolophus thomasi; mixed sex
MT470279,Rhinolophus thomasi; mixed sex
MT470278,Rhinolophus thomasi; mixed sex
MT470277,Rhinolophus thomasi; mixed sex
MT470276,Rhinolophus thomasi; mixed sex
MT470275,Roussetus leschenaulti; mixed sex
MT470274,Roussetus leschenaulti; mixed sex
MT470273,Roussetus leschenaulti; mixed sex
MT470272,Roussetus leschenaulti; mixed sex
MT470271,Roussetus leschenaulti; mixed sex
MT470270,Roussetus leschenaulti; mixed sex
MW863310,Homo sapiens
MT740274,Bos taurus
MW962975,porcine
MW173390,marmot
MW173389,marmot
MT394896,Sus scrofa domesticus
MT394895,Sus scrofa domesticus
MW149253,Rattus norvegicus (Norway rat)
MN787035,Homo sapiens
MN787034,Homo sapiens
MN787033,Homo sapiens
MN787032,Homo sapiens
MN787031,Homo sapiens
MN787030,Homo sapiens
MN787029,Homo sapiens
MN787028,Homo sapiens
MW853972,Odobenus rosmarus
MW795565,Rattus norvegicus
MW795564,Rattus norvegicus
MW795563,Rattus norvegicus
MW795562,Rattus norvegicus
MW795561,Rattus norvegicus
MW795560,Rattus norvegicus
MW795559,Rattus norvegicus
MW795558,Rattus norvegicus
MW795557,Rattus norvegicus
MW795556,Rattus norvegicus
MW795555,Rattus norvegicus
MW795554,Rattus norvegicus
MW795553,Rattus norvegicus
MW795552,Rattus norvegicus
MW795551,Rattus norvegicus
MW795550,Rattus norvegicus
MW795549,Rattus norvegicus
MW795548,Rattus norvegicus
MW795547,Rattus norvegicus
MW795546,Rattus norvegicus
MW795545,Rattus norvegicus
MW795544,Rattus norvegicus
MW795543,Rattus norvegicus
MW795542,Rattus norvegicus
MW795541,Rattus norvegicus
MW795540,Rattus norvegicus
MW795539,Rattus norvegicus
MW795538,Rattus norvegicus
MW795537,Rattus norvegicus
MW795536,Rattus norvegicus
MW795535,Rattus norvegicus
MW795534,Rattus norvegicus
MW795533,Rattus norvegicus
MW795532,Rattus norvegicus
MW795531,Rattus norvegicus
MW795530,Rattus norvegicus
MW795529,Rattus norvegicus
MW795528,Rattus norvegicus
MW795527,Rattus norvegicus
MW795526,Rattus norvegicus
MW795525,Rattus norvegicus
MW795524,Rattus norvegicus
MW795523,Rattus norvegicus
MW795522,Rattus norvegicus
MW795521,Rattus norvegicus
MW795520,Rattus norvegicus
MW795519,Rattus norvegicus
MW795518,Rattus norvegicus
MW795517,Rattus norvegicus
MW795516,Rattus norvegicus
MW795515,Rattus norvegicus
MW795514,Rattus norvegicus
MW795513,Rattus norvegicus
MW795512,Rattus norvegicus
MW795511,Rattus norvegicus
MW795510,Rattus norvegicus
MW795509,Rattus norvegicus
MW795508,Rattus norvegicus
MW795507,Rattus norvegicus
MW795506,Rattus norvegicus
MW795505,Rattus norvegicus
MW795504,Rattus norvegicus
MW795503,Rattus norvegicus
MW795502,Rattus norvegicus
MW795501,Rattus norvegicus
MW795500,Rattus norvegicus
MW795499,Rattus norvegicus
MW795498,Rattus norvegicus
MW795497,Rattus norvegicus
MW795496,Rattus norvegicus
MW795495,Rattus norvegicus
MW795494,Rattus norvegicus
MW795493,Rattus norvegicus
MW795492,Rattus norvegicus
MW795491,Rattus norvegicus
MW795490,Rattus norvegicus
MW795489,Rattus norvegicus
MW795488,Rattus norvegicus
MW795487,Rattus norvegicus
MW795486,Rattus norvegicus
MW795485,Rattus norvegicus
MW795484,Rattus norvegicus
MW795483,Rattus norvegicus
MW795482,Rattus norvegicus
MW795481,Rattus norvegicus
MW795480,Rattus norvegicus
MW795479,Rattus norvegicus
MW795478,Rattus norvegicus
MW795477,Rattus norvegicus
MW795476,Rattus norvegicus
MW795475,Rattus norvegicus
MW795474,Rattus norvegicus
MW795473,Rattus norvegicus
MW795472,Rattus norvegicus
MW795471,Rattus norvegicus
MW795470,Rattus norvegicus
MW795469,Rattus norvegicus
MW795468,Rattus norvegicus
MW795467,Rattus norvegicus
MW795466,Rattus norvegicus
MW795465,Rattus norvegicus
MW795464,Rattus norvegicus
MW795463,Rattus norvegicus
MW795462,Rattus norvegicus
MW795461,Rattus norvegicus
MW795460,Rattus norvegicus
MW795459,Rattus norvegicus
MW795458,Rattus norvegicus
MW795457,Rattus norvegicus
MW795456,Rattus norvegicus
MW795455,Rattus norvegicus
MW795454,Rattus norvegicus
MW795453,Rattus norvegicus
MW795452,Rattus norvegicus
MW795451,Rattus norvegicus
MW795450,Rattus norvegicus
MW795449,Rattus norvegicus
MW795448,Rattus norvegicus
MW795447,Rattus norvegicus
MW795446,Rattus norvegicus
MW795445,Rattus norvegicus
MW795444,Rattus norvegicus
MW795443,Rattus norvegicus
MW795442,Rattus norvegicus
MW795441,Rattus norvegicus
MW795440,Rattus norvegicus
MW795439,Rattus norvegicus
MW795438,Rattus norvegicus
MW795437,Rattus norvegicus
MW795436,Rattus norvegicus
MW795435,Rattus norvegicus
MW795434,Rattus norvegicus
MW795433,Rattus norvegicus
MW795432,Rattus norvegicus
MW795431,Rattus norvegicus
MW795430,Rattus norvegicus
MW795429,Rattus norvegicus
MW795428,Rattus norvegicus
MW795427,Rattus norvegicus
MW795426,Rattus norvegicus
MW795425,Rattus norvegicus
MW795424,Rattus norvegicus
MW795423,Rattus norvegicus
MW795422,Rattus norvegicus
MW795421,Rattus norvegicus
MW795420,Rattus norvegicus
MW795419,Rattus norvegicus
MW795418,Rattus norvegicus
MW795417,Rattus norvegicus
MW795416,Rattus norvegicus
MW795415,Rattus norvegicus
MW795414,Rattus norvegicus
MW795413,Rattus norvegicus
MW795412,Rattus norvegicus
MW795411,Rattus norvegicus
MW795410,Rattus norvegicus
MW795409,Rattus norvegicus
MW795408,Rattus norvegicus
MW795407,Rattus norvegicus
MW795404,Rattus norvegicus
MW795402,Rattus norvegicus
MW795398,Rattus norvegicus
MW795397,Rattus norvegicus
MW795396,Rattus norvegicus
MW795395,Rattus norvegicus
MW795406,Rattus norvegicus
MW795405,Rattus norvegicus
MW795403,Rattus norvegicus
MW795401,Rattus norvegicus
MW795400,Rattus norvegicus
MW795399,Rattus norvegicus
MW795381,Rattus norvegicus
MW795380,Rattus norvegicus
MW795379,Rattus norvegicus
MW795378,Rattus norvegicus
MW795377,Rattus norvegicus
MW795376,Rattus norvegicus
MW795375,Rattus norvegicus
MZ218054,Myotis daubentonii
MZ218053,Myotis daubentonii
MN832787,Myotis daubentonii
MW853971,Zalophus californianus
MT110151,Helianthus niveus
MT110150,Helianthus niveus
MW803174,mice
MW399240,Nyctalus noctula
MW399239,Nyctalus noctula
MW399238,Nyctalus noctula
MW399237,Nyctalus noctula
MW399236,Nyctalus noctula
MW399235,Nyctalus noctula
MW399234,Nyctalus noctula
MW399233,Nyctalus noctula
MW399232,Vespertilio murinus
MW399231,Vespertilio murinus
MW399230,Nyctalus noctula
MW399229,Nyctalus noctula
MW399228,Nyctaus noctula
MW399227,Plecotus auritus
MW399226,Myotis daubentonii
MW399225,Pipistrellus sp. pipistrellus/pygmaeus AO-2021
MW399224,Pipistrellus sp. pipistrellus/pygmaeus AO-2021
MW399223,Pipistrellus sp. pipistrellus/pygmaeus AO-2021
MW645024,Melanotaenia fluviatilis
MW645023,Gambusia holbrooki
MW645022,Gambusia holbrooki
MW645021,Leiopotherapon unicolor
MT521688,water buffalo
MT521687,water buffalo
MW074872,Neovison vison
MW525357,Homo sapiens
MW525356,Homo sapiens
MW525355,Homo sapiens
MW525354,Homo sapiens
MW525353,Homo sapiens
MW525352,Homo sapiens
MW525351,Homo sapiens
MW525350,Homo sapiens
MW525349,Homo sapiens
MW525348,Homo sapiens
MW525347,Homo sapiens
MT498600,raccoon dog
MN149395,Jinding ducks
MN149394,Jinding ducks
MN149393,Jinding ducks
MT499772,water buffalo
MT499771,water buffalo
MW249010,Desmodus rotundus
MW446478,Meleagris gallopavo
MK542514,chicken
MW298056,wild boar
MW298055,wild boar
MW298054,wild boar
MW298053,wild boar
MW298052,wild boar
MW298051,wild boar
MW298050,wild boar
MW298049,wild boar
MW298048,wild boar
MW298047,wild boar
MW298046,wild boar
MW298045,wild boar
MW298044,wild boar
MW298043,wild boar
MW298042,wild boar
MW298041,wild boar
MW298040,wild boar
MW298039,wild boar
MW298038,wild boar
MW298037,wild boar
MW298036,wild boar
MW298035,wild boar
MW298034,wild boar
MW298033,wild boar
MW298032,wild boar
MW298031,wild boar
MW298030,wild boar
MW298029,wild boar
MW298028,wild boar
MW298027,wild boar
MW298026,wild boar
MW298025,wild boar
MW298024,wild boar
MW298023,wild boar
MW298022,wild boar
MW298021,wild boar
MW298020,wild boar
MW298019,wild boar
MW298018,wild boar
MW298017,wild boar
MW298016,wild boar
MW298015,wild boar
MW298014,wild boar
MW298013,wild boar
MW298012,wild boar
MW298011,wild boar
MW298010,wild boar
MW298009,wild boar
MW298008,wild boar
MW298007,wild boar
MW298006,wild boar
MW298005,wild boar
MW298004,wild boar
MW298003,wild boar
MW298002,wild boar
MW298001,wild boar
MW298000,wild boar
MW297999,wild boar
MW297998,wild boar
MW297997,wild boar
MW297996,wild boar
MW297995,wild boar
MW297994,wild boar
MW297993,wild boar
MW297992,wild boar
MW297991,wild boar
MW297990,wild boar
MW297989,wild boar
MW297988,wild boar
MW297987,wild boar
MW297986,wild boar
MW297985,wild boar
MW297984,wild boar
MW297983,wild boar
MW297982,wild boar
MW592379,goose
MW592378,goose
MW592377,goose
MW345727,goose
MW340534,goose
MN974175,Homo sapiens; 2 years 2 months old; female
MN974174,Homo sapiens; 2 years old; female
MN974173,Homo sapiens; 1 year 9 months old; female
MN974172,Homo sapiens; 2 years 6 months old; female
MN974171,Homo sapiens; 36 years old; female
MN974170,Homo sapiens; 2 years 5 months old; male
MN974169,Homo sapiens; 1 year 10 months old; male
MN974168,Homo sapiens; 1 year 9 months old; female
MN974167,Homo sapiens; 2 years 3 months old; female
MN974166,Homo sapiens; 1 year 11 months old; female
MN974165,Homo sapiens; 2 years old; female
MN974164,Homo sapiens; 1 year 5 months old; female
MN974163,Homo sapiens; 1 year 3 months old; male
MN974162,Homo sapiens; 1 year 3 months old; female
MN974161,Homo sapiens; 5 months old; female
MN974160,Homo sapiens; 1 year old; male
MN974159,Homo sapiens; 1 year old; female
MN974158,Homo sapiens; 7 months old; female
MN974157,Homo sapiens; 11 months old; male
MP874225,NA
MP874224,NA
MP874223,NA
MP874222,NA
MP874221,NA
MP874220,NA
MP874219,NA
MP874218,NA
MT267484,Homo sapiens; infant (<5 years)
MT267483,Homo sapiens; infant (<5 years)
MT267482,Homo sapiens; infant (<5 years)
MT267481,Homo sapiens; infant (<5 years)
MT267480,Homo sapiens; infant (<5 years)
MT267479,Homo sapiens; infant (<5 years)
MT267478,Homo sapiens; infant (<5 years)
MT267477,Homo sapiens; infant (<5 years)
MT267476,Homo sapiens; infant (<5 years)
MW341109,Homo sapiens
MW341108,Homo sapiens
MW341107,Homo sapiens
MW341106,Homo sapiens
MW341105,Homo sapiens
MW341104,Homo sapiens
MW341103,Homo sapiens
MW341102,Homo sapiens
MW341101,Homo sapiens
MW341100,Homo sapiens
MW341099,Homo sapiens
MW341098,Homo sapiens
MW341097,Homo sapiens
MW341096,Homo sapiens
MW341095,Homo sapiens
MW341094,Homo sapiens
MW341093,Homo sapiens
MW341092,Homo sapiens
MW341091,Homo sapiens
MW341090,Homo sapiens
MW341089,Homo sapiens
MW341088,Homo sapiens
MW341087,Homo sapiens
MW341086,Homo sapiens
MW341085,Homo sapiens
MW341084,Homo sapiens
MW341083,Homo sapiens
MW341082,Homo sapiens
MW341081,Homo sapiens
MW341080,Homo sapiens
MW341079,Homo sapiens
MW341078,Homo sapiens
MW341077,Homo sapiens
MW341076,Homo sapiens
MW341075,Homo sapiens
MW341074,Homo sapiens
MW341073,Homo sapiens
MW341072,Homo sapiens
MW341071,Homo sapiens
MW341070,Homo sapiens
MW341069,Homo sapiens
MW341068,Homo sapiens
MW341067,Homo sapiens
MW341066,Homo sapiens
MW341065,Homo sapiens
MW341064,Homo sapiens
MW341063,Homo sapiens
MW341062,Homo sapiens
MW341061,Homo sapiens
MW341060,Homo sapiens
MW341059,Homo sapiens
MW341058,Homo sapiens
MW341057,Homo sapiens
MW341056,Homo sapiens
MW341055,Homo sapiens
MW341054,Homo sapiens
MW341053,Homo sapiens
MW341052,Homo sapiens
MW341051,Homo sapiens
MW341050,Homo sapiens
MW341049,Homo sapiens
MW341048,Homo sapiens
MW341047,Homo sapiens
MW341046,Homo sapiens
MW341045,Homo sapiens
MW341044,Homo sapiens
MW341043,Homo sapiens
MW341042,Homo sapiens
MW341041,Homo sapiens
MW341040,Homo sapiens
MW341039,Homo sapiens
MW341038,Homo sapiens
MW341037,Homo sapiens
MW341036,Homo sapiens
MW341035,Homo sapiens
MW341034,Homo sapiens
MW341033,Homo sapiens
MW341032,Homo sapiens
MW341031,Homo sapiens
MW341030,Homo sapiens
MW341029,Homo sapiens
MW341028,Homo sapiens
MW341027,Homo sapiens
MW341026,Homo sapiens
MW341025,Homo sapiens
MW341024,Homo sapiens
MW341023,Homo sapiens
MW341022,Homo sapiens
MW341021,Homo sapiens
MW341020,Homo sapiens
MW341019,Homo sapiens
MW341018,Homo sapiens
MW341017,Homo sapiens
MW341016,Homo sapiens
MW341015,Homo sapiens
MW341014,Homo sapiens
MW341013,Homo sapiens
MW341012,Homo sapiens
MW341011,Homo sapiens
MW341010,Homo sapiens
MW341009,Homo sapiens
MW341008,Homo sapiens
MW341007,Homo sapiens
MW341006,Homo sapiens
MW341005,Homo sapiens
MW341004,Homo sapiens
MW341003,Homo sapiens
MW341002,Homo sapiens
MW341001,Homo sapiens
MW341000,Homo sapiens
MW340999,Homo sapiens
MW340998,Homo sapiens
MW340997,Homo sapiens
MW340996,Homo sapiens
MT642595,porcine
MT228622,Homo sapiens; infant
MT228621,Homo sapiens; infant
MT228620,Homo sapiens; infant
MT228619,Homo sapiens; infant
MT228618,Homo sapiens; infant
MT228617,Homo sapiens; infant
MT228616,Homo sapiens; infant
MT579888,Chelidonichthys cuculus
MT579880,Zeus faber
MT579876,Platycephalus richardsoni
MT579872,Helicolenus barathri
MT157248,Homo sapiens
MT157247,Homo sapiens
MW473719,Gallus gallus
MW473720,Gallus gallus
MT123345,Rattus annandalei
MT123344,Rattus tanezumi
MT123343,Rattus tanezumi
MT123342,Rattus norvegicus
MT123341,Rattus tanezumi
MT123340,Mus musculus castaneus
MT123339,Callosciurus notatus
MT123338,Tupaia glis
MT123337,Tupaia glis
MT123336,Tupaia glis
MW413813,goose
MT934439,goose
MT934438,goose
MT934437,goose
MT585644,Gallus gallus broiler chicken
MT585643,Gallus gallus broiler chicken
MW347540,NA
MW347048,NA
MW346737,NA
MT150881,Landaise goose
MT150880,goose
MT150879,goose
MT150878,goose
MT150877,goose
MT150876,goose
MT150875,goose
MT150874,goose
MT150873,goose
MT150872,goose
MT150871,goose
MT150870,Landaise goose
MW485045,Homo sapiens
MW485044,Homo sapiens
MW485043,Homo sapiens
MW485042,Homo sapiens
MW485041,Homo sapiens
MW485040,Homo sapiens
MW485039,Homo sapiens
MW485038,Homo sapiens
MT833878,Vulpes vulpes
MW072509,Mus musculus
MW072508,Mus musculus
MT951191,Homo sapiens
MT951190,Homo sapiens
MT951189,Homo sapiens
MT432184,Homo sapiens
MW186838,Canis lupus familiaris
MW186837,Canis lupus familiaris
MW186836,Canis lupus familiaris
MW186835,Canis lupus familiaris
MW186834,Canis lupus familiaris
MW385371,Pipistrellus kuhlii
MW385370,swine
MW385369,swine
MW385368,swine
MW385367,swine
MN109957,goose
MN109956,goose
MN109955,goose
MN109954,goose
MN127959,goose
MN127958,goose
MN127957,goose
MN127956,goose
MN127955,goose
MN127954,goose
MN127953,goose
MN127952,goose
MN127951,goose
MN103532,goose
MN872687,Artibeus planirostris
MN872686,Artibeus planirostris
MN872685,Artibeus planirostris
MN872684,Artibeus planirostris
MG581960,goose
NC_034974,pig
MT894428,Anas castanea
MT894427,Anas castanea
MT894426,Anas castanea
MT894425,Anas castanea
MT894398,Anas superciliosa
MT894397,Anas superciliosa
MT894396,Anas superciliosa
MT894395,Anas superciliosa
MK509017,Meleagris gallopavo
MK509016,Meleagris gallopavo
MW164633,cat
LC577872,Sus scrofa
LC577871,Sus scrofa
LC577870,Sus scrofa
LC549662,Sus Scrofa
MT492440,buffalo
MT492439,buffalo
MT492438,buffalo
MT492437,buffalo
MT492436,buffalo
MT492435,buffalo
MT492434,buffalo
MT492433,buffalo
MT492432,buffalo
MT492431,buffalo
MT492430,buffalo
MT492429,buffalo
MT492428,buffalo
MT492427,buffalo
MT492426,buffalo
MT492425,buffalo
MT492424,buffalo
MT492423,buffalo
MT492422,buffalo
MT042836,Mandrillus sphinx
MT042834,Mandrillus sphinx
MT042835,Mandrillus sphinx
MW082586,pig
MT470220,pig
MW037841,Felis catus
MW037840,Felis catus
MW037839,Felis catus
MT036255,Homo sapiens
MT451918,pig
MT451917,pig
KY933399,pig
KY933398,pig
KY940077,pig
KY940076,pig
KY940075,pig
MN967074,Homo sapiens
MN967073,Homo sapiens
MT896156,chicken
MT896155,chicken
MT734809,bat
MT491732,Gallus gallus
MT491731,Gallus gallus
MT491730,Gallus gallus
MN882010,canine
MN882009,canine
MN882008,canine
MN882007,canine
MN882006,canine
MN882005,canine
MN882004,canine
MN882003,canine
MN882002,canine
MN882001,canine
MN882000,canine
MN881999,canine
MT789787,chicken
MT789786,chicken
MT789785,chicken
MT789784,chicken
MT789783,chicken
MT789782,chicken
MT789781,chicken
MT789780,chicken
MT789779,chicken
MT789778,chicken
MT789777,chicken
MT789776,chicken
MT789775,chicken
MT789774,chicken
MN871914,chicken
MN871913,chicken
MN871912,chicken
MN871911,chicken
MN871910,chicken
MN871909,chicken
MN871908,chicken
MN871907,chicken
MN871906,chicken
MN871905,chicken
MN871904,chicken
MN871903,chicken
MN871902,chicken
MN871901,chicken
MN871900,chicken
MN871899,chicken
MN718861,Bubalus bubalis
MN837529,Mus musculus
MN837528,Mus musculus
MN837527,Mus musculus
MN837526,Mus musculus
MN837525,Mus musculus
MN837524,Mus musculus
MN837523,Mus musculus
MN837522,Mus musculus
MN837521,Mus musculus
MN837520,Mus musculus
MN837519,Mus musculus
MN837518,Mus musculus
MN837517,Mus musculus
MN837516,Mus musculus
MN837515,Mus musculus
MN837533,us musculus
MN837532,Mus musculus
MN837531,Mus musculus
MN837514,Mus musculus
MN837513,Mus musculus
MN837512,Mus musculus
MN837511,Mus musculus
MN837510,Mus musculus
MN837509,Mus musculus
MN837508,Mus musculus
MN837507,Mus musculus
MN837506,Mus musculus
MN837505,Mus musculus
MN837504,Mus musculus
MN837503,Mus musculus
MN837502,Mus musculus
MN837530,Mus musculus
MN837501,Mus musculus
MN837500,Mus musculus
MN831204,guinea pig
MN831203,guinea pig
MN831202,guinea pig
MN831201,guinea pig
MN831200,guinea pig
MN831199,guinea pig
MN831198,guinea pig
MN831197,guinea pig
MN831196,guinea pig
MN831195,guinea pig
MN831194,mouse
MN831193,mouse
MN831192,mouse
MN831191,pig
MN831190,pig
MN831189,pig
MN831188,pig
MN831187,pig
MN831186,pig
MN831185,rabbit
MN831184,rabbit
MN831183,rabbit
MN831182,rabbit
MN831181,rabbit
MN831180,rabbit
MN831179,rabbit
MN831178,rat
MN831177,rat
MN831176,rat
MN831175,rat
MN831174,rat
MN831173,rat
MN831172,rat
MN831171,rat
MN831170,rat
MN846267,goose
MN822875,goat
MN822874,goat
MN822873,goat
MN822872,goat
MN822871,goat
MN822870,Canis lupus familiaris
MN822869,Canis lupus familiaris
MN822868,Canis lupus familiaris
MT642666,Sus scrofa
MN307120,goose
MN307119,goose
MN307118,goose
MN307117,goose
MN307116,goose
MN307115,goose
MN307114,goose
NC_025379,swine
MN788461,Mus musculus; Rag2-/-Il2rg-/- genotype
MN722567,Homo sapiens
MT549860,Rattus norvegicus
MT549859,Rattus norvegicus
MT549858,Rattus norvegicus
MT549857,Rattus norvegicus
MT549856,Rattus norvegicus
MT549855,Rattus norvegicus
MT671959,Tadarida brasiliensis bat
MT506231,Rattus norvegicus
MT076199,Pan troglodytes (chimpanzee)
KF787112,swine
MT380202,chicken
MT380201,chicken
MT380200,chicken
MN196312,bovine
MN196311,bovine
MN196310,bovine
MN196309,bovine
MN656978,Homo sapiens
MN114671,Homo sapiens
MN114670,Homo sapiens
MN114669,Homo sapiens
MN114668,Homo sapiens
MN114667,Homo sapiens
MN114666,Homo sapiens
MN114665,Homo sapiens
MN114664,Homo sapiens
MN114663,Homo sapiens
MN114662,Homo sapiens
MN114661,Homo sapiens
MN114660,Homo sapiens
MN114659,Homo sapiens
MN114658,Homo sapiens
MN114657,Homo sapiens
MN114656,Homo sapiens
MN114655,Homo sapiens
MN114654,Homo sapiens
MN114653,Homo sapiens
MN114652,Homo sapiens
MN114651,Homo sapiens
MN114650,Homo sapiens
MN114649,Homo sapiens
MN114648,Homo sapiens
MN114647,Homo sapiens
MN114646,Homo sapiens
MN114645,Homo sapiens
MN114644,Homo sapiens
MN114643,Homo sapiens
MN114642,Homo sapiens
MN114641,Homo sapiens
MN114640,Homo sapiens
MN114639,Homo sapiens
MN114638,Homo sapiens
MN894548,goose
MT078248,dog
MT078247,dog
MT078246,canine
MT078245,canine
MT078244,canine
MT078243,canine
MT078242,canine
MT078241,canine
MF490796,Homo sapiens
MF490795,Homo sapiens
MF490794,Homo sapiens
MF490793,Homo sapiens
MF490792,Homo sapiens
MF490791,Homo sapiens
MF490790,Homo sapiens
MF490789,Homo sapiens
MF490788,Homo sapiens
MF490787,Homo sapiens
MF490786,Homo sapiens
MF490785,Homo sapiens
MF490784,Homo sapiens
MF490783,Homo sapiens
MF490782,Homo sapiens
MF490781,Homo sapiens
MF490780,Homo sapiens
MF490779,Homo sapiens
MF490778,Homo sapiens
MF490777,Homo sapiens
MF490776,Homo sapiens
MF490775,Homo sapiens
MF490774,Homo sapiens
MF490773,Homo sapiens
MF490772,Homo sapiens
MF490771,Homo sapiens
MF490770,Homo sapiens
MF490769,Homo sapiens
MF490768,Homo sapiens
MF490767,Homo sapiens
MF490766,Homo sapiens
MF490765,Homo sapiens
MF490764,Homo sapiens
MF490763,Homo sapiens
MF490762,Homo sapiens
MF490761,Homo sapiens
MF490760,Homo sapiens
MF490759,Homo sapiens
MF490758,Homo sapiens
MF490757,Homo sapiens
MF490756,Homo sapiens
MF490755,Homo sapiens
MF490754,Homo sapiens
MF490753,Homo sapiens
MF490752,Homo sapiens
MF490751,Homo sapiens
MF490750,Homo sapiens
MF490749,Homo sapiens
MF490748,Homo sapiens
MF490747,Homo sapiens
MF490746,Homo sapiens
MF490745,Homo sapiens
MF490744,Homo sapiens
MF490743,Homo sapiens
MF490742,Homo sapiens
MF490741,Homo sapiens
MF490740,Homo sapiens
MF490739,Homo sapiens
MF490738,Homo sapiens
MF490737,Homo sapiens
MF490736,Homo sapiens
MF490735,Homo sapiens
MF490734,Homo sapiens
MF490733,Homo sapiens
MF490732,Homo sapiens
MF490731,Homo sapiens
MF490730,Homo sapiens
MF490729,Homo sapiens
MF490728,Homo sapiens
MF490727,Homo sapiens
MF490726,Homo sapiens
MF490725,Homo sapiens
MF490724,Homo sapiens
MF490723,Homo sapiens
MF490722,Homo sapiens
MF490721,Homo sapiens
MF490720,Homo sapiens
MF490719,Homo sapiens
MF490718,Homo sapiens
MF490717,Homo sapiens
MF490716,Homo sapiens
MF490715,Homo sapiens
MF490714,Homo sapiens
MF490713,Homo sapiens
MF490712,Homo sapiens
MF490711,Homo sapiens
MF490710,Homo sapiens
MF490709,Homo sapiens
MF490708,Homo sapiens
MF490707,Homo sapiens
MF490706,Homo sapiens
MF490705,Homo sapiens
MF490704,Homo sapiens
MF490703,Homo sapiens
MF490702,Homo sapiens
MF490701,Homo sapiens
MF490700,Homo sapiens
MF490699,Homo sapiens
MF490698,Homo sapiens
MF490697,Homo sapiens
MF490696,Homo sapiens
MF490695,Homo sapiens
MF490694,Homo sapiens
MF490693,Homo sapiens
MF490692,Homo sapiens
MF490691,Homo sapiens
MF490690,Homo sapiens
MF490689,Homo sapiens
MF490688,Homo sapiens
MF490687,Homo sapiens
MF490686,Homo sapiens
MF490685,Homo sapiens
MF490684,Homo sapiens
MF490683,Homo sapiens
MF490682,Homo sapiens
MF490681,Homo sapiens
MF490680,Homo sapiens
MF490679,Homo sapiens
MF490678,Homo sapiens
MF490677,Homo sapiens
MF490676,Homo sapiens
MF490675,Homo sapiens
MF490674,Homo sapiens
MF490673,Homo sapiens
MF490672,Homo sapiens
MF490671,Homo sapiens
MF490670,Homo sapiens
MF490669,Homo sapiens
MF490668,Homo sapiens
MF490667,Homo sapiens
MF490666,Homo sapiens
MF490665,Homo sapiens
MF490664,Homo sapiens
MF490663,Homo sapiens
MF490662,Homo sapiens
MF490661,Homo sapiens
MF490660,Homo sapiens
MF490659,Homo sapiens
MF490658,Homo sapiens
MF490657,Homo sapiens
MF490656,Homo sapiens
MF490655,Homo sapiens
MF490654,Homo sapiens
MF490653,Homo sapiens
MF490652,Homo sapiens
MF490651,Homo sapiens
MF490650,Homo sapiens
MF490649,Homo sapiens
MF490648,Homo sapiens
MF490647,Homo sapiens
MF490646,Homo sapiens
MF490645,Homo sapiens
MF490644,Homo sapiens
MF490643,Homo sapiens
MF490642,Homo sapiens
MF490641,Homo sapiens
MF490640,Homo sapiens
MF490639,Homo sapiens
MF490638,Homo sapiens
MF490637,Homo sapiens
MF490636,Homo sapiens
MF490635,Homo sapiens
MF490634,Homo sapiens
MF490633,Homo sapiens
MF490632,Homo sapiens
MF490631,Homo sapiens
MF490630,Homo sapiens
MF490629,Homo sapiens
MF490628,Homo sapiens
MF490627,Homo sapiens
MF490626,Homo sapiens
MF490625,Homo sapiens
MF490624,Homo sapiens
MF490623,Homo sapiens
MF490622,Homo sapiens
MF490621,Homo sapiens
MF490620,Homo sapiens
MF490619,Homo sapiens
MF490618,Homo sapiens
MF490617,Homo sapiens
MF490616,Homo sapiens
MF490615,Homo sapiens
MF490614,Homo sapiens
MF490613,Homo sapiens
MF490612,Homo sapiens
MF490611,Homo sapiens
MF490610,Homo sapiens
MF490609,Homo sapiens
MF490608,Homo sapiens
MF490607,Homo sapiens
MF490606,Homo sapiens
MF490605,Homo sapiens
MF490604,Homo sapiens
MF490603,Homo sapiens
MF490602,Homo sapiens
MF490601,Homo sapiens
MF490600,Homo sapiens
MF490599,Homo sapiens
MF490598,Homo sapiens
MF490597,Homo sapiens
MF490596,Homo sapiens
MF490595,Homo sapiens
MF490594,Homo sapiens
MF490593,Homo sapiens
MF490592,Homo sapiens
MF490591,Homo sapiens
MF490590,Homo sapiens
MF490589,Homo sapiens
MF490588,Homo sapiens
MF490587,Homo sapiens
MF490586,Homo sapiens
MF490585,Homo sapiens
MF490584,Homo sapiens
MF490583,Homo sapiens
MF490582,Homo sapiens
MF490581,Homo sapiens
MF490580,Homo sapiens
MF490579,Homo sapiens
MF490578,Homo sapiens
MF490577,Homo sapiens
MF490576,Homo sapiens
MF490575,Homo sapiens
MF490574,Homo sapiens
MF490573,Homo sapiens
MF490572,Homo sapiens
MF490571,Homo sapiens
MF490570,Homo sapiens
MF490569,Homo sapiens
MF490568,Homo sapiens
MF490567,Homo sapiens
MF490566,Homo sapiens
MF490565,Homo sapiens
MF490564,Homo sapiens
MF490563,Homo sapiens
MF490562,Homo sapiens
MF490561,Homo sapiens
MF490560,Homo sapiens
MF490559,Homo sapiens
MF490558,Homo sapiens
MF490557,Homo sapiens
MF490556,Homo sapiens
MF490555,Homo sapiens
MF490554,Homo sapiens
MF490553,Homo sapiens
MF490552,Homo sapiens
MF490551,Homo sapiens
MF490550,Homo sapiens
MF490549,Homo sapiens
MF490548,Homo sapiens
MF490547,Homo sapiens
MF490546,Homo sapiens
MF490545,Homo sapiens
MF490544,Homo sapiens
MF490543,Homo sapiens
MF490542,Homo sapiens
MF490541,Homo sapiens
MF490540,Homo sapiens
MF490539,Homo sapiens
MF490538,Homo sapiens
MF490537,Homo sapiens
MF490536,Homo sapiens
MF490535,Homo sapiens
MF490534,Homo sapiens
MF490533,Homo sapiens
MF490532,Homo sapiens
MF490531,Homo sapiens
MF490530,Homo sapiens
MF490529,Homo sapiens
MF490528,Homo sapiens
MF490527,Homo sapiens
MF490526,Homo sapiens
MF490525,Homo sapiens
MF490524,Homo sapiens
MF490523,Homo sapiens
MF490522,Homo sapiens
MF490521,Homo sapiens
MF490520,Homo sapiens
MF490519,Homo sapiens
MF490518,Homo sapiens
MF490517,Homo sapiens
MF490516,Homo sapiens
MF490515,Homo sapiens
MF490514,Homo sapiens
MF490513,Homo sapiens
MF490512,Homo sapiens
MF490511,Homo sapiens
MF490510,Homo sapiens
MF490509,Homo sapiens
MF490508,Homo sapiens
MF490507,Homo sapiens
MF490506,Homo sapiens
MF490505,Homo sapiens
MF490504,Homo sapiens
MF490503,Homo sapiens
MF490502,Homo sapiens
MF490501,Homo sapiens
MF490500,Homo sapiens
MF490499,Homo sapiens
MF490498,Homo sapiens
MF490497,Homo sapiens
MF490496,Homo sapiens
MF490495,Homo sapiens
MF490494,Homo sapiens
MF490493,Homo sapiens
MF490492,Homo sapiens
MF490491,Homo sapiens
MF490490,Homo sapiens
MF490489,Homo sapiens
MF490488,Homo sapiens
MF490487,Homo sapiens
MF490486,Homo sapiens
MF490485,Homo sapiens
MF490484,Homo sapiens
MF490483,Homo sapiens
MF490482,Homo sapiens
MF490481,Homo sapiens
LC519825,Homo sapiens
MN617824,Gallus gallus
MK966918,Mormopterus francoismoutoui (Reunion Free-tailed Bat)
MK966917,Mormopterus francoismoutoui (Reunion Free-tailed Bat)
MK966916,Mormopterus francoismoutoui (Reunion Free-tailed Bat)
MK966915,Mormopterus francoismoutoui (Reunion Free-tailed Bat)
MK966914,Mormopterus francoismoutoui (Reunion Free-tailed Bat)
MK966913,Mormopterus francoismoutoui (Reunion Free-tailed Bat)
MK966912,Mormopterus francoismoutoui (Reunion Free-tailed Bat)
MK966911,Mormopterus francoismoutoui (Reunion Free-tailed Bat)
MK966910,Mormopterus francoismoutoui (Reunion Free-tailed Bat)
MK966909,Mormopterus francoismoutoui (Reunion Free-tailed Bat)
MK966908,Mormopterus francoismoutoui (Reunion Free-tailed Bat)
MK966907,Mormopterus francoismoutoui (Reunion Free-tailed Bat)
MK966906,Mormopterus francoismoutoui (Reunion Free-tailed Bat)
MK966905,Mormopterus francoismoutoui (Reunion Free-tailed Bat)
MK966904,Mormopterus francoismoutoui (Reunion Free-tailed Bat)
MN807051,Gallus gallus
MN433706,Homo sapiens
MN433705,Homo sapiens
MN433704,Homo sapiens
MN433703,Homo sapiens
MH399898,pig
MT457857,NA
MT323163,duck
MT323162,duck
MT323161,duck
MN809622,duck
MT263726,chicken
MT263725,chicken
MT138015,NA
MT138012,NA
MT138011,NA
MT138010,NA
MT138007,NA
MT138005,NA
MT138002,NA
MT137999,NA
MT137996,NA
MT138016,NA
MT138014,NA
MT138013,NA
MT138009,NA
MT138008,NA
MT138006,NA
MT138004,NA
MT138003,NA
MT138001,NA
MT138000,NA
MT137998,NA
MT137997,NA
MT137995,NA
MT137994,NA
MT137993,NA
MT137992,NA
MT137991,NA
MN841288,Solanum melongena L.
MN718860,Bos taurus
MN444721,Homo sapiens
MN920672,NA
MN920671,NA
MN920670,NA
MN920669,NA
MN920668,NA
MN920667,NA
MN920666,NA
MN920665,NA
MN920664,NA
MN920663,NA
MT152345,grey squirrel
KY073233,Sus scrofa domestica (domestic swine)
EU091265,Homo sapiens
EU091263,Homo sapiens
EU091261,Homo sapiens
EU091260,Homo sapiens
EU030319,NA
EU030318,NA
EU030317,NA
EU030316,NA
EU030315,NA
EU030314,NA
EU030313,NA
EU030312,NA
EU030311,NA
EU030310,NA
EU030309,NA
EU030308,NA
EU030307,NA
EU030306,NA
EU030305,NA
EU030304,NA
EU030303,NA
EU030302,NA
EU030301,NA
EU030300,NA
EU030299,NA
EU030298,NA
EU030297,NA
EU030296,NA
EU030295,NA
EU030294,NA
EU030293,NA
EU030292,NA
EU030291,NA
EU030290,NA
EU030289,NA
EU030288,NA
EU030287,NA
DQ517523,NA
AF440797,NA
AF440796,NA
AF440795,NA
AF440794,NA
AF440793,NA
AF440792,NA
AF440791,NA
AF440309,NA
AF440308,NA
AF440307,NA
AF440306,NA
AF440305,NA
AF440304,NA
AF440303,NA
AF440302,NA
AF440301,NA
AF440300,NA
AF440299,NA
AF440298,NA
AF440297,NA
AF440296,NA
AF440295,NA
AF440294,NA
AF440293,NA
AF440292,NA
AF348801,NA
AF348800,NA
AF348799,NA
AF348798,NA
AF348797,NA
AF348796,NA
AF348795,NA
AF348794,NA
AF348793,NA
AF348792,NA
AF348791,NA
AF348790,NA
AF348789,NA
AF348788,NA
AF348787,NA
AF348786,NA
AF348785,NA
AF348784,NA
AF348783,NA
AF348782,NA
AF348781,NA
AF348780,NA
AF348779,NA
AF348778,NA
AF348777,NA
AF348776,NA
AF348775,NA
AF348774,NA
AF348773,NA
AF348772,NA
AF348771,NA
AF348770,NA
AF348769,NA
AF348768,NA
AF348767,NA
AF348766,NA
AF348765,NA
AF348764,NA
AF348763,NA
AF348762,NA
AF348761,NA
AF348760,NA
AF348759,NA
AF348758,NA
AF348757,NA
AF348756,NA
AF348755,NA
AF348754,NA
AF348753,NA
AF292072,NA
MN413618,Gallus gallus
MN413617,Gallus gallus
MN413616,Gallus gallus
MN413615,Gallus gallus
MH123921,cattle
MH123920,cattle
MH123919,cattle
MH123918,cattle
MH123917,cattle
MH123916,cattle
MH123915,cattle
MH123914,cattle
MH123913,cattle
MH123912,cattle
MH123911,cattle
MH123910,cattle
MH123909,cattle
MH123908,cattle
MH123907,cattle
MH123906,cattle
MH123905,cattle
MH123904,cattle
MH123903,cattle
MH123902,cattle
MH123901,cattle
MH123900,cattle
MH123899,cattle
MH123898,cattle
MH123897,cattle
MH123896,cattle
MH123895,cattle
MN149392,Jinding ducks
MN428645,goose
MN428644,goose
MN428643,goose
MN428642,goose
MN428641,goose
MN464146,Bos taurus breed Marchigiana
MN329813,Gallus gallus
MN329812,Gallus gallus
MN329811,Gallus gallus
MN329810,Gallus gallus
MN329809,Gallus gallus
MG693176,Eidolon helvum
MG693175,Eidolon helvum
MN318336,Homo sapiens
MN318335,Homo sapiens
MN318334,Homo sapiens
MN318333,Homo sapiens
MN318332,Homo sapiens
MN318331,Homo sapiens
MN318330,Homo sapiens
MN256448,Homo sapiens
MN242266,Homo sapiens
MN242265,Homo sapiens
MN242264,Homo sapiens
MN242263,Homo sapiens
MN242262,Homo sapiens
MN242261,Homo sapiens
MN242260,Homo sapiens
MN242259,Homo sapiens
MN242258,Homo sapiens
MN242257,Homo sapiens
MN242256,Homo sapiens
MN242255,Homo sapiens
MN242254,Homo sapiens
MN242253,Homo sapiens
MN242252,Homo sapiens
MN087316,white-tailed deer
MN123726,NA
MN123725,NA
MN123724,NA
MN123723,NA
MN123722,NA
MN123721,NA
MN230104,Homo sapiens
MN230103,Homo sapiens
MN230102,Homo sapiens
MN230101,Homo sapiens
KY054088,Macroglossus sobrinus
KY054087,Rhinosciurus laticaudatus
KY054011,Sundamys infraluteus
KY054010,Rousettus amplexicaudatus
KY054009,Balionycteris maculata
KY054008,Macaca nemestrina
KY054007,Macaca nemestrina
KY054006,Macaca nemestrina
KY053916,Tylonycteris pachypus
KY053915,Macaca fascicularis
KY053914,Macaca fascicularis
MK189093,Arenaria interpres
MN175321,goose
MN136536,pig
MN136535,pig
MN136534,pig
MN136533,pig
MN136532,pig
MN136531,pig
MN136530,pig
MN136529,pig
MN136528,pig
MN136527,pig
MN136526,pig
MN136525,pig
MN852440,Accipiter nisus (Eurasian sparrowhawk)
KY054564,Pteropus alecto
KY054563,Pteropus alecto
KY054562,Acerodon celebensis
KY054561,Pteropus alecto
KY054560,Rousettus amplexicaudatus
KY054559,Rousettus amplexicaudatus
KY054558,Rousettus amplexicaudatus
KY054557,Rousettus amplexicaudatus
KY054556,Pteropus alecto
KY054555,Pteropus alecto
KY054554,Pteropus alecto
KY054553,Pteropus alecto
KY054552,Pteropus alecto
KY054551,Taphozous melanopogon
KY054550,Myotis ricketti
KY054549,Taphozous melanopogon
KY054548,Taphozous melanopogon
KY054547,Taphozous melanopogon
KY054546,Miniopterus fuliginosus
KY054545,Miniopterus fuliginosus
KY054544,Eothenomys cachinus
KY054543,Eothenomys cachinus
KY054542,Eothenomys cachinus
KY054541,Eothenomys cachinus
KY054540,Eothenomys cachinus
KY054539,Eothenomys cachinus
KY054538,Eothenomys cachinus
KY054537,Eothenomys cachinus
KY054536,Eothenomys cachinus
KY054535,Eothenomys cachinus
KY054534,Eothenomys cachinus
KY054533,Eothenomys cachinus
KY054532,Eothenomys cachinus
KY054531,Eothenomys cachinus
KY054530,Eothenomys cachinus
KY054529,Eothenomys cachinus
KY054528,Eothenomys cachinus
KY054527,Eothenomys cachinus
KY054526,Eothenomys cachinus
KY054525,Eothenomys cachinus
KY054524,Eothenomys cachinus
KY054523,Eothenomys cachinus
KY054522,Eothenomys cachinus
KY054521,Eothenomys cachinus
KY054520,Eothenomys cachinus
KY054519,Eothenomys cachinus
KY054518,Eothenomys cachinus
KY054517,Eothenomys cachinus
KY054516,Eothenomys cachinus
KY054515,Eothenomys cachinus
KY054514,Eothenomys cachinus
KY054513,Eothenomys cachinus
KY054512,Eothenomys cachinus
KY054511,Rhinolophus affinis
KY054510,Miniopterus fuliginosus
KY054509,Miniopterus fuliginosus
KY054508,Miniopterus fuliginosus
KY054507,Miniopterus fuliginosus
KY054506,Miniopterus fuliginosus
KY054505,Miniopterus fuliginosus
KY054504,Taphozous melanopogon
KY054503,Rhizomys sinensis
KY054502,Taphozous melanopogon
KY054501,Rhizomys pruinosus
KY054500,Hystrix brachyura
KY054499,Hystrix brachyura
KY054498,Hystrix brachyura
KY054497,Hystrix brachyura
KY054496,Hystrix brachyura
KY054495,Hystrix brachyura
KY054494,Hystrix brachyura
KY054493,Hystrix brachyura
KY054492,Hystrix brachyura
KY054491,Hystrix brachyura
KY054490,Hystrix brachyura
KY054489,Hystrix brachyura
KY054488,Hystrix brachyura
KY054487,Hystrix brachyura
KY054486,Hystrix brachyura
KY054485,Hystrix brachyura
KY054484,Myotis ricketti
KY054483,Myotis ricketti
KY054482,Myotis ricketti
KY054481,Myotis ricketti
KY054480,Myotis ricketti
KY054479,Myotis ricketti
KY054478,Myotis ricketti
KY054477,Myotis ricketti
KY054476,Myotis ricketti
KY054475,Myotis ricketti
KY054474,Myotis ricketti
KY054473,Myotis ricketti
KY054472,Myotis ricketti
KY054471,Myotis ricketti
KY054470,Myotis ricketti
KY054469,Myotis ricketti
KY054468,Myotis ricketti
KY054467,Myotis ricketti
KY054466,Myotis ricketti
KY054465,Rhinolophus pusillus
KY054464,Rhizomys sinensis
KY054463,Crocidura attenuata
KY054462,Crocidura sp.
KY054461,Sorex sp.
KY054460,Ochotona thibetana
KY054459,Ochotona thibetana
KY054458,Eothenomys cachinus
KY054457,Eothenomys cachinus
KY054456,Eothenomys cachinus
KY054455,Eothenomys cachinus
KY054454,Niviventer eha
KY054453,Niviventer eha
KY054452,Niviventer eha
KY054451,Niviventer eha
KY054450,Niviventer eha
KY054449,Niviventer eha
KY054448,Eothenomys cachinus
KY054447,Akodon cursor
KY054446,Akodon cursor
KY054445,Akodon cursor
KY054444,Sturnira lilium
KY054443,Sturnira lilium
KY054442,Sturnira lilium
KY054441,Sturnira lilium
KY054440,Artibeus lituratus
KY054439,Carollia perspicillata
KY054438,Carollia perspicillata
KY054437,Carollia perspicillata
KY054436,Anoura caudifer
KY054435,Eidolon helvum
KY054434,Hipposideros caffer
KY054433,Hipposideros caffer
KY054432,Hipposideros commersoni
KY054431,Hipposideros caffer
KY054430,Hipposideros commersoni
KY054429,Myonycteris angolensis
KY054428,Hipposideros caffer
KY054427,Nycteris hispida
KY054426,Mus musculoides
KY054425,Mus musculoides
KY054424,Mus musculoides
KY054423,Mus musculoides
KY054422,Mus musculoides
KY054421,Mus musculoides
KY054420,Praomys tullbergi
KY054419,Crocidura goliath
KY054418,Praomys tullbergi
KY054417,Praomys tullbergi
KY054416,Praomys tullbergi
KY054415,Praomys tullbergi
KY054414,Praomys tullbergi
KY054413,Mus musculoides
KY054412,Mus musculoides
KY054411,Mus musculoides
KY054410,Mus musculoides
KY054409,Mus musculoides
KY054408,Mus musculoides
KY054407,Mus musculoides
KY054406,Mus musculoides
KY054405,Mus musculoides
KY054404,Mus musculoides
KY054403,Mus musculoides
KY054402,Mus musculoides
KY054401,Mus musculoides
KY054400,Mus musculoides
KY054399,Mus musculoides
KY054398,Mus musculoides
KY054397,Mus musculoides
KY054396,Mus musculoides
KY054395,Mus musculoides
KY054394,Mus musculoides
KY054393,Mus musculoides
KY054392,Mus musculoides
KY054391,Praomys tullbergi
KY054390,Crocidura goliath
KY054389,Praomys tullbergi
KY054388,Praomys tullbergi
KY054387,Mus musculoides
KY054386,Mus musculoides
KY054385,Mus musculoides
KY054384,Hylomyscus sp.
KY054383,Hylomyscus sp.
KY054382,Praomys tullbergi
KY054381,Praomys tullbergi
KY054380,Mus musculoides
KY054379,Mus musculoides
KY054378,Mus musculoides
KY054377,Mus musculoides
KY054376,Mus musculoides
KY054375,Mus musculoides
KY054374,Mus musculoides
KY054373,Mus musculoides
KY054372,Mus musculoides
KY054371,Mus musculoides
KY054370,Mus musculoides
KY054369,Mus musculoides
KY054368,Mus musculoides
KY054367,Mus musculoides
KY054366,Mus musculoides
KY054365,Mus musculoides
KY054364,Mus musculoides
KY054363,Mus musculoides
KY054362,Mus musculoides
KY054361,Mus musculoides
KY054360,Mus musculoides
KY054359,Hylomyscus sp.
KY054358,Mus musculoides
KY054357,Mus musculoides
KY054356,Mus musculoides
KY054355,Hylomyscus sp.
KY054354,Mus musculoides
KY054353,Hylomyscus sp.
KY054352,Mus musculoides
KY054351,Mus musculoides
KY054350,Mus musculoides
KY054349,Mus musculoides
KY054348,Mus musculoides
KY054347,Mus musculoides
KY054346,Mus musculoides
KY054345,Mus musculoides
KY054344,Mus musculoides
KY054343,Mus musculoides
KY054342,Mus musculoides
KY054341,Mus musculoides
KY054340,Heimyscus fumosus
KY054339,Malacomys longipes
KY054338,Hylomyscus stella
KY054337,Mus musculoides
KY054336,Mus musculoides
KY054335,Mus musculoides
KY054334,Praomys tullbergi
KY054333,Mus musculoides
KY054332,Mus musculoides
KY054331,Mus musculoides
KY054330,Mus musculoides
KY054329,Mus musculoides
KY054328,Mus musculoides
KY054327,Praomys tullbergi
KY054326,Heimyscus fumosus
KY054325,Mus musculoides
KY054324,Mus musculoides
KY054323,Mus musculoides
KY054322,Mus musculoides
KY054321,Mus musculoides
KY054320,Mus musculoides
KY054319,Mus musculoides
KY054318,Miniopterus magnater
KY054317,Miniopterus magnater
KY054316,Miniopterus magnater
KY054315,Miniopterus magnater
KY054314,Miniopterus magnater
KY054313,Miniopterus magnater
KY054312,Miniopterus magnater
KY054311,Miniopterus magnater
KY054310,Miniopterus magnater
KY054309,Miniopterus magnater
KY054308,Miniopterus magnater
KY054307,Rhinolophus coelophyllus
KY054306,Miniopterus magnater
KY054305,Miniopterus magnater
KY054304,Miniopterus magnater
KY054303,Miniopterus magnater
KY054302,Miniopterus magnater
KY054301,Miniopterus magnater
KY054300,Miniopterus magnater
KY054299,Miniopterus magnater
KY054298,Miniopterus magnater
KY054297,Miniopterus magnater
KY054296,Miniopterus magnater
KY054295,Miniopterus magnater
KY054294,Miniopterus magnater
KY054293,Miniopterus magnater
KY054292,Miniopterus magnater
KY054291,Miniopterus magnater
KY054290,Miniopterus magnater
KY054289,Miniopterus magnater
KY054288,Hipposideros larvatus
KY054287,Rhinolophus coelophyllus
KY054286,Miniopterus magnater
KY054285,Miniopterus magnater
KY054284,Miniopterus magnater
KY054283,Miniopterus magnater
KY054282,Miniopterus magnater
KY054281,Miniopterus magnater
KY054280,Miniopterus magnater
KY054279,Rattus rattus
KY054278,Rattus rattus
KY054277,Rattus rattus
KY054276,Rattus rattus
KY054275,Rattus rattus
KY054274,Rattus exulans
KY054273,Rattus rattus
KY054272,Rattus rattus
KY054271,Taphozous melanopogon
KY054270,Miniopterus magnater
KY054269,Rhinolophus coelophyllus
KY054268,Taphozous melanopogon
KY054267,Taphozous melanopogon
KY054266,Taphozous melanopogon
KY054265,Taphozous melanopogon
KY054264,Taphozous melanopogon
KY054263,Hipposideros lekaguli
KY054262,Hipposideros lekaguli
KY054261,Taphozous melanopogon
KY054260,Hipposideros armiger
KY054259,Taphozous melanopogon
KY054258,Taphozous melanopogon
KY054257,Taphozous melanopogon
KY054256,Taphozous melanopogon
KY054255,Taphozous melanopogon
KY054254,Taphozous melanopogon
KY054253,Taphozous melanopogon
KY054252,Taphozous melanopogon
KY054251,Taphozous melanopogon
KY054250,Hipposideros armiger
KY054249,Taphozous melanopogon
KY054248,Taphozous melanopogon
KY054247,Taphozous melanopogon
KY054246,Taphozous melanopogon
KY054245,Taphozous melanopogon
KY054244,Taphozous melanopogon
KY054243,Taphozous melanopogon
KY054242,Hipposideros armiger
KY054241,Taphozous melanopogon
KY054240,Taphozous melanopogon
KY054239,Taphozous melanopogon
KY054238,Taphozous melanopogon
KY054237,Hipposideros lekaguli
KY054236,Taphozous melanopogon
KY054235,Taphozous melanopogon
KY054234,Taphozous melanopogon
KY054233,Taphozous melanopogon
KY054232,Taphozous melanopogon
KY054231,Taphozous melanopogon
KY054230,Hipposideros armiger
KY054229,Hipposideros lekaguli
KY054228,Taphozous melanopogon
KY054227,Taphozous melanopogon
KY054226,Taphozous melanopogon
KY054225,Taphozous melanopogon
KY054224,Taphozous melanopogon
KY054223,Taphozous melanopogon
KY054222,Taphozous melanopogon
KY054221,Taphozous melanopogon
KY054220,Taphozous melanopogon
KY054219,Taphozous melanopogon
KY054218,Taphozous melanopogon
KY054217,Miniopterus magnater
KY054216,Miniopterus magnater
KY054215,Hipposideros armiger
KY054214,Miniopterus magnater
KY054213,Miniopterus magnater
KY054212,Miniopterus magnater
KY054211,Miniopterus magnater
KY054210,Miniopterus magnater
KY054209,Miniopterus magnater
KY054208,Miniopterus magnater
KY054207,Miniopterus magnater
KY054206,Rhinolophus shameli
KY054205,Miniopterus pusillus
KY054204,Taphozous melanopogon
KY054203,Taphozous melanopogon
KY054202,Myotis horsfieldii
KY054201,Miniopterus magnater
KY054200,Rhinolophus shameli
KY054199,Rhinolophus shameli
KY054198,Rhinolophus shameli
KY054197,Hipposideros lekaguli
KY054196,Hipposideros lekaguli
KY054195,Hipposideros lekaguli
KY054194,Hipposideros lekaguli
KY054193,Miniopterus magnater
KY054192,Taphozous melanopogon
KY054191,Hipposideros lekaguli
KY054190,Hipposideros lekaguli
KY054189,Hipposideros lekaguli
KY054188,Hipposideros lekaguli
KY054187,Hipposideros lekaguli
KY054186,Hipposideros lekaguli
KY054185,Hipposideros lekaguli
KY054184,Hipposideros lekaguli
KY054183,Hipposideros lekaguli
KY054182,Hipposideros lekaguli
KY054181,Hipposideros armiger
KY054180,Hipposideros larvatus
KY054179,Hipposideros lekaguli
KY054178,Hipposideros lekaguli
KY054177,Hipposideros larvatus
KY054176,Hipposideros larvatus
KY054175,Hipposideros lekaguli
KY054174,Taphozous melanopogon
KY054173,Taphozous melanopogon
KY054172,Taphozous melanopogon
KY054171,Taphozous melanopogon
KY054170,Hipposideros armiger
KY054169,Taphozous melanopogon
KY054168,Taphozous melanopogon
KY054167,Taphozous melanopogon
KY054166,Miniopterus magnater
KY054165,Miniopterus magnater
KY054164,Miniopterus magnater
KY054163,Miniopterus magnater
KY054162,Hipposideros larvatus
KY054161,Hipposideros larvatus
KY054160,Hipposideros armiger
KY054159,Macaca fascicularis
KY054158,Hipposideros lekaguli
KY054157,Macaca fascicularis
KY054156,Hipposideros armiger
KY054155,Miniopterus magnater
KY054154,Hipposideros larvatus
KY054153,Miniopterus magnater
KY054152,Hipposideros larvatus
KY054151,Hipposideros larvatus
KY054150,Hipposideros larvatus
KY054149,Hipposideros larvatus
KY054148,Hipposideros larvatus
KY054147,Rhinolophus coelophyllus
KY054146,Hipposideros larvatus
KY054145,Miniopterus magnater
KY054144,Hipposideros larvatus
KY054143,Hipposideros larvatus
KY054142,Hipposideros larvatus
KY054141,Miniopterus magnater
KY054140,Miniopterus magnater
KY054139,Miniopterus magnater
KY054138,Miniopterus magnater
KY054137,Miniopterus magnater
KY054136,Miniopterus magnater
KY054135,Miniopterus magnater
KY054134,Miniopterus magnater
KY054133,Miniopterus magnater
KY054132,Miniopterus magnater
KY054131,Miniopterus magnater
KY054130,Miniopterus magnater
KY054129,Miniopterus magnater
KY054128,Miniopterus magnater
KY054127,Rhinolophus coelophyllus
KY054126,Miniopterus magnater
KY054125,Miniopterus magnater
KY054124,Miniopterus magnater
KY054123,Miniopterus magnater
KY054122,Miniopterus magnater
KY054121,Miniopterus magnater
KY054120,Miniopterus magnater
KY054119,Hipposideros larvatus
KY054118,Miniopterus magnater
KY054117,Miniopterus magnater
KY054116,Miniopterus magnater
KY054115,Miniopterus magnater
KY054114,Rhinolophus coelophyllus
KY054113,Miniopterus magnater
KY054112,Miniopterus magnater
KY054111,Miniopterus magnater
KY054110,Rhinolophus shameli
KY054109,Miniopterus magnater
KY054108,Rhinolophus coelophyllus
KY054107,Miniopterus magnater
KY054106,Miniopterus magnater
KY054105,Miniopterus magnater
KY054104,Miniopterus magnater
KY054103,Miniopterus magnater
KY054102,Miniopterus magnater
KY054101,Miniopterus magnater
KY054100,Miniopterus magnater
KY054099,Miniopterus magnater
KY054098,Miniopterus magnater
KY054097,Miniopterus magnater
KY054096,Rhinolophus coelophyllus
KY054095,Miniopterus magnater
KY054094,Miniopterus magnater
KY054093,Miniopterus magnater
KY054092,Hipposideros larvatus
KY054091,Miniopterus magnater
KY054090,Miniopterus magnater
KY054089,Bandicota bengalensis
KY054086,Chaerephon pumilus
KY054085,Chaerephon pumilus
KY054084,Chaerephon pumilus
KY054083,Praomys sp.
KY054082,Praomys sp.
KY054081,Mastomys sp.
KY054080,Mastomys sp.
KY054079,Mastomys sp.
KY054078,Mastomys sp.
KY054077,Mastomys sp.
KY054076,Mastomys sp.
KY054075,Mastomys sp.
KY054074,Mastomys sp.
KY054073,Mastomys sp.
KY054072,Mastomys sp.
KY054071,Mastomys sp.
KY054070,Mastomys sp.
KY054069,Mastomys sp.
KY054068,Mastomys sp.
KY054067,Mastomys sp.
KY054066,Mastomys sp.
KY054065,Mastomys sp.
KY054064,Triaenops persicus
KY054063,Triaenops persicus
KY054062,Triaenops persicus
KY054061,Triaenops persicus
KY054060,Triaenops persicus
KY054059,Triaenops persicus
KY054058,Triaenops persicus
KY054057,Triaenops persicus
KY054056,Triaenops persicus
KY054055,Triaenops persicus
KY054054,Coleura afra
KY054053,Triaenops persicus
KY054052,Triaenops persicus
KY054051,Triaenops persicus
KY054050,Triaenops persicus
KY054049,Triaenops persicus
KY054048,Triaenops persicus
KY054047,Triaenops persicus
KY054046,Triaenops persicus
KY054045,Chiroptera
KY054044,Tadarida sp.
KY054043,Tadarida sp.
KY054042,Eidolon helvum
KY054041,Eidolon helvum
KY054040,Eidolon helvum
KY054039,Eidolon helvum
KY054038,Eidolon helvum
KY054037,Eidolon helvum
KY054036,Triaenops persicus
KY054035,Triaenops persicus
KY054034,Triaenops persicus
KY054033,Triaenops persicus
KY054032,Triaenops persicus
KY054031,Triaenops persicus
KY054030,Triaenops persicus
KY054029,Triaenops persicus
KY054028,Chiroptera
KY054027,Chiroptera
KY054026,Coleura afra
KY054025,Coleura afra
KY054024,Eidolon helvum
KY054023,Eidolon helvum
KY054022,Eidolon helvum
KY054021,Eidolon helvum
KY054020,Chiroptera
KY054019,Eidolon helvum
KY054018,Eidolon helvum
KY054017,Apodemus sylvaticus
KY054016,Apodemus sylvaticus
KY054015,Mastomys natalensis
KY054014,Mastomys natalensis
KY054013,Mastomys natalensis
KY054012,Mastomys natalensis
KY054005,Miniopterus inflatus
KY054004,Miniopterus inflatus
KY054003,Triaenops persicus
KY054002,Miniopterus inflatus
KY054001,Triaenops persicus
KY054000,Miniopterus inflatus
KY053999,Miniopterus inflatus
KY053998,Miniopterus inflatus
KY053997,Miniopterus inflatus
KY053996,Miniopterus inflatus
KY053995,Miniopterus inflatus
KY053994,Miniopterus inflatus
KY053993,Miniopterus inflatus
KY053992,Miniopterus inflatus
KY053991,Hipposideros ruber
KY053990,Triaenops persicus
KY053989,Triaenops persicus
KY053988,Parahypsugo crassulus
KY053987,Parahypsugo crassulus
KY053986,Parahypsugo crassulus
KY053985,Hipposideros ruber
KY053984,Hipposideros sp.
KY053983,Hipposideros ruber
KY053982,Hipposideros ruber
KY053981,Hipposideros ruber
KY053980,Hipposideros caffer
KY053979,Hipposideros caffer
KY053978,Hipposideros sp.
KY053977,Triaenops persicus
KY053976,Triaenops persicus
KY053975,Triaenops afer
KY053974,Triaenops persicus
KY053973,Triaenops persicus
KY053972,Triaenops persicus
KY053971,Triaenops afer
KY053970,Triaenops persicus
KY053969,Triaenops persicus
KY053968,Triaenops persicus
KY053967,Triaenops persicus
KY053966,Triaenops persicus
KY053965,Triaenops persicus
KY053964,Triaenops afer
KY053963,Triaenops persicus
KY053962,Triaenops persicus
KY053961,Triaenops persicus
KY053960,Triaenops persicus
KY053959,Triaenops persicus
KY053958,Triaenops persicus
KY053957,Triaenops persicus
KY053956,Triaenops persicus
KY053955,Triaenops persicus
KY053954,Triaenops persicus
KY053953,Triaenops persicus
KY053952,Triaenops persicus
KY053951,Triaenops persicus
KY053950,Triaenops persicus
KY053949,Triaenops persicus
KY053948,Triaenops persicus
KY053947,Triaenops persicus
KY053946,Triaenops persicus
KY053945,Triaenops persicus
KY053944,Triaenops persicus
KY053943,Triaenops persicus
KY053942,Triaenops persicus
KY053941,Pteropus giganteus
KY053940,Pteropus giganteus
KY053939,Pteropus giganteus
KY053938,Pteropus giganteus
KY053937,Pteropus giganteus
KY053936,Pteropus giganteus
KY053935,Pteropus giganteus
KY053934,Pteropus giganteus
KY053933,Pteropus giganteus
KY053932,Pteropus giganteus
KY053931,Pteropus giganteus
KY053930,Pteropus giganteus
KY053929,Pteropus giganteus
KY053928,Pteropus giganteus
KY053927,Pteropus giganteus
KY053926,Pteropus giganteus
KY053925,Pteropus giganteus
KY053924,Pteropus giganteus
KY053923,Pteropus giganteus
KY053922,Pteropus giganteus
KY053921,Pteropus giganteus
KY053920,Pteropus giganteus
KY053919,Pteropus giganteus
KY053918,Pteropus giganteus
KY053917,Pteropus giganteus
MN097150,Homo sapiens
MN689606,Homo sapiens
MN689605,Homo sapiens
MN689604,Homo sapiens
MN689603,Homo sapiens
MN689602,Homo sapiens
MN689601,Homo sapiens
MN689600,Homo sapiens
MN689599,Homo sapiens
MN689598,Homo sapiens
MN689597,Homo sapiens
MN689596,Homo sapiens
MN689595,Homo sapiens
MN732559,Gallus gallus (broiler)
MN732558,Gallus gallus (broiler)
MN725026,chicken
MN725025,chicken
MN099162,goose
MN310512,roe deer
MN150125,roe deer
MN150124,roe deer
MN068024,goose
MN068023,goose
LC064152,Homo sapiens 4-year-old boy
KC285113,Homo sapiens; sex: M; age: 9 months
KC285152,Homo sapiens; sex: F; age: 3 months
KC285124,Homo sapiens; sex: M; age: 6 months
KC285181,Homo sapiens; sex: M; age: 3 months
KC285188,NA
KC285187,NA
KC285186,NA
KC285185,NA
KC285184,NA
KC285183,NA
KC285182,NA
KC285180,NA
KC285179,NA
KC285178,NA
KC285177,NA
KC285176,NA
KC285175,NA
KC285174,NA
KC285173,NA
KC285172,NA
KC285171,NA
KC285170,NA
KC285169,NA
KC285168,NA
KC285167,NA
KC285166,NA
KC285165,NA
KC285164,NA
KC285163,NA
KC285162,NA
KC285161,NA
KC285160,NA
KC285159,NA
KC285158,NA
KC285157,NA
KC285156,NA
KC285155,NA
KC285154,NA
KC285153,NA
KC285151,NA
KC285150,NA
KC285149,NA
KC285148,NA
KC285147,NA
KC285146,NA
KC285145,NA
KC285144,NA
KC285143,NA
KC285142,NA
KC285141,NA
KC285140,NA
KC285139,NA
KC285138,NA
KC285137,NA
KC285136,NA
KC285135,NA
KC285134,NA
KC285133,NA
KC285132,NA
KC285131,NA
KC285130,NA
KC285129,NA
KC285128,NA
KC285127,NA
KC285126,NA
KC285125,NA
KC285123,NA
KC285122,NA
KC285121,NA
KC285120,NA
KC285119,NA
KC285118,NA
KC285117,NA
KC285116,NA
KC285115,NA
KC285114,NA
KC285112,NA
KC285111,NA
KC285110,NA
MN626434,Microtus agrestis
MN626433,Microtus agrestis
MN626432,Microtus agrestis
MN231241,cattle
MN231240,cattle
MN231239,cattle
MN231238,cattle
MN231237,cattle
MN231236,cattle
LC517940,Mus musculus
LC517939,Mus musculus
LC517938,Mus musculus
LC517937,Mus musculus
LC517936,Mus musculus
LC517935,Mus musculus
LC517934,Mus musculus
LC517933,Mus musculus
LC517932,Mus musculus
LC517931,Mus musculus
LC517930,Mus musculus
LC517929,Mus musculus
LC517928,Mus musculus
LC517927,Mus musculus
LC517926,Mus musculus
MN200263,cattle
MN200262,cattle
MK935160,Mastomys natalensis
MK935159,Mastomys natalensis
MK935158,Mastomys natalensis
MK935157,Mastomys natalensis
MK935156,Rattus rattus
MK935155,Rattus rattus
MK935154,Cricetomys gambianus
MN780842,Mus musculus
MN337335,goose
MN337334,goose
MN337333,goose
MN337332,goose
MN337331,goose
MN337330,goose
MN337329,goose
MN337328,goose
MN337327,goose
MN337326,goose
MN337325,goose
MN337324,goose
MN337323,goose
MN733910,NA
EU363892,NA
EU363891,NA
EU363890,NA
EU363889,NA
EU363888,NA
EU363887,NA
EU363886,NA
EU333903,NA
EU333902,NA
EU333901,NA
EU333900,NA
EU327562,NA
EU327561,NA
EU327560,NA
EU327559,NA
EU161566,NA
EU091264,Homo sapiens
EU091262,Homo sapiens
AF292073,NA
AF292080,NA
MK882944,Homo sapiens
MK948878,Homo sapiens
MN399857,duck
MK962342,Sus scrofa
MK962341,Sus scrofa
MN510442,NA
MN510441,NA
MN510440,NA
MN510439,NA
MK975886,Chicken
MK975885,Chicken
MK929650,broiler chicken
MK929649,Chicken
MN148428,Amur tiger
MG970130,Homo sapiens
MG970129,Homo sapiens
MG970128,Homo sapiens
MG970127,Homo sapiens
MG970126,Homo sapiens
MG970125,Homo sapiens
MG970124,Homo sapiens
MG970123,Homo sapiens
MG970122,Homo sapiens
MG970121,Homo sapiens
MG970120,Homo sapiens
MG970119,Homo sapiens
MG970118,Homo sapiens
MG970117,Homo sapiens
MG970116,Homo sapiens
MG970115,Homo sapiens
MG970114,Homo sapiens
MG970113,Homo sapiens
MG970112,Homo sapiens
MG970111,Homo sapiens
MG970110,Homo sapiens
MG970109,Homo sapiens
MG970108,Homo sapiens
MG970107,Homo sapiens
MG970106,Homo sapiens
MG970105,Homo sapiens
MG970104,Homo sapiens
MG970103,Homo sapiens
MG970102,Homo sapiens
MG970101,Homo sapiens
MG970100,Homo sapiens
MG970099,Homo sapiens
MG970098,Homo sapiens
MG970097,Homo sapiens
MG970096,Homo sapiens
MG970095,Homo sapiens
MG970094,Homo sapiens
MG970093,Homo sapiens
MG970092,Homo sapiens
MG970091,Homo sapiens
MG970090,Homo sapiens
MG970089,Homo sapiens
MG970088,Homo sapiens
MG970087,Homo sapiens
MG970086,Homo sapiens
MG970085,Homo sapiens
MG970084,Homo sapiens
MG970083,Homo sapiens
MG970082,Homo sapiens
MG970081,Homo sapiens
MG970080,Homo sapiens
MG970079,Homo sapiens
MG970078,Homo sapiens
MG970077,Homo sapiens
MG970076,Homo sapiens
MG970075,Homo sapiens
MG970074,Homo sapiens
MG970073,Homo sapiens
MG970072,Homo sapiens
MG970071,Homo sapiens
MG970070,Homo sapiens
MG970069,Homo sapiens
MG970068,Homo sapiens
MG970067,Homo sapiens
MG970066,Homo sapiens
MG970065,Homo sapiens
MG970064,Homo sapiens
MG970063,Homo sapiens
MG970062,Homo sapiens
MG970061,Homo sapiens
MG970060,Homo sapiens
MG970059,Homo sapiens
MG970058,Homo sapiens
MG970057,Homo sapiens
MG970056,Homo sapiens
MG970055,Homo sapiens
MG970054,Homo sapiens
MG970053,Homo sapiens
MG970052,Homo sapiens
MG970051,Homo sapiens
MG970050,Homo sapiens
MG970049,Homo sapiens
MG970048,Homo sapiens
MG970047,Homo sapiens
MG970046,Homo sapiens
MG970045,Homo sapiens
MG970044,Homo sapiens
MG970043,Homo sapiens
MG970042,Homo sapiens
MG970041,Homo sapiens
MG970040,Homo sapiens
MG970039,Homo sapiens
MG970038,Homo sapiens
MG970037,Homo sapiens
MG970036,Homo sapiens
MG970035,Homo sapiens
MG970034,Homo sapiens
MG970033,Homo sapiens
MG970032,Homo sapiens
MG970031,Homo sapiens
MG970030,Homo sapiens
MG970029,Homo sapiens
MG970028,Homo sapiens
MG970027,Homo sapiens
MG970026,Homo sapiens
MG970025,Homo sapiens
MG970024,Homo sapiens
MG970023,Homo sapiens
MG970022,Homo sapiens
MG970021,Homo sapiens
MG970020,Homo sapiens
MG970019,Homo sapiens
MG970018,Homo sapiens
MG970017,Homo sapiens
MG970016,Homo sapiens
MG970015,Homo sapiens
MG970014,Homo sapiens
MG970013,Homo sapiens
MG970012,Homo sapiens
MG970011,Homo sapiens
MG970010,Homo sapiens
MG970009,Homo sapiens
MG970008,Homo sapiens
MG970007,Homo sapiens
MG970006,Homo sapiens
MG970005,Homo sapiens
MG970004,Homo sapiens
MG970003,Homo sapiens
MG970002,Homo sapiens
MG970001,Homo sapiens
MN503238,Mus musculus
MN503237,Mus musculus
MN503236,Mus musculus
MN503235,Mus musculus
MK995021,Homo sapiens
MK995020,Homo sapiens
MK995019,Homo sapiens
MK995018,Homo sapiens
MK995017,Homo sapiens
MK995016,Homo sapiens
MK995015,Homo sapiens
MK995014,Homo sapiens
MK995013,Homo sapiens
MK995012,Homo sapiens
MK995011,Homo sapiens
MK995010,Homo sapiens
MK995009,Homo sapiens
MK995008,Homo sapiens
MK995007,Homo sapiens
MK995006,Homo sapiens
MK995005,Homo sapiens
MG003352,porcine
MG003351,porcine
MG003350,porcine
MG003349,porcine
MG003348,porcine
MG003347,porcine
MG003346,porcine
MG003345,porcine
MG003344,porcine
MG003343,porcine
MG003342,porcine
MK608711,Homo sapiens
MK608710,Homo sapiens
MK608709,Homo sapiens
MK608708,Homo sapiens
MK671313,domestic cat with diarrhea
MK671312,health cat
MK671311,domestic cat with diarrhea
MK671310,domestic cat with diarrhea
MK671309,domestic cat with diarrhea
MK671308,domestic cat with diarrhea
MK671307,domestic cat with diarrhea
MK671306,domestic cat with diarrhea
MK671281,domestic cat with diarrhea
MK671280,health cat
MK671279,domestic cat with diarrhea
MK671278,domestic cat with diarrhea
MK671277,domestic cat with diarrhea
MK671276,health cat
MK671275,domestic cat with diarrhea
MK671274,domestic cat with diarrhea
MK671273,health cat
MK671272,health cat
MK671271,health cat
MK671270,health cat
MK671269,domestic cat with diarrhea
MK671268,domestic cat with diarrhea
MK671267,domestic cat with diarrhea
MK671266,domestic cat with diarrhea
MK671265,domestic cat with diarrhea
MK671264,domestic cat with diarrhea
MK671263,health cat
MK671262,domestic cat with diarrhea
MK671261,domestic cat with diarrhea
MK671260,domestic cat with diarrhea
MK613068,porcine
MK558042,chicken
MK580006,Homo sapiens
MK580005,Homo sapiens
MK580004,Homo sapiens
MK580003,Homo sapiens
MK580002,Homo sapiens
MK580001,Homo sapiens
MK580000,Homo sapiens
MK579999,Homo sapiens
MK579998,Homo sapiens
MK579997,Homo sapiens
MK579996,Homo sapiens
MK579995,Homo sapiens
MK579994,Homo sapiens
MK579993,Homo sapiens
MK579992,Homo sapiens
MK579991,Homo sapiens
MK579990,Homo sapiens
MK579989,Homo sapiens
MK579988,Homo sapiens
MK579987,Homo sapiens
MK579986,Homo sapiens
MK579985,Homo sapiens
MK579984,Homo sapiens
MK579983,Homo sapiens
MK579982,Homo sapiens
MK579981,Homo sapiens
MK579980,Homo sapiens
MK579979,Homo sapiens
MK579978,Homo sapiens
MH925760,stool
MH925759,stool
MH925758,stool
NC_040647,Culex sp. (mosquito)
MK509015,Gallus gallus
MK509014,Gallus gallus
MN026335,Gallus gallus
MK518375,Gallus gallus
MK518374,Gallus gallus
MK507572,Canis lupus familiaris
MK507571,Canis lupus familiaris
MK507570,Canis lupus familiaris
MK507569,Canis lupus familiaris
MK507568,Canis lupus familiaris
MK507567,Canis lupus familiaris
MK507566,Canis lupus familiaris
MK507565,Canis lupus familiaris
MK507564,Canis lupus familiaris
MK507563,Canis lupus familiaris
MH686400,Sus scrofa domesticus
MH686399,Sus scrofa domesticus
MH686398,Sus scrofa domesticus
MH686397,Sus scrofa domesticus
MH686396,Sus scrofa domesticus
MH686395,Sus scrofa domesticus
MH686394,Sus scrofa domesticus
MH686393,Sus scrofa domesticus
MH686392,Sus scrofa domesticus
MH686391,Sus scrofa domesticus
MH686390,Sus scrofa domesticus
MH730127,Mus_musculus
MH730126,Mus_musculus
MH730125,Mus_musculus
MH730124,Mus_musculus
MH730123,Mus_musculus
MG788774,Homo sapiens
MG788773,Homo sapiens
MG788772,Homo sapiens
MG788771,Homo sapiens
MG788770,Homo sapiens
MG788769,Homo sapiens
MG788768,Homo sapiens
MG788767,Homo sapiens
MG788759,Homo sapiens
MG788758,Homo sapiens
MG788757,Homo sapiens
MG921619,Homo sapiens
MK460231,pig
MK460230,pig
MK802138,pig
MK802137,pig
MK802136,pig
MK802135,pig
MK802134,pig
MK802133,pig
MK802132,pig
MK802131,pig
MK802130,pig
MK802129,pig
MK204414,Malacorhynchus membranaceus
MK204385,Calidris ruficollis
MH332781,Homo sapiens; sex: F; age: 9 months
MG932612,Homo sapiens; sex: F; age: 23 Y
MG932587,Homo sapiens; sex: M; age: 20 Y
KY294673,Homo sapiens; sex: F; age: 26 Y
KY294672,Homo sapiens; sex: F; age: 23 Y
KY294664,Homo sapiens; sex: F; age: 26 Y
KY294663,Homo sapiens; sex: F; age: 23 Y
MG932618,Homo sapiens; sex: M; age: 20 Y
MG932617,Homo sapiens; sex: F; age: 28 Y
MG932616,Homo sapiens; sex: F; age: 47 Y
MG932615,Homo sapiens; sex: F; age: 35 Y
MG932614,Homo sapiens; sex: F; age: 15 Y
MG932613,Homo sapiens; sex: F; age: 23 Y
MG932611,Homo sapiens; sex: F; age: 21 Y
MG932610,Homo sapiens; sex: M; age: 28 Y
MG932609,Homo sapiens; sex: M; age: 21 Y
MG932608,Homo sapiens; sex: M; age: 20 Y
MG932607,Homo sapiens; sex: M; age: 30 Y
MG932591,Homo sapiens; sex: M; age: 20 Y
MG932590,Homo sapiens; sex: F; age: 28 Y
MG932589,Homo sapiens; sex: F; age: 47 Y
MG932588,Homo sapiens; sex: F; age: 35 Y
MG932586,Homo sapiens; sex: F; age: 15 Y
MG932585,Homo sapiens; sex: F; age: 23 Y
MG932584,Homo sapiens; sex: F; age: 23 Y
MG932583,Homo sapiens; sex: F; age: 21 Y
MG932582,Homo sapiens; sex: M; age: 28 Y
MG932581,Homo sapiens; sex: M; age: 21 Y
MG932580,Homo sapiens; sex: M; age: 20 Y
MG932579,Homo sapiens; sex: M; age: 30 Y
MG932578,Homo sapiens; sex: M; age: 28 Y
MG932577,Homo sapiens; sex: F; age: 24 Y
MH414525,pig
MH414524,pig
MH414523,pig
MH414522,pig
MH414521,pig
MH414520,pig
MH414519,pig
MK386569,Steer
MN036279,NA
MN036159,NA
MN036131,NA
MN035893,NA
MN035838,NA
MN035814,NA
MN035758,NA
MN035574,NA
MN035429,NA
MN035369,NA
MN034849,NA
MN034752,NA
MN034438,NA
MN034422,NA
MN034411,NA
MN034197,NA
MN034082,NA
MN033929,NA
MN033907,NA
MN033872,NA
MN033591,NA
MN033479,NA
MN033410,NA
MN033274,NA
MN033177,NA
MN033141,NA
MN033120,NA
MN032977,NA
KT886453,Gallus gallus
NC_043416,NA
NC_043103,Taphozous melanopogon
NC_043102,Miniopterus pusillus
NC_043101,Pipistrellus abramus
NC_043100,Taphozous melanopogon
NC_043099,Miniopterus magnater
NC_043098,Taphozous melanopogon
NC_043097,Zalophus californianus (California sea lion)
NC_043096,Tursiops truncatus (Bottlenose dolphin)
MK378592,Sus scrofa
MK378591,Sus scrofa
MK378590,Sus scrofa
MK378589,Sus scrofa
MK378588,Sus scrofa
MK378587,Sus scrofa
MK378586,Sus scrofa
MK378585,Sus scrofa
MK378584,Sus scrofa
MK378583,Sus scrofa
MK378582,Sus scrofa
MK378581,Sus scrofa
MK378580,Sus scrofa
MK378579,Sus scrofa
MK378578,Sus scrofa
MK378577,Sus scrofa
MK378576,Sus scrofa
MK378575,Sus scrofa
MK378574,Sus scrofa
MK378573,Sus scrofa
MK378572,Sus scrofa
MK378571,Sus scrofa
MK378570,Sus scrofa
MK378569,Sus scrofa
MK378568,Sus scrofa
MK378567,Sus scrofa
MK378566,Sus scrofa
MK378565,Sus scrofa
MK378564,Sus scrofa
MK378563,Sus scrofa
MK378562,Sus scrofa
MK378561,Sus scrofa
MK378560,Sus scrofa
MK378559,Sus scrofa
MK378558,Sus scrofa
MK378557,Sus scrofa
MK378556,Sus scrofa
MK378555,Sus scrofa
MK378554,Sus scrofa
MK378553,Sus scrofa
MK378552,Sus scrofa
MK378551,Sus scrofa
MK378550,Sus scrofa
MK378549,Sus scrofa
MK378548,Sus scrofa
MK378547,Sus scrofa
MK378546,Sus scrofa
MK378545,Sus scrofa
MK378544,Sus scrofa
MK378543,Sus scrofa
MK378542,Sus scrofa
MK378541,Sus scrofa
MK378540,Sus scrofa
MK378539,Sus scrofa
MK378538,Sus scrofa
MK378537,Sus scrofa
MK378536,Sus scrofa
MK378535,Sus scrofa
MK378534,Sus scrofa
MK378533,Sus scrofa
MK378532,Sus scrofa
MK378531,Sus scrofa
MK378530,Sus scrofa
MK378529,Sus scrofa
MK378528,Sus scrofa
MK378527,Sus scrofa
MK378526,Sus scrofa
MK378525,Sus scrofa
MK378524,Sus scrofa
MK378523,Sus scrofa
MK378522,Sus scrofa
MK378521,Sus scrofa
MK378520,Sus scrofa
MK378519,Sus scrofa
MK378518,Sus scrofa
MK378517,Sus scrofa
MK378516,Sus scrofa
MK378515,Sus scrofa
MK378514,Sus scrofa
MK378513,Sus scrofa
MK378512,Sus scrofa
MK378511,Sus scrofa
MK378510,Sus scrofa
MK378509,Sus scrofa
MK378508,Sus scrofa
MK378507,Sus scrofa
MK378506,Sus scrofa
MK378505,Sus scrofa
MK378504,Sus scrofa
MK378503,Sus scrofa
MK378502,Sus scrofa
MK378501,Sus scrofa
MK378500,Sus scrofa
MK378499,Sus scrofa
MK378498,Sus scrofa
MK378497,Sus scrofa
MK378496,Sus scrofa
MK378495,Sus scrofa
MK378494,Sus scrofa
MK378493,Sus scrofa
MK378492,Sus scrofa
MK378491,Sus scrofa
MK378490,Sus scrofa
MK378489,Sus scrofa
MK378488,Sus scrofa
MK378487,Sus scrofa
MK378486,Sus scrofa
MK378485,Sus scrofa
MK378484,Sus scrofa
MK378483,Sus scrofa
MK378482,Sus scrofa
MK378481,Sus scrofa
MK378480,Sus scrofa
MK378479,Sus scrofa
MK378478,Sus scrofa
MK378477,Sus scrofa
MK378476,Sus scrofa
MK378475,Sus scrofa
MK378474,Sus scrofa
MK378473,Sus scrofa
MK378472,Sus scrofa
MK378471,Sus scrofa
MK378470,Sus scrofa
MK378469,Sus scrofa
MK378468,Sus scrofa
MK378467,Sus scrofa
MK378466,Sus scrofa
MK378465,Sus scrofa
MK378464,Sus scrofa
MK378463,Sus scrofa
MK378462,Sus scrofa
MK378461,Sus scrofa
MK378460,Sus scrofa
MK378459,Sus scrofa
MK378458,Sus scrofa
MK378457,Sus scrofa
MK378456,Sus scrofa
MK378455,Sus scrofa
MK378454,Sus scrofa
MK378453,Sus scrofa
MK378452,Sus scrofa
MK378451,Sus scrofa
MK378450,Sus scrofa
MK378449,Sus scrofa
MK378448,Sus scrofa
MK378447,Sus scrofa
MK378446,Sus scrofa
MK378445,Sus scrofa
MK378444,Sus scrofa
MK378443,Sus scrofa
MK378442,Sus scrofa
MK378441,Sus scrofa
MK378440,Sus scrofa
MH424428,Taphozous perforatus
MH424433,Taphozous perforatus
MH424432,Taphozous perforatus
MH424431,Taphozous perforatus
MH424430,Eidolon helvum
MH424429,Taphozous perforatus
MK387179,swine
MK387178,swine
MK387177,swine
MK387176,swine
MK388725,Chicken
MK618656,Homo sapiens
MK108183,Homo sapiens; sex: M; age: 19 Y
MK108182,Homo sapiens; sex: M; age: 19 Y
NC_038368,Hipposideros pomona
MH576462,Felis catus
MH576461,Felis catus
MH576460,Felis catus
MH576459,Felis catus
MH576458,Felis catus
MH576457,Felis catus
MH576456,Felis catus
MH576455,Felis catus
MH576454,Felis catus
MH576453,Felis catus
MH576452,Felis catus
MH576451,Felis catus
MH576450,Felis catus
MH576449,Felis catus
MH576448,Felis catus
MH576447,Felis catus
MH576446,Felis catus
MH576445,Felis catus
MH576444,Felis catus
MH576443,Felis catus
MH576442,Felis catus
MH576441,Felis catus
MH576440,Felis catus
MH576439,Felis catus
MH576438,Felis catus
MH576437,Felis catus
MH576436,Felis catus
MH576435,Felis catus
MH576434,Felis catus
MH576433,Felis catus
MH576432,Felis catus
MH576431,Felis catus
MK125058,gosling
MK091955,chicken
MK091954,chicken
MK091953,chicken
MK091952,chicken
MK091951,chicken
MK091950,chicken
MK041038,NA
MK041037,NA
MK041036,NA
MK096776,Passeriformes
MK096775,Passeriformes
MK096774,Passeriformes
MK096773,Passeriformes
MK004980,Rhinolophus affinis
MK004979,Rhinolophus affinis
MK004978,Miniopterus schreibersi
MK004977,Miniopterus schreibersi
MK004976,Miniopterus schreibersi
MK004975,Scotomannes kuhlii
MK004974,Scotomannes kuhlii
MK004973,Hipposideros larvatus
MK004972,Rhinolophus pearsonii
MK004971,Rhinolophus pearsonii
MK004970,Rhinolophus thomasi
MK004969,Rhinolophus thomasi
MK004968,Hipposideros turpis
MK004967,Hipposideros turpis
MK004966,Hipposideros larvatus
MK004965,Hipposideros larvatus
MK004964,Hipposideros larvatus
MK004963,Hipposideros armiger
MK004962,Hipposideros turpis
MK004961,Miniopterus schreibersi
MK004960,Rhinolophus affinis
MK004959,Hipposideros larvatus
MK004958,Rhinolophus affinis
MK004957,Taphozous melanopogon
MK004956,Rhinolophus affinis
MK004955,Hipposideros larvatus
MK004954,Miniopterus schreibersi
MG661261,NA
MH254918,Miniopterus schreibersii
MK089435,Homo sapiens
MK089434,Homo sapiens
MK450332,Coracias garrulus (European roller)
MK296753,Homo sapiens; female
MH712856,duck
MK286562,NA
MK395165,Mus musculus; CD1 Nude
MK026166,Canine lupus familaris
LC460060,NA
LC460059,NA
LC460058,NA
LC460057,NA
LC460056,NA
LC460055,NA
LC460054,NA
LC460053,NA
LC460052,NA
LC460051,NA
LC460050,NA
LC460049,NA
LC460048,NA
LC460047,NA
LC460046,NA
LC460045,NA
LC460044,NA
LC460043,NA
LC460042,NA
LC460041,NA
LC460040,NA
LC460039,NA
LC460038,NA
LC460037,NA
LC460036,NA
LC460035,NA
LC460034,NA
LC460033,NA
LC460032,NA
LC460031,NA
LC460030,NA
LC460029,NA
LC460028,NA
LC460027,NA
LC460026,NA
LC460025,NA
LC460024,NA
LC460023,NA
LC460022,NA
LC460021,NA
LC460020,NA
LC460019,NA
LC460018,NA
LC460017,NA
LC460016,NA
LC460015,NA
LC460014,NA
LC460013,NA
LC460012,NA
LC460011,NA
LC460010,NA
LC460009,NA
LC460008,NA
LC460007,NA
LC460006,NA
LC460005,NA
LC460004,NA
LC460003,NA
LC460002,NA
LC460001,NA
LC460000,NA
LC459999,NA
LC460163,NA
LC460162,NA
LC460161,NA
LC460160,NA
LC460159,NA
LC460158,NA
LC460157,NA
LC460156,NA
LC460155,NA
LC460154,NA
LC460153,NA
LC460152,NA
LC460151,NA
LC460150,NA
LC460149,NA
LC460148,NA
LC460147,NA
LC460146,NA
LC460145,NA
LC460144,NA
LC460143,NA
LC460142,NA
LC460141,NA
LC460140,NA
LC460139,NA
LC460138,NA
LC460137,NA
LC460136,NA
LC460135,NA
LC460134,NA
LC460133,NA
LC460132,NA
LC460131,NA
LC460130,NA
LC460129,NA
LC460128,NA
LC460127,NA
LC460126,NA
LC460125,NA
LC460124,NA
LC460123,NA
LC460122,NA
LC460121,NA
LC460120,NA
LC460119,NA
LC460118,NA
LC460117,NA
LC460116,NA
LC460115,NA
LC460114,NA
LC460113,NA
LC460112,NA
LC460111,NA
LC460110,NA
LC460109,NA
LC460108,NA
LC460107,NA
LC460106,NA
LC460105,NA
LC460104,NA
LC460103,NA
LC460102,NA
LC460101,NA
LC460100,NA
LC460099,NA
LC460098,NA
LC460097,NA
LC460096,NA
LC460095,NA
LC460094,NA
LC460093,NA
LC460092,NA
LC460091,NA
LC460090,NA
LC460089,NA
LC460088,NA
LC460087,NA
LC460086,NA
LC460085,NA
LC460084,NA
LC460083,NA
LC460082,NA
LC460081,NA
LC460080,NA
LC460079,NA
LC460078,NA
LC460077,NA
LC460076,NA
LC460075,NA
LC460074,NA
LC460073,NA
LC460072,NA
LC460071,NA
LC460070,NA
LC460069,NA
LC460068,NA
LC460067,NA
LC460066,NA
LC460065,NA
LC460064,NA
LC460063,NA
LC460062,NA
LC460061,NA
LC459998,NA
LC459997,NA
LC459996,NA
LC459995,NA
LC459994,NA
LC459993,NA
LC459992,NA
LC459991,NA
LC459990,NA
LC459989,NA
LC459988,NA
LC459987,NA
LC459986,NA
LC459985,NA
LC459984,NA
LC459983,NA
LC459982,NA
LC459981,NA
LC459980,NA
LC459979,NA
LC459978,NA
LC459977,NA
MK521913,Sarcophilus harrisii
MK521912,Sarcophilus harrisii
MK472056,Homo sapiens; sex:F; age:63
MK472055,Homo sapiens; sex:F; age:1
MK472054,Homo sapiens; sex:F; age:27
MK430063,Homo sapiens; sex: M; age:63
MH807626,goose
MH921451,Pipistrellus pipistrellus
MH921450,Pipistrellus pipistrellus
MH921449,Pipistrellus pipistrellus
MH921448,Pipistrellus pipistrellus
MH921447,Pipistrellus pipistrellus
MH921446,Pipistrellus pipistrellus
MH921445,Pipistrellus pipistrellus
MH921444,Pipistrellus pipistrellus
MH345765,yak
MH345764,yak
HM484374,Homo sapiens
MH643741,Homo sapiens
MH423877,pig
MH423876,pig
MH423875,pig
MH423874,pig
MH423873,pig
MH423872,pig
MH423871,pig
MH423870,pig
MH423869,pig
MH423868,pig
MH399911,pig
MH399910,pig
MH399909,pig
MH399908,pig
MH399907,pig
MH399906,pig
MH399905,pig
MH399904,pig
MH399903,pig
MH399902,pig
MH399901,pig
MH399900,pig
MH399899,pig
MH399897,pig
MH399896,pig
MH399895,pig
MH399894,pig
MH399893,pig
MG051064,Sus scrofa domesticus
MG051063,Sus scrofa domesticus
MG051062,Sus scrofa domesticus
MG051061,Sus scrofa domesticus
MG051060,Sus scrofa domesticus
MG051059,Sus scrofa domesticus
MG051058,Sus scrofa domesticus
MG051057,Sus scrofa domesticus
MG051056,Sus scrofa domesticus
MG051055,Sus scrofa domesticus
MG051054,Sus scrofa domesticus
MG051053,Sus scrofa domesticus
MG051052,Sus scrofa domesticus
MG051051,Sus scrofa domesticus
MG051050,Sus scrofa domesticus
MG051049,Sus scrofa domesticus
MG051048,Sus scrofa domesticus
MG051047,Sus scrofa domesticus
MG051046,Sus scrofa domesticus
MG051045,Sus scrofa domesticus
MG051044,Sus scrofa domesticus
MG051043,Sus scrofa domesticus
MG051042,Sus scrofa domesticus
MG051041,Sus scrofa domesticus
MG051040,Sus scrofa domesticus
MH332785,Homo sapiens; sex: M; age: 11 months
MH933759,Homo sapiens
MH933758,Homo sapiens
MH933757,Homo sapiens
MH933756,Homo sapiens
MH933755,Homo sapiens
MH933754,Homo sapiens
MH933753,Homo sapiens
MH933752,Homo sapiens
MH332787,Homo sapiens; sex: M; age: 5 months
MH332786,Homo sapiens; sex: M; age: 5 months
MH332784,Homo sapiens; sex: M; age: 2 months
MH332783,Homo sapiens; sex: M; age: 2 months
MH332782,Homo sapiens; sex: F; age: 9 months
MH332780,Homo sapiens; sex: F; age: 13 months
MH332779,Homo sapiens; sex: F; age: 8 months
MH332778,Homo sapiens; sex: M; age: 3 months
MH332777,Homo sapiens; sex: M; age: 3 months
MK327365,Homo sapiens
JF491403,Homo sapiens; sex: M; age: 1 months
MH318028,Homo sapiens; sex: M; age: 6 months
MH318026,Homo sapiens; sex: F; age: 9 months
MH318023,Homo sapiens; sex: F; age: 3 months
MH318020,Homo sapiens; sex: M; age: 5 months
MG932595,Homo sapiens; sex: M; age: 11 months
MG932574,Homo sapiens; sex: M; age: 6 months
MG932570,Homo sapiens; sex: M; age: 13 months
MG932566,Homo sapiens; sex: M; age: 10 months
MG932606,Homo sapiens; sex: M; age: 11 months
MG932605,Homo sapiens; sex: F; age: 6 months
MG932604,Homo sapiens; sex: M; age: 6 months
MG932603,Homo sapiens; sex: F; age: 31 months
MG932602,Homo sapiens; sex: F; age: 14 months
MG932601,Homo sapiens; sex: F; age: 1 Y
MG932600,Homo sapiens; sex: M; age: 13 months
MG932599,Homo sapiens; sex: F; age: 1 Y
MG932598,Homo sapiens; sex: M; age: 3 months
MG932597,Homo sapiens; sex: M; age: 6 months
MG932596,Homo sapiens; sex: M; age: 7 months
MG932594,Homo sapiens; sex: F; age: 8 months
MG932593,Homo sapiens; sex: M; age: 3 months
MG932592,Homo sapiens; sex: F; age: 14 months
MG932576,Homo sapiens; sex: M; age: 11 months
MG932575,Homo sapiens; sex: F; age: 6 months
MG932573,Homo sapiens; sex: F; age: 31 months
MG932572,Homo sapiens; sex: F; age: 14 months
MG932571,Homo sapiens; sex: F; age: 1 Y
MG932569,Homo sapiens; sex: F; age: 1 Y
MG932568,Homo sapiens; sex: M; age: 6 months
MG932567,Homo sapiens; sex: M; age: 11 months
MG932565,Homo sapiens; sex: F; age: 2 months
MG932564,Homo sapiens; sex: M; age: 17 months
MG932563,Homo sapiens; sex: F; age: 2 months
MG932562,Homo sapiens; sex: F; age: 5 months
MG932561,Homo sapiens; sex: M; age: 9 months
MG932560,Homo sapiens; sex: F; age: 9 months
MG932559,Homo sapiens; sex: F; age: 1 months
MG932558,Homo sapiens; sex: F; age: 9 months
MG932557,Homo sapiens; sex: F; age: 5 months
KP453860,Homo sapiens; age: 3 Y
KP453859,Homo sapiens; age: 3 Y
KP453858,Homo sapiens; age: 4 M
KP453857,Homo sapiens; age: 8 M
KP453856,Homo sapiens; age: 2 Y
KP453855,Homo sapiens; age: 3 Y
KP453854,Homo sapiens; age: 9 M
KP453853,Homo sapiens; sex: F; age: 4 M
KP453852,Homo sapiens; sex: F; age: 11 Y
KP453851,Homo sapiens; sex: M; age: 8 Y
KP453848,Homo sapiens; sex: M; age: 3 Y
KP453847,Homo sapiens; age: 79 Y
KP453846,Homo sapiens; sex: F; age: 14 M
KP453845,Homo sapiens; sex: M; age: 8 M
KP453843,Homo sapiens; sex: M; age: 3 Y
KP453850,Homo sapiens; sex: F; age: 3 Y
KP453849,Homo sapiens; sex: F; age: 3 Y
KP453844,Homo sapiens; sex: M; age: 8 M
KF039921,NA
KF039920,NA
KF039919,NA
KF039918,NA
KF039917,NA
KF039916,NA
KF039915,NA
KF039914,NA
JF491429,Homo sapiens
JF491428,Homo sapiens
JF491427,Homo sapiens
JF491426,Homo sapiens
JF491425,Homo sapiens
JF491424,Homo sapiens
JF491423,Homo sapiens
JF491422,Homo sapiens
JF491421,Homo sapiens
JF491420,Homo sapiens
JF491419,Homo sapiens
JF491418,Homo sapiens
JF491417,Homo sapiens
JF491416,Homo sapiens
JF491415,Homo sapiens
JF491414,Homo sapiens
JF491413,Homo sapiens
JF491412,Homo sapiens
JF491411,Homo sapiens
JF491410,Homo sapiens
JF491409,Homo sapiens
JF491408,Homo sapiens
JF491407,Homo sapiens
JF491406,Homo sapiens
JF491405,Homo sapiens
JF491404,Homo sapiens
JF491402,Homo sapiens
JF491401,Homo sapiens
JF491400,Homo sapiens
JF491399,Homo sapiens
JF491398,Homo sapiens
JF491397,Homo sapiens
JF491396,Homo sapiens
JF491395,Homo sapiens
JF491394,Homo sapiens
JF491393,Homo sapiens
JF491392,Homo sapiens
JF491391,Homo sapiens
JF491390,Homo sapiens
JF491389,Homo sapiens
JF491388,Homo sapiens
JF491387,Homo sapiens
JF491386,Homo sapiens
JF491385,Homo sapiens
JF491384,Homo sapiens
JF491383,Homo sapiens
JF491382,Homo sapiens
JF491381,Homo sapiens
JF491380,Homo sapiens
JF491379,Homo sapiens
JF491378,Homo sapiens
JF491377,Homo sapiens
JF491376,Homo sapiens
JF491375,Homo sapiens
JF491374,Homo sapiens
JF491373,Homo sapiens
JF491372,Homo sapiens
JF491371,Homo sapiens
JF491370,Homo sapiens
JF491369,Homo sapiens
JF491368,Homo sapiens
JF491367,Homo sapiens
JF491366,Homo sapiens
JF491365,Homo sapiens
HM630269,Homo sapiens
HM630268,Homo sapiens
MF741186,Hybomys univittatus
MF741181,Rattus rattus
MF741180,Rattus rattus
MF741179,Rattus rattus
MF741178,Rattus rattus
MF741177,Mus musculus
MF741176,Rattus rattus
MF741187,Rattus rattus
MF741185,Rattus rattus
MF741184,Rattus rattus
MF741183,Rattus rattus
MF741182,Rattus rattus
MH511538,Pheasant
MH511537,Gallus gallus
MH511536,Sus scrofa
MH511535,Sus scrofa
MH511534,Sus scrofa
MH511533,Sus scrofa
MH511532,Sus scrofa
MH511531,Sus scrofa
MH511530,Sus scrofa
MH511529,Sus scrofa
MH511528,Sus scrofa
MH511527,Sus scrofa
MH511526,Sus scrofa
MH511525,Sus scrofa
MH511524,Sus scrofa
MH425243,Sus scrofa
MH716817,Hyporhamphus australis
MH716816,Scorpaena jacksoniensis
MH716815,Pseudorhombus arsius
MK059956,Homo sapiens
MK059955,Homo sapiens
MK059954,Homo sapiens
MK059953,Homo sapiens
MK059952,Homo sapiens
MK059951,Homo sapiens
MK059950,Homo sapiens
MK059949,Homo sapiens
MG930777,Sus scrofa
MG478498,Mus musculus
MG478497,Mus musculus
KY807085,Lingxian White Goose
MH446377,Homo sapiens; sex: F; age: 17 Y
KY370024,Tscherskia triton
KY370023,Apodemus agrarius
KY370022,Apodemus agrarius
KY370021,Sorex araneus
KY370020,Rattus flavipectus
KY370019,Mus musculus
KY370018,Niviventer niviventer
KY370017,Suncus murinus
KY370016,Rattus flavipectus
KY370015,Rattus norvegicus
KY370014,Bandicota indica
KY370013,Microtus fortis
KY370012,Niviventer niviventer
KY370011,Niviventer niviventer
KY370010,Mus musculus
KY370009,Rattus losea
KY370008,Rattus losea
KY370007,Rattus norvegicus
KY370006,Rattus norvegicus
KY370005,Niviventer niviventer
KY370004,Apodemus agrarius
KY370003,Rattus losea
KY370002,Rattus losea
KY370001,Rattus rattus
KY370000,Rattus rattus
KY369999,Neodon clarkei
KY369998,Apodemus agrarius
KY369997,Niviventer niviventer
KY369996,Apodemus peninsulae
KY369995,Myodes rufocanus
KY369994,Myodes rufocanus
KY369993,Myodes rufocanus
KY369992,Cricetulus barabensis
KY369991,Niviventer eha
KY369990,Apodemus sylvaticus
KY369989,Mus pahari
KY369988,Rattus tanezumi sladeni
KY369987,Mus caroli
KY369986,Eothenomys custos
KY369985,Eothenomys custos
KY369984,Rattus flavipectus
KY369983,Rattus flavipectus
KY369982,Rattus flavipectus
KY369981,Rattus flavipectus
KY369980,Rattus flavipectus
KY369979,Rattus norvegicus
KY369978,Rattus nitidus
KY369977,Apodemus agrarius
KY369976,Apodemus chevrieri
KY369975,Apodemus agrarius
KY369974,Apodemus agrarius
KY369973,Lasiopodomys gregalis
KY369972,Meriones meridianus
KY369971,Niviventer niviventer
KY369970,Sorex araneus
MH446381,Homo sapiens; sex: F; age: 64 Y
MH446382,Homo sapiens; sex: F; age: 64 Y
MH446380,Homo sapiens; sex: F; age: 20 Y
MH446379,Homo sapiens; sex: F; age: 20 Y
MH446378,Homo sapiens; sex: F; age: 17 Y
MG957150,calf (bovine)
MG957149,calf (bovine)
MG957148,calf (bovine)
MG957147,calf (bovine)
MH318022,Homo sapiens; sex: M; age: 10 months
MH318027,Homo sapiens; sex: M; age: 6 months
MH318025,Homo sapiens; sex: F; age: 9 months
MH318024,Homo sapiens; sex: M; age: 22 months
MH318021,Homo sapiens; sex: F; age: 2 months
MH318019,Homo sapiens; sex: M; age: 5 months
MH318018,Homo sapiens; sex: M; age: 6 months
MH453801,Red-necked Avocet
MH453800,Red-necked Avocet
MG599912,Sylvirana guentheri
MG599904,Myrrophis chinensis
MG599899,Pleuronichthys japonicus
MG599895,Coelorinchus multispinulosus
MG599888,Scoliodon macrorhynchos
MG599886,Lethenteron camtschaticum
MG599935,Chimaera sp.
MG599934,Chimaera sp.
MG599931,Polypedates megacephalus
MG599929,Echelus uropterus
MG599927,Sardinella lemuru
MG599922,Gonorynchus abbreviatus
MG599920,Tropidophorus sinicus
MG599919,Hemidactylus bowringii
MG599918,Hemidactylus bowringii
MG599917,Gekko similignum
MG599916,Cynops orientalis
MG599909,Microhyla pulchra
MG599907,Teratoscincus roborowskii
MG599906,Leptobrachium hainanense
MG599905,NA
MG599900,Hime japonica
MG599896,Coelorinchus multispinulosus
MG599894,Macroramphosus scolopax
MG599891,Lethenteron camtschaticum
MG599889,Scoliodon macrorhynchos
MG599885,NA
MG599884,NA
MG599881,Hyporhamphus sajori
MG599880,Hyporhamphus sajori
MG599936,Hemitriakis japanica
MG599933,Calotes versicolor
MG599932,Polypedates megacephalus
MG599930,Minous monodactylus
MG599928,Parapercis lutevittata
MG599926,Arnoglossus sp.
MG599925,Crossorhombus sp.
MG599924,Crossorhombus sp.
MG599923,Plagiopsetta sp.
MG599921,Macroramphosus scolopax
MG599915,Cynops orientalis
MG599914,Cynops orientalis
MG599913,Pachytriton brevipes
MG599911,Hyla simplex
MG599910,Duttaphrynus melanostictus
MG599908,Microhyla pulchra
MG599903,Bufo gargarizans
MG599902,Pterygotrigla hemisticta
MG599901,Lepidotrigla sp.
MG599898,Cynoglossus sp.
MG599897,Coelorinchus multispinulosus
MG599893,Coelorinchus multispinulosus
MG599892,Lethenteron camtschaticum
MG599890,Lethenteron camtschaticum
MG599887,Dasyatis akajei
MG599883,Cephalopholis spiloparaea
MG599882,Banjos banjos
MH791394,NA
MH253878,domestic cat
MH253877,domestic cat
MH253876,domestic cat
MH253875,domestic cat
MH253874,domestic cat
MH253873,domestic cat
MH253872,domestic cat
MH253871,domestic cat
MH253870,domestic cat
MH253869,domestic cat
MH253868,domestic cat
MH253867,domestic cat
MH253866,domestic cat
MH253865,domestic cat
MH253864,domestic cat
MH253863,domestic cat
MH253862,domestic cat
MH253861,domestic cat
MH253860,domestic cat
MH253859,domestic cat
MH253858,domestic cat
MH253857,domestic cat
MH253856,domestic cat
MH253855,domestic cat
MH253854,domestic cat
MH253853,domestic cat
MH253852,domestic cat
MH253851,domestic cat
MH253850,domestic cat
MH253849,domestic cat
MH253848,domestic cat
MH253847,domestic cat
MH253846,domestic cat
MH253845,domestic cat
MH253844,domestic cat
MH253843,domestic cat
MH253842,domestic cat
MH253841,domestic cat
MH253840,domestic cat
MH253839,domestic cat
MH835436,goat
MH835435,goat
MH835434,goat
MH835433,goat
MH410610,goslings
MG841043,Rhinolophus ferrumequinum
MG841042,Rhinolophus ferrumequinum
MG841041,Rhinolophus ferrumequinum
MG841040,Rhinolophus ferrumequinum
MG841039,Rhinolophus ferrumequinum
MG841038,Rhinolophus ferrumequinum
MG841037,Rhinolophus ferrumequinum
MG841036,Rhinolophus ferrumequinum
MG841035,Miniopterus schreibersii
MG841034,Miniopterus schreibersii
MG841033,Miniopterus schreibersii
MG841032,Miniopterus schreibersii
MG841031,Miniopterus schreibersii
MG841030,Miniopterus schreibersii
MG841029,Miniopterus schreibersii
MG841028,Miniopterus schreibersii
MG841027,Miniopterus schreibersii
MG841026,Miniopterus schreibersii
MG841025,Miniopterus schreibersii
MG841024,Miniopterus schreibersii
MG841023,Miniopterus schreibersii
MG841022,Miniopterus schreibersii
MG841021,Miniopterus schreibersii
MG841020,Miniopterus schreibersii
MG841019,Miniopterus schreibersii
MG841018,Miniopterus schreibersii
MG841017,Miniopterus schreibersii
MG841016,Miniopterus schreibersii
MG841015,Miniopterus schreibersii
MG841014,Miniopterus schreibersii
MG841013,Miniopterus schreibersii
MG841012,Miniopterus schreibersii
MG841011,Miniopterus schreibersii
MG841010,Miniopterus schreibersii
MG841009,Miniopterus schreibersii
MG841008,Miniopterus schreibersii
MG841007,Miniopterus schreibersii
MG841006,Miniopterus schreibersii
MG841005,Miniopterus schreibersii
MG841004,Miniopterus schreibersii
MG841003,Miniopterus schreibersii
MG841002,Miniopterus schreibersii
MG841001,Miniopterus schreibersii
MG841000,Miniopterus schreibersii
MG840999,Miniopterus schreibersii
MG840998,Miniopterus schreibersii
MG840997,Miniopterus schreibersii
MG840996,Miniopterus schreibersii
MG840995,Miniopterus schreibersii
MG840994,Miniopterus schreibersii
MG840993,Miniopterus schreibersii
MG840992,Miniopterus schreibersii
MG840991,Miniopterus schreibersii
MG840990,Miniopterus schreibersii
MG840989,Miniopterus schreibersii
MG840988,Miniopterus schreibersii
MG840987,Miniopterus schreibersii
MG840986,Miniopterus schreibersii
MG840985,Miniopterus schreibersii
MG840984,Miniopterus schreibersii
MG840983,Miniopterus schreibersii
MG840982,Miniopterus schreibersii
MG840981,Miniopterus schreibersii
MG840980,Miniopterus schreibersii
MG840979,Miniopterus schreibersii
MG840978,Miniopterus schreibersii
MG840977,Miniopterus schreibersii
MG840976,Miniopterus schreibersii
MG840975,Miniopterus schreibersii
MG840974,Miniopterus schreibersii
MG840973,Miniopterus schreibersii
MG840972,Miniopterus schreibersii
MG840971,Miniopterus schreibersii
MG840970,Miniopterus schreibersii
MG840969,Miniopterus schreibersii
MG840968,Miniopterus schreibersii
MG840967,Miniopterus schreibersii
MG840966,Myotis petax
MG840965,Myotis petax
MG840964,Myotis petax
MG840963,Myotis petax
MG840962,Myotis petax
MG840961,Myotis petax
MG840960,Myotis petax
MG840959,Myotis petax
MG840958,Myotis petax
MG840957,Myotis petax
MG840956,Myotis petax
MG840955,Myotis petax
MG840954,Myotis macrodactylus
MG840953,Myotis macrodactylus
MG840952,Myotis macrodactylus
MF773737,Homo sapiens
MF773736,Homo sapiens
MF773735,Homo sapiens
MF773734,Homo sapiens
MF773733,Homo sapiens
MF773732,Homo sapiens
MF773731,Homo sapiens
MF773730,Homo sapiens
MF773729,Homo sapiens
MF773728,Homo sapiens
MF773727,Homo sapiens
MG882766,goose
MG882765,goose
MG882764,goose
MG924483,Homo sapiens; sex: M; age: 8 months
MH763692,Homo sapiens
MH763691,NA
MH325266,Homo sapiens
MH325265,Homo sapiens
MH325264,Homo sapiens
MH325263,Homo sapiens
MH325262,Homo sapiens
MH325261,Homo sapiens
MH325260,Homo sapiens
MH325259,Homo sapiens
MH325258,Homo sapiens
MH325257,Homo sapiens
MH325256,Homo sapiens
MH325255,Homo sapiens
MH325254,Homo sapiens
MH325253,Homo sapiens
MH325252,Homo sapiens
MH325251,Homo sapiens
MH325250,Homo sapiens
MH325249,Homo sapiens
MH325248,Homo sapiens
MH325247,Homo sapiens
MH325246,Homo sapiens
MH325245,Homo sapiens
MH325244,Homo sapiens
MH325243,Homo sapiens
MH325242,Homo sapiens
MH325241,Homo sapiens
MH325240,Homo sapiens
MH325239,Homo sapiens
MH325238,Homo sapiens
MH325237,Homo sapiens
MH325236,Homo sapiens
MH325235,Homo sapiens
MH325234,Homo sapiens
MH325233,Homo sapiens
MH325232,Homo sapiens
MH325231,Homo sapiens
MH325230,Homo sapiens
MH325229,Homo sapiens
MH325228,Homo sapiens
MH325227,Homo sapiens
MH325226,Homo sapiens
MH325225,Homo sapiens
MH325224,Homo sapiens
MH325223,Homo sapiens
MH325222,Homo sapiens
MH325221,Homo sapiens
MH325220,Homo sapiens
MH325219,Homo sapiens
MH325218,Homo sapiens
MH325217,Homo sapiens
MH325216,Homo sapiens
MH325215,Homo sapiens
MH325214,Homo sapiens
MH325213,Homo sapiens
MH282881,mink
MH282880,mink
MH282879,mink
MH282878,mink
MG557601,Homo sapiens
MG557600,Homo sapiens
MG557599,Homo sapiens
MG557598,Homo sapiens
MH188020,Culex sp. (mosquito)
MG846415,Gallus gallus
MG846414,Gallus gallus
MG846413,Gallus gallus
MG846421,Gallus gallus
MG846420,Gallus gallus
MG846419,Gallus gallus
MG846418,Gallus gallus
MG846417,Gallus gallus
MG846416,Gallus gallus
NC_037655,Budorcas taxicolor tibetana
NC_036583,Rattus norvegicus
NC_035758,Homo sapiens
NC_035471,Bat
NC_034975,Zalophus californianus (California sea lion)
NC_034567,Hortobagy goose
NC_033821,Marmota himalayana
NC_033792,Marmota himalayana
NC_032484,rat
NC_032426,Bat
NC_032423,porcine
NC_030922,NA
NC_027711,Camelus dromedarius
NC_027426,Coracias garrulus (European roller)
NC_026814,NA
NC_025346,Oryctolagus cuniculus
NC_024701,Felis catus
NC_024498,cattle
NC_024472,Homo sapiens
NC_024297,cattle
NC_023675,Sus scrofa
NC_023674,Sus scrofa
NC_023636,Sus scrofa (swine)
NC_023632,cattle
NC_023631,cattle
NC_023630,cattle
NC_023629,cattle
NC_022249,Felis catus
NC_019494,Sus scrofa (swine)
NC_019028,Homo sapiens
NC_019027,Homo sapiens
NC_019026,Homo sapiens
NC_018702,NA
NC_016155,Homo sapiens
NC_016896,Sus scrofa (wild boar)
NC_015935,Mus musculus
NC_013443,Homo sapiens
NC_013060,Homo sapiens
NC_012437,duck
NC_011400,NA
NC_005790,NA
NC_004579,NA
NC_003790,NA
NC_002470,turkey
NC_002469,sheep
NC_001943,NA
MG934571,goose
KY765684,Cerdocyon thous
MF768270,pigeon
MH064176,swine
MH064175,swine
MH064174,swine
MH064173,swine
MF684776,Homo sapiens
MH424412,bovine
MH424411,bovine
MH424410,bovine
MH013995,Triaenops afer
MH013994,Triaenops afer
MH013993,Triaenops afer
MH013992,Triaenops afer
MH013991,Triaenops afer
MH013990,Triaenops afer
MH013989,Triaenops afer
MH013988,Triaenops afer
MH013987,Triaenops afer
MH013986,Triaenops afer
MH013985,Triaenops afer
MH013984,Triaenops afer
MH013983,Triaenops afer
MH013982,Triaenops afer
MH013981,Triaenops afer
MH013980,Triaenops afer
MH013979,Nycteris thebaica
MH013978,Nycteris thebaica
MH013977,Nycteris thebaica
MH013976,Nycteris thebaica
MH013975,Mops condylurus
MH013974,Miniopterus mossambicus
MH013973,Hipposideros caffer
MH013972,Hipposideros caffer
MH013971,Hipposideros caffer
MH013970,Hipposideros caffer
MH013969,Hipposideros caffer
MH013968,Hipposideros caffer
MH013967,Hipposideros caffer
MH013966,Hipposideros caffer
MH013965,Hipposideros caffer
MG004212,Miniopterus schreibersii
MG004211,Miniopterus schreibersii
MG004210,Miniopterus schreibersii
MG004209,Miniopterus schreibersii
MG004208,Eptesicus serotinus
MG004207,Miniopterus schreibersii
MG004206,Miniopterus schreibersii
MG004205,Miniopterus schreibersii
MG004204,Pipistrellus kuhlii
MG004203,Myotis capaccinii
MG004202,Miniopterus schreibersii
MG004201,Barbastella barbastellus
MG004200,Myotis myotis/blythii
MG004199,Myotis capaccinii
MG004198,Myotis capaccinii
MG004197,Miniopterus schreibersii
MG004196,Myotis emarginatus
MG004195,Miniopterus schreibersii
MG571777,Homo sapiens
MG660832,Budorcas taxicolor tibetana
MH052598,goose
MF509886,chicken
MF509885,chicken
MF509884,chicken
MF509883,chicken
MF509882,chicken
MF509881,chicken
LT898434,NA
LT898424,NA
LT706531,NA
LT706530,NA
MF491634,chicken
LC341267,Bos taurus
MF380437,commercial broiler chicken
MF380440,poultry
MF380439,poultry
MF380438,poultry
MF416961,poultry
MF416960,poultry
MF416959,poultry
MF416958,poultry
MF416957,poultry
MF416956,poultry
MF416955,poultry
MF416954,poultry
MF416953,poultry
MF416952,poultry
MF416951,poultry
MF416950,poultry
MF416949,poultry
MF416948,poultry
MF416947,poultry
MF416946,poultry
MF416945,poultry
MF405736,poultry
MF405735,poultry
MF405734,poultry
MF405733,poultry
KC411816,NA
MF772821,Lande geese
MF175075,Mus musculus
MF175073,Mus musculus
KY807083,Hortobagy goose
KY807082,Lingxian White Goose
KY807081,Hortobagy goose
KY807080,Hortobagy goose
KY807079,Hortobagy goose
MF576430,goose
KY855442,Marmota himalayana
KY855441,Marmota himalayana
KY855440,Marmota himalayana
KY855439,Marmota himalayana
KY855438,Marmota himalayana
KY855437,Marmota himalayana
MF596153,Homo sapiens
MF683403,Gallus gallus
MF683402,Gallus gallus
MF683401,Gallus gallus
MF683400,Gallus gallus
MH028405,Gallus gallus domesticus
GQ351328,Homo sapiens; sex: M; age: 6 months
GQ351343,Homo sapiens
GQ351342,Homo sapiens
GQ351341,Homo sapiens
GQ351340,Homo sapiens
GQ351339,Homo sapiens
GQ351338,Homo sapiens
GQ351337,Homo sapiens
GQ351336,Homo sapiens
GQ351335,Homo sapiens
GQ351334,Homo sapiens
GQ351333,Homo sapiens
GQ351332,Homo sapiens
GQ351331,Homo sapiens
GQ351330,Homo sapiens
GQ351329,Homo sapiens
GQ351327,Homo sapiens
GQ351326,Homo sapiens
GQ351325,Homo sapiens
KY744141,Homo sapiens
KY744140,Homo sapiens
KY744139,Homo sapiens
KY744138,Homo sapiens
KY744137,Homo sapiens
KY775077,NA
KY775076,NA
KY775075,NA
KY775074,NA
MF973555,Canis lupus familiaris
MF973554,Canis lupus familiaris
MF973553,Canis lupus familiaris
MF973552,Canis lupus familiaris
MF973551,Canis lupus familiaris
MF973550,Canis lupus familiaris
MF973549,Canis lupus familiaris
MF973548,Canis lupus familiaris
MF973547,Canis lupus familiaris
MF973546,Canis lupus familiaris
MF973545,Canis lupus familiaris
MF973544,Canis lupus familiaris
MF973543,Canis lupus familiaris
MF973542,Canis lupus familiaris
MF973541,Canis lupus familiaris
MF973540,Canis lupus familiaris
MF973539,Canis lupus familiaris
MF973538,Canis lupus familiaris
MF973537,Canis lupus familiaris
MF973536,Canis lupus familiaris
MF973535,Canis lupus familiaris
MF973534,Canis lupus familiaris
MF973533,Canis lupus familiaris
MF973532,Canis lupus familiaris
MF973531,Canis lupus familiaris
MF973530,Canis lupus familiaris
MF973529,Canis lupus familiaris
MF973528,Canis lupus familiaris
MF973527,Canis lupus familiaris
MF973526,Canis lupus familiaris
MF973525,Canis lupus familiaris
MF973524,Canis lupus familiaris
MF973523,Canis lupus familiaris
MF973522,Canis lupus familiaris
MF973521,Canis lupus familiaris
MF973520,Canis lupus familiaris
MF973519,Canis lupus familiaris
MF973518,Canis lupus familiaris
MF973517,Canis lupus familiaris
MF973516,Canis lupus familiaris
MF973515,Canis lupus familiaris
MF973514,Canis lupus familiaris
MF973513,Canis lupus familiaris
MF973512,Canis lupus familiaris
MF973511,Canis lupus familiaris
MF973510,Canis lupus familiaris
MF973509,Canis lupus familiaris
MF973508,Canis lupus familiaris
MF973507,Canis lupus familiaris
MF973506,Canis lupus familiaris
MF973505,Canis lupus familiaris
MF973504,Canis lupus familiaris
MF973503,Canis lupus familiaris
MF973502,Canis lupus familiaris
MF973501,Canis lupus familiaris
MF973500,Canis lupus familiaris
MF973499,Canis lupus familiaris
MF973498,Canis lupus familiaris
MF973497,Canis lupus familiaris
MF973496,Canis lupus familiaris
MF973495,Canis lupus familiaris
EU847145,Pipistrellus abramus
EU847144,Miniopterus magnater
EU847155,Miniopterus pusillus
EU847154,Miniopterus pusillus
EU847153,Miniopterus magnater
EU847152,Miniopterus magnater
EU847151,Miniopterus magnater
EU847150,Miniopterus magnater
EU847149,Miniopterus pusillus
EU847148,Miniopterus magnater
EU847147,Miniopterus magnater
EU847146,Myotis chinensis
EU847220,Miniopterus pusillus
EU847219,Miniopterus magnater
EU847218,Miniopterus magnater
EU847217,Miniopterus magnater
EU847216,Miniopterus magnater
EU847215,Miniopterus pusillus
EU847214,Miniopterus pusillus
EU847213,Miniopterus magnater
EU847212,Miniopterus magnater
EU847211,Miniopterus magnater
EU847210,Miniopterus pusillus
EU847209,Miniopterus magnater
EU847208,Miniopterus magnater
EU847207,Miniopterus magnater
EU847206,Miniopterus magnater
EU847205,Miniopterus magnater
EU847204,Miniopterus magnater
EU847203,Miniopterus magnater
EU847202,Miniopterus magnater
EU847201,Miniopterus pusillus
EU847200,Miniopterus pusillus
EU847199,Miniopterus magnater
EU847198,Miniopterus pusillus
EU847197,Miniopterus pusillus
EU847196,Miniopterus magnater
EU847195,Miniopterus magnater
EU847194,Miniopterus magnater
EU847193,Miniopterus magnater
EU847192,Miniopterus pusillus
EU847191,Miniopterus magnater
EU847190,Miniopterus magnater
EU847189,Miniopterus magnater
EU847188,Miniopterus magnater
EU847187,Miniopterus magnater
EU847186,Miniopterus magnater
EU847185,Miniopterus magnater
EU847184,Miniopterus magnater
EU847183,Miniopterus magnater
EU847182,Miniopterus pusillus
EU847181,Miniopterus magnater
EU847180,Miniopterus magnater
EU847179,Miniopterus magnater
EU847178,Miniopterus magnater
EU847177,Miniopterus magnater
EU847176,Miniopterus magnater
EU847175,Miniopterus magnater
EU847174,Rhinolophus rouxii
EU847173,Myotis ricketti
EU847172,Myotis ricketti
EU847171,Myotis ricketti
EU847170,Myotis ricketti
EU847169,Myotis ricketti
EU847168,Myotis ricketti
EU847167,Myotis ricketti
EU847166,Myotis ricketti
EU847165,Myotis chinensis
EU847164,Miniopterus magnater
EU847163,Miniopterus schreibersii
EU847162,Myotis ricketti
EU847161,Miniopterus pusillus
EU847160,Miniopterus pusillus
EU847159,Miniopterus pusillus
EU847158,Miniopterus pusillus
EU847157,Miniopterus pusillus
EU847156,Miniopterus pusillus
GQ415660,Homo sapiens
MF983852,Rhinolophus lepidus
MF983851,Rhinolophus lepidus
MF983850,Eonycteris spelaea
MF983849,Eonycteris spelaea
MF983848,Eonycteris spelaea
MF983847,Eonycteris spelaea
MF983846,Eonycteris spelaea
MF983845,Eonycteris spelaea
MF983844,Eonycteris spelaea
MF983843,Eonycteris spelaea
MF983842,Eonycteris spelaea
MF983841,Eonycteris spelaea
MF983840,Eonycteris spelaea
MF983839,Eonycteris spelaea
MF983838,Eonycteris spelaea
MF983837,Eonycteris spelaea
MF983836,Eonycteris spelaea
MF983835,Eonycteris spelaea
MF983834,Eonycteris spelaea
MF983833,Eonycteris spelaea
MF983832,Eonycteris spelaea
MF983831,Eonycteris spelaea
MF983830,Eonycteris spelaea
MF983829,Eonycteris spelaea
MF983828,Eonycteris spelaea
MF983827,Eonycteris spelaea
MF983826,Eonycteris spelaea
MF983825,Eonycteris spelaea
MF983824,Eonycteris spelaea
MF983823,Eonycteris spelaea
MF983822,Eonycteris spelaea
MF983821,Eonycteris spelaea
MF983820,Eonycteris spelaea
MF983819,Eonycteris spelaea
MF983818,Eonycteris spelaea
MF983817,Eonycteris spelaea
MF983816,Eonycteris spelaea
MF983815,Eonycteris spelaea
MF033386,Rattus losea
MF033385,Rattus norvegicus
MG383402,Homo sapiens
MG383401,Homo sapiens
MG383400,Homo sapiens
MG383399,Homo sapiens
KY646154,Beijing duck
KY230653,Sus scrofa (swine)
KY230652,Sus scrofa (swine)
KY230651,Sus scrofa (swine)
KY230650,Sus scrofa (swine)
KY230649,Sus scrofa (swine)
KY230648,Sus scrofa (swine)
KY230647,Sus scrofa (swine)
KY230646,Sus scrofa (swine)
KY230645,Sus scrofa (swine)
KY230644,Sus scrofa (swine)
KY230643,Sus scrofa (swine)
KY230642,Sus scrofa (swine)
KY230641,Sus scrofa (swine)
KY230640,Sus scrofa (swine)
KY230639,Sus scrofa (swine)
KY230638,Sus scrofa (swine)
KY230637,Sus scrofa (swine)
KY230636,Sus scrofa (swine)
KY230635,Sus scrofa (swine)
KY230634,Sus scrofa (swine)
KY230633,Sus scrofa (swine)
KY230632,Sus scrofa (swine)
KY230631,Sus scrofa (swine)
KY230630,Sus scrofa (swine)
KY230629,Sus scrofa (swine)
KY230628,Sus scrofa (swine)
KY230627,Sus scrofa (swine)
KY230626,Sus scrofa (swine)
KY412127,swine
KY412126,swine
KY412125,swine
KY412124,swine
KY412123,swine
KY412122,swine
KY412121,swine
KY412120,swine
KY412119,swine
KY412118,swine
KY412117,swine
KY412116,swine
KY412115,swine
KY412114,swine
KY412113,swine
KY412112,swine
KY412111,swine
KY412110,swine
KY412109,swine
KY412108,swine
KY412107,swine
KY412106,swine
KY412105,swine
KY412104,swine
KY412103,swine
KY412102,swine
KY412101,swine
KT581014,Anous tenuirostris
KX094981,Tadarida brasiliensis
KY814659,Homo sapiens
KY814658,Homo sapiens
KY814657,Homo sapiens
KY814656,Homo sapiens
KY814655,Homo sapiens
KY814654,Homo sapiens
KY814653,Homo sapiens
KY814652,Homo sapiens
KY814651,Homo sapiens
KY814650,Homo sapiens
KY814649,Homo sapiens
KY814648,Homo sapiens
KY814647,Homo sapiens
KY814646,Homo sapiens
KY814645,Homo sapiens
KY814644,Homo sapiens
KT946736,Rattus norvegicus
KT946735,Rattus norvegicus
KT946734,Rattus andamanensis
KT946733,Rattus andamanensis
KT946732,Rattus andamanensis
KT946731,Rattus norvegicus
KT946730,Rattus andamanensis
KT946729,Rattus andamanensis
KT946728,Rattus andamanensis
KT946727,Rattus andamanensis
KT946726,Rattus andamanensis
KY250168,Homo sapiens
KY250167,Homo sapiens
KY250166,Homo sapiens
KY250165,Homo sapiens
KY250164,Homo sapiens
KY250163,Homo sapiens
KY250162,Homo sapiens
KY250161,Homo sapiens
KY250160,Homo sapiens
KY250159,Homo sapiens
KY250158,Homo sapiens
KY250157,Homo sapiens
KY250156,Homo sapiens
KY250155,Homo sapiens
KY250154,Homo sapiens
KY250153,Homo sapiens
KY250152,Homo sapiens
KY250151,Homo sapiens
KY250150,Homo sapiens
KY250149,Homo sapiens
KY250148,Homo sapiens
KY250147,Homo sapiens
KY250146,Homo sapiens
KY250145,Homo sapiens
KY250144,Homo sapiens
KY250143,Homo sapiens
KY250142,Homo sapiens
KY250141,Homo sapiens
KY250140,Homo sapiens
KY250139,Homo sapiens
KY250138,Homo sapiens
KY250137,Homo sapiens
KY250136,Homo sapiens
KY250135,Homo sapiens
KY250134,Homo sapiens
KY250133,Homo sapiens
KY250132,Homo sapiens
KY250131,Homo sapiens
KY250130,Homo sapiens
KY250129,Homo sapiens
KY250128,Homo sapiens
KY250127,Homo sapiens
KY250126,Homo sapiens
KY250125,Homo sapiens
KY250124,Homo sapiens
KY250123,Homo sapiens
KY250122,Homo sapiens
KY250121,Homo sapiens
KY250120,Homo sapiens
KY250119,Homo sapiens
KY250118,Homo sapiens
KY250117,Homo sapiens
KY250116,Homo sapiens
KY250115,Homo sapiens
KY250114,Homo sapiens
KY250113,Homo sapiens
KY250112,Homo sapiens
KY250111,Homo sapiens
KY250110,Homo sapiens
KY250109,Homo sapiens
KY250108,Homo sapiens
KY250107,Homo sapiens
KY250106,Homo sapiens
KY250105,Homo sapiens
KY250104,Homo sapiens
KY250103,Homo sapiens
KY250102,Homo sapiens
KY250101,Homo sapiens
KY250100,Homo sapiens
KY250099,Homo sapiens
KY250098,Homo sapiens
KY250097,Homo sapiens
KY250096,Homo sapiens
KY250095,Homo sapiens
KY940545,porcine
KY412142,swine
KY412141,swine
KY412140,swine
KY412139,swine
KY412138,swine
KY412137,swine
KY412136,swine
KY412135,swine
KY412134,swine
KY412133,swine
KY412132,swine
KY412131,swine
KY412130,swine
KY412129,swine
KY412128,swine
KU212911,Homo sapiens
KU212910,Homo sapiens
KU212909,Homo sapiens
KU212908,Homo sapiens
KU212907,Homo sapiens
KU212906,Homo sapiens
KU212905,Homo sapiens
KY073232,Sus scrofa domestica (domestic swine)
KY073231,Sus scrofa domestica (domestic swine)
KY073230,Sus scrofa domestica (domestic swine)
KY073229,Sus scrofa domestica (domestic swine)
KY328303,dog
KY328302,dog
KY328301,dog
KY328300,dog
KY328299,dog
KY328298,dog
KY328297,dog
KY328296,dog
KY328295,dog
KY328294,dog
KY328293,dog
KY328292,dog
KY328291,dog
KY312000,Homo sapiens
KY311999,Homo sapiens
KY311998,Homo sapiens
KY311997,Homo sapiens
KY311996,Homo sapiens
KY311995,Homo sapiens
KY311994,Homo sapiens
KY311993,Homo sapiens
KY311992,Homo sapiens
KY311991,Homo sapiens
KY311990,Homo sapiens
KY311989,Homo sapiens
KY311988,Homo sapiens
KY311987,Homo sapiens
KY311986,Homo sapiens
KY311985,Homo sapiens
KY311984,Homo sapiens
KY311983,Homo sapiens
KY311982,Homo sapiens
KY311981,Homo sapiens
KY311980,Homo sapiens
KY311979,Homo sapiens
KY311978,Homo sapiens
KY311977,Homo sapiens
KY311976,Homo sapiens
KY311975,Homo sapiens
KY311974,Homo sapiens
KY311973,Homo sapiens
KY311972,Homo sapiens
KY311971,Homo sapiens
KY311970,Homo sapiens
KY311969,Homo sapiens
MF818326,Homo sapiens
MF818325,Homo sapiens
MF818324,Homo sapiens
MF818323,Homo sapiens
KY815038,Homo sapiens
KY815037,Homo sapiens
KY815036,Homo sapiens
KY815035,Homo sapiens
KU860562,Homo sapiens
KU860561,Homo sapiens
KU860560,Homo sapiens
KU860559,Homo sapiens
MF138055,swine
MF138054,swine
MF138053,swine
MF138052,swine
MF138051,swine
MF138050,swine
MF138049,swine
MF138048,swine
MF138047,swine
MF138046,swine
MF138045,swine
MF138044,swine
MF138043,swine
MF138042,swine
MF138041,swine
MF138040,swine
MF138039,swine
MF138038,swine
MF138037,swine
MF138036,swine
MF138035,swine
MF138034,swine
MF138033,swine
MF138032,swine
MF138031,swine
KY635984,Gallus gallus
KY635983,Gallus gallus
KY635982,Gallus gallus
KY635981,Gallus gallus
KY635980,Gallus gallus
KY635979,Gallus gallus
KY635978,Gallus gallus
KY635977,Gallus gallus
KY635976,Gallus gallus
KY635975,Gallus gallus
KY635974,Gallus gallus
KY635973,Gallus gallus
KY635972,Gallus gallus
KY635971,Gallus gallus
KY635970,Gallus gallus
KY635969,Gallus gallus
KY635968,Gallus gallus
KY635967,Gallus gallus
KY635966,Gallus gallus
KY635965,Gallus gallus
KY635964,Gallus gallus
KY635963,Gallus gallus
KY635962,Gallus gallus
KY635961,Gallus gallus
KY635960,Gallus gallus
KY635959,Gallus gallus
KY635958,Gallus gallus
KY635957,Gallus gallus
KY635956,Gallus gallus
KY635955,Gallus gallus
KY635954,Gallus gallus
KY200611,Homo sapiens
KY200610,Homo sapiens
KY009256,Rattus norvegicus
KY009255,Rattus norvegicus
KY009254,Rattus tanezumi
KY009253,Rattus norvegicus
KY009252,Rattus norvegicus
KY009251,Rattus norvegicus
KY009250,Rattus norvegicus
KY009249,Rattus norvegicus
KY009248,Rattus norvegicus
KY009247,Rattus norvegicus
KY009246,Rattus norvegicus
KY009245,Rattus norvegicus
KY009244,Rattus norvegicus
KY009243,Rattus norvegicus
KY009242,Rattus norvegicus
KY009241,Rattus norvegicus
KY009240,Rattus norvegicus
KY009239,Rattus norvegicus
KY009238,Rattus norvegicus
KY009237,Rattus norvegicus
KY009236,Rattus norvegicus
KY009235,Rattus norvegicus
KY009234,Rattus norvegicus
KY009233,Rattus norvegicus
KY009232,Rattus tanezumi
KY009231,Rattus norvegicus
KY009230,Rattus norvegicus
KY009229,Rattus norvegicus
KY009228,Rattus norvegicus
KY009227,Rattus norvegicus
KY009226,Rattus norvegicus
KY009225,Rattus norvegicus
KY009224,Rattus norvegicus
KY009223,Suncus murinus
KY009222,Rattus norvegicus
KY009221,Rattus norvegicus
KY009220,Suncus murinus
KY009219,Rattus norvegicus
KY009218,Rattus norvegicus
KY009217,Rattus norvegicus
KY009216,Rattus norvegicus
KY009215,Rattus norvegicus
KY009214,Rattus norvegicus
KY009213,Rattus norvegicus
KY009212,Rattus norvegicus
KY009211,Rattus norvegicus
KY009210,Rattus norvegicus
KY009209,Rattus norvegicus
KY009208,Rattus norvegicus
KY009207,Rattus norvegicus
KY009206,Rattus norvegicus
KY009205,Rattus norvegicus
KY009204,Rattus norvegicus
KY009203,Rattus norvegicus
KY009202,Rattus norvegicus
KY009201,Rattus norvegicus
KY009200,Rattus norvegicus
KY009199,Rattus norvegicus
KY009198,Rattus norvegicus
KY009197,Rattus norvegicus
KY009196,Rattus tanezumi
KY009195,Rattus norvegicus
KY009194,Rattus norvegicus
KY009193,Rattus norvegicus
KY009192,Rattus norvegicus
KY009191,Rattus norvegicus
KY009190,Rattus norvegicus
KY009189,Rattus norvegicus
KY009188,Rattus norvegicus
KY009187,Rattus norvegicus
KY009186,Rattus norvegicus
KY009185,Rattus norvegicus
KY009184,Rattus norvegicus
KY009183,Rattus norvegicus
KY009182,Rattus tanezumi
KY009181,Suncus murinus
KY009180,Rattus norvegicus
KY009179,Rattus norvegicus
KY009178,Rattus norvegicus
KY009177,Rattus norvegicus
KY009176,Rattus norvegicus
KY009175,Suncus murinus
KY009174,Rattus norvegicus
KY009173,Rattus norvegicus
KY009172,Rattus norvegicus
KY009171,Rattus norvegicus
KY009170,Rattus norvegicus
KY009169,Rattus norvegicus
KY009168,Rattus norvegicus
KY009167,Rattus norvegicus
KY009166,Rattus norvegicus
KY009165,Rattus norvegicus
KY009164,Rattus norvegicus
KY009163,Rattus norvegicus
KY009162,Rattus norvegicus
KY009161,Rattus norvegicus
KY009160,Rattus norvegicus
KY009159,Rattus norvegicus
KY009158,Rattus norvegicus
KY009157,Rattus norvegicus
KY009156,Rattus norvegicus
KY009155,Suncus murinus
KY009154,Rattus norvegicus
KY009153,Rattus norvegicus
KY009152,Rattus norvegicus
KY009151,Rattus tanezumi
KY009150,Rattus norvegicus
KY009149,Rattus norvegicus
KY009148,Rattus norvegicus
KY009147,Rattus norvegicus
KY009146,Rattus norvegicus
KY009145,Suncus murinus
KY009144,Rattus norvegicus
KY009143,Rattus norvegicus
KY009142,Rattus norvegicus
KY009141,Rattus norvegicus
KY009140,Rattus norvegicus
KY009139,Rattus norvegicus
KY009138,Rattus norvegicus
KY009137,Rattus norvegicus
KY009136,Rattus norvegicus
KY009135,Suncus murinus
KY009134,Rattus norvegicus
KY009133,Rattus norvegicus
KY009132,Rattus norvegicus
KY009131,Rattus norvegicus
KY009130,Rattus norvegicus
KY009129,Rattus norvegicus
KY009128,Rattus norvegicus
KY009127,Rattus norvegicus
KY009126,Rattus norvegicus
KY009125,Rattus norvegicus
KY009124,Rattus norvegicus
KY009123,Rattus norvegicus
KY009122,Rattus norvegicus
KY009121,Suncus murinus
KY009120,Suncus murinus
KY009119,Rattus norvegicus
KY009118,Rattus norvegicus
KY009117,Rattus norvegicus
KY009116,Rattus norvegicus
KY009115,Suncus murinus
KY009114,Rattus losea
KY009113,Rattus losea
KY009112,Rattus norvegicus
KY009111,Rattus norvegicus
KY009110,Rattus losea
KY009109,Rattus losea
KY009108,Rattus losea
KY009107,Rattus losea
KY009106,Rattus losea
KY009105,Rattus losea
KY009104,Rattus losea
KY009103,Rattus losea
KY009102,Rattus losea
KY009101,Rattus losea
KY009100,Rattus losea
KY009099,Rattus losea
KY009098,Rattus losea
KY009097,Rattus losea
KY009096,Rattus norvegicus
KY009095,Rattus losea
KY009094,Rattus losea
KY009093,Rattus losea
KY009092,Rattus losea
KY009091,Rattus losea
KY009090,Rattus norvegicus
KY009089,Rattus norvegicus
KY009088,Rattus norvegicus
KY009087,Rattus norvegicus
KY009086,Rattus norvegicus
KY009085,Rattus norvegicus
KY009084,Rattus norvegicus
KY009083,Rattus tanezumi
KY009082,Rattus norvegicus
KY009081,Rattus losea
KY009080,Rattus losea
KY009079,Rattus losea
KY009078,Rattus losea
KY009077,Rattus losea
KY009076,Rattus losea
KY009075,Rattus tanezumi
KY009074,Rattus losea
KY009073,Rattus tanezumi
KY009072,Rattus losea
KY009071,Rattus losea
KY009070,Rattus losea
KY009069,Rattus losea
KY009068,Rattus losea
KY009067,Rattus losea
KY009066,Rattus losea
KY009065,Rattus losea
KY009064,Rattus losea
KY009063,Rattus losea
KY009062,Rattus tanezumi
KY009061,Rattus norvegicus
KY009060,Rattus losea
KY009059,Rattus tanezumi
KY009058,Rattus losea
KY009057,Rattus losea
KY009056,Rattus losea
KY009055,Rattus losea
KY009054,Rattus losea
KY009053,Rattus losea
KY009052,Rattus losea
KY009051,Rattus norvegicus
KY009050,Rattus losea
KY009049,Rattus norvegicus
KY009048,Rattus losea
KY009047,Rattus tanezumi
KY009046,Rattus tanezumi
KY009045,Rattus norvegicus
KY009044,Rattus tanezumi
KY009043,Rattus losea
KY009042,Rattus losea
KY009041,Rattus losea
KY009040,Rattus losea
KY009039,Rattus losea
KY009038,Rattus losea
KY009037,Rattus norvegicus
KY009036,Rattus norvegicus
KY009035,Rattus losea
KY009034,Rattus losea
KY009033,Rattus norvegicus
KY009032,Rattus tanezumi
KY009031,Rattus norvegicus
KY009030,Rattus tanezumi
KY009029,Rattus norvegicus
KY009028,Rattus norvegicus
KY009027,Rattus norvegicus
KY009026,Rattus norvegicus
KY009025,Rattus norvegicus
KY009024,Rattus norvegicus
KY009023,Rattus norvegicus
KY009022,Rattus norvegicus
KY009021,Rattus norvegicus
KY009020,Rattus norvegicus
KY009019,Rattus norvegicus
KY009018,Rattus norvegicus
KY009017,Rattus norvegicus
KY009016,Rattus norvegicus
KY009015,Rattus norvegicus
KY009014,Rattus norvegicus
KY009013,Rattus norvegicus
KY009012,Suncus murinus
KY009011,Rattus norvegicus
KY009010,Rattus norvegicus
KY009009,Rattus norvegicus
KY009008,Rattus norvegicus
KY009007,Rattus norvegicus
KY009006,Rattus norvegicus
KY009005,Rattus norvegicus
KY009004,Rattus norvegicus
KY009003,Rattus norvegicus
KY009002,Rattus norvegicus
KY009001,Rattus norvegicus
KY009000,Rattus norvegicus
KY008999,Rattus norvegicus
KY008998,Rattus norvegicus
KY008997,Rattus norvegicus
KY008996,Rattus norvegicus
KY008995,Rattus norvegicus
KY008994,Rattus norvegicus
KY008993,Rattus norvegicus
KY008992,Rattus norvegicus
KY008991,Rattus norvegicus
KY008990,Rattus norvegicus
KY008989,Rattus norvegicus
KY008988,Rattus norvegicus
KY008987,Rattus norvegicus
KY008986,Rattus norvegicus
KY008985,Rattus norvegicus
KY008984,Rattus norvegicus
KY008983,Rattus norvegicus
KY008982,Rattus norvegicus
KY008981,Rattus norvegicus
KY008980,Rattus norvegicus
KY008979,Rattus norvegicus
KY008978,Rattus norvegicus
KY008977,Rattus norvegicus
KY008976,Rattus norvegicus
KY008975,Rattus norvegicus
KY008974,Rattus norvegicus
KY008973,Rattus norvegicus
KY008972,Rattus norvegicus
KY008971,Rattus norvegicus
KY008970,Rattus norvegicus
KY008969,Rattus norvegicus
KY008968,Rattus norvegicus
KY008967,Suncus murinus
KY008966,Rattus norvegicus
KY008965,Rattus norvegicus
KY008964,Rattus norvegicus
KY008963,Rattus tanezumi
KY008962,Rattus losea
KY008961,Rattus norvegicus
KY008960,Rattus norvegicus
KY008959,Rattus norvegicus
KY008958,Rattus norvegicus
KY008957,Rattus norvegicus
KT159912,Homo sapiens
KY753502,Homo sapiens
KY753501,Homo sapiens
KY753500,Homo sapiens
KY753499,Homo sapiens
KY753498,Homo sapiens
KY753497,Homo sapiens
KY753496,Homo sapiens
KY753495,Homo sapiens
KY753494,Homo sapiens
KY753493,Homo sapiens
KY753492,Homo sapiens
KY753491,Homo sapiens
KY753490,Homo sapiens
KY753489,Homo sapiens
KY753488,Homo sapiens
KY753487,Homo sapiens
KY753486,Homo sapiens
KY753485,Homo sapiens
KY753484,Homo sapiens
KY753483,Homo sapiens
KY753482,Homo sapiens
KY753481,Homo sapiens
KY753480,Homo sapiens
KY753479,Homo sapiens
KY753478,Homo sapiens
KY753477,Homo sapiens
KY294696,Homo sapiens; age: 3 Y
KY294695,Homo sapiens; age: 3 Y
KY294694,Homo sapiens; age: 4 M
KY294693,Homo sapiens; age: 8 M
KY294692,Homo sapiens; age: 2 Y
KY294691,Homo sapiens; age: 3 Y
KY294690,Homo sapiens; age: 9 M
KY294689,Homo sapiens; sex: F; age: 4 M
KY294688,Homo sapiens; sex: F; age: 11 Y
KY294686,Homo sapiens; sex: M; age: 3 Y
KY294684,Homo sapiens; sex: M; age: 8 M
KY294683,Homo sapiens; sex: M; age: 3 Y
KY294682,Homo sapiens; sex: F; age: 24 Y
KY294687,Homo sapiens; sex: M; age: 8 Y
KY294685,Homo sapiens; age: 79 Y
KY294681,Homo sapiens; sex: F; age: 17 Y
KY294680,Homo sapiens; sex: M; age: 18 Y
KY294679,Homo sapiens; sex: M; age: 25 Y
KY294678,Homo sapiens; sex: M; age: 4 Y
KY294677,Homo sapiens; sex: M; age: 23 Y
KY294676,Homo sapiens; sex: F; age: 30 Y
KY294675,Homo sapiens; sex: M; age: 25 Y
KY294674,Homo sapiens; sex: F; age: 18 Y
KY294671,Homo sapiens; sex: F; age: 17 Y
KY294670,Homo sapiens; sex: M; age: 18 Y
KY294669,Homo sapiens; sex: M; age: 25 Y
KY294668,Homo sapiens; sex: M; age: 23 Y
KY294667,Homo sapiens; sex: F; age: 30 Y
KY294666,Homo sapiens; sex: M; age: 25 Y
KY294665,Homo sapiens; sex: F; age: 18 Y
KY272006,Canis lupus familiaris
KY272005,Canis lupus familiaris
KY272004,Canis lupus familiaris
KY272003,Canis lupus familiaris
KY272002,Canis lupus familiaris
KY272001,Canis lupus familiaris
KY272000,Canis lupus familiaris
KY271999,Canis lupus familiaris
KY271998,Canis lupus familiaris
KY271997,Canis lupus familiaris
KY271996,Canis lupus familiaris
KY271995,Canis lupus familiaris
KY271994,Canis lupus familiaris
KY271993,Canis lupus familiaris
KY271992,Canis lupus familiaris
KY271991,Canis lupus familiaris
KY271990,Canis lupus familiaris
KY271989,Canis lupus familiaris
KY271988,Canis lupus familiaris
KY271987,Canis lupus familiaris
KY271986,Canis lupus familiaris
KY271985,Canis lupus familiaris
KY271984,Canis lupus familiaris
KY271983,Canis lupus familiaris
KY271982,Canis lupus familiaris
KY271981,Canis lupus familiaris
KY271980,Canis lupus familiaris
KY271979,Canis lupus familiaris
KY271978,Canis lupus familiaris
KY271977,Canis lupus familiaris
KY271976,Canis lupus familiaris
KY271975,Canis lupus familiaris
KY271974,Canis lupus familiaris
KY271973,Canis lupus familiaris
KY271972,Canis lupus familiaris
KY271971,Canis lupus familiaris
KY271970,Canis lupus familiaris
KY271969,Canis lupus familiaris
KY271968,Canis lupus familiaris
KT692942,Gorilla gorilla gorilla
KY905157,Homo sapiens
KY905156,Homo sapiens
KY271946,Homo sapiens
KY271945,Homo sapiens
KY859988,ovine
KX397576,chicken
KX397575,chicken
KY214438,Sus scrofa
KY214437,Sus scrofa
MF042208,NA
KY828141,Homo sapiens
KY828140,Homo sapiens
KY828139,Homo sapiens
KY828138,Homo sapiens
KY828137,Homo sapiens
KY933670,Homo sapiens
KX453792,porcine
KX453791,porcine
KX453790,porcine
KX453789,porcine
KX453788,porcine
KX453787,porcine
KX453786,porcine
KX453785,porcine
KY575674,Miniopterus griveaudi; FMNH 228875
KY575673,Triaenops menamena; UADBA SMG18885
KY575672,Triaenops menamena; UADBA SMG18884
KY575671,Triaenops menamena; UADBA SMG18883
KY575670,Triaenops menamena; FMNH 228864
KY575669,Triaenops menamena; FMNH 228863
KY575668,Triaenops menamena; FMNH 228860
KY575667,Rousettus madagascariensis; UADBA SMG18921
KY575666,Rousettus madagascariensis; FMNH 228826
KY575665,Paratriaenops furculus; UADBA SMG18902
KY575664,Paratriaenops furculus; UADBA SMG18894
KY575663,Paratriaenops furculus; UADBA SMG18892
KY575662,Paratriaenops furculus; UADBA SMG18890
KY575661,Paratriaenops furculus; UADBA SMG18888
KY575660,Paratriaenops furculus; UADBA SMG18886
KY575659,Paratriaenops furculus; FMNH 228851
KY575658,Paratriaenops furculus; FMNH 228848
KY575657,Paratriaenops furculus; FMNH 228844
KY575656,Myotis goudoti; UADBA SMG18920
KY575655,Myotis goudoti; FMNH 228866
KY575654,Myotis goudoti; FMNH 229045
KY575653,Miniopterus griveaudi; UADBA SMG18905
KY575652,Miniopterus griveaudi; UADBA SMG18874
KY575651,Miniopterus griveaudi; UADBA SMG18853
KY575650,Miniopterus griveaudi; FMNH 228882
KY575649,Miniopterus griveaudi; FMNH 228881
KY575648,Miniopterus griveaudi; FMNH 228878
KY575647,Miniopterus griveaudi; FMNH 228876
KY575646,Miniopterus griveaudi; FMNH 228874
KY575645,Miniopterus griveaudi; FMNH 228872
KY575644,Miniopterus griveaudi; FMNH 228870
KX683863,mouse
KY614056,Bos taurus
KY614055,Bos taurus
KX756441,Canis lupus familaris
KX913309,Homo sapiens
KX913308,Homo sapiens
KX913307,Homo sapiens
KX913306,Homo sapiens
KX913305,Homo sapiens
KX913304,Homo sapiens
KX913303,Homo sapiens
KX913302,Homo sapiens
KX913301,Homo sapiens
KX913300,Homo sapiens
KX913299,Homo sapiens
KX913298,Homo sapiens
KX913297,Homo sapiens
KX913296,Homo sapiens
KX913295,Homo sapiens
KX913294,Homo sapiens
KX913293,Homo sapiens
KX913292,Homo sapiens
KX913291,Homo sapiens
KX913290,Homo sapiens
KX913289,Homo sapiens
KX913288,Homo sapiens
KX913287,Homo sapiens
KX913286,Homo sapiens
KX913285,Homo sapiens
KX913284,Homo sapiens
KX913283,Homo sapiens
KX913282,Homo sapiens
KX913281,Homo sapiens
KX913280,Homo sapiens
KX913279,Homo sapiens
KX913278,Homo sapiens
KX913277,Homo sapiens
KX913276,Homo sapiens
KX913275,Homo sapiens
KX913274,Homo sapiens
KX913273,Homo sapiens
KX913272,Homo sapiens
KX913271,Homo sapiens
KX913270,Homo sapiens
KX913269,Homo sapiens
KX913268,Homo sapiens
KX913267,Homo sapiens
KX913266,Homo sapiens
KX913265,Homo sapiens
KX913264,Homo sapiens
KX913263,Homo sapiens
KX913262,Homo sapiens
KX913261,Homo sapiens
KX913260,Homo sapiens
KX913259,Homo sapiens
KX913258,Homo sapiens
KX913257,Homo sapiens
KX913256,Homo sapiens
KX268315,cattle
KX268314,cattle
KX268313,cattle
KX268312,cattle
KX268311,cattle
KX268310,cattle
KY964327,NA
KX522573,Homo sapiens
KX522572,Homo sapiens
KX522571,Homo sapiens
KX522570,Homo sapiens
KX522569,Homo sapiens
KX522568,Homo sapiens
KX522567,Homo sapiens
KX522566,Homo sapiens
KX595356,Homo sapiens
KX595355,Homo sapiens
KX595354,Homo sapiens
KX595353,Homo sapiens
KX595352,Homo sapiens
KX595351,Homo sapiens
KX595350,Homo sapiens
KX595349,Homo sapiens
KX595348,Homo sapiens
KX595347,Homo sapiens
KX595346,Homo sapiens
KX595345,Homo sapiens
KX595344,Homo sapiens
KX595343,Homo sapiens
KX589303,lamb
LC201620,Sus scrofa
LC201619,Sus scrofa
LC201618,Sus scrofa
LC201617,Sus scrofa
LC201616,Sus scrofa
LC201615,Sus scrofa
LC201614,Sus scrofa
LC201613,Sus scrofa
LC201612,Sus scrofa
LC201611,Sus scrofa
LC201610,Sus scrofa
LC201609,Sus scrofa
LC201608,Sus scrofa
LC201607,Sus scrofa
LC201606,Sus scrofa
LC201605,Sus scrofa
LC201604,Sus scrofa
LC201603,Sus scrofa
LC201602,Sus scrofa
LC201601,Sus scrofa
LC201600,Sus scrofa
LC201599,Sus scrofa
LC201598,Sus scrofa
LC201597,Sus scrofa
LC201596,Sus scrofa
LC201595,Sus scrofa
LC201594,Sus scrofa
LC201593,Sus scrofa
LC201592,Sus scrofa
LC201591,Sus scrofa
LC201590,Sus scrofa
LC201589,Sus scrofa
LC201588,Sus scrofa
LC201587,Sus scrofa
LC201586,Sus scrofa
LC201585,Sus scrofa
KT956903,Bos taurus
KY271027,Hortobagy goose
KY563083,feline
KY563082,feline
KY563081,feline
KY563080,feline
KX431950,swine
KX431949,swine
KX431948,swine
KX431947,swine
KX431946,swine
AB769838,Homo sapiens
KX858533,Scotophilus sp.
KX858532,Scotophilus sp.
KX858531,Scotophilus sp.
KX858530,Scotophilus sp.
KX858529,Scotophilus sp.
KX858528,Scotophilus sp.
KX858527,Rattus exulans
KX858526,Scotophilus sp.
KX858525,Scotophilus sp.
KX858524,Scotophilus sp.
KX858523,Scotophilus sp.
KX858522,Scotophilus sp.
KX858521,Scotophilus sp.
KX858520,Scotophilus sp.
KX858519,Macaca leonina
KX858518,Rousettus sp.
KX858517,Megaderma lyra
KX858516,Rhinolophus shameli
KX858515,Taphozous melanopogon
KX858514,Taphozous melanopogon
KX858513,Megaderma lyra
KX858512,Taphozous melanopogon
KX858511,Hipposideros pomona
KX858510,Taphozous melanopogon
KX858509,Scotophilus kuhlii
KX858508,Scotophilus kuhlii
KX858507,Scotophilus kuhlii
KX858506,Scotophilus kuhlii
KX858505,Scotophilus kuhlii
KX858504,Scotophilus kuhlii
KX858503,Scotophilus kuhlii
KX858502,Scotophilus kuhlii
KX858501,Scotophilus kuhlii
KX858500,Scotophilus kuhlii
KX858499,Scotophilus kuhlii
KX858498,Scotophilus kuhlii
KX858497,Scotophilus kuhlii
KX858496,Scotophilus kuhlii
KX858495,Scotophilus kuhlii
KX858494,Scotophilus kuhlii
KX858493,Scotophilus kuhlii
KX858492,Scotophilus kuhlii
KX858491,Scotophilus kuhlii
KX858490,Rattus sp.
KX858489,Rattus sp.
KX858488,Rattus sp.
KX858487,Rattus sp.
KX858486,Rattus sp.
KX858485,Rattus sp.
KX858484,Rattus sp.
KX858483,Rattus sp.
KX858482,Rattus sp.
KX858481,Rattus sp.
KX858480,Rattus sp.
KX858479,Rattus sp.
KX858478,Rattus sp.
KX858477,Rattus sp.
KX858476,Rattus sp.
KX858475,Rattus sp.
KX858474,Rattus sp.
KX858473,Rattus sp.
KX858472,Rattus sp.
KX858471,Rattus sp.
KX858470,Rattus sp.
KX858469,Rattus sp.
KX858468,Rattus sp.
KX858467,Rattus sp.
KX858466,Macaca fascicularis
KX858465,Myotis horsfieldii
KX858464,Myotis horsfieldii
KX858463,Myotis horsfieldii
KX858462,Myotis horsfieldii
KX858461,Myotis horsfieldii
KX858460,Myotis horsfieldii
KX858459,Myotis horsfieldii
KX858458,Myotis horsfieldii
KX858457,Myotis horsfieldii
KX858456,Myotis horsfieldii
KX858455,Myotis horsfieldii
KX858454,Myotis horsfieldii
KX858453,Myotis horsfieldii
KX858452,Myotis horsfieldii
KX858451,Myotis horsfieldii
KX858450,Myotis horsfieldii
KX858449,Myotis horsfieldii
KX858448,Myotis horsfieldii
KX858447,Myotis horsfieldii
KX858446,Myotis horsfieldii
KX858445,Myotis horsfieldii
KX858444,Myotis horsfieldii
KX858443,Myotis horsfieldii
KX858442,Myotis horsfieldii
KX858441,Myotis horsfieldii
KX858440,Myotis horsfieldii
KX858439,Myotis horsfieldii
KX858438,Myotis horsfieldii
KX858437,Myotis horsfieldii
KX858436,Myotis horsfieldii
KX858435,Myotis horsfieldii
KX858434,Myotis horsfieldii
KX858433,Myotis horsfieldii
KX858432,Myotis horsfieldii
KX858431,Myotis horsfieldii
KX858430,Myotis horsfieldii
KX858429,Myotis horsfieldii
KX858428,Myotis horsfieldii
KX858427,Myotis horsfieldii
KX858426,Myotis horsfieldii
KX858425,Myotis horsfieldii
KX858424,Myotis horsfieldii
KX858423,Myotis horsfieldii
KX858422,Rattus argentiventer
KX858421,Rattus argentiventer
KX858420,Rattus argentiventer
KX858419,Rattus norvegicus
KX858418,Rattus argentiventer
KX858417,Rattus argentiventer
KX858416,Rattus argentiventer
KX858415,Rattus norvegicus
KX858414,Rattus norvegicus
KX858413,Rattus norvegicus
KX858412,Rattus norvegicus
KX858411,Rattus norvegicus
KX858410,Rattus norvegicus
KX858409,Rattus norvegicus
KX858408,Rattus norvegicus
KX858407,Rattus norvegicus
KX858406,Rattus norvegicus
KX858405,Rattus norvegicus
KX858404,Rattus norvegicus
KX858403,Rattus norvegicus
KX858402,Rattus norvegicus
KX858401,Rattus exulans
KX858400,Rattus exulans
KX858399,Rattus exulans
KX858398,Rattus exulans
KX858397,Rattus exulans
KX858396,Rattus exulans
KX858395,Rattus exulans
KX858394,Rattus exulans
KX858393,Rattus exulans
KX858392,Scotophilus sp.
KX858391,Scotophilus sp.
KX858390,Scotophilus sp.
KX858389,Scotophilus sp.
KX858388,Scotophilus sp.
KX858387,Scotophilus sp.
KX858386,Scotophilus sp.
KX858385,Scotophilus sp.
KX858384,Scotophilus sp.
KX858383,Rattus losea
KX858382,Macaca fascicularis
KX858381,Hylopetes sp.
KX858380,Rousettus sp.
KX858379,Rousettus sp.
KX858378,Rousettus sp.
KX858377,Rousettus sp.
KX858376,Rousettus sp.
KX858375,Eonycteris spelaea
KX858374,Rousettus sp.
KX858373,Rousettus sp.
KX858372,Rousettus leschenaultii
KX858371,Hipposideros larvatus
KX858370,Rhinolophus affinis
KX858369,Eonycteris spelaea
KX858368,Rousettus sp.
KX858367,Rousettus sp.
KX858366,Rousettus sp.
KX858365,Rousettus sp.
KX858364,Rousettus sp.
KX858363,Rousettus sp.
KX858362,Rousettus sp.
KX858361,Ia io
KX858360,Rousettus amplexicaudatus
KX858359,Rousettus leschenaultii
KX858358,Rousettus leschenaultii
KX858357,Rousettus leschenaultii
KX858356,Rousettus leschenaultii
KX858355,Rousettus leschenaultii
KX858354,Rousettus amplexicaudatus
KX858353,Rousettus leschenaultii
KX858352,Eonycteris spelaea
KX858351,Rhinolophus sp.
KX858350,Rhinolophus sp.
KX858349,Rhinolophus sp.
KX858348,Leopoldamys sabanus
KY320416,Anas platyrhynchos
KY320415,Anas platyrhynchos
KY320414,Anas platyrhynchos
KY320413,Anas platyrhynchos
KY320412,Anas platyrhynchos
KY320411,Anas platyrhynchos
KY320410,Anas platyrhynchos
KY320409,Anas platyrhynchos
KY320408,Anas platyrhynchos
KY320407,Anas platyrhynchos
KY320406,Anas platyrhynchos
KY320405,Anas platyrhynchos
KU510484,Hipposideros caffer
KU510483,Hipposideros gigas
KU510482,Miniopterus inflatus
KU510481,Hipposideros gigas
KU510480,Hipposideros caffer
KU510479,Miniopterus inflatus
KU510478,Miniopterus inflatus
KU510477,Rousettus aegyptiacus
KU510476,Coleura afra
KU510475,Coleura afra
KU510474,Miniopterus inflatus
KU510473,Miniopterus inflatus
KU510472,Hipposideros gigas
KU510471,Hipposideros caffer
KU510470,Miniopterus inflatus
KU510469,Hipposideros caffer
KU510468,Hipposideros caffer
KU510467,Hipposideros caffer
KU510466,Hipposideros caffer
KU510465,Miniopterus inflatus
KU510464,Hipposideros caffer
KU510463,Hipposideros caffer
KU510462,Hipposideros caffer
KU510461,Rousettus aegyptiacus
KU510460,Hipposideros gigas
KU510459,Miniopterus inflatus
KU510458,Miniopterus inflatus
KU510457,Miniopterus inflatus
KU510456,Miniopterus inflatus
KU510455,Hipposideros caffer
KU510454,Hipposideros caffer
KU510453,Miniopterus inflatus
KU510452,Hipposideros gigas
KU510451,Hipposideros gigas
KU510450,Hipposideros caffer
KU510449,Hipposideros caffer
KU510448,Hipposideros caffer
KU510447,Miniopterus inflatus
KU510446,Miniopterus inflatus
KU510445,Hipposideros caffer
KU510444,Hipposideros caffer
KU510443,Miniopterus inflatus
KU510442,Hipposideros gigas
KU510441,Miniopterus inflatus
KY024238,Marmota himalayana
KY024237,Marmota himalayana
KX702367,Myotis fimbriatus
KX702366,Myotis fimbriatus
KX702365,Myotis fimbriatus
KX702364,Myotis fimbriatus
KX702363,Myotis fimbriatus
KX702362,Myotis fimbriatus
KX702361,Myotis fimbriatus
KX702360,Myotis fimbriatus
KX702359,Myotis fimbriatus
KX702358,Myotis pequinius
KX702357,Eptesicus serotinus serotinus
KX702356,Eptesicus serotinus andersoni
KX702355,Eptesicus serotinus serotinus
KX702354,Eptesicus serotinus andersoni
KX702353,Myotis pequinius
KX702352,Myotis pequinius
KX702351,Myotis pequinius
KX702350,Myotis pequinius
KX702349,Myotis pequinius
KX702348,Myotis pequinius
KX702347,Myotis pequinius
KX702346,Eptesicus serotinus andersoni
KX702345,Eptesicus serotinus andersoni
KX702344,Myotis fimbriatus
KX702343,Myotis fimbriatus
KX702342,Myotis fimbriatus
KX702341,Myotis fimbriatus
KX702340,Myotis fimbriatus
KX702339,Eptesicus serotinus andersoni
KX702338,Eptesicus serotinus serotinus
KX702337,Myotis ricketti
KX027308,Mytilus galloprovincialis
KX027307,Mytilus galloprovincialis
KX932067,Homo sapiens
KX932066,Homo sapiens
KX932065,Homo sapiens
KX932064,Homo sapiens
KX932063,Homo sapiens
KX932062,Homo sapiens
KX932061,Homo sapiens
KX932060,Homo sapiens
KX932059,Homo sapiens
KX932058,Homo sapiens
KX932057,Homo sapiens
KX932056,Homo sapiens
KX932055,Homo sapiens
KX932054,Homo sapiens
KX932053,Homo sapiens
KX932052,Homo sapiens
KX932051,Homo sapiens
KX932050,Homo sapiens
KX932049,Homo sapiens
KX932048,Homo sapiens
KX932047,Homo sapiens
KY038380,Homo sapiens
KY024236,Himalayan marmot
KY024235,Himalayan marmot
KY024234,Himalayan marmot
KY024233,Himalayan marmot
KY024232,Himalayan marmot
KY024231,Himalayan marmot
KY024230,Himalayan marmot
KY024229,Himalayan marmot
KY024228,Himalayan marmot
KY024227,Himalayan marmot
KY024226,Himalayan marmot
KY024225,Himalayan marmot
KY038163,chicken
KX033447,Sus scrofa (wild boar)
KY047762,swine
KY047761,swine
KY047760,swine
KY047759,swine
KY047758,swine
KY047757,swine
KY047756,swine
KY047755,swine
KY047754,swine
KY047753,swine
KY047752,swine
KY047751,swine
KY047750,swine
KY047749,swine
KY047748,swine
KY047747,swine
KY047746,swine
KY047745,swine
KY047744,swine
KY047743,swine
KY047742,swine
KY047741,swine
KY047740,swine
KY047739,swine
KY047738,swine
KY047737,swine
KY047736,swine
KY047735,swine
KY047734,swine
KY047733,swine
KY047732,swine
KY047731,swine
KY047730,swine
KY047729,swine
KY047728,swine
KY047727,swine
KY047726,swine
KY047725,swine
KY047724,swine
KY047723,swine
KY047722,swine
KY047721,swine
KY047720,swine
KY047719,swine
KY047718,swine
KY047717,swine
KY047716,swine
KY047715,swine
KY047714,swine
KY047713,swine
KY047712,swine
KY047711,swine
KY047710,swine
KY047709,swine
KY047708,swine
KY047707,swine
KY047706,swine
KY047705,swine
KY047704,swine
KY047703,swine
KY047702,swine
KY047701,swine
KY047700,swine
KY047699,swine
KY047698,swine
KY047697,swine
KY047696,swine
KY047695,swine
KY047694,swine
KY047693,swine
KY047692,swine
KY047691,swine
KY047690,swine
KY047689,swine
KY047688,swine
KY047687,swine
KY047686,swine
KY047685,swine
KY047684,swine
KY047683,swine
KY047682,swine
KY047681,swine
KY047680,swine
KY047679,swine
KY047678,swine
KY047677,swine
KY047676,swine
KY047675,swine
KY047674,swine
KY047673,swine
KY047672,swine
KY047671,swine
KY047670,swine
KY047669,swine
KY047668,swine
KY047667,swine
KY047666,swine
KY047665,swine
KY047664,swine
KX907135,Bat
KX907134,porcine
KX907133,Bat
KX907132,rat
KX907131,Bat
KX907130,rat
KX907129,rat
KX907128,rat
KX907127,rat
KX599354,dog
KX599353,dog
KX599352,dog
KX599351,dog
KX599350,dog
KX599349,dog
KU954489,NA
KU954488,NA
KU954487,NA
KU954486,NA
KU954485,NA
KU954484,NA
KU954483,NA
KU954482,NA
KU954481,NA
KU954480,NA
KU954479,NA
KU954478,NA
KU954477,NA
KU954476,NA
KU954475,NA
KU954474,NA
KU954473,NA
KU954472,NA
KU954471,NA
KU954470,NA
KU954469,NA
KU954468,NA
KU954467,NA
KU954466,NA
KU954465,NA
KU954464,NA
KU954463,NA
KU954462,NA
KU954461,NA
KU954460,NA
KU954459,NA
KU954458,NA
KU954457,NA
KU954456,NA
KU954455,NA
KU954454,NA
KU954453,NA
KU954452,NA
KU954451,NA
KU954450,NA
KU954449,NA
KU189273,Mus musculus
KU189272,NA
KU189271,NA
KU189270,NA
KU189269,NA
KU189268,NA
KU189267,NA
KU189266,NA
KU189265,NA
KU189264,NA
KU189263,NA
KU189262,NA
KU189261,NA
KX779117,Gallus gallus
KX779116,Gallus gallus
KX779115,Gallus gallus
KX779114,Gallus gallus
KX779113,Gallus gallus
KX779112,Gallus gallus
KX060809,Sus scrofa
KX060808,Sus scrofa
JF491430,Homo sapiens
GQ901902,Homo sapiens
GU732187,Homo sapiens
GU223905,Homo sapiens
GQ373013,Homo sapiens
GQ373012,Homo sapiens
GQ373011,Homo sapiens
GQ373010,Homo sapiens
GQ373009,Homo sapiens
GQ373008,Homo sapiens
GQ373007,Homo sapiens
GQ373006,Homo sapiens
GQ373005,Homo sapiens
GQ373004,Homo sapiens
FJ866761,NA
KX645667,Rousettus sp.
LN612591,NA
LN612590,NA
LN612589,NA
LN612588,NA
LN612587,NA
LN612586,NA
LN612585,NA
LN612584,NA
LN612583,NA
LN612582,NA
LN612581,NA
LN612580,NA
KX022687,Homo sapiens
KT963071,cattle
KT963070,water buffalo
KT963069,water buffalo
KT818780,stool
KT818779,stool
KU711079,chicken
KU711078,chicken
KU711077,chicken
KU711076,chicken
KU711075,chicken
KU711074,chicken
KU711073,chicken
KU711072,chicken
KU711071,chicken
KU711070,chicken
KU711069,chicken
KU711068,chicken
KU711067,chicken
KU711066,chicken
KU711065,chicken
KU711064,chicken
KU711063,chicken
KU711062,chicken
KU711061,chicken
KU711060,chicken
KU711059,chicken
KU711058,chicken
KU711057,chicken
KU711056,chicken
KU711055,chicken
KU711054,chicken
KU711053,chicken
KU711052,chicken
KU711051,chicken
KU711050,chicken
KU711049,chicken
KU711048,chicken
KU711047,chicken
KU711046,chicken
KU711045,chicken
KU711044,chicken
KU711043,chicken
KU711042,chicken
KU711041,chicken
KU711040,chicken
KU711039,chicken
KU711038,chicken
KU711037,chicken
KU711036,chicken
KU711035,chicken
KU711034,chicken
KU711033,chicken
KU711032,chicken
KU711031,chicken
KU711030,chicken
KU711029,chicken
KU711028,chicken
KU711027,chicken
KU711026,chicken
KU711025,chicken
KU711024,chicken
KU711023,chicken
KU711022,chicken
KU711021,chicken
KR349491,Canis lupus familiaris
KR349490,Canis lupus familiaris
KR349489,Canis lupus familiaris
KR349488,Canis lupus familiaris
KX273058,NA
KT725230,Pekin duck
KT725229,Pekin duck
KT725228,Pekin duck
KT725227,Pekin duck
KT725226,Pekin duck
KT725225,Pekin duck
KT725224,Pekin duck
KT725223,Pekin duck
KT725222,Pekin duck
KT725221,Pekin duck
KT725220,Pekin duck
KT725219,Pekin duck
KT725218,Pekin duck
KT725217,Pekin duck
KT757532,porcine
KT757531,porcine
KT757530,porcine
KT757529,porcine
KT757528,porcine
KT757527,porcine
KT757526,porcine
KT757525,porcine
FJ430562,NA
FJ430561,NA
FJ430560,NA
FJ430559,NA
FJ430558,NA
FJ430557,NA
FJ430556,NA
FJ430555,NA
FJ430554,NA
FJ430553,NA
FJ430552,NA
FJ430551,NA
FJ430550,NA
FJ178641,turkey; young poult presenting PEMS
FJ160483,pig
FJ160482,pig
FJ160480,pig
FJ165475,Homo sapiens
FJ165474,Homo sapiens
FJ165473,Homo sapiens
FJ165472,Homo sapiens
FJ165471,Homo sapiens
FJ165470,Homo sapiens
FJ165469,Homo sapiens
FJ169462,Homo sapiens
FJ169461,Homo sapiens
FJ169460,Homo sapiens
FJ169459,Homo sapiens
FJ169458,Homo sapiens
FJ169457,Homo sapiens
FJ004231,Homo sapiens
FJ004230,Homo sapiens
FJ004229,Homo sapiens
FJ004228,Homo sapiens
FJ004227,Homo sapiens
FJ004226,Homo sapiens
FJ004225,Homo sapiens
FJ004224,Homo sapiens
FJ004223,Homo sapiens
FJ004222,Homo sapiens
FJ004221,Homo sapiens
FJ004220,Homo sapiens
FJ004219,Homo sapiens
FJ004218,Homo sapiens
FJ004217,Homo sapiens
FJ004216,Homo sapiens
FJ004215,Homo sapiens
FJ004214,Homo sapiens
FJ004213,Homo sapiens
FJ004212,Homo sapiens
FJ004211,Homo sapiens
FJ004210,Homo sapiens
FJ004209,Homo sapiens
FJ004208,Homo sapiens
FJ004207,Homo sapiens
FJ004206,Homo sapiens
FJ004205,Homo sapiens
FJ004204,Homo sapiens
FJ004203,Homo sapiens
FJ004202,Homo sapiens
FJ004201,Homo sapiens
FJ004200,Homo sapiens
FJ004199,Homo sapiens
FJ004198,Homo sapiens
FJ004197,Homo sapiens
FJ004196,Homo sapiens
FJ004195,Homo sapiens
FJ004194,Homo sapiens
FJ004193,Homo sapiens
FJ004192,Homo sapiens
FJ004191,Homo sapiens
FJ004190,Homo sapiens
FJ004189,Homo sapiens
FJ004188,Homo sapiens
FJ004187,Homo sapiens
FJ004186,Homo sapiens
FJ004185,Homo sapiens
FJ004184,Homo sapiens
FJ004183,Homo sapiens
FJ004182,Homo sapiens
FJ004181,Homo sapiens
FJ004180,Homo sapiens
FJ004179,Homo sapiens
FJ004178,Homo sapiens
FJ004177,Homo sapiens
FJ004176,Homo sapiens
FJ004175,Homo sapiens
FJ004174,Homo sapiens
FJ004173,Homo sapiens
FJ004172,Homo sapiens
FJ004171,Homo sapiens
FJ004170,Homo sapiens
FJ004169,Homo sapiens
FJ004168,Homo sapiens
FJ004167,Homo sapiens
FJ004166,Homo sapiens
FJ004165,Homo sapiens
FJ004164,Homo sapiens
FJ004163,Homo sapiens
FJ004162,Homo sapiens
FJ004161,Homo sapiens
FJ004160,Homo sapiens
FJ004159,Homo sapiens
FJ004158,Homo sapiens
FJ004157,Homo sapiens
FJ004156,Homo sapiens
FJ004155,Homo sapiens
FJ004154,Homo sapiens
FJ004153,Homo sapiens
FJ155810,pig
FJ155809,pig
FJ155808,pig
FJ155807,pig
FJ155806,pig
FJ155805,pig
FJ155804,pig
FJ155803,pig
FJ155802,pig
FJ155801,pig
FJ154766,pig
FJ154765,pig
FJ154764,pig
FJ154763,pig
FJ154762,pig
FJ154761,pig
EU669004,duck
EU669003,NA
EU669002,Gallus gallus
EU669001,Gallus gallus
EU669000,Gallus gallus
EU668999,Gallus gallus
EU668998,Gallus gallus
EU650332,Acinonyx jubatus
EU650331,Acinonyx jubatus
DQ381397,Guinea fowl
DQ381396,Guinea fowl
DQ381395,Guinea fowl
DQ381394,Guinea fowl
DQ381393,Guinea fowl
DQ381392,Guinea fowl
DQ381391,Guinea fowl
DQ381390,Guinea fowl
DQ381389,Guinea fowl
DQ381387,Guinea fowl
DQ381386,Guinea fowl
DQ381385,Guinea fowl
DQ381384,Guinea fowl
DQ381383,Guinea fowl
DQ381381,Guinea fowl
DQ381380,Guinea fowl
DQ381379,Guinea fowl
DQ381378,NA
DQ381377,NA
DQ381376,NA
DQ381375,NA
DQ381374,NA
DQ381373,NA
DQ381372,NA
DQ381371,NA
DQ381370,NA
DQ381369,NA
DQ381368,NA
DQ381367,NA
DQ381366,NA
DQ381365,NA
DQ381364,NA
DQ381363,NA
DQ381362,NA
DQ453922,NA
DQ381508,NA
DQ381507,NA
DQ381506,NA
DQ381505,NA
DQ381504,NA
DQ381503,NA
DQ381502,NA
DQ381501,NA
DQ381500,NA
DQ381499,NA
DQ381498,NA
DQ381497,NA
DQ381496,NA
DQ381495,NA
DQ381494,NA
DQ381493,NA
DQ381492,NA
DQ381491,NA
DQ381490,NA
DQ381489,NA
DQ381488,NA
DQ381487,NA
DQ381486,NA
DQ381485,NA
DQ381484,NA
DQ381483,NA
DQ381482,NA
DQ381481,NA
DQ381480,NA
DQ381479,NA
DQ381478,NA
DQ381477,NA
DQ381476,NA
DQ381475,NA
DQ381474,NA
DQ324850,NA
DQ324849,NA
DQ324848,NA
DQ324847,NA
DQ324846,NA
DQ324845,NA
DQ324844,NA
DQ324843,NA
DQ324842,NA
DQ324841,NA
DQ324840,NA
DQ324839,NA
DQ324838,NA
DQ324837,NA
DQ324836,NA
DQ324835,NA
DQ324834,NA
DQ324833,NA
DQ324832,NA
DQ324831,NA
DQ324830,NA
DQ324829,NA
DQ324828,NA
DQ324827,NA
DQ324826,NA
DQ324825,NA
DQ324824,NA
DQ324823,NA
DQ324822,NA
DQ324821,NA
DQ324820,NA
DQ324819,NA
DQ324818,NA
DQ324817,NA
DQ324816,NA
DQ324815,NA
DQ324814,NA
DQ324813,NA
DQ324812,NA
DQ324811,NA
DQ324810,NA
DQ324809,NA
DQ324808,NA
DQ324807,NA
DQ324806,NA
DQ324805,NA
DQ324804,NA
DQ324803,NA
DQ324802,NA
DQ344027,NA
DQ327618,chicken
DQ327617,chicken
DQ327616,chicken
DQ327615,chicken
DQ327614,chicken
DQ327613,chicken
DQ327612,chicken
DQ327611,chicken
DQ327610,chicken
DQ327609,chicken
DQ327608,chicken
DQ157440,Homo sapiens
DQ157439,Homo sapiens
DQ157438,Homo sapiens
DQ157437,Homo sapiens
DQ157436,Homo sapiens
DQ157435,Homo sapiens
DQ139832,NA
DQ139831,NA
DQ139830,NA
DQ139829,NA
DQ139828,NA
DQ139827,NA
DQ139826,NA
DQ139825,NA
DQ139824,NA
DQ139823,NA
DQ139822,NA
DQ139821,NA
DQ139820,NA
DQ139819,NA
DQ139818,NA
DQ139817,NA
DQ139816,NA
DQ139815,NA
DQ139814,NA
DQ139813,NA
DQ139812,NA
DQ066598,NA
DQ066597,NA
DQ066596,NA
DQ066595,NA
DQ066594,NA
DQ066593,NA
DQ066592,NA
DQ066591,NA
DQ066590,NA
DQ066589,NA
DQ066588,NA
DQ066587,NA
DQ066586,NA
DQ066585,NA
DQ066584,NA
DQ066583,NA
DQ066582,NA
DQ066581,NA
DQ066580,NA
DQ066579,NA
DQ066578,NA
DQ066577,NA
DQ066576,NA
DQ066575,NA
DQ066574,NA
DQ066573,NA
DQ066572,NA
DQ066571,NA
DQ066570,NA
DQ066569,NA
DQ066568,NA
DQ066567,NA
DQ066566,NA
DQ066565,NA
DQ066564,NA
DQ066563,NA
DQ066562,NA
DQ066561,NA
DQ066560,NA
DQ066559,NA
DQ066558,NA
DQ066557,NA
DQ066556,NA
DQ066555,NA
DQ066554,NA
DQ066553,NA
DQ070852,NA
DQ028633,NA
AY962551,NA
AY962550,NA
AY962549,NA
AY962548,NA
AY962547,NA
AY962546,NA
AY962545,NA
AY962544,NA
AY962543,NA
AY962542,NA
AY962541,NA
AY962540,NA
AY831433,chicken
AY720892,NA
AY720891,NA
AY846639,NA
AY846638,NA
AY846637,NA
AY846636,NA
AY846635,NA
AY590262,NA
AY590261,NA
AY522552,NA
AY522551,NA
AY304470,NA
AY304469,NA
AY304468,NA
AY304467,NA
AY304466,NA
AY304465,NA
AY304464,NA
AY304462,NA
AY304463,NA
AY304461,NA
AY304460,NA
AY304459,NA
AY304458,NA
AY304457,NA
AY304456,NA
AY304455,NA
AY304454,NA
AY304453,NA
AY304451,NA
AY188208,NA
AY188207,NA
AY188206,NA
AY188205,NA
AY188204,NA
AY188203,NA
AY188202,NA
AY188201,NA
AY188200,NA
AY188199,NA
AY188198,NA
AY188197,NA
AY188196,NA
AY188195,NA
AY188194,NA
AY188193,NA
AY188192,NA
AY188191,NA
AY188190,NA
AY188189,NA
AY188188,NA
AY188187,NA
AY188186,NA
AY188185,NA
AY188184,NA
AY188183,NA
AY196105,NA
AY196104,NA
AY196103,NA
AY196102,NA
AY196101,NA
AY196100,NA
AY196099,NA
AY196098,NA
AY196097,NA
AY196096,NA
AY196095,NA
AF395738,NA
AF395737,NA
AF395736,NA
AF395735,NA
AF395734,NA
AF395733,NA
AY094092,NA
AY094091,NA
AY094090,NA
AY094089,NA
AY094088,NA
AY094087,NA
AY094086,NA
AY094085,NA
AY094084,NA
AY094083,NA
AY094082,NA
AY094081,NA
AY094080,NA
AY094079,NA
AY093655,NA
AY093654,NA
AY093653,NA
AY093652,NA
AY093651,NA
AY093650,NA
AY093649,NA
AF361036,NA
AF361035,NA
AF361034,NA
AF361033,NA
AF361032,NA
AF361031,NA
AF361030,NA
AF361029,NA
AF361028,NA
AF260508,NA
AF211965,NA
AF211964,NA
AF211963,NA
AF211962,NA
AF211961,NA
AF211960,NA
AF211959,NA
AF211958,NA
AF211957,NA
AF211956,NA
AF211955,NA
AF211954,NA
AF211953,NA
AF211952,NA
AF216861,NA
AF175261,NA
AF175260,NA
AF175259,NA
AF175258,NA
AF175257,NA
AF175256,NA
AF175255,NA
AF175254,NA
AF175253,NA
AF141381,NA
S68561,NA
JF327666,Homo sapiens
JN799271,NA
JN799270,NA
JN799269,NA
JN799268,NA
JN799267,NA
JN799266,NA
JN052023,rabbit
JN167521,Homo sapiens
JN167520,Homo sapiens
JN167519,Homo sapiens
JN167518,Homo sapiens
JN203052,Homo sapiens
JN203051,Homo sapiens
JN203050,Homo sapiens
JF929199,Homo sapiens
JF929198,Homo sapiens
JF929197,Homo sapiens
JF929196,Homo sapiens
JF929195,Homo sapiens
JF929194,Homo sapiens
JF929193,Homo sapiens
JF929192,Homo sapiens
JF929191,Homo sapiens
JF929190,Homo sapiens
JF929189,Homo sapiens
JF929188,Homo sapiens
JF929187,Homo sapiens
JF929186,Homo sapiens
JF929185,Homo sapiens
JF929184,Homo sapiens
JF929183,Homo sapiens
JF929182,Homo sapiens
JF929181,Homo sapiens
JF288966,Gallus gallus
JF288965,Gallus gallus
JF288964,Gallus gallus
JF288963,Gallus gallus
JF288962,Gallus gallus
JF288961,Gallus gallus
JF288960,Gallus gallus
JF288959,Gallus gallus
JF288958,Gallus gallus
JF288957,Gallus gallus
JF288956,Gallus gallus
JF288955,Gallus gallus
JF288954,Gallus gallus
JF288953,Gallus gallus
JN420359,Zalophus californianus (California sea lion)
JN420358,Zalophus californianus (California sea lion)
JN420357,Zalophus californianus (California sea lion)
JN420356,Zalophus californianus (California sea lion)
JN420355,Zalophus californianus (California sea lion)
JN420354,Zalophus californianus (California sea lion)
JN420353,Zalophus californianus (California sea lion)
JN420352,Zalophus californianus (California sea lion)
JN420351,Zalophus californianus (California sea lion)
JF272600,Sus scrofa (domestic pig)
JF272599,Sus scrofa (domestic pig)
JF272598,Sus scrofa (domestic pig)
JF272597,Sus scrofa (domestic pig)
JF272596,Sus scrofa (domestic pig)
JF272595,Sus scrofa (domestic pig)
JF272594,Sus scrofa (domestic pig)
JF272593,Sus scrofa (domestic pig)
JF272592,Sus scrofa (domestic pig)
JF272591,Sus scrofa (domestic pig)
JF272590,Sus scrofa (domestic pig)
JF272589,Sus scrofa (domestic pig)
JF272588,Sus scrofa (domestic pig)
JF272587,Sus scrofa (domestic pig)
JF272586,Sus scrofa (domestic pig)
JF272585,Sus scrofa (domestic pig)
JF272584,Sus scrofa (domestic pig)
JF272583,Sus scrofa (domestic pig)
JF272582,Sus scrofa (domestic pig)
JF272581,Sus scrofa (domestic pig)
JF272580,Sus scrofa (domestic pig)
JF272579,Sus scrofa (domestic pig)
JF272578,Sus scrofa (domestic pig)
JF272577,Sus scrofa (domestic pig)
JF272576,Sus scrofa (domestic pig)
JF272575,Sus scrofa (domestic pig)
JF272574,Sus scrofa (domestic pig)
JF272573,Sus scrofa (domestic pig)
JF272572,Sus scrofa (domestic pig)
JF272571,Sus scrofa (domestic pig)
JF272570,Sus scrofa (domestic pig)
JF272569,Sus scrofa (domestic pig)
JF272568,Sus scrofa (domestic pig)
JF272567,Sus scrofa (domestic pig)
JF272566,Sus scrofa (domestic pig)
JF272565,Sus scrofa (domestic pig)
JF272564,Sus scrofa (domestic pig)
JF272563,Sus scrofa (domestic pig)
JF272562,Sus scrofa (domestic pig)
JF272561,Sus scrofa (domestic pig)
JF272560,Sus scrofa (domestic pig)
JF272559,Sus scrofa (domestic pig)
JF272558,Sus scrofa (domestic pig)
JF272557,Sus scrofa (domestic pig)
JF272556,Sus scrofa (domestic pig)
JF272555,Sus scrofa (domestic pig)
JF272554,Sus scrofa (domestic pig)
JF272553,Sus scrofa (domestic pig)
JF272552,Sus scrofa (domestic pig)
JF272551,Sus scrofa (domestic pig)
JF272550,Sus scrofa (domestic pig)
JF272549,Sus scrofa (domestic pig)
JF272548,Sus scrofa (domestic pig)
JF272547,Sus scrofa (domestic pig)
JF272546,Sus scrofa (domestic pig)
JF272545,Sus scrofa (domestic pig)
HQ213855,Homo sapiens
HQ213854,Homo sapiens
HQ213853,Homo sapiens
HQ213852,Homo sapiens
HQ213851,Homo sapiens
HQ213850,Homo sapiens
HQ213849,Homo sapiens
HQ213848,Homo sapiens
HQ213847,Homo sapiens
HQ878375,Meleagris gallopavo
HQ878374,Meleagris gallopavo
HQ878373,Meleagris gallopavo
HQ662578,pigeon
HQ662577,pigeon
HQ662576,pigeon
HQ662575,pigeon
HQ662574,pigeon
HQ662573,pigeon
HQ662572,pigeon
JF343978,Homo sapiens
JF343977,Homo sapiens
JF343976,Homo sapiens
JF343975,Homo sapiens
JF343974,Homo sapiens
JF343973,Homo sapiens
JF343972,Homo sapiens
JF343971,Homo sapiens
JF343970,Homo sapiens
JF343969,Homo sapiens
JF343968,Homo sapiens
JF343967,Homo sapiens
JF343966,Homo sapiens
HQ623148,NA
HQ623147,NA
HQ623146,NA
HQ623145,NA
HQ623144,NA
HQ623143,NA
HQ623142,NA
HQ623141,NA
HQ623140,NA
HQ623139,NA
HQ623138,NA
HQ623137,NA
HQ623136,NA
HQ623135,NA
HQ623134,NA
HQ623133,NA
HQ623132,NA
HQ623131,NA
HQ623130,NA
HQ623129,NA
HQ623128,NA
HQ623127,NA
HQ623126,NA
HQ623125,NA
HQ916315,cattle
JF796127,cattle
JF796126,cattle
HQ317733,Meleagris gallopavo
HQ317732,Meleagris gallopavo
HQ317731,Meleagris gallopavo
HQ317730,Meleagris gallopavo
HQ317729,Meleagris gallopavo
HQ317728,Meleagris gallopavo
HQ317727,Meleagris gallopavo
HQ317726,Meleagris gallopavo
HQ317725,Meleagris gallopavo
HQ317724,Meleagris gallopavo
HQ317723,Meleagris gallopavo
HQ317722,Meleagris gallopavo
HQ317721,Meleagris gallopavo
HQ317720,Meleagris gallopavo
HQ317719,Meleagris gallopavo
HQ317718,Meleagris gallopavo
HQ317717,Meleagris gallopavo
HQ317716,Meleagris gallopavo
HQ317715,Meleagris gallopavo
HQ317714,Meleagris gallopavo
HQ317713,Meleagris gallopavo
HQ317712,Meleagris gallopavo
HQ317711,Meleagris gallopavo
HQ317710,Meleagris gallopavo
HQ317709,Meleagris gallopavo
HQ317708,Meleagris gallopavo
HQ317707,Meleagris gallopavo
HQ317706,Meleagris gallopavo
HQ317705,Meleagris gallopavo
HQ603056,chicken
HQ603055,chicken
HQ603054,chicken
HQ603053,chicken
HQ603052,chicken
HM368175,Myotis myotis
HM368174,Myotis myotis
HM368173,Myotis myotis
HM368172,Myotis myotis
HM368171,Myotis myotis
HM368170,Myotis myotis
HM368169,Myotis myotis
HM368168,Myotis myotis
HQ668143,Balaenoptera acutorostrata
HQ668142,Balaenoptera acutorostrata
HQ668141,Orcinus orca
HQ668140,Tursiops truncatus
HQ668139,Tursiops truncatus
HQ668138,Tursiops truncatus
HQ668137,Tursiops truncatus
HQ668136,Tursiops truncatus
HQ668135,Tursiops truncatus
HQ668134,Tursiops truncatus
HQ668133,Tursiops truncatus
HQ668132,Tursiops truncatus
HQ668131,Tursiops truncatus
HQ668130,Tursiops truncatus
HQ668129,Tursiops truncatus
HQ668128,Tursiops truncatus
HQ668127,Tursiops truncatus
HQ668126,Tursiops truncatus
HQ668125,Tursiops truncatus
HQ668124,Tursiops truncatus
HQ668123,Tursiops truncatus
HQ668122,Tursiops truncatus
HQ668121,Tursiops truncatus
JF309118,Gallus gallus
JF309117,Gallus gallus
JF309116,Gallus gallus
JF309115,Gallus gallus
JF309114,Gallus gallus
JF309113,Gallus gallus
JF309112,Gallus gallus
HQ153038,Meleagris gallopavo
HQ153037,Meleagris gallopavo
HM756273,swine
HM756272,swine
HM756271,swine
HM756270,swine
HM756269,swine
HM756268,swine
HM756267,swine
HM756266,swine
HM756265,swine
HM756264,swine
HM756263,swine
HM756262,swine
HM756261,swine
HM756260,swine
HM756259,swine
HM756258,swine
HQ613178,Rousettus leschenaultii
HQ613177,Scotophilus kuhlii
HQ613176,Scotophilus kuhlii
HQ613175,Scotophilus kuhlii
HQ613174,Miniopterus schreibersi
HQ613173,Scotophilus kuhlii
HQ613172,Scotophilus kuhlii
HQ613171,Miniopterus schreibersi
HQ613170,Miniopterus schreibersi
HQ613169,Miniopterus schreibersi
HQ613168,Miniopterus schreibersi
HQ613167,Miniopterus schreibersi
HQ613166,Miniopterus schreibersi
HQ613165,Miniopterus schreibersi
HQ613164,Miniopterus schreibersi
HQ613163,Miniopterus schreibersi
HQ613162,Miniopterus schreibersi
HQ613161,Miniopterus schreibersi
HQ613160,Miniopterus schreibersi
HQ613159,Miniopterus schreibersi
HQ613158,Miniopterus schreibersi
HQ613157,Miniopterus schreibersi
HM989955,Homo sapiens
HM989954,Homo sapiens
HM989953,Homo sapiens
HM989952,Homo sapiens
HQ398856,Homo sapiens
HM755447,Anas platyrhynchos f. domestica
HM755446,Anas platyrhynchos f. domestica
HM755445,Anas platyrhynchos f. domestica
HM630270,Homo sapiens
HM630267,Homo sapiens
HM630266,Homo sapiens
HM630262,Homo sapiens
HQ188699,chicken
HQ188698,chicken
HQ188697,turkey
HQ188696,chicken
HQ188695,turkey
HQ188694,chicken
HQ188693,chicken
HQ188692,chicken
HM447046,Capreolus capreolus
HM447045,Capreolus capreolus
HM017857,Gallus gallus
HM017856,Gallus gallus
HM017855,Gallus gallus
HM017854,Gallus gallus
HM017853,Gallus gallus
HM017852,Gallus gallus
HM017851,Gallus gallus
HM017850,Gallus gallus
HQ157559,Meleagris gallopavo
HQ157558,Meleagris gallopavo
HQ157557,Meleagris gallopavo
HQ157556,Meleagris gallopavo
HQ157555,Meleagris gallopavo
HQ157554,Meleagris gallopavo
HM212542,Homo sapiens
HM212541,Homo sapiens
HM212540,Homo sapiens
HM212539,Homo sapiens
HM212538,Homo sapiens
HM212537,Homo sapiens
HM212536,Homo sapiens
HM212535,Homo sapiens
HM212534,Homo sapiens
HM212533,Homo sapiens
HM212532,Homo sapiens
HM212490,Homo sapiens
HM212489,Homo sapiens
HM212488,Homo sapiens
HM212487,Homo sapiens
HM212486,Homo sapiens
HM212485,Homo sapiens
HM212484,Homo sapiens
HM212483,Homo sapiens
HM212482,Homo sapiens
HM212481,Homo sapiens
HM212480,Homo sapiens
HM212479,Homo sapiens
HM212477,Homo sapiens
HM212476,Homo sapiens
HM212474,Homo sapiens
HM212473,Homo sapiens
HM212470,Homo sapiens
HM212469,Homo sapiens
HM212468,Homo sapiens
HM212478,Homo sapiens
HM212475,Homo sapiens
HM212472,Homo sapiens
HM212471,Homo sapiens
HM212467,Homo sapiens
GQ920635,Homo sapiens
HM803688,Meleagris gallopavo
HM989949,Meleagris gallopavo
HM348456,Meleagris gallopavo
HM348455,Meleagris gallopavo
HM209124,NA
HM209123,NA
HM209122,NA
HM209121,NA
HM209120,NA
HM209119,NA
HM209118,NA
HM209117,NA
HM209116,NA
HM209115,NA
HM209114,NA
HM209113,NA
HM209112,NA
HM209111,NA
HM209110,NA
HM209109,NA
HM209108,NA
HM209107,NA
HM209106,NA
HM209105,NA
HM209104,NA
HM209103,NA
HM209102,NA
HM209101,NA
HM209100,NA
HM209099,NA
HM209098,NA
HM209097,NA
HM209096,NA
HM209095,NA
HM209094,NA
HM209093,NA
HM209092,NA
HM209091,NA
HM209090,NA
HM209089,NA
HM209088,NA
HM209087,NA
HM120878,Homo sapiens
HM120877,Homo sapiens
HM120876,Homo sapiens
HM450386,Rattus norvegicus
HM450385,Rattus norvegicus
HM450384,Rattus norvegicus
HM450383,Rattus norvegicus
HM450382,Rattus norvegicus
HM450381,Rattus norvegicus
HM450380,Homo sapiens
HM237363,NA
HM228876,bat
HM060968,Homo sapiens
HM060967,Homo sapiens
HM060966,Homo sapiens
HM060965,Homo sapiens
HM060964,Homo sapiens
HM060963,Homo sapiens
HM060962,Homo sapiens
HM060961,Homo sapiens
HM060960,Homo sapiens
HM060959,Homo sapiens
HM060958,Homo sapiens
HM060957,Homo sapiens
HM060956,Homo sapiens
HM045005,dog
HM192818,duck
HM192817,duck
HM192816,duck
HM192815,duck
GU901218,duck
GU901217,duck
GU901216,duck
GU901215,duck
GQ477413,Homo sapiens
GQ477412,Homo sapiens
GQ477411,Homo sapiens
GQ477410,Homo sapiens
GQ477409,Homo sapiens
GQ477408,Homo sapiens
GQ477407,Homo sapiens
GQ477406,Homo sapiens
GQ477405,Homo sapiens
GQ477404,Homo sapiens
GQ477403,Homo sapiens
GQ477402,Homo sapiens
GQ477401,Homo sapiens
GQ477400,Homo sapiens
GQ477399,Homo sapiens
GQ477398,Homo sapiens
GQ477397,Homo sapiens
GQ477396,Homo sapiens
GQ477395,Homo sapiens
GQ477394,Homo sapiens
GQ477393,Homo sapiens
GQ477392,Homo sapiens
GQ477391,Homo sapiens
GQ477390,Homo sapiens
GQ477389,Homo sapiens
GQ477388,Homo sapiens
GQ477387,Homo sapiens
GQ477386,Homo sapiens
GQ477385,Homo sapiens
GQ477384,Homo sapiens
GQ477383,Homo sapiens
GU980970,cat
GU980969,cat
GU968922,Meleagris gallopavo
GU938472,Meleagris gallopavo
GU585496,Gallus gallus
GU585495,Gallus gallus
GU585494,Gallus gallus
GU585493,Gallus gallus
GU384260,Homo sapiens
GU384259,Homo sapiens
GU384258,Homo sapiens
GU384257,Homo sapiens
GU384256,Homo sapiens
GU384255,Homo sapiens
GU384254,Homo sapiens
GU384253,Homo sapiens
GU384252,Homo sapiens
GU384251,Homo sapiens
GU384250,Homo sapiens
GU384249,Homo sapiens
GU384248,Homo sapiens
GU384247,Homo sapiens
GU384246,Homo sapiens
GU384245,Homo sapiens
GU384244,Homo sapiens
GU384243,Homo sapiens
GU384242,Homo sapiens
GU384241,Homo sapiens
GU384240,Homo sapiens
GU384239,Homo sapiens
GU363528,Homo sapiens
GU363527,Homo sapiens
GU363526,Homo sapiens
GU363525,Homo sapiens
GU363524,Homo sapiens
GU363523,Homo sapiens
GU363522,Homo sapiens
GU363521,Homo sapiens
GU363520,Homo sapiens
GU363519,Homo sapiens
GU363518,Homo sapiens
GU363517,Homo sapiens
GU363516,Homo sapiens
FJ919228,duck
FJ919227,duck
FJ919226,duck
FJ919225,duck
AY320043,NA
AY320042,NA
AY324868,NA
AY324867,NA
AY324866,NA
AY324865,NA
AY324864,NA
AY324863,NA
AY324862,NA
AY324861,NA
AY324860,NA
AY324859,NA
AY324858,NA
AY324857,NA
AY324856,NA
AY324855,NA
AY324854,NA
AY179509,NA
ATVPOLY6A,NA
GU223913,Homo sapiens
GU223912,Homo sapiens
GU223911,Homo sapiens
GU223910,Homo sapiens
GU223909,Homo sapiens
GU223908,Homo sapiens
GU223907,Homo sapiens
GU223906,Homo sapiens
GU216597,Homo sapiens
GU216596,Homo sapiens
GU216595,Homo sapiens
GU216594,Homo sapiens
GU216593,Homo sapiens
GU216592,Homo sapiens
GU216591,Homo sapiens
GU216590,Homo sapiens
GU216589,Homo sapiens
GU216588,Homo sapiens
GU216587,Homo sapiens
GU216586,Homo sapiens
GU216585,Homo sapiens
GU216584,Homo sapiens
GU212651,Homo sapiens
GU212650,Homo sapiens
GU212649,Homo sapiens
GU212648,Homo sapiens
GU212647,Homo sapiens
GU212646,Homo sapiens
GU212645,Homo sapiens
GU212644,Homo sapiens
FJ842149,Homo sapiens
FJ842148,Homo sapiens
FJ842147,Homo sapiens
GQ925363,Homo sapiens
GQ925362,Homo sapiens
GQ925361,Homo sapiens
GQ925360,Homo sapiens
GQ925359,Homo sapiens
GQ925358,Homo sapiens
GQ925357,Homo sapiens
GQ925356,Homo sapiens
GQ925355,Homo sapiens
GQ925354,Homo sapiens
GQ925353,Homo sapiens
GQ925352,Homo sapiens
GQ925351,Homo sapiens
GQ925350,Homo sapiens
GQ925349,Homo sapiens
GQ925348,Homo sapiens
GQ925347,Homo sapiens
GQ925346,Homo sapiens
GQ925345,Homo sapiens
GQ925344,Homo sapiens
GQ925343,Homo sapiens
GQ925342,Homo sapiens
GQ925341,Homo sapiens
GQ925340,Homo sapiens
GQ925339,Homo sapiens
GQ925338,Homo sapiens
GQ925337,Homo sapiens
GQ925336,Homo sapiens
GQ925335,Homo sapiens
GQ925334,Homo sapiens
GQ925333,Homo sapiens
GQ925332,Homo sapiens
GQ925331,Homo sapiens
GQ925330,Homo sapiens
GQ925329,Homo sapiens
GQ925328,Homo sapiens
GQ925327,Homo sapiens
GQ925326,Homo sapiens
GQ925325,Homo sapiens
GQ925324,Homo sapiens
GQ925323,Homo sapiens
GQ925322,Homo sapiens
GQ925321,Homo sapiens
GQ925320,Homo sapiens
GQ925319,Homo sapiens
GQ925318,Homo sapiens
GQ925317,Homo sapiens
GQ415662,Homo sapiens
GQ415661,Homo sapiens
GU014472,Gallus gallus
GQ502196,Homo sapiens
GQ502195,Homo sapiens
GQ502194,Homo sapiens
GQ502192,Homo sapiens
GQ502191,Homo sapiens
GQ502190,Homo sapiens
GQ502189,Homo sapiens
GQ502188,Homo sapiens
GQ441192,Homo sapiens
GQ441191,Homo sapiens
GQ441190,Homo sapiens
GQ441189,Homo sapiens
GQ441188,Homo sapiens
GQ441187,Homo sapiens
GQ441186,Homo sapiens
GQ441185,Homo sapiens
GQ441184,Homo sapiens
GQ441183,Homo sapiens
GQ441182,Homo sapiens
GQ441181,Homo sapiens
GQ441180,Homo sapiens
GQ441179,Homo sapiens
GQ441178,Homo sapiens
GQ441177,Homo sapiens
GQ441176,Homo sapiens
GQ441175,Homo sapiens
GQ441174,Homo sapiens
GQ441173,Homo sapiens
GQ441172,Homo sapiens
GQ441171,Homo sapiens
GQ441170,Homo sapiens
GQ441169,Homo sapiens
GQ441168,Homo sapiens
GQ441167,Homo sapiens
GQ441166,Homo sapiens
GQ441165,Homo sapiens
GQ441164,Homo sapiens
GQ441163,Homo sapiens
GQ441162,Homo sapiens
GQ441161,Homo sapiens
GQ441160,Homo sapiens
GQ441159,Homo sapiens
GQ441158,Homo sapiens
GQ292771,Homo sapiens
GQ495608,Homo sapiens
GQ353337,turkey
GQ353336,turkey
GQ353335,turkey
GQ353334,turkey
GQ353333,turkey
FJ538946,Homo sapiens
FJ538945,Homo sapiens
FJ538944,Homo sapiens
FJ538943,Homo sapiens
FJ538942,Homo sapiens
FJ538941,Homo sapiens
FJ538940,Homo sapiens
FJ538939,Homo sapiens
FJ538938,Homo sapiens
FJ538937,Homo sapiens
FJ538936,Homo sapiens
FJ538935,Homo sapiens
FJ538934,Homo sapiens
FJ538933,Homo sapiens
FJ538932,Homo sapiens
FJ538931,Homo sapiens
FJ538930,Homo sapiens
FJ538929,Homo sapiens
GQ301035,turkey
GQ301034,turkey
GQ301033,turkey
GQ301032,turkey
GQ301031,turkey
GQ301030,turkey
GQ301029,turkey
GQ301028,turkey
GQ301027,turkey
GQ301026,turkey
GQ301025,turkey
GQ301024,turkey
GQ301023,turkey
GQ301022,turkey
GQ301021,turkey
GQ301020,turkey
GQ301019,turkey
GQ301018,turkey
GQ301017,turkey
GQ301016,turkey
GQ301015,turkey
GQ301014,turkey
GQ301013,turkey
GQ301012,turkey
GQ301011,turkey
GQ301010,turkey
GQ301009,turkey
GQ301008,turkey
GQ301007,turkey
GQ301006,turkey
GQ301005,turkey
GQ301004,turkey
GQ301003,turkey
GQ301002,turkey
GQ301001,turkey
GQ301000,turkey
GQ300999,turkey
GQ300998,turkey
GQ300997,turkey
GQ300996,turkey
GQ300995,turkey
GQ300994,turkey
GQ300993,turkey
GQ300992,turkey
GQ300991,turkey
GQ300990,turkey
GQ300989,turkey
GQ300988,turkey
GQ300987,turkey
GQ300986,turkey
GQ300985,turkey
GQ300984,turkey
GQ300983,turkey
GQ300982,turkey
GQ300981,turkey
GQ300980,turkey
GQ300979,turkey
GQ300978,turkey
GQ300977,turkey
GQ300976,turkey
GQ300975,turkey
GQ332380,turkey
GQ332379,turkey
GQ332378,turkey
GQ332377,turkey
GQ332376,turkey
GQ332375,turkey
GQ332374,turkey
GQ267696,Homo sapiens
GQ169036,Homo sapiens
GQ169035,Homo sapiens
GQ169034,Homo sapiens
GQ169033,Homo sapiens
GQ169032,Homo sapiens
GQ169031,Homo sapiens
GQ169030,Homo sapiens
GQ169029,Homo sapiens
GQ169028,Homo sapiens
GQ169027,Homo sapiens
FJ476309,NA
FJ476308,NA
FJ476307,NA
FJ476306,NA
FJ476305,NA
FJ476304,NA
FJ476303,NA
FJ476302,NA
FJ476301,NA
FJ476300,NA
FJ476299,NA
FJ476298,NA
FJ476297,NA
FJ476296,NA
FJ476295,NA
FJ476294,NA
FJ476293,NA
FJ476292,NA
FJ476291,NA
FJ375758,Homo sapiens
FJ375757,Homo sapiens
FJ375756,Homo sapiens
FJ375755,Homo sapiens
FJ905434,Homo sapiens
FJ905433,Homo sapiens
FJ905432,Homo sapiens
FJ905431,Homo sapiens
FJ905430,Homo sapiens
FJ905429,Homo sapiens
FJ905428,Homo sapiens
FJ905427,Homo sapiens
FJ905426,Homo sapiens
FJ905425,Homo sapiens
FJ905424,Homo sapiens
FJ905423,Homo sapiens
FJ905422,Homo sapiens
FJ905421,Homo sapiens
FJ905420,Homo sapiens
FJ905419,Homo sapiens
FJ905418,Homo sapiens
FJ905417,Homo sapiens
FJ905416,Homo sapiens
FJ905415,Homo sapiens
FJ905414,Homo sapiens
FJ905413,Homo sapiens
FJ905412,Homo sapiens
FJ905411,Homo sapiens
FJ905410,Homo sapiens
FJ905409,Homo sapiens
FJ905408,Homo sapiens
FJ905407,Homo sapiens
FJ823071,Homo sapiens
FJ823070,Homo sapiens
FJ823069,Homo sapiens
FJ823068,Homo sapiens
FJ823067,Homo sapiens
FJ823066,Homo sapiens
FJ823065,Homo sapiens
FJ823064,Homo sapiens
FJ823063,Homo sapiens
FJ823062,Homo sapiens
FJ823061,Homo sapiens
FJ823060,Homo sapiens
FJ823059,Homo sapiens
FJ823058,Homo sapiens
FJ823057,Homo sapiens
FJ829070,NA
FJ808808,turkey
FJ808807,turkey
FJ808806,turkey
FJ808805,turkey
FJ808804,turkey
FJ808803,turkey
FJ808802,turkey
FJ808801,turkey
FJ808800,turkey
FJ808799,turkey
FJ808798,turkey
FJ808797,turkey
FJ808796,turkey
FJ808795,turkey
FJ808794,turkey
FJ808793,turkey
FJ808792,turkey
FJ808791,turkey
FJ808790,turkey
FJ808789,turkey
FJ808788,turkey
FJ808787,turkey
FJ808786,turkey
FJ808785,turkey
FJ808784,turkey
FJ808783,turkey
FJ808782,turkey
FJ808781,turkey
FJ808780,turkey
FJ808779,turkey
FJ808778,turkey
FJ808777,turkey
FJ808776,turkey
FJ808775,turkey
FJ808774,turkey
FJ571140,Hipposideros pomona
FJ571139,Hipposideros armiger
FJ571138,Hipposideros larvatus
FJ571137,Hipposideros armiger
FJ571136,Hipposideros larvatus
FJ571135,Hipposideros armiger
FJ571134,Hipposideros armiger
FJ571133,Hipposideros armiger
FJ571132,Hipposideros armiger
FJ571131,Hipposideros armiger
FJ571130,Hipposideros armiger
FJ571129,Hipposideros armiger
FJ571128,Taphozous melanopogon
FJ571127,Taphozous melanopogon
FJ571126,Taphozous melanopogon
FJ571125,Taphozous melanopogon
FJ571124,Hipposideros larvatus
FJ571123,Taphozous melanopogon
FJ571122,Taphozous melanopogon
FJ571121,Taphozous melanopogon
FJ571120,Taphozous melanopogon
FJ571119,Taphozous melanopogon
FJ571118,Taphozous melanopogon
FJ571117,Taphozous melanopogon
FJ571116,Taphozous melanopogon
FJ571115,Taphozous melanopogon
FJ571114,Taphozous melanopogon
FJ571113,Taphozous melanopogon
FJ571112,Taphozous melanopogon
FJ571111,Taphozous melanopogon
FJ571110,Taphozous melanopogon
FJ571109,Taphozous melanopogon
FJ571108,Taphozous melanopogon
FJ571107,Taphozous melanopogon
FJ571106,Taphozous melanopogon
FJ571105,Taphozous melanopogon
FJ571104,Hipposideros pomona
FJ571103,Hipposideros pomona
FJ571102,Hipposideros pomona
FJ571101,Hipposideros armiger
FJ571100,Ia io
FJ571099,Ia io
FJ571098,Ia io
FJ571097,Myotis sp.
FJ571096,Myotis sp.
FJ571095,Myotis sp.
FJ571094,Hipposideros armiger
FJ571093,Hipposideros pomona
FJ571092,Taphozous melanopogon
FJ571091,Taphozous melanopogon
FJ571090,Taphozous melanopogon
FJ571089,Taphozous melanopogon
FJ571088,Taphozous melanopogon
FJ571087,Taphozous melanopogon
FJ571086,Hipposideros pomona
FJ571085,Hipposideros pomona
FJ571084,Miniopterus schreibersi
FJ571083,Rhinolophus ferrumequinum
FJ571082,Miniopterus schreibersi
FJ571081,Myotis ricketti
FJ571080,Miniopterus schreibersi
FJ571079,Rhinolophus pearsonii
FJ571078,Myotis ricketti
FJ571077,Miniopterus schreibersi
FJ571076,Pipistrellus abramus
FJ571075,Rhinolophus ferrumequinum
FJ755363,Homo sapiens
FJ755362,Homo sapiens
FJ755361,Homo sapiens
FJ755360,Homo sapiens
FJ755359,Homo sapiens
FJ755358,Homo sapiens
FJ755357,Homo sapiens
FJ755356,Homo sapiens
FJ755355,Homo sapiens
FJ755354,Homo sapiens
FJ755353,Homo sapiens
FJ755352,Homo sapiens
FJ755351,Homo sapiens
FJ755350,Homo sapiens
FJ755349,Homo sapiens
FJ755348,Homo sapiens
FJ755347,Homo sapiens
FJ755346,Homo sapiens
FJ755345,Homo sapiens
FJ755344,Homo sapiens
FJ755343,Homo sapiens
FJ755342,Homo sapiens
FJ755341,Homo sapiens
FJ755340,Homo sapiens
FJ755339,Homo sapiens
FJ755338,Homo sapiens
FJ755405,Homo sapiens
FJ755404,Homo sapiens
FJ755403,Homo sapiens
FJ755402,Homo sapiens
FJ755401,Homo sapiens
FJ755400,Homo sapiens
FJ755399,Homo sapiens
FJ755398,Homo sapiens
FJ755397,Homo sapiens
FJ755396,Homo sapiens
FJ755395,Homo sapiens
FJ755394,Homo sapiens
FJ755393,Homo sapiens
FJ755392,Homo sapiens
FJ755391,Homo sapiens
FJ755390,Homo sapiens
FJ755389,Homo sapiens
FJ755388,Homo sapiens
FJ755387,Homo sapiens
FJ755386,Homo sapiens
FJ755385,Homo sapiens
FJ755384,Homo sapiens
FJ755383,Homo sapiens
FJ755382,Homo sapiens
FJ755381,Homo sapiens
FJ755380,Homo sapiens
FJ755379,Homo sapiens
FJ755378,Homo sapiens
FJ755377,Homo sapiens
FJ755376,Homo sapiens
FJ755375,Homo sapiens
FJ755374,Homo sapiens
FJ755373,Homo sapiens
FJ755372,Homo sapiens
FJ755371,Homo sapiens
FJ755370,Homo sapiens
FJ755369,Homo sapiens
FJ755368,Homo sapiens
FJ755367,Homo sapiens
FJ755366,Homo sapiens
FJ755365,Homo sapiens
FJ755364,Homo sapiens
FJ693687,turkey
FJ693686,turkey
FJ693685,turkey
FJ693684,turkey
FJ693683,turkey
FJ693682,turkey
FJ693681,turkey
FJ693680,turkey
FJ693679,turkey
FJ693678,turkey
FJ693677,turkey
FJ693676,turkey
FJ693675,turkey
FJ693674,turkey
FJ693673,turkey
FJ693672,turkey
FJ693671,turkey
FJ693670,turkey
FJ693669,turkey
FJ693668,turkey
FJ693667,turkey
FJ693666,turkey
FJ693665,turkey
FJ693664,turkey
FJ693663,turkey
FJ693662,turkey
FJ693661,turkey
FJ693660,turkey
FJ693659,turkey
FJ693658,turkey
FJ693657,turkey
FJ693656,turkey
FJ693655,turkey
FJ693654,turkey
FJ693653,turkey
FJ402983,NA
FJ227127,NA
FJ227126,NA
FJ227125,NA
FJ227124,NA
FJ227121,NA
FJ227120,NA
FJ605169,turkey
FJ605168,turkey
FJ605167,turkey
FJ605166,turkey
FJ605165,turkey
FJ605164,turkey
FJ605163,turkey
FJ605162,turkey
FJ605161,turkey
FJ605160,turkey
FJ605159,turkey
FJ605158,turkey
FJ605157,turkey
FJ605156,turkey
FJ605155,turkey
AF474921,NA
AF474920,NA
AF474919,NA
AF474918,NA
AF474917,NA
AF474916,NA
AF474915,NA
AF474914,NA
AF474913,NA
AF474912,NA
AF474911,NA
AF474910,NA
AF474909,NA
AF474908,NA
AF474907,NA
AF474906,NA
AF474905,NA
AF474904,NA
AF474903,NA
AF474902,NA
AF474901,NA
AF474900,NA
EF195478,NA
EF195477,NA
EF195476,NA
EF195475,NA
EF195474,NA
EF195473,NA
EF195472,NA
EF195471,NA
EF195470,NA
EF195469,NA
EF195468,NA
EF195467,NA
EF195466,NA
EF195465,NA
EF195464,NA
EF195463,NA
EF195462,NA
EF195461,NA
EF195460,NA
EF195459,NA
EF195458,NA
EF195457,NA
EF195456,NA
EF195455,NA
EF195454,NA
EF195453,NA
EF195452,NA
EF195451,NA
EF195450,NA
EF195449,NA
EF195448,NA
EF195447,NA
EF195446,NA
EF195445,NA
EF195444,NA
EF195443,NA
EF195442,NA
EF195441,NA
EF195440,NA
EF195439,NA
EF195438,NA
EF195437,NA
EF195436,NA
EF195435,NA
EF195434,NA
EF195433,NA
EF195432,NA
EF195431,NA
EF195430,NA
EF195429,NA
EF195428,NA
EF195427,NA
EF195426,NA
EF195425,NA
EF195424,NA
EF195423,NA
EF195422,NA
EF195421,NA
EF195420,NA
EF195419,NA
EF195418,NA
EF195417,NA
EF195416,NA
EF195415,NA
EF195414,NA
EF195413,NA
EF195412,NA
EF195411,NA
EF195410,NA
EF195409,NA
EF195408,NA
EF195407,NA
EF195406,NA
EF195405,NA
EF195404,NA
EF195403,NA
EF195402,NA
EF195401,NA
EF195400,NA
EF195399,NA
EF195398,NA
EF195397,NA
EF195396,NA
EF195395,NA
EF195394,NA
EF195393,NA
EF195392,NA
EF195391,NA
EF195390,NA
EF195389,NA
EF195388,NA
EF195387,NA
EF195386,NA
EF195385,NA
EF490428,NA
EF490427,NA
EF490426,NA
EF490425,NA
EF519313,NA
EF519312,NA
AF290509,NA
AF290508,NA
AF290507,NA
AF290506,NA
AF290505,NA
AF290504,NA
AF292079,NA
AF248738,NA
KX266908,Bos taurus
KX266907,Bos taurus
KX266906,Bos taurus
KX266905,Bos taurus
KX266904,Bos taurus
KX266903,Bos taurus
KX266902,Bos taurus
KX266901,Bos taurus
AY027809,NA
AF257229,NA
AF257228,NA
AF257227,NA
AF257225,NA
AF257224,NA
AF257223,NA
AF257222,NA
AF257221,NA
KM083104,pig
KM083103,pig
DQ990461,NA
DQ990460,NA
EF100670,NA
DQ887692,Homo sapiens
DQ887691,Homo sapiens
DQ887690,Homo sapiens
DQ887689,Homo sapiens
DQ887688,Homo sapiens
DQ788612,NA
DQ788611,NA
DQ788610,NA
DQ788609,NA
DQ788608,NA
DQ788607,NA
DQ788606,NA
DQ788605,NA
DQ788604,NA
DQ788603,NA
DQ788602,NA
DQ788601,NA
DQ788600,NA
DQ788599,NA
DQ788598,NA
DQ788597,NA
DQ788596,NA
DQ788595,NA
DQ788594,NA
DQ788593,NA
DQ788592,NA
DQ788591,NA
DQ788590,NA
DQ659100,NA
DQ381388,Guinea fowl
DQ381382,Guinea fowl
DQ381361,NA
AY007590,NA
AY007589,NA
AY007587,NA
AY007586,NA
AY007584,NA
AY007583,NA
AY007582,NA
AY007581,NA
AY007580,NA
AY007579,NA
AY007578,NA
AY007591,NA
AY007588,NA
AY007585,NA
AY007577,NA
KU973899,Homo sapiens
KU973898,Homo sapiens
KU973897,Homo sapiens
KU973896,Homo sapiens
KU973895,Homo sapiens
KU973894,Homo sapiens
KU764486,swine
KU764485,swine
KU764484,swine
JF414802,chicken
KX290465,duck
JQ045383,Homo sapiens
JQ045382,Homo sapiens
KU253625,chicken
KF211475,Homo sapiens
KF211474,Homo sapiens
KF211473,Homo sapiens
KF211472,Homo sapiens
KF211471,Homo sapiens
KF211470,Homo sapiens
KF211469,Homo sapiens
KF211468,Homo sapiens
KF211467,Homo sapiens
KF211466,Homo sapiens
KF211465,Homo sapiens
KF211464,Homo sapiens
KF211463,Homo sapiens
KF211462,Homo sapiens
KF211461,Homo sapiens
KF211460,Homo sapiens
KT355320,turkey
KT355319,turkey
KT355318,turkey
KT355317,turkey
KT355316,turkey
KT355315,turkey
KT355314,turkey
KT355313,turkey
KT355312,turkey
KT355311,turkey
KT355310,turkey
KT355309,turkey
KT355308,turkey
KT355307,turkey
KT355306,turkey
KT355305,turkey
KT355304,turkey
KT355303,turkey
KT355302,turkey
KT355301,turkey
KT355300,turkey
KT355299,turkey
KT355298,turkey
KT355297,turkey
KT355296,turkey
KT355295,turkey
KT355294,turkey
KT355293,turkey
KT355292,turkey
KT355291,turkey
KT355290,turkey
KT355289,turkey
KT355288,turkey
KT355287,turkey
KT355286,turkey
KT355285,turkey
KT355284,turkey
KT355283,turkey
KT355282,turkey
KT355281,turkey
KT355280,turkey
KT355279,turkey
KT355278,turkey
KT355277,turkey
KT355276,turkey
KT355275,turkey
KT355274,turkey
KT355273,turkey
KT355272,turkey
KT355271,turkey
KT355270,turkey
LN879482,Bos taurus
KP982872,Sus scrofa
KT224358,Homo sapiens
AF056197,NA
KU318568,Homo sapiens
KU318567,Homo sapiens
KU318566,Homo sapiens
KU318565,Homo sapiens
KU318564,Homo sapiens
KU318563,Homo sapiens
KU318562,Homo sapiens
KU318561,Homo sapiens
KU318560,Homo sapiens
KU318559,Homo sapiens
KU318558,Homo sapiens
KU318557,Homo sapiens
KU318556,Homo sapiens
KU318555,Homo sapiens
KU318554,Homo sapiens
KU318553,Homo sapiens
KU318552,Homo sapiens
KU318551,Homo sapiens
KU318550,Homo sapiens
KU318549,Homo sapiens
KU318548,Homo sapiens
KU318547,Homo sapiens
KU318546,Homo sapiens
KU318545,Homo sapiens
KU318544,Homo sapiens
KU318543,Homo sapiens
KU318542,Homo sapiens
KU318541,Homo sapiens
KU318540,Homo sapiens
KU318539,Homo sapiens
KU318538,Homo sapiens
KU318537,Homo sapiens
KU318536,Homo sapiens
KU318535,Homo sapiens
KU318534,Homo sapiens
KU318533,Homo sapiens
KU318532,Homo sapiens
KU318531,Homo sapiens
KU318530,Homo sapiens
KU318529,Homo sapiens
KU318528,Homo sapiens
KU318527,Homo sapiens
KU318526,Homo sapiens
KU318525,Homo sapiens
KU318524,Homo sapiens
KU318523,Homo sapiens
KU318522,Homo sapiens
KU318521,Homo sapiens
KU318520,Homo sapiens
KU318519,Homo sapiens
KU318518,Homo sapiens
KU318517,Homo sapiens
KU318516,Homo sapiens
KU318515,Homo sapiens
KU318514,Homo sapiens
KU318513,Homo sapiens
KU318512,Homo sapiens
KU318511,Homo sapiens
KU318510,Homo sapiens
KU318509,Homo sapiens
KU318508,Homo sapiens
KU318507,Homo sapiens
KU318506,Homo sapiens
KU318505,Homo sapiens
KU318504,Homo sapiens
KU318503,Homo sapiens
KU318502,Homo sapiens
KU318501,Homo sapiens
KU318500,Homo sapiens
KU318499,Homo sapiens
KU318498,Homo sapiens
KU318497,Homo sapiens
KU318496,Homo sapiens
KU318495,Homo sapiens
KU318494,Homo sapiens
KU318493,Homo sapiens
KU318492,Homo sapiens
KU318491,Homo sapiens
KU318490,Homo sapiens
KU318489,Homo sapiens
KU318488,Homo sapiens
KU318487,Homo sapiens
KU318486,Homo sapiens
KU318485,Homo sapiens
KU318484,Homo sapiens
KU318483,Homo sapiens
KU318482,Homo sapiens
KU318481,Homo sapiens
KU318480,Homo sapiens
KU318479,Homo sapiens
KU318478,Homo sapiens
KU318477,Homo sapiens
KU318476,Homo sapiens
KU318475,Homo sapiens
KU318474,Homo sapiens
KU318473,Homo sapiens
KU318472,Homo sapiens
KU318471,Homo sapiens
KU318470,Homo sapiens
KU318469,Homo sapiens
KU318468,Homo sapiens
KU318467,Homo sapiens
KU318466,Homo sapiens
KU318465,Homo sapiens
KU318464,Homo sapiens
KU318463,Homo sapiens
KU318462,Homo sapiens
KU318461,Homo sapiens
KU318460,Homo sapiens
KU318459,Homo sapiens
KU318458,Homo sapiens
KU318457,Homo sapiens
KU318456,Homo sapiens
KU318455,Homo sapiens
KU318454,Homo sapiens
KU508616,Homo sapiens
KU508615,Homo sapiens
KU508614,Homo sapiens
KU508613,Homo sapiens
KU508612,Homo sapiens
KU508611,Homo sapiens
KU508610,Homo sapiens
KU508609,Homo sapiens
KU508608,Homo sapiens
KU508607,Homo sapiens
KT749774,Homo sapiens
KT749773,Homo sapiens
KT749772,Homo sapiens
KT749771,Homo sapiens
KT749770,Homo sapiens
KT749769,Homo sapiens
KT749768,Homo sapiens
KT749767,Homo sapiens
KT749766,Homo sapiens
KT749765,Homo sapiens
KT749764,Homo sapiens
KT749763,Homo sapiens
KT749762,Homo sapiens
KT749761,Homo sapiens
KT598687,Felis catus
KT598686,Felis catus
KT598685,Felis catus
KT598684,Felis catus
KT598683,Felis catus
KT598682,Felis catus
KT598681,Felis catus
KT598680,Felis catus
KT598679,Felis catus
KT598678,Felis catus
KT598677,Felis catus
KT598676,Felis catus
KT598675,Felis catus
KT598674,Felis catus
KT598673,Felis catus
KT598672,Felis catus
KT598671,Felis catus
KT598670,Felis catus
KT598669,Felis catus
KT598668,Felis catus
KT598667,Felis catus
KT598666,Felis catus
KT598665,Felis catus
KU318321,Homo sapiens
KU318320,Homo sapiens
KU318319,Homo sapiens
KU318318,Homo sapiens
KU318317,Homo sapiens
KU318316,Homo sapiens
KU318315,Homo sapiens
KJ496050,Sus scrofa
KJ496049,Sus scrofa
KJ496048,Sus scrofa
KJ496047,Sus scrofa
KJ496046,Sus scrofa
KJ496045,Sus scrofa
KJ496044,Sus scrofa
KJ496043,Sus scrofa
KJ496042,Sus scrofa
KJ496041,Sus scrofa
KJ496040,Sus scrofa
KJ496039,Sus scrofa
KJ496038,Sus scrofa
KJ496037,Sus scrofa
KJ496036,Sus scrofa
KJ496034,Sus scrofa
KJ496033,Sus scrofa
KJ496032,Sus scrofa
KJ496031,Sus scrofa
KJ496030,Sus scrofa
KJ496029,Sus scrofa
KJ496028,Sus scrofa
KJ496027,Sus scrofa
KJ496026,Sus scrofa
KJ496025,Sus scrofa
KJ496024,Sus scrofa
KJ496023,Sus scrofa
KJ496022,Sus scrofa
KJ496021,Sus scrofa
KJ496020,Sus scrofa
KJ496019,Sus scrofa
KJ496018,Sus scrofa
KJ496017,Sus scrofa
KJ496016,Sus scrofa
KJ496015,Sus scrofa
KJ496014,Sus scrofa
KJ496013,Sus scrofa
KJ496012,Sus scrofa
KJ496011,Sus scrofa
KJ496010,Sus scrofa
KJ496009,Sus scrofa
KJ496008,Sus scrofa
KJ496007,Sus scrofa
KJ496006,Sus scrofa
KJ496005,Sus scrofa
KJ496004,Sus scrofa
KJ496003,Sus scrofa
KJ496002,Sus scrofa
KJ496001,Sus scrofa
KJ496000,Sus scrofa
KJ495999,Sus scrofa
KJ495998,Sus scrofa
KJ495997,Sus scrofa
KJ495996,Sus scrofa
KJ495995,Sus scrofa
KJ495994,Sus scrofa
KJ495993,Sus scrofa
KJ495992,Sus scrofa
KJ495991,Sus scrofa
KJ495990,Sus scrofa
KJ495989,Sus scrofa
KJ495988,Sus scrofa
KJ495987,Sus scrofa
KJ495986,Sus scrofa
KT386338,commercial broiler
KT386337,commercial broiler
KT386336,commercial broiler
KT386335,commercial broiler
KT386334,commercial broiler
KT386333,commercial broiler
KT386332,commercial broiler
KT386331,commercial broiler
KT386330,commercial broiler
KT386329,commercial broiler
KT386328,commercial broiler
KT386327,commercial broiler
KT440878,Sus scrofa
KT440871,Sus scrofa
KT440870,Sus scrofa
KT440869,Sus scrofa
KT440867,Sus scrofa
KT440866,Sus scrofa
KT440865,Sus scrofa
KT440864,Sus scrofa
KT440863,Sus scrofa
KT440862,Sus scrofa
KT440859,Sus scrofa
KT440858,Sus scrofa
KT440877,Sus scrofa
KT440876,Sus scrofa
KT440875,Sus scrofa
KT440874,Sus scrofa
KT440873,Sus scrofa
KT440872,Sus scrofa
KT440868,Sus scrofa
KT440861,Sus scrofa
KT440860,Sus scrofa
KT440857,Sus scrofa
KT376419,commercial broiler
KT376418,commercial broiler
KT376417,commercial broiler
KT376416,commercial broiler
KT376415,commercial broiler
KT376414,commercial broiler
KT376413,commercial broiler
KT376412,commercial broiler
KT376411,commercial broiler
KT355326,turkey
KT355325,turkey
KT355324,turkey
KT355323,turkey
KT355322,turkey
KT355321,turkey
KT003292,Myotis longipes
KT003291,Hipposideros larvatus
LC009661,NA
LC009660,NA
LC009659,NA
LC009658,NA
LC009657,NA
LC009656,NA
LC009655,NA
LC009654,NA
LC009653,NA
LC009652,NA
LC009651,NA
LC009650,NA
LC009649,NA
LC009648,NA
LC009647,NA
LC009646,NA
LC009645,NA
LC009644,NA
LC009643,NA
LC009642,NA
LC009641,NA
LC009640,NA
LC009639,NA
LC009638,NA
LC009637,NA
LC009636,NA
KT892967,Swine
KT892965,Swine
KT892963,Swine
KT892960,Swine
KT892956,Swine
KT892966,Swine
KT892964,Swine
KT892962,Swine
KT892961,Swine
KT892959,Swine
KT892958,Swine
KT892957,Swine
KT892955,Swine
KT892954,Swine
KT892953,Swine
KT852446,Macaca fascicularis
KT852439,Macaca mulatta
KT852437,Macaca mulatta
KT852436,Macaca fascicularis
KT852435,Macaca fascicularis
KT852434,Macaca mulatta
KT852433,Macaca mulatta
KT852432,Macaca mulatta
KT852431,Macaca mulatta
KT852430,Macaca mulatta
KT852429,Macaca mulatta
KT852428,Macaca mulatta
KT852427,Macaca mulatta
KT852426,Macaca mulatta
KT852425,Macaca mulatta
KT852424,Macaca mulatta
KT852423,Macaca mulatta
KT852422,Macaca mulatta
KT852421,Macaca mulatta
KT852420,Semnopithecus entellus
KT852419,Hylobatidae
KT852418,Macaca fascicularis
KT852417,Macaca fascicularis
KT852416,Macaca mulatta
KT852415,Macaca mulatta
KT852414,Macaca mulatta
KT852413,Macaca mulatta
KT852412,Macaca mulatta
KT852411,Macaca mulatta
KT852410,Macaca mulatta
KT852409,Macaca mulatta
KT852408,Semnopithecus entellus
KT852407,Macaca mulatta
KT852406,Papio anubis
KT852405,Chlorocebus pygerythrus
KT852404,Papio hamadryas
KT852403,Macaca mulatta
KT852402,Macaca mulatta
KT852401,Macaca mulatta
KT852400,Macaca mulatta
KT852399,Trachypithecus pileatus
KT852398,Macaca mulatta
KT852397,Macaca mulatta
KT852396,Macaca mulatta
KT852395,Macaca mulatta
KT852394,Macaca mulatta
KT852393,Macaca mulatta
KT852392,Macaca mulatta
KT852391,Macaca mulatta
KT852390,Macaca mulatta
KT852389,Macaca mulatta
KT852388,Macaca mulatta
KT852387,Macaca mulatta
KT852386,Macaca mulatta
KT852385,Macaca mulatta
KT852384,Macaca mulatta
KT852383,Macaca mulatta
KT852382,Macaca mulatta
KT852381,Macaca mulatta
KT852380,Macaca mulatta
KT852445,Macaca mulatta
KT852444,Macaca mulatta
KT852443,Macaca mulatta
KT852442,Macaca mulatta
KT852441,Semnopithecus entellus
KT852440,Trachypithecus pileatus
KT852438,Macaca mulatta
KT852448,Hoolock hoolock
KT852447,Macaca mulatta
KT599601,Macaca mulatta
KT599600,Macaca mulatta
KT599599,Macaca mulatta
KT599598,Macaca mulatta
KT599597,Macaca mulatta
KT599596,Macaca mulatta
KT599595,Macaca mulatta
KT599594,Macaca mulatta
KT599593,Macaca mulatta
KT599592,Macaca mulatta
KT599591,Macaca mulatta
KT599590,Macaca mulatta
KT599589,Macaca mulatta
KT599588,Macaca mulatta
KT599587,Macaca mulatta
KT599586,Macaca mulatta
KT599585,Macaca mulatta
KT599584,Macaca mulatta
KT599583,Macaca mulatta
KT599582,Macaca mulatta
KT599581,Macaca mulatta
KT599580,Macaca mulatta
KT599579,Macaca mulatta
KT599578,Macaca mulatta
KT599577,Macaca mulatta
KT599576,Macaca mulatta
KT599575,Macaca mulatta
KT599574,Macaca mulatta
KT599573,Macaca mulatta
KT599572,Macaca mulatta
KT599571,Macaca mulatta
KT599570,Macaca mulatta
KT599569,Macaca mulatta
KT599568,Macaca mulatta
KT599567,Macaca mulatta
KT599566,Macaca mulatta
KT599565,Macaca mulatta
KT599564,Macaca mulatta
KT599563,Macaca mulatta
KT599562,Macaca mulatta
KT599561,Macaca mulatta
KP747601,pig
KP747600,pig
KP747599,pig
KP747598,pig
KP747597,pig
KP747596,pig
KP747595,pig
KP747594,pig
KP747593,pig
KP747592,pig
KP747591,pig
KP747590,pig
KP747589,pig
KP747588,pig
KP747587,pig
KP747586,pig
KP747585,pig
KP747584,pig
KP747583,pig
KP747582,pig
KP747581,pig
KP747580,pig
KP747579,pig
KP747578,pig
KP747577,pig
KP747576,pig
KP747575,pig
KP747574,pig
KP747573,porcine
KM401565,NA
KT159913,Homo sapiens
KT159911,Homo sapiens
KT159910,Homo sapiens
KT159909,Homo sapiens
KT159908,Homo sapiens
KT159907,Homo sapiens
KT159906,Homo sapiens
KT965675,Hypothymis azurea
KT965674,Hypothymis azurea
KT008050,Megaerops kusnotoi
KT003283,Megaerops kusnotoi
KT894920,Plecotus auritus
KT894919,Plecotus auritus
KT894918,Plecotus auritus
KT894917,Plecotus auritus
KT894916,Myotis nattereri
KT894915,Myotis nattereri
KT894914,Myotis nattereri
KT894913,Myotis nattereri
KT894912,Myotis nattereri
KT894911,Myotis nattereri
KT894910,Myotis nattereri
KT894909,Myotis nattereri
KT894908,Myotis nattereri
KT894907,Myotis nattereri
KT894906,Myotis nattereri
KT894905,Myotis nattereri
KT894904,Myotis nattereri
KT894903,Myotis nattereri
KT894902,Myotis nattereri
KT894901,Myotis nattereri
KT894900,Myotis nattereri
KT894899,Myotis nattereri
KT894898,Myotis nattereri
KT894897,Myotis daubentonii
KT894896,Myotis daubentonii
KT894895,Myotis daubentonii
KT894894,Myotis daubentonii
KT894893,Myotis daubentonii
KT894892,Myotis daubentonii
KT894891,Myotis daubentonii
KT894890,Myotis daubentonii
KT894889,Myotis daubentonii
KT894888,Myotis daubentonii
KT894887,Myotis daubentonii
KT894886,Myotis daubentonii
KT894885,Myotis daubentonii
KT894884,Myotis daubentonii
KT894883,Myotis daubentonii
KT894882,Myotis daubentonii
KT894881,Myotis bechsteinii
KT894880,Myotis bechsteinii
KT894879,Myotis bechsteinii
KT894878,Myotis bechsteinii
KT894877,Myotis bechsteinii
KT894876,Myotis bechsteinii
KT894875,Myotis bechsteinii
KT894874,Myotis bechsteinii
KP008372,Gallus gallus
KR364729,Homo sapiens
KR364728,Homo sapiens
KR364727,Homo sapiens
LC047787,Bos taurus
LC047788,Bos taurus
LC047789,Bos taurus
LC047801,Bos taurus
LC047800,Bos taurus
LC047799,Bos taurus
LC047798,Bos taurus
LC047797,Bos taurus
LC047796,Bos taurus
LC047795,Bos taurus
LC047794,Bos taurus
LC047793,Bos taurus
LC047792,Bos taurus
LC047791,Bos taurus
LC047790,Bos taurus
KR052479,Gallus gallus
KR013276,Gallus gallus
KR013275,Gallus gallus
KR013274,Gallus gallus
KR013273,Gallus gallus
KR013272,Gallus gallus
KR013271,Gallus gallus
KR013270,Gallus gallus
KR013269,Gallus gallus
KR013268,Gallus gallus
KR013267,Gallus gallus
KR013266,Gallus gallus
KR013265,Gallus gallus
KR013264,Gallus gallus
KR013263,Gallus gallus
KR013262,Gallus gallus
KR013261,Gallus gallus
KR013260,Gallus gallus
KR013259,Gallus gallus
KR013258,Gallus gallus
KR013257,Gallus gallus
KR013256,Gallus gallus
KR013255,Gallus gallus
KR013254,Gallus gallus
KR013253,Gallus gallus
KR013252,Gallus gallus
KR013251,Gallus gallus
KR013250,Gallus gallus
KR013249,Gallus gallus
KP942593,Homo sapiens
KP942592,Homo sapiens
KP942591,Homo sapiens
KP942590,Homo sapiens
KP942589,Homo sapiens
KP942588,Homo sapiens
KP942587,Homo sapiens
KP942586,Homo sapiens
KP942585,Homo sapiens
KP942584,Homo sapiens
KP942583,Homo sapiens
KP942582,Homo sapiens
KR007588,NA
KR007587,NA
KR007586,NA
KR007585,NA
KM408171,Homo sapiens
KM408170,Homo sapiens
KM269070,Homo sapiens
KM269069,Homo sapiens
KM269068,Homo sapiens
KM269067,Homo sapiens
KM269066,Homo sapiens
KM269065,Homo sapiens
KM269064,Homo sapiens
KM269063,Homo sapiens
KM269062,Homo sapiens
KM269061,Homo sapiens
KM269060,Homo sapiens
KM269059,Homo sapiens
KM269058,Homo sapiens
KM269057,Homo sapiens
KM269056,Homo sapiens
KM269055,Homo sapiens
KM269054,Homo sapiens
KM269053,Homo sapiens
KM269052,Homo sapiens
KM269051,Homo sapiens
KM269050,Homo sapiens
KM269049,Homo sapiens
KM269048,Homo sapiens
KM269047,Homo sapiens
KM269046,Homo sapiens
KM269045,Homo sapiens
KM269044,Homo sapiens
KM269043,Homo sapiens
KM269042,Homo sapiens
KM269041,Homo sapiens
KM269040,Homo sapiens
KM269039,Homo sapiens
KC294577,NA
KC294576,NA
KP242038,Homo sapiens
KP843564,Pipistrellus nathusii;Pipistrellus pygmaeus
KP843563,Rhinolophus hipposideros
KP843562,Myotis emarginatus
KP843561,Vespertilio murinus
KP843560,Pipistrellus pipistrellus
KP843559,Myotis mystacinus
KP843558,Nyctalus noctula
KR007771,swine
KR007770,swine
KR007769,swine
KR007768,swine
KR007767,swine
KR007766,swine
KR007765,swine
KR007764,swine
KR007763,swine
KR007762,swine
KR007761,swine
KR007760,swine
KR007759,swine
KR007758,swine
KR007757,swine
KR007756,swine
KR007755,swine
KR007754,swine
KR007753,swine
KP862744,Homo sapiens
KM272967,Homo sapiens
KM272966,Homo sapiens
KM272965,Homo sapiens
KM272964,Homo sapiens
KM272963,Homo sapiens
KM272962,Homo sapiens
KM272961,Homo sapiens
KM272960,Homo sapiens
KM272959,Homo sapiens
KM272958,Homo sapiens
KM272957,Homo sapiens
KM272956,Homo sapiens
KM272955,Homo sapiens
KM272954,Homo sapiens
KM272953,Homo sapiens
KM272952,Homo sapiens
KM272969,Homo sapiens
KM272968,Homo sapiens
KM254169,chicken
KM254168,chicken
KM254167,chicken
KM254166,chicken
KR868724,Camelus dromedarius
KR868723,Camelus dromedarius
KR868722,Camelus dromedarius
KR868721,Camelus dromedarius
KP759770,pig
LC009678,NA
LC009677,NA
LC009676,NA
LC009675,NA
LC009674,NA
LC009673,NA
LC009672,NA
LC009671,NA
LC009670,NA
LC009669,NA
LC009668,NA
LC009667,NA
LC009666,NA
LC009665,NA
LC009664,NA
LC009663,NA
LC009662,NA
LC009684,NA
LC009683,NA
LC009682,NA
LC009681,NA
LC009680,NA
LC009679,NA
KJ807529,Homo sapiens
KJ807528,Homo sapiens
KJ807527,Homo sapiens
KJ807526,Homo sapiens
KJ807525,Homo sapiens
KJ807524,Homo sapiens
KJ807523,Homo sapiens
KJ807522,Homo sapiens
KJ807521,Homo sapiens
KJ807520,Homo sapiens
KJ807519,Homo sapiens
KJ807518,Homo sapiens
KJ807517,Homo sapiens
KJ807516,Homo sapiens
KJ807515,Homo sapiens
KJ807514,Homo sapiens
KJ807513,Homo sapiens
KJ807512,Homo sapiens
KJ807511,Homo sapiens
KJ807510,Homo sapiens
KJ807509,Homo sapiens
KJ807508,Homo sapiens
KJ807507,Homo sapiens
KJ807506,Homo sapiens
KJ807505,Homo sapiens
KJ807504,Homo sapiens
KJ807503,Homo sapiens
KJ807502,Homo sapiens
KJ807501,Homo sapiens
KJ807500,Homo sapiens
KJ807499,Homo sapiens
KJ807498,Homo sapiens
KJ807497,Homo sapiens
KJ807496,Homo sapiens
KJ807495,Homo sapiens
KJ807494,Homo sapiens
KJ807493,Homo sapiens
KJ807492,Homo sapiens
KJ807491,Homo sapiens
KJ807490,Homo sapiens
KJ807489,Homo sapiens
KJ807488,Homo sapiens
KJ807487,Homo sapiens
KJ807486,Homo sapiens
KJ807485,Homo sapiens
KJ807484,Homo sapiens
KJ807483,Homo sapiens
KJ807482,Homo sapiens
KJ807481,Homo sapiens
KJ807480,Homo sapiens
KJ807479,Homo sapiens
KJ807478,Homo sapiens
KJ807477,Homo sapiens
KJ807476,Homo sapiens
KJ777802,Homo sapiens
KJ777801,Homo sapiens
KJ777800,Homo sapiens
KJ656124,Homo sapiens
KJ476856,water buffalo
KJ476855,water buffalo
KJ476854,water buffalo
KJ476853,water buffalo
KJ476852,water buffalo
KJ476851,water buffalo
KJ476850,cattle
KJ476849,cattle
KJ476848,cattle
KJ476847,cattle
KJ476846,cattle
KJ476845,cattle
KJ476844,cattle
KJ476843,cattle
KJ476842,cattle
KJ476841,cattle
KJ476840,cattle
KJ476839,cattle
KJ476838,water buffalo
KJ476837,water buffalo
KJ476836,cattle
KJ476835,cattle
KJ476834,cattle
KJ476833,cattle
KJ476832,cattle
KJ935470,Homo sapiens
KJ935469,Homo sapiens
KJ935468,Homo sapiens
KJ935467,Homo sapiens
KJ935466,Homo sapiens
KJ935465,Homo sapiens
KR057184,Coracias garrulus (European roller)
KP663426,Coracias garrulus (European roller)
JX624774,Pekin duck
KF668570,Homo sapiens
JX624785,Landes goose
JX624784,Landes goose
JX624783,Landes goose
JX624782,Landes goose
JX624781,Ma duck
JX624780,Pekin duckling
JX624779,Pekin duck
JX624778,Pekin duck
JX624777,Pekin duck
JX624776,Pekin duck
JX624775,Pekin duck
JX624773,Pekin duck
KP636526,NA
KP636525,NA
KP636524,NA
KP636523,NA
KP636522,NA
KP636521,NA
KP636520,NA
KP264970,Bos taurus
KP064302,Homo sapiens
KP064301,Homo sapiens
KP064300,Homo sapiens
KP064299,Homo sapiens
KP064298,Homo sapiens
KP064297,Homo sapiens
KP064296,Homo sapiens
KP064295,Homo sapiens
KP064294,Homo sapiens
KP064293,Homo sapiens
KP064292,Homo sapiens
KP064291,Homo sapiens
KP064290,Homo sapiens
KP064289,Homo sapiens
KP064288,Homo sapiens
KP064287,Homo sapiens
KP064286,Homo sapiens
KR187182,cattle
KR187181,cattle
KR187180,cattle
KR187179,cattle
KR187178,cattle
KR187177,cattle
KR187176,cattle
KR187175,cattle
KR187174,cattle
KR187173,cattle
KR187172,cattle
KR187171,cattle
KR187170,cattle
KR187169,cattle
KR187168,cattle
KR187167,cattle
KR187166,cattle
KR187165,cattle
KR187164,cattle
KR187163,cattle
KR187162,cattle
KR187161,cattle
KR187160,cattle
KR187159,cattle
KR187158,cattle
KR187157,cattle
KR187156,cattle
KR187155,cattle
KR187154,cattle
KR187153,cattle
KR187152,cattle
KR187151,cattle
KR187150,cattle
KR187149,cattle
KR187148,cattle
KR187147,cattle
KR187146,cattle
KR187145,cattle
KR187144,cattle
KR187143,cattle
KR187142,cattle
KR187141,cattle
KR187140,cattle
KR187139,cattle
KR187138,cattle
KR187137,cattle
KR187136,cattle
KR187135,cattle
KR187134,cattle
KR187133,cattle
KR187132,cattle
KR187131,cattle
KR187130,cattle
KR187129,cattle
KR187128,cattle
KR187127,cattle
KR187126,cattle
KR187125,cattle
KR187124,cattle
KR187123,cattle
KR187122,cattle
KR187121,cattle
KR187120,cattle
KR187119,cattle
KR187118,cattle
KR187117,cattle
KR187116,cattle
KR187115,cattle
KR187114,cattle
KR187113,cattle
KR187112,cattle
KR138670,cattle
KR138669,cattle
KR138668,cattle
KR138667,cattle
KR138666,cattle
KR138665,cattle
KR138664,cattle
KR138663,cattle
KR138662,cattle
KR138661,cattle
KR138660,cattle
KR138659,cattle
KR138658,cattle
KR138657,cattle
KR138656,cattle
KR138655,cattle
KR138654,cattle
KR138653,cattle
KR138652,cattle
KR138651,cattle
KR138650,cattle
KR138649,cattle
KR138648,cattle
KR138647,cattle
KR138646,cattle
KR138645,cattle
KR138644,cattle
KR138643,cattle
KR138642,cattle
KR138641,cattle
KR138640,cattle
KR138639,cattle
KR138638,cattle
KR138637,cattle
KR138636,cattle
KR138635,cattle
KR138634,cattle
KR138633,cattle
KR138632,cattle
KR138631,cattle
KR138630,cattle
KR138629,cattle
KR138628,cattle
KR138627,cattle
KR138626,cattle
KR138625,cattle
KR138624,cattle
KR138623,cattle
KR138622,cattle
KR138621,cattle
KR138620,cattle
KR138619,cattle
KR138618,cattle
KR138617,cattle
KR138616,cattle
KR138615,cattle
KR138614,cattle
KR138613,cattle
KR138612,cattle
KR138611,cattle
KR138610,cattle
KR138609,cattle
KR138608,cattle
KR138607,cattle
KR138606,cattle
KR138605,cattle
KR138604,cattle
KR138603,cattle
KR138602,cattle
KR138601,cattle
KR138600,cattle
KR138599,cattle
KR138598,cattle
KR138597,cattle
KR138596,cattle
KR138595,cattle
KJ395358,Homo sapiens
KJ395357,Homo sapiens
KJ395356,Homo sapiens
KJ395355,Homo sapiens
KJ395354,Homo sapiens
KJ395353,Homo sapiens
KJ395352,Homo sapiens
KJ395351,Homo sapiens
KJ395350,Homo sapiens
KC137249,Homo sapiens
KC137248,Homo sapiens
KC137247,Homo sapiens
KC137246,Homo sapiens
KC137245,Homo sapiens
KC137244,Homo sapiens
KC137243,Homo sapiens
KC137242,Homo sapiens
KC137241,Homo sapiens
KC137240,Homo sapiens
KC137239,Homo sapiens
KC137238,Homo sapiens
KC137237,Homo sapiens
JX548301,shorebird
JX083371,chicken
JX083370,chicken
JX083369,turkey
JX083368,turkey
JX083367,turkey
JX083366,turkey
JX083365,turkey
JX083364,turkey
JX083363,turkey
JX083362,turkey
JX083361,turkey
JX083360,turkey
JX083359,turkey
JX083358,turkey
JX083357,turkey
JX083356,turkey
JX083355,turkey
JX083354,turkey
JX083353,chicken
JX083352,chicken
JX083351,chicken
JX083350,chicken
JX083349,chicken
JX083348,chicken
JX083347,chicken
JX083346,turkey
JX083345,turkey
JX083344,turkey
JX083343,turkey
JX083342,turkey
JX083341,turkey
S47249,NA
JA816489,NA
JA816485,NA
KP258663,NA
KP258662,NA
KP258661,NA
KP258660,NA
KP404152,NA
KP404151,NA
KP404150,NA
KP404149,NA
KP208781,Homo sapiens
KP208780,Homo sapiens
KP208157,Homo sapiens
KJ650567,pig
KJ650566,NA
KJ650565,NA
KJ650564,NA
KJ650563,NA
KJ650562,NA
KJ650561,NA
KP143825,Homo sapiens
KP143824,Homo sapiens
KP143823,Homo sapiens
KP143822,Homo sapiens
KP143821,Homo sapiens
KP143820,Homo sapiens
KP143819,Homo sapiens
KP143818,Homo sapiens
KP143817,Homo sapiens
KP143816,Homo sapiens
KP143815,Homo sapiens
KP143814,Homo sapiens
KP143813,Homo sapiens
KP143812,Homo sapiens
KP143811,Homo sapiens
KP143810,Homo sapiens
KP143809,Homo sapiens
KP143808,Homo sapiens
KP143807,Homo sapiens
KP143806,Homo sapiens
KP143805,Homo sapiens
KP143804,Homo sapiens
KP143803,Homo sapiens
KP143802,Homo sapiens
KP143801,Homo sapiens
KP143800,Homo sapiens
KP143799,Homo sapiens
KP143798,Homo sapiens
KP143797,Homo sapiens
KP143796,Homo sapiens
KP143795,Homo sapiens
KP143794,Homo sapiens
KP143793,Homo sapiens
KP143792,Homo sapiens
KP143791,Homo sapiens
KP143790,Homo sapiens
KP143789,Homo sapiens
KP143788,Homo sapiens
KP143787,Homo sapiens
KP143786,Homo sapiens
KP143785,Homo sapiens
KP143784,Homo sapiens
KP143783,Homo sapiens
KP143782,Homo sapiens
KP143781,Homo sapiens
KP143780,Homo sapiens
KP143779,Homo sapiens
KP143778,Homo sapiens
KP143777,Homo sapiens
KP143776,Homo sapiens
KP143775,Homo sapiens
KP143774,Homo sapiens
KP143773,Homo sapiens
KP143772,Homo sapiens
KP090043,Homo sapiens
KP090042,Homo sapiens
KP090041,Homo sapiens
KP090040,Homo sapiens
KP090039,Homo sapiens
KP090038,Homo sapiens
KP090037,Homo sapiens
KP090036,Homo sapiens
KP090035,Homo sapiens
KP015067,Homo sapiens
KP015066,Homo sapiens
KP015065,Homo sapiens
KP015064,Homo sapiens
KP015063,Homo sapiens
KP015062,Homo sapiens
KP015061,Homo sapiens
KP015060,Homo sapiens
KP015059,Homo sapiens
KM514349,Homo sapiens
KM514348,Homo sapiens
KM514347,Homo sapiens
KM514346,Homo sapiens
KM514345,Homo sapiens
KM514344,Homo sapiens
KM514343,Homo sapiens
KM514342,Homo sapiens
KM514341,Homo sapiens
KM514340,Homo sapiens
KM514339,Homo sapiens
KM514338,Homo sapiens
KM514337,Homo sapiens
KM514336,Homo sapiens
KM514335,Homo sapiens
KM514334,Homo sapiens
KM514333,Homo sapiens
KM514332,Homo sapiens
KM514331,Homo sapiens
KM514330,Homo sapiens
KM514329,Homo sapiens
KM514328,Homo sapiens
KM514327,Homo sapiens
KM514326,Homo sapiens
KM514325,Homo sapiens
KM514324,Homo sapiens
KM514323,Homo sapiens
KM514322,Homo sapiens
KM514321,Homo sapiens
KM514320,Homo sapiens
KM514319,Homo sapiens
KM985703,Gallus gallus
KM985702,Gallus gallus
KM985701,Gallus gallus
KM985700,Gallus gallus
KM985699,Gallus gallus
KM985698,Gallus gallus
KM985697,Gallus gallus
KM985696,Gallus gallus
KM985695,Gallus gallus
KM985694,Gallus gallus
KM985693,Gallus gallus
KM985692,Gallus gallus
KM985691,Gallus gallus
KM985690,Gallus gallus
KJ533370,Sus scrofa domesticus
KJ533369,Sus scrofa domesticus
KJ533368,Sus scrofa domesticus
KJ533367,Sus scrofa domesticus
KJ533366,Sus scrofa domesticus
KJ533365,Sus scrofa domesticus
KJ533364,Sus scrofa domesticus
KJ533363,Sus scrofa domesticus
KJ533362,Sus scrofa domesticus
KJ533361,Sus scrofa domesticus
KJ533360,Sus scrofa domesticus
KJ533359,Sus scrofa domesticus
KJ533358,Sus scrofa domesticus
KJ533357,Sus scrofa domesticus
KJ533356,Sus scrofa domesticus
KJ533355,Sus scrofa domesticus
KJ533354,Sus scrofa domesticus
KJ533353,Sus scrofa domesticus
KJ533352,Sus scrofa domesticus
KJ533351,Sus scrofa domesticus
KJ533350,Sus scrofa domesticus
KJ533349,Sus scrofa domesticus
KJ533348,Sus scrofa domesticus
KJ533347,Sus scrofa domesticus
KJ533346,Sus scrofa domesticus
KJ533345,Sus scrofa domesticus
KJ533344,Sus scrofa domesticus
KJ533343,Sus scrofa domesticus
KJ533342,Sus scrofa domesticus
KJ533341,Sus scrofa domesticus
KM923916,Homo sapiens
KM923915,Homo sapiens
KM923914,Homo sapiens
KM923913,Homo sapiens
KM923912,Homo sapiens
KM923911,Homo sapiens
KM981736,Homo sapiens
KM981735,Homo sapiens
KM981734,Homo sapiens
KM981733,Homo sapiens
KM981732,Homo sapiens
KM981731,Homo sapiens
KM981730,Homo sapiens
KM981729,Homo sapiens
KM981728,Homo sapiens
KM981727,Homo sapiens
KM981726,Homo sapiens
KM981725,Homo sapiens
KM981724,Homo sapiens
KM981723,Homo sapiens
KM981722,Homo sapiens
KM981721,Homo sapiens
KM981720,Homo sapiens
KM981719,Homo sapiens
KM981718,Homo sapiens
KM981717,Homo sapiens
KM981716,Homo sapiens
KM981715,Homo sapiens
KM981714,Homo sapiens
KM981713,Homo sapiens
KM981712,Homo sapiens
KM981711,Homo sapiens
KM822598,yak
KM822597,yak
KM822596,yak
KM822595,yak
KM822594,yak
KM822593,yak
KJ173710,NA
KJ173709,NA
KJ173708,NA
KJ173707,NA
KJ173706,NA
KJ173705,NA
KJ173704,NA
KC790418,swine
KC790417,swine
KC790416,swine
KC790415,swine
KC790414,swine
KP162261,Homo sapiens
KP162260,Homo sapiens
KP162259,Homo sapiens
KP162258,Homo sapiens
KP162257,Homo sapiens
KP162256,Homo sapiens
KP162255,Homo sapiens
KP162254,Homo sapiens
KP162253,Homo sapiens
KP162252,Homo sapiens
KP162251,Homo sapiens
KP162250,Homo sapiens
KP162249,Homo sapiens
KP162248,Homo sapiens
KM875548,NA
KJ920197,NA
KJ920196,NA
AB914706,Homo sapiens 5 month old female
AB914705,Homo sapiens 1 year old male
AB914577,Homo sapiens 62 year old female
AB914576,Homo sapiens 1 year 6 month old female
AB914575,Homo sapiens 2 year old male
AB914574,Homo sapiens 6 year old male
AB914573,Homo sapiens 1 year 6 month old male
AB914572,Homo sapiens 5 month old female
AB914571,Homo sapiens 9 month old male
AB914570,Homo sapiens 10 month female
AB914569,Homo sapiens 10 year old female
AB914568,Homo sapiens 1 year 6 month old male child
AB914567,Homo sapiens 1 year old male
JX840471,Pekin duck
JX840470,Pekin duck
JX840469,Pekin duck
JX840468,Pekin duck
KM587711,Pygoscelis adeliae
KM459014,Homo sapiens
KM459013,Homo sapiens
KM017743,Felis catus
KM017742,Felis catus
KM017741,Felis catus
KJ571486,Hystrix brachyurus
KJ571485,Crocidura attenuata
KJ571484,Niviventer eha
KJ571483,Ochotona thibetana
KJ571482,Ochotona thibetana
KJ571481,Episoriculus leucops
KJ571480,Niviventer eha
KJ571479,Episoriculus leucops
KJ571478,Niviventer eha
KJ571477,Niviventer eha
KJ571476,Niviventer eha
KJ571475,Niviventer eha
KJ571474,Volemys millicens
KJ571473,Volemys millicens
KJ571472,Eothenomys cachinus
KJ571471,Eothenomys cachinus
KJ571470,Eothenomys cachinus
KJ571469,Eothenomys cachinus
KJ571468,Eothenomys cachinus
KJ571467,Eothenomys cachinus
KJ571466,Eothenomys cachinus
KJ571465,Eothenomys cachinus
KJ571464,Eothenomys cachinus
KJ571463,Eothenomys cachinus
KJ571462,Eothenomys cachinus
KJ571461,Eothenomys cachinus
KJ571460,Eothenomys cachinus
KJ571459,Eothenomys cachinus
KJ571458,Eothenomys cachinus
KJ571457,Eothenomys cachinus
KJ571456,Eothenomys cachinus
KJ571455,Eothenomys cachinus
KJ571454,Eothenomys cachinus
KJ571453,Eothenomys cachinus
KJ571452,Eothenomys cachinus
KJ571451,Eothenomys cachinus
KJ571450,Eothenomys cachinus
KJ571449,Eothenomys cachinus
KJ571448,Eothenomys cachinus
KJ571447,Eothenomys cachinus
KJ571446,Eothenomys cachinus
KJ571445,Eothenomys cachinus
KJ571444,Eothenomys cachinus
KJ571443,Eothenomys cachinus
KJ571442,Eothenomys cachinus
KJ571441,Eothenomys cachinus
KJ571440,Eothenomys cachinus
KJ571439,Eothenomys cachinus
KJ571438,Eothenomys cachinus
KJ571437,Eothenomys cachinus
KJ571436,Eothenomys cachinus
KJ571435,Hystrix brachyurus
KJ571434,Hystrix brachyurus
KJ571433,Hystrix brachyurus
KJ571432,Hystrix brachyurus
KJ571431,Myotis ricketti
KJ571430,Myotis ricketti
KJ571429,Hipposideros armiger
KJ571428,Rhinolophus pusillus
KJ571427,Hipposideros larvatus
KJ571426,Hipposideros larvatus
KJ571425,Hipposideros larvatus
KJ571424,Rhinolophus pusillus
KJ571423,Hipposideros larvatus
KJ571422,Hipposideros larvatus
KJ571421,Scotophilus kuhlii
KJ571420,Scotophilus kuhlii
KJ571419,Scotophilus kuhlii
KJ571418,Hipposideros larvatus
KJ571417,Hipposideros larvatus
KJ571416,Hipposideros larvatus
KJ571415,Rhinolophus affinis
KJ571414,Scotophilus kuhlii
KJ571413,Scotophilus kuhlii
KJ571412,Scotophilus kuhlii
KJ571411,Scotophilus kuhlii
KJ571410,Scotophilus kuhlii
KJ571409,Scotophilus kuhlii
KJ571408,Scotophilus kuhlii
KJ571407,Scotophilus kuhlii
KJ571406,Scotophilus kuhlii
KJ571405,Myotis horsfieldii
KJ571404,Myotis horsfieldii
KJ571403,Myotis horsfieldii
KJ571402,Hipposideros larvatus
KJ571401,Hipposideros larvatus
KJ571400,Hipposideros larvatus
KJ571399,Hipposideros larvatus
KJ571398,Hipposideros larvatus
KJ571397,Hipposideros larvatus
KJ571396,Hipposideros larvatus
KJ571395,Hipposideros larvatus
KJ571394,Hipposideros larvatus
KJ571393,Miniopterus magnater
KJ571392,Miniopterus magnater
KJ571391,Miniopterus magnater
KJ571390,Miniopterus magnater
KJ571389,Tylonycteris robustula
KJ571388,Scotophilus kuhlii
KJ571387,Scotophilus kuhlii
KJ571386,Scotophilus kuhlii
KJ571385,Scotophilus kuhlii
KJ571384,Miniopterus schreibersii
KJ571383,Miniopterus schreibersii
KJ571382,Miniopterus schreibersii
KJ571381,Miniopterus schreibersii
KJ571380,Rhinolophus affinis
KJ571379,Miniopterus schreibersii
KJ571378,Miniopterus schreibersii
KJ571377,Miniopterus schreibersii
AB856999,NA
AB856998,NA
AB856997,NA
AB856996,NA
AB856995,NA
AB856994,NA
AB856993,NA
AB856992,NA
AB856991,NA
AB856990,NA
AB856989,NA
AB856988,NA
KM358468,NA
KJ020899,duck
KM211529,swine
KM211528,swine
KM211527,swine
KM211526,swine
KM211525,swine
KM211524,swine
KM211523,swine
KM211522,swine
KM211521,swine
KM211520,swine
KM212267,chicken
KF453630,Homo sapiens
KF453629,Homo sapiens
KF234579,chicken
KF234578,chicken
KF234577,chicken
KM035759,cattle
AB740325,Homo sapiens 62 year old lady
AB740324,Homo sapiens 6 year old boy
AB740323,Homo sapiens 5 month old girl
AB740322,Homo sapiens 9 month old boy
AB740321,Homo sapiens 10 year old girl
AB740320,Homo sapiens one and half year old boy
AB740319,Homo sapiens 1 year old boy
KF039913,NA
KF039912,NA
KF039911,NA
KF039910,NA
KF859964,Homo sapiens
KC915035,Homo sapiens
KC915034,Homo sapiens
KJ729964,mink
KJ729963,mink
KJ729962,mink
KJ729961,mink
KJ729960,mink
KJ729959,mink
KJ729958,mink
KJ729957,mink
KJ652328,Nyctalus noctula
KJ652327,Pipistrellus pygmaeus
KJ652326,Miniopterus schreibersii
KJ652325,Myotis bechsteinii
KJ652324,Myotis daubentonii
KJ652323,Myotis nattereri
KJ652322,Plecotus auritus
KJ652321,Myotis emarginatus
KJ621033,poultry
KJ621032,poultry
KJ621031,poultry
KJ621030,poultry
KJ621029,poultry
KJ621028,poultry
KJ621027,poultry
KC599256,Hipposideros cineraceus
KJ620980,cattle
KJ620979,cattle
AB769874,Homo sapiens 34 month-old girl
AB769873,Homo sapiens 36 month-old girl
AB769872,Homo sapiens 23 month-old boy
AB769871,Homo sapiens 24 month-old girl
AB769870,Homo sapiens 10 month-old girl
AB769869,Homo sapiens 8 month-old girl
AB769868,Homo sapiens 11 month-old girl
AB769867,Homo sapiens 12 month-old girl
AB769866,Homo sapiens 8 month-old girl
AB769865,Homo sapiens under 5 years old
AB769864,Homo sapiens 5 month-old boy
KF597282,pig
KF597281,pig
KF597280,pig
KF374704,Felis catus
KJ633799,cattle
KJ633798,cattle
KJ633797,cattle
KJ633796,cattle
KJ633795,cattle
KJ633794,cattle
KJ633793,cattle
KJ633792,cattle
KJ633791,cattle
KJ633790,cattle
KJ596489,cattle
KF753807,NA
KF753806,NA
KF753805,NA
KF753804,NA
KF668452,cattle
KF668451,cattle
KF668450,cattle
KF668449,cattle
KF668448,cattle
KF668447,cattle
KF668446,cattle
KF668445,cattle
KF668444,cattle
HM630273,Homo sapiens
HM630272,Homo sapiens
HM630271,Homo sapiens
HM630265,Homo sapiens
HM630264,Homo sapiens
HM630263,Homo sapiens
HM630261,Homo sapiens
HM630260,Homo sapiens
KF736885,Meleagris gallopavo
KF736884,Meleagris gallopavo
KF736883,Meleagris gallopavo
KF736882,Meleagris gallopavo
KF736881,Meleagris gallopavo
KF736880,Meleagris gallopavo
KF736879,Meleagris gallopavo
KF736878,Meleagris gallopavo
KF736877,Meleagris gallopavo
KF736876,Meleagris gallopavo
KF736875,Meleagris gallopavo
KF736874,Meleagris gallopavo
KF736873,Meleagris gallopavo
KF736872,Meleagris gallopavo
KF736871,Meleagris gallopavo
KF736870,Meleagris gallopavo
KF736869,Meleagris gallopavo
KF736868,Meleagris gallopavo
KF736867,Meleagris gallopavo
KF736866,Meleagris gallopavo
KF736865,Meleagris gallopavo
KF736864,Meleagris gallopavo
KF736863,Meleagris gallopavo
KF736862,Meleagris gallopavo
KF736861,Meleagris gallopavo
KF736860,Meleagris gallopavo
KF736859,Meleagris gallopavo
KF736858,Meleagris gallopavo
KF736857,Meleagris gallopavo
KF736856,Meleagris gallopavo
KF736855,Meleagris gallopavo
KF736854,Meleagris gallopavo
KF736853,Meleagris gallopavo
KF736852,Meleagris gallopavo
KC967120,Meleagris gallopavo
KC967119,Meleagris gallopavo
KC967118,Meleagris gallopavo
KC967117,Meleagris gallopavo
KC967116,Meleagris gallopavo
KC967115,Meleagris gallopavo
KC967114,Meleagris gallopavo
KC967113,Meleagris gallopavo
KC967112,Meleagris gallopavo
KC967111,Meleagris gallopavo
KC967110,Meleagris gallopavo
KC967109,Meleagris gallopavo
KC967108,Meleagris gallopavo
KC967107,Meleagris gallopavo
KC967106,Meleagris gallopavo
KC967105,Meleagris gallopavo
KC967104,Meleagris gallopavo
KC967103,Meleagris gallopavo
KC967102,Meleagris gallopavo
KC967101,Meleagris gallopavo
KC967100,Meleagris gallopavo
KF920601,Meleagris gallopavo; female
KF854592,NA
KF854591,NA
KF854590,NA
KF854589,NA
KF854588,NA
KF854587,NA
KF854586,NA
KF854585,NA
KF854584,NA
KF854583,NA
KF854582,NA
KF854581,NA
KF854580,NA
KF854579,NA
KF854578,NA
KF782354,Homo sapiens
KF782353,Homo sapiens
KF782352,Homo sapiens
KF782351,Homo sapiens
KF782350,Homo sapiens
KF782349,Homo sapiens
KF782348,Homo sapiens
KF782347,Homo sapiens
KF782346,Homo sapiens
KF782345,Homo sapiens
KF782344,Homo sapiens
KF782343,Homo sapiens
KF782342,Homo sapiens
KF782341,Homo sapiens
KF782340,Homo sapiens
KF782339,Homo sapiens
KF782338,Homo sapiens
KF782337,Homo sapiens
KF782336,Homo sapiens
KF782335,Homo sapiens
KF782334,Homo sapiens
KF782333,Homo sapiens
KF782332,Homo sapiens
KF782331,Homo sapiens
KF782330,Homo sapiens
KF782329,Homo sapiens
KF782328,Homo sapiens
KF782327,Homo sapiens
KF782326,Homo sapiens
KF782325,Homo sapiens
KF782324,Homo sapiens
KF782323,Homo sapiens
KF211429,pig
KF211428,pig
KF211427,pig
KC593414,Gallus gallus
KC593413,Gallus gallus
KC593412,Gallus gallus
KC593411,Gallus gallus
KC593410,Gallus gallus
KC593409,Gallus gallus
KC593408,Gallus gallus
KC593407,Gallus gallus
KC593406,Gallus gallus
KC593405,Gallus gallus
KC593404,Gallus gallus
KC593403,Gallus gallus
KC593401,Gallus gallus
KC593400,Gallus gallus
KC593399,Gallus gallus
KC593398,Gallus gallus
KC593397,Gallus gallus
KC593396,Gallus gallus
KC593395,Gallus gallus
KC593394,Gallus gallus
KC593393,Gallus gallus
KC593392,Gallus gallus
KC593391,Gallus gallus
KC593390,Gallus gallus
KC593389,Gallus gallus
KC593388,Gallus gallus
KC593387,Gallus gallus
JN635502,Gallus gallus
KF663754,canine
KF663753,canine
KF417713,Homo sapiens
KF420154,Homo sapiens
KF420153,Homo sapiens
KF420152,Homo sapiens
KF420151,Homo sapiens
KF420150,Homo sapiens
KF420149,Homo sapiens
KF420148,Homo sapiens
KF420147,Homo sapiens
KF420146,Homo sapiens
KF420145,Homo sapiens
KF420144,Homo sapiens
KF420143,Homo sapiens
KF420142,Homo sapiens
KF420141,Homo sapiens
KF420140,Homo sapiens
KF420139,Homo sapiens
KF420138,Homo sapiens
KF420137,Homo sapiens
KF420136,Homo sapiens
KF420135,Homo sapiens
KF420134,Homo sapiens
KF420133,Homo sapiens
KF420132,Homo sapiens
KF420131,Homo sapiens
KF420130,Homo sapiens
KF420129,Homo sapiens
JX083977,turkey
JX083976,turkey
JX083975,chicken
JX083974,turkey
JX083973,turkey
JX083972,turkey
JX083971,turkey
JX083970,turkey
KC999716,Mus musculus
KC999715,Mus musculus
KC999714,Mus musculus
KC999713,Mus musculus
KC999712,Mus musculus
KC999711,Mus musculus
KC999710,Mus musculus
KC999709,Mus musculus
KC999708,Mus musculus
KC999707,Mus musculus
KC999706,Mus musculus
KC999705,Mus musculus
KC999704,Mus musculus
KC999703,Mus musculus
KC999702,Mus musculus
KC999701,Mus musculus
KC999700,Mus musculus
KC999699,Mus musculus
KC999698,Mus musculus
KC999697,Mus musculus
KC999696,Mus musculus
KC999695,Mus musculus
KC999694,Mus musculus
KC999693,Mus musculus
KC999692,Mus musculus
KC999691,Mus musculus
KC999690,Mus musculus
JX878484,Canis familiaris
JX878483,Canis familiaris
JX878482,Canis familiaris
JX878481,Canis familiaris
JX878480,Canis familiaris
JX878479,Canis familiaris
KF499111,Felis catus
KC692437,Pteropus giganteus
KC692436,Pteropus giganteus
KC692435,Pteropus giganteus
KC692434,Pteropus giganteus
KC692433,Pteropus giganteus
KC692432,Pteropus giganteus
KC692431,Pteropus giganteus
KF157967,Homo sapiens
KF156808,Homo sapiens
KF156807,Homo sapiens
KF156806,Homo sapiens
KF156805,Homo sapiens
KF156804,Homo sapiens
KF233994,cattle
KF512009,Homo sapiens
AB829252,"Homo sapiens, 24 months old femail"
AB823732,Homo sapiens 1 months old male
AB823731,Homo sapiens 16 months old male
KF155291,domestic cat
KF155290,domestic cat
KF155289,domestic cat
KF155288,domestic cat
JQ673585,Homo sapiens
JQ673584,Homo sapiens
JQ673583,Homo sapiens
JQ673582,Homo sapiens
JQ673581,Homo sapiens
JQ673580,Homo sapiens
JQ673579,Homo sapiens
JQ673578,Homo sapiens
JQ673577,Homo sapiens
JQ673576,Homo sapiens
JQ673575,Homo sapiens
KC470089,Canis familiaris
KC470088,Canis familiaris
KC470087,Canis familiaris
KC470086,Canis familiaris
KC896126,Homo sapiens
KC896125,Homo sapiens
KC896124,Homo sapiens
KC896123,Homo sapiens
KC896122,Homo sapiens
KC896121,Homo sapiens
KC896120,Homo sapiens
KC896119,Homo sapiens
KC896118,Homo sapiens
KC896117,Homo sapiens
KC896116,Homo sapiens
KC896115,Homo sapiens
KC896114,Homo sapiens
KC896113,Homo sapiens
KC896112,Homo sapiens
KC896111,Homo sapiens
KC896110,Homo sapiens
KC896109,Homo sapiens
KC896108,Homo sapiens
KC896107,Homo sapiens
KC896106,Homo sapiens
KC896105,Homo sapiens
KC896104,Homo sapiens
KC896103,Homo sapiens
KC896102,Homo sapiens
KC896101,Homo sapiens
KC896100,Homo sapiens
KC896099,Homo sapiens
KC896098,Homo sapiens
KC896097,Homo sapiens
KC896096,Homo sapiens
KC896095,Homo sapiens
KC896094,Homo sapiens
KC896093,Homo sapiens
KC896092,Homo sapiens
KC896091,Homo sapiens
KC896090,Homo sapiens
KC896089,Homo sapiens
KC896088,Homo sapiens
KC896087,Homo sapiens
KC896086,Homo sapiens
KC618325,Gallus gallus
KC618324,Gallus gallus
KC618323,Gallus gallus
KC811069,chicken
KC811068,chicken
KC811067,chicken
KC609001,Mus musculus
KC865608,chicken
KC855215,chicken
KC855214,chicken
KC878875,Vulpes vulpes
KC692365,Vulpes vulpes
KC223582,Homo sapiens
JX087965,Homo sapiens
JX083291,Rattus norvegicus
JX083290,Rattus norvegicus
KC633180,Gallus gallus
KC633179,Gallus gallus
KC633178,Gallus gallus
JX863711,Miniopterus fuliginosus
JX863710,Miniopterus fuliginosus
JX863709,Miniopterus fuliginosus
JX863708,Miniopterus fuliginosus
JX863707,Miniopterus fuliginosus
JX863706,Miniopterus fuliginosus
JX863705,Miniopterus fuliginosus
JX863704,Miniopterus fuliginosus
JQ812611,Numida meleagris
AB757799,Homo sapiens
AB757798,Homo sapiens
AB757797,Homo sapiens
AB757796,Homo sapiens
AB757795,Homo sapiens
AB757794,Homo sapiens
JQ696856,domestic pig
JQ696855,domestic pig
JQ696854,domestic pig
JQ696853,domestic pig
JQ696852,domestic pig
JQ696851,domestic pig
JQ696850,domestic pig
JQ696849,domestic pig
JQ696848,domestic pig
JQ696847,domestic pig
JQ696846,domestic pig
JQ696845,domestic pig
JQ696844,domestic pig
JQ696843,domestic pig
JQ696842,domestic pig
JQ696841,domestic pig
JQ696840,domestic pig
JQ696839,domestic pig
JQ696838,domestic pig
JQ696837,wild boar
JQ696836,domestic pig
JQ696835,domestic pig
JQ696834,domestic pig
JQ696833,domestic pig
JQ696832,domestic pig
JQ696831,domestic pig
JQ408747,Apodemus flavicollis (yellow necked mouse)
JQ408746,Apodemus flavicollis (yellow necked mouse)
JQ408745,laboratory mouse
JQ408744,laboratory mouse
JQ408743,laboratory mouse
JQ408742,laboratory mouse
JQ408741,laboratory mouse
JQ408740,laboratory mouse
JQ408739,laboratory mouse
JX561090,pig
JX561089,pig
JX561088,pig
JX561087,pig
JX561086,pig
JX561085,pig
JX561084,pig
JX561083,pig
JX561082,pig
JX561081,pig
JX561080,pig
JX561079,pig
JX561078,pig
JX561077,pig
JX561076,pig
JX561075,pig
JX561074,pig
JX561073,pig
JX561072,pig
JX561071,pig
JX561070,pig
JX561069,pig
JX561068,pig
JX561067,pig
JX561066,pig
JX561065,pig
JX561064,pig
JX561063,pig
JX561062,pig
JX561061,pig
JX561060,pig
JX561059,pig
JX561058,pig
JX561057,pig
JX561056,pig
JX561055,pig
JX561054,pig
JX561053,pig
JX561052,pig
JX561051,pig
JX561050,pig
JX561049,pig
JX561048,pig
JX561047,pig
JX561046,pig
JX561045,pig
JX561044,pig
JX561043,pig
JX561042,pig
JX561041,pig
JX561040,pig
JX561039,pig
JX561038,pig
JX561037,pig
JX561036,pig
AB607963,NA
AB607962,NA
AB607961,NA
AB607960,NA
AB616688,NA
AB616687,NA
AB616686,NA
AB616685,NA
AB551388,NA
AB551387,NA
AB551386,NA
AB551385,NA
AB551384,NA
AB551383,NA
AB551382,NA
AB551381,NA
AB551380,NA
AB551379,NA
AB551378,NA
AB551377,NA
AB551376,NA
AB551375,NA
AB551374,NA
AB551373,NA
AB551372,NA
AB551371,NA
AB548405,Homo sapiens
AB548404,Homo sapiens
AB548403,Homo sapiens
AB548402,Homo sapiens
AB548401,Homo sapiens
AB548400,Homo sapiens
AB540662,NA
AB518708,NA
AB518707,NA
KC342249,Homo sapiens
JX519282,Sus scrofa domesticus
JX519281,Sus scrofa domesticus
JX519280,Sus scrofa domesticus
JX519279,Sus scrofa domesticus
JX519278,Sus scrofa domesticus
JX519277,Sus scrofa domesticus
JX519276,Sus scrofa domesticus
JX519275,Sus scrofa domesticus
JX519274,Sus scrofa domesticus
JX519273,Sus scrofa domesticus
JX519272,Sus scrofa domesticus
JX519271,Sus scrofa domesticus
JX519270,Sus scrofa domesticus
JX519269,Sus scrofa domesticus
JX519268,Sus scrofa domesticus
JX232624,pig
JN887820,Homo sapiens
JX556693,Sus scrofa (swine)
JX556692,Sus scrofa (swine)
JX556690,Sus scrofa (swine)
JX684072,Sus scrofa (swine)
JX684071,Sus scrofa (swine)
JX556691,Sus scrofa (swine)
JF327667,Homo sapiens
JX083289,Homo sapiens
JX083288,Homo sapiens
JX083287,Homo sapiens
JX083286,Homo sapiens
JX083285,Homo sapiens
JX083284,Homo sapiens
JX083283,Homo sapiens
JX083282,Homo sapiens
JX083281,Homo sapiens
JX083280,Homo sapiens
JX083279,Homo sapiens
JX083278,Homo sapiens
JX083277,Homo sapiens
JX083276,Homo sapiens
JX083275,Homo sapiens
JX083274,Homo sapiens
JX083273,Homo sapiens
JX083272,Homo sapiens
JX083271,Homo sapiens
JX083270,Homo sapiens
JX083269,Homo sapiens
JX083268,Homo sapiens
JX083267,Homo sapiens
JX083266,Homo sapiens
JX083265,Homo sapiens
JX083264,Homo sapiens
JX083263,Homo sapiens
JX083262,Homo sapiens
JX083261,Homo sapiens
JX083260,Homo sapiens
JX083259,Homo sapiens
JX083258,Homo sapiens
JX083257,Homo sapiens
JX083256,Homo sapiens
JX083255,Homo sapiens
JX083254,Homo sapiens
JX083253,Homo sapiens
JX083252,Homo sapiens
JX083251,Homo sapiens
JX083250,Homo sapiens
JX083249,Homo sapiens
JX083248,Homo sapiens
JX083247,Homo sapiens
JX083246,Homo sapiens
JX083245,Homo sapiens
JX083244,Homo sapiens
JX083243,Homo sapiens
JX083242,Homo sapiens
JX083241,Homo sapiens
JX083240,Homo sapiens
JX083239,Homo sapiens
JQ946070,Anas platyrhynchos
JQ692622,Anas platyrhynchos
JQ692621,Anas platyrhynchos
JQ692620,Anas platyrhynchos
JQ692619,Anas platyrhynchos
JQ692618,Anas platyrhynchos
JQ692617,Anas platyrhynchos
JQ692616,Anas platyrhynchos
JQ692615,Anas platyrhynchos
JQ692614,Anas platyrhynchos
JQ692613,Anas platyrhynchos
JQ692612,Anas platyrhynchos
JQ692611,Anas platyrhynchos
JQ692610,Anas platyrhynchos
JQ307847,Numida meleagris
JQ307846,Meleagris gallopavo
JX857870,Homo sapiens
JX857869,Homo sapiens
JX857868,Homo sapiens
AB668582,Homo sapiens 5 months old female
AB646367,Homo sapiens 1 year old male
AB644411,Homo sapiens 1 year old male
AB644279,Homo sapiens 1 year old male
AB644278,Homo sapiens 1 year old male
AB644277,Homo sapiens 1 year old male
AB644276,Homo sapiens 1 year old male
AB643630,Homo sapiens 62 years old female
AB643629,Homo sapiens 1 year 6 months old baby girl
AB643628,Homo sapiens 2 years old baby boy
AB643627,Homo sapiens 6 years old boy
AB643626,Homo sapiens 1 year 6 months old baby boy
AB643625,Homo sapiens 5 months old baby girl
AB643624,Homo sapiens 9 months old baby boy
AB643623,Homo sapiens 10 months old baby girl
AB643622,Homo sapiens 10 years old girl
AB643621,Homo sapiens 1 year 6 months old baby boy
AB643620,Homo sapiens 62 years old female
AB643619,Homo sapiens 1 year 6 months old baby girl
AB643618,Homo sapiens 2 years old baby boy
AB643617,Homo sapiens 6 years old boy
AB643616,Homo sapiens 1 year 6 months old baby boy
AB643615,Homo sapiens 5 months old baby girl
AB643614,Homo sapiens 9 months old baby boy
AB643613,Homo sapiens 10 months old baby girl
AB643612,Homo sapiens 10 years old girl
AB643611,Homo sapiens 1 year 6 months old baby boy
AB643610,Homo sapiens 62 years old female
AB643609,Homo sapiens 1 year 6 months old baby girl
AB643608,Homo sapiens 2 years old baby boy
AB643607,Homo sapiens 6 years old boy
AB643606,Homo sapiens 1 year 6 months old baby boy
AB643605,Homo sapiens 5 months old baby girl
AB643604,Homo sapiens 9 months old baby boy
AB643603,Homo sapiens 10 months old baby girl
AB643602,Homo sapiens 10 years old girl
AB643601,Homo sapiens 1 year 6 months old baby boy
AB643600,Homo sapiens 45 years old female
AB640836,Homo sapiens 2 years old baby boy
AB640835,Homo sapiens 10 years old girl
AB640834,Homo sapiens 62 years old female
AB640833,Homo sapiens 1 year 6 months old baby girl
AB640832,Homo sapiens 6 years old boy
AB640831,Homo sapiens 1 year 6 months old baby boy
AB640830,Homo sapiens 5 months old baby girl
AB640829,Homo sapiens 9 months old baby boy
AB640828,Homo sapiens 10 months old baby girl
AB640827,Homo sapiens 1 year 6 months old baby boy
AB640826,Homo sapiens 62 years old female
AB640825,Homo sapiens 1 year 6 months old baby girl
AB640824,Homo sapiens 2 years old baby boy
AB640823,Homo sapiens 6 years old boy
AB640822,Homo sapiens 1 year 6 months old baby boy
AB640821,Homo sapiens 5 months old baby girl
AB640820,Homo sapiens 9 months old baby boy
AB640819,Homo sapiens 10 months old baby girl
AB640818,Homo sapiens 10 years old girl
AB640817,Homo sapiens 1 year 6 months old baby boy
AB640816,Homo sapiens 1 year 6 months old baby boy
AB640814,Homo sapiens 1 year 6 months old baby boy
AB640813,Homo sapiens 6 years old boy
AB640812,Homo sapiens 5 months old baby girl
AB640811,Homo sapiens 9 months old baby boy
AB640810,Homo sapiens 10 months old baby girl
AB640809,Homo sapiens 10 years old girl
AB640723,Homo sapiens 62 years old female
AB640722,Homo sapiens 1 year 6 months old baby girl
AB640721,Homo sapiens 6 years old boy
AB640720,Homo sapiens 1 year 6 months old baby boy
AB640719,Homo sapiens 5 months old baby girl
AB640718,Homo sapiens 9 months old baby boy
AB640717,Homo sapiens 10 months old baby girl
AB640716,Homo sapiens 10 years old girl
AB640715,Homo sapiens 1 year 6 months old baby boy
AB640714,Homo sapiens 62 years old female
AB640713,Homo sapiens 2 years old baby boy
AB640712,Homo sapiens 1 year 6 months old baby boy
AB640711,Homo sapiens 5 months old baby girl
AB640710,Homo sapiens 9 months old baby boy
AB640709,Homo sapiens 10 months old baby girl
AB640708,Homo sapiens 10 years old girl
AB640707,Homo sapiens 1 year 6 months old baby boy
AB639829,Homo sapiens 62 years old female
AB639828,Homo sapiens 1 year 6 months old baby girl
AB639827,Homo sapiens 6 years old boy
AB639826,Homo sapiens 5 months old baby girl
AB639825,Homo sapiens 9 months old baby boy
AB639824,Homo sapiens 10 months old baby girl
AB639823,Homo sapiens 10 years old girl
AB639822,Homo sapiens 1 year 6 months old baby girl
AB639821,Homo sapiens 2 years old baby boy
AB639820,Homo sapiens 6 years old boy
AB639819,Homo sapiens 1 year 6 months old baby boy
AB639818,Homo sapiens 5 months old baby girl
AB639817,Homo sapiens 9 months old baby boy
AB639816,Homo sapiens 10 months old baby girl
AB639815,Homo sapiens 10 years old girl
AB639814,Homo sapiens 1 year 6 months old baby boy
AB639813,Homo sapiens 45 years old female
AB639812,Homo sapiens 62 years old female
AB639811,Homo sapiens 1 year 6 months old baby girl
AB639810,Homo sapiens 1 year 6 months old baby boy
AB639809,Homo sapiens 5 months old baby girl
AB639808,Homo sapiens 9 months old baby boy
AB639807,Homo sapiens 10 months old baby girl
AB639806,Homo sapiens 10 years old girl
AB639805,Homo sapiens 1 year 6 months old baby boy
AB638885,Homo sapiens 2 years old baby boy
AB638884,Homo sapiens 6 years old boy
AB638883,Homo sapiens 5 months old baby girl
AB638882,Homo sapiens 9 months old baby boy
AB638881,Homo sapiens 10 months old baby girl
AB638880,Homo sapiens 10 years old girl
AB638879,Homo sapiens 1 year 6 months old baby boy
AB638878,Homo sapiens 62 years old female
AB638877,Homo sapiens 1 year 6 months old baby girl
AB638876,Homo sapiens 2 years old baby boy
AB638875,Homo sapiens 6 years old boy
AB638874,Homo sapiens 1 year 6 months old baby boy
AB638873,Homo sapiens 5 months old baby girl
AB638872,Homo sapiens 9 months old baby boy
AB638871,Homo sapiens 10 months old baby girl
AB638870,Homo sapiens 10 years old girl
AB638869,Homo sapiens 1 year 6 months old baby boy
JX945882,Gallus gallus
JX945881,Gallus gallus
JX945880,Gallus gallus
JX945879,Gallus gallus
JX945878,Gallus gallus
JX945877,Gallus gallus
JX945876,Gallus gallus
JX945875,Gallus gallus
JX945874,Gallus gallus
JX945873,Gallus gallus
JX945872,Gallus gallus
JX945871,Gallus gallus
JX945870,Gallus gallus
JX945869,Gallus gallus
JX945868,Gallus gallus
JX945867,Gallus gallus
JX945866,Gallus gallus
JX945865,Gallus gallus
JX945864,Gallus gallus
JX945863,Gallus gallus
JX945862,Gallus gallus
JX945861,Gallus gallus
JX945860,Gallus gallus
JX945859,Gallus gallus
JX945858,Gallus gallus
JX945857,Gallus gallus
JX945856,Gallus gallus
JX945855,Gallus gallus
JX945854,Gallus gallus
JX945853,Gallus gallus
FJ792842,Homo sapiens
AB634860,Homo sapiens
AB634859,Homo sapiens
AB634858,Homo sapiens
AB634857,Homo sapiens
AB634856,Homo sapiens
AB518706,NA
AB518705,NA
AB518704,NA
AB518703,NA
AB518702,NA
AB518701,NA
AB518700,NA
AB518699,NA
AB518698,NA
AB325804,NA
AB308374,NA
AB303403,NA
AB303402,NA
AB303401,NA
AB303400,NA
AB303399,NA
AB303398,NA
AB303397,NA
AB303396,NA
AB303395,NA
AB303394,NA
AB299405,NA
AB299404,NA
AB299403,NA
AB299402,NA
AB299401,NA
AB299400,NA
AB299399,NA
AB299398,NA
AB299397,NA
AB299396,NA
AB290149,NA
AB327186,NA
AB265678,NA
AB264140,NA
AB264139,NA
AB265679,NA
AB264146,NA
AB264145,NA
AB264144,NA
AB264143,NA
AB264142,NA
AB264141,NA
AB243067,NA
AB242160,NA
AB242159,NA
AB242158,NA
AB241067,NA
AB241066,NA
AB241065,NA
AB241064,NA
AB037272,NA
AB031031,NA
AB031030,NA
AB013618,NA
JX439643,duck
JN705937,puppy
JX985730,Gallus gallus
JX985729,Gallus gallus
JX985728,Gallus gallus
JX985727,Gallus gallus
JX985726,Gallus gallus
JX985725,Gallus gallus
JX985724,Gallus gallus
JX985723,Anas penelope
JX985722,Anas crecca
JX985721,Anas acuta
JX985720,NA
JX985719,Anas penelope
JX985718,Anas clypeata
JX985717,Anas penelope
JX985716,NA
JX985715,Anas acuta
JX985714,Anas acuta
JX985713,Anas penelope
JX985712,NA
JX985711,Anas acuta
JX985710,Anas acuta
JX985709,Anas penelope
JX985708,Anas penelope
JX985707,Anas clypeata
JX985706,NA
JX985705,Anas acuta
JX985704,Anas acuta
JX985703,NA
JX985702,Anas acuta
JX985701,Anas acuta
JX985700,Anas acuta
JX985699,NA
JX985698,NA
JX985697,Anas acuta
JX985696,NA
JX985695,NA
JX985694,Anas clypeata
JX985693,Anas penelope
JX985692,NA
JX985691,NA
JX985690,Tringa nebularia
JX985689,Platalea minor
JX985688,Anas penelope
JX985687,NA
JX985686,Anas clypeata
JX985685,Anas crecca
JX985684,Anas crecca
JX985683,Anas clypeata
JX985682,Anas clypeata
JX985681,Anas crecca
JX985680,Anas crecca
JX985679,Anas crecca
JX985678,NA
JX985677,Anas crecca
JX985676,Ardeola sp.
JX985675,Ardeola sp.
JX985674,Ardeola sp.
JX985673,Dendrocygna javanica
JX985672,Columba livia
JX985671,Spilopelia chinensis
JX985670,Columba livia
JX985669,Gallus gallus
JX985668,Gallus gallus
JX985667,Gallus gallus
JX985666,Gallus gallus
JX985665,Gallus gallus
JX985664,Gallus gallus
JX985663,Gallus gallus
JX985662,Gallus gallus
JX985661,Gallus gallus
JX985660,Gallus gallus
JX985659,Gallus gallus
JX985658,Gallus gallus
JX985657,Gallus gallus
JX985656,Gallus gallus
JX985655,Gallus gallus
JX985654,Gallus gallus
JX985653,Gallus gallus
JX985652,Anas acuta
JX985651,Anas acuta
JX985650,Anas acuta
JX985649,Ardeola sp.
JX985648,Spilopelia chinensis
JX985647,Columba livia
GQ914773,swine
JX179278,Homo sapiens
Y15936,turkey
JX087964,Homo sapiens
JX087963,Homo sapiens
JX544746,NA
JX544745,NA
JX544744,NA
JX544743,NA
JQ898337,NA
HQ268793,Homo sapiens
HQ268792,Homo sapiens
HQ268791,Homo sapiens
FJ434664,duck
EU143851,NA
EU143850,NA
EU143849,NA
EU143848,NA
EU143847,NA
EU143846,NA
EU143845,NA
EU143844,NA
EU143843,NA
AF206663,NA
JF729316,Oryctolagus cuniculus
GQ502193,Homo sapiens
JQ814871,Miniopterus schreibersii
JQ814870,Tylonycteris robustula
JQ814869,Rhinolophus sinicus
JQ814868,Myotis ricketti
JQ814867,Miniopterus schreibersii
JQ814866,Miniopterus schreibersii
JQ814865,Miniopterus schreibersii
JQ814864,Miniopterus schreibersii
JQ814863,Miniopterus schreibersii
JQ814862,Miniopterus schreibersii
JQ814861,Miniopterus schreibersii
JQ814860,Miniopterus schreibersii
JQ814859,Miniopterus schreibersii
JQ814858,Miniopterus schreibersii
JQ814857,Miniopterus schreibersii
JQ814856,Miniopterus schreibersii
JQ898573,Homo sapiens
JQ898572,Homo sapiens
JQ898571,Homo sapiens
JQ898570,Homo sapiens
JQ898569,Homo sapiens
JQ898568,Homo sapiens
JQ898567,Homo sapiens
JX232627,pig
JX232626,pig
JX232625,pig
JX171290,Homo sapiens
JX171289,Homo sapiens
JX171288,Homo sapiens
JX171287,Homo sapiens
JX171286,Homo sapiens
JX171285,Homo sapiens
JX171284,Homo sapiens
JX171283,Homo sapiens
JX171282,Homo sapiens
JX171281,Homo sapiens
JQ307845,Numida meleagris
JQ307844,Numida meleagris
JQ307843,Numida meleagris
JQ307842,Numida meleagris
JQ307841,Numida meleagris
JQ307840,Numida meleagris
JQ307839,Numida meleagris
JQ307838,Numida meleagris
JQ307837,Numida meleagris
JQ307836,Numida meleagris
JQ307835,Numida meleagris
JQ307834,Numida meleagris
JQ307833,Numida meleagris
JQ307832,Numida meleagris
JQ307831,Numida meleagris
JQ307830,Numida meleagris
JN985815,Numida meleagris
JF803961,NA
JF803960,NA
FJ959040,chicken
FJ959039,chicken
FJ959038,chicken
FJ959037,chicken
FJ959036,chicken
FJ959035,chicken
FJ959034,turkey
FJ959033,turkey
FJ959032,chicken
FJ940720,chicken
JF832365,Gallus gallus
JQ796916,Homo sapiens
JQ796915,Homo sapiens
JQ796914,Homo sapiens
JQ796913,Homo sapiens
JQ796912,Homo sapiens
JQ796911,Homo sapiens
JQ796910,Homo sapiens
JQ796909,Homo sapiens
JQ796908,Homo sapiens
JQ796907,Homo sapiens
JQ796906,Homo sapiens
JQ796905,Homo sapiens
JQ796904,Homo sapiens
JQ796903,Homo sapiens
JQ796902,Homo sapiens
JQ796901,Homo sapiens
JQ796900,Homo sapiens
JQ796899,Homo sapiens
JQ796898,Homo sapiens
JQ796897,Homo sapiens
JQ796896,Homo sapiens
JQ796895,Homo sapiens
JQ796894,Homo sapiens
JQ796893,Homo sapiens
JQ796892,Homo sapiens
JQ796891,Homo sapiens
JQ796890,Homo sapiens
JQ796889,Homo sapiens
JQ796888,Homo sapiens
JQ796887,Homo sapiens
JQ796886,Homo sapiens
JN582328,Gallus gallus
JN582327,Gallus gallus
JN582326,Gallus gallus
JN582325,Gallus gallus
JN582324,Gallus gallus
JN582323,Gallus gallus
JN582322,Gallus gallus
JN582321,Gallus gallus
JN582320,Gallus gallus
JN582319,Gallus gallus
JN582318,Gallus gallus
JN582317,Gallus gallus
JN582316,Gallus gallus
JN582315,Gallus gallus
JN582314,Gallus gallus
JN582313,Gallus gallus
JN582312,Gallus gallus
JN582311,Gallus gallus
JN582310,Gallus gallus
JN582309,Gallus gallus
JN582308,Gallus gallus
JN582307,Gallus gallus
JN582306,Gallus gallus
JN582305,Gallus gallus
JQ340310,Sus scrofa (wild boar)
JN871268,Homo sapiens
JN871267,Homo sapiens
JN871266,Homo sapiens
JN871265,Homo sapiens
JN871264,Homo sapiens
JN871263,Homo sapiens
JN871262,Homo sapiens
JN871261,Homo sapiens
JN871260,Homo sapiens
JN871259,Homo sapiens
JN871258,Homo sapiens
JN871257,Homo sapiens
JN871256,Homo sapiens
JN871255,Homo sapiens
JN871254,Homo sapiens
JN871253,Homo sapiens
JN871252,Homo sapiens
JN871251,Homo sapiens
JN871250,Homo sapiens
JN871249,Homo sapiens
JN871248,Homo sapiens
JN871247,Homo sapiens
JN871246,Homo sapiens
JN871245,Homo sapiens
JN871244,Homo sapiens
JN871243,Homo sapiens
JN871242,Homo sapiens
JN871241,Homo sapiens
JN871240,Homo sapiens
JN871239,Homo sapiens
JN871238,Homo sapiens
JN871237,Homo sapiens
JN871236,Homo sapiens
JN871235,Homo sapiens
JN871234,Homo sapiens
JN871233,Homo sapiens
JN048425,Guinea fowl
JN048424,Guinea fowl
JN048423,Guinea fowl
JN048422,Guinea fowl
JN048421,Guinea fowl
JN048420,Guinea fowl
JN048419,Guinea fowl
JN048418,Guinea fowl
JN048417,Guinea fowl
JN048416,Guinea fowl
JN048415,Guinea fowl
JN048414,Guinea fowl
JN048413,Guinea fowl
JN048412,Guinea fowl
JN048411,Guinea fowl
JN048410,Guinea fowl
JN048409,Guinea fowl
JN048408,Guinea fowl
JN048407,Guinea fowl
JN048406,Guinea fowl
JN048405,Guinea fowl
JN048404,Guinea fowl
JN048403,Guinea fowl
JN048402,chicken
JN048401,chicken
JN048400,chicken
JN048399,chicken
JN048398,chicken
JN048397,chicken
JN048396,chicken
JN048395,chicken
JN048394,chicken
JN048393,chicken
JN048392,chicken
JN048391,chicken
JN048390,chicken
JN048389,chicken
JN048388,chicken
JN048387,chicken
JN048386,turkey
JN048385,turkey
JN048384,turkey
JN048383,turkey
JN048382,turkey
JN048381,turkey
JN048380,Guinea fowl
JN048379,Guinea fowl
JQ081297,NA
HM450043,Homo sapiens
HM450042,Homo sapiens
HM450041,Homo sapiens
HM450040,Homo sapiens
HM450039,Homo sapiens
HM450038,Homo sapiens
HM450037,Homo sapiens
HM450036,Homo sapiens
JQ434397,Homo sapiens
JQ434396,Homo sapiens
JQ434395,Homo sapiens
JQ434394,Homo sapiens
JQ434393,Homo sapiens
JQ434392,Homo sapiens
JQ434391,Homo sapiens
JQ434390,Homo sapiens
JQ434389,Homo sapiens
JQ434388,Homo sapiens
JQ434387,Homo sapiens
JQ434386,Homo sapiens
JQ434385,Homo sapiens
JQ434384,Homo sapiens
JQ434383,Homo sapiens
JQ434382,Homo sapiens
JQ434381,Homo sapiens
JQ434380,Homo sapiens
JQ434379,Homo sapiens
JQ434378,Homo sapiens
JQ434377,Homo sapiens
JQ434376,Homo sapiens
JQ434375,Homo sapiens
JQ434374,Homo sapiens
JQ434373,Homo sapiens
JQ434372,Homo sapiens
JQ434371,Homo sapiens
JQ434370,Homo sapiens
JQ434369,Homo sapiens
JQ434368,Homo sapiens
JQ434367,Homo sapiens
JQ434366,Homo sapiens
JQ434365,Homo sapiens
JQ434364,Homo sapiens
JQ434363,Homo sapiens
JQ434362,Homo sapiens
JQ260764,NA
JQ260763,NA
JQ260762,NA
JQ260761,NA
JQ260760,NA
JQ260759,NA
JQ403108,Homo sapiens
JQ086552,Homo sapiens
JN985814,Canis lupus familiaris
JN985813,Canis lupus familiaris
JN985812,Canis lupus familiaris
JN985811,Canis lupus familiaris
JN985810,Canis lupus familiaris
JN985809,Canis lupus familiaris
JN985808,Canis lupus familiaris
JN985807,Canis lupus familiaris
JN985806,Canis lupus familiaris
JN985805,Canis lupus familiaris
JN985804,Canis lupus familiaris
JN985803,Canis lupus familiaris
JN985802,Canis lupus familiaris
JN985801,Canis lupus familiaris
JN985800,Canis lupus familiaris
JN985799,Canis lupus familiaris
JN985798,Canis lupus familiaris
JN985797,Canis lupus familiaris
JN985796,Canis lupus familiaris
JN985795,Canis lupus familiaris
JN985794,Canis lupus familiaris
JN985793,Canis lupus familiaris
JN985792,Canis lupus familiaris
JN985791,Canis lupus familiaris
JN985790,Canis lupus familiaris
JN985789,Canis lupus familiaris
JN985788,Canis lupus familiaris
JN985787,Canis lupus familiaris
JN985786,Canis lupus familiaris
JN985785,Canis lupus familiaris
JN985784,Canis lupus familiaris
JN985783,Canis lupus familiaris
JN985782,Canis lupus familiaris
HQ185566,chicken
HQ185565,chicken
HQ185564,chicken
HQ185563,chicken
HQ185562,chicken
HQ185561,chicken
HQ185560,chicken
HQ185559,turkey
HQ185558,turkey
HQ185557,turkey
HQ185556,turkey
HQ185555,turkey
HQ185554,turkey
HQ185553,turkey
HQ185552,turkey
HQ185551,turkey
GU562296,domestic pig
GQ920672,Homo sapiens
GQ920671,Homo sapiens
GQ920670,Homo sapiens
GQ920669,Homo sapiens
GQ920668,Homo sapiens
GQ920667,Homo sapiens
GQ920666,Homo sapiens
GQ920665,Homo sapiens
GQ920664,Homo sapiens
GQ920663,Homo sapiens
GQ920662,Homo sapiens
GQ920661,Homo sapiens
GQ920660,Homo sapiens
GQ920659,Homo sapiens
GQ920658,Homo sapiens
GQ920657,Homo sapiens
GQ920656,Homo sapiens
GQ920655,Homo sapiens
GQ920654,Homo sapiens
GQ920653,Homo sapiens
GQ920652,Homo sapiens
GQ920651,Homo sapiens
GQ920650,Homo sapiens
GQ920649,Homo sapiens
GQ920648,Homo sapiens
GQ920647,Homo sapiens
GQ920646,Homo sapiens
GQ920645,Homo sapiens
GQ920644,Homo sapiens
GQ920643,Homo sapiens
GQ920642,Homo sapiens
GQ920641,Homo sapiens
GQ920640,Homo sapiens
GQ920639,Homo sapiens
GQ920638,Homo sapiens
GQ920637,Homo sapiens
GQ920636,Homo sapiens
GQ920634,Homo sapiens
GQ920633,Homo sapiens
GQ920632,Homo sapiens
GQ920631,Homo sapiens
GQ920630,Homo sapiens
GU247900,Homo sapiens
GU247899,Homo sapiens
GU212869,Homo sapiens
FJ227123,NA
FJ227122,NA
EU165348,turkey
EU165347,turkey
EU165346,turkey
EU165345,guinea fowl
EU165344,guinea fowl
EU165343,guinea fowl
EF535793,NA
EF535792,NA
EF535791,NA
EF535790,NA
EF535789,NA
EF535788,NA
EF535787,NA
EF535786,NA
EF535785,NA
EF535784,NA
EF535783,NA
EF535782,NA
EF535781,NA
EF535780,NA
EF535779,NA
EF535778,NA
EF535777,NA
EF535776,NA
EF535775,NA
EF535774,NA
EF535773,NA
EF535772,NA
EF535771,NA
EF535770,NA
EF535769,NA
EF535768,NA
EF535767,NA
EF535766,NA
EF535765,NA
EF535764,NA
EF535763,NA
EF535762,NA
EF535761,NA
EF535760,NA
EF535759,NA
EF535758,NA
EF535757,NA
EF535756,NA
EF535755,NA
EF535754,NA
EF535753,NA
EF535752,NA
EF535751,NA
EF535750,NA
EF535749,NA
EF535748,NA
EF535747,NA
EF535746,NA
EF535745,NA
EF535744,NA
EF535743,NA
EF535742,NA
EF535741,NA
EF535740,NA
EF535739,NA
EF535738,NA
EF535737,NA
EF535736,NA
EF535735,NA
EF535734,NA
EF535733,NA
EF547371,NA
EU022556,Homo sapiens
EU022555,Homo sapiens
EU022554,Homo sapiens
EU022553,Homo sapiens
EU022552,Homo sapiens
EU022551,Homo sapiens
DQ917407,NA
DQ917406,NA
DQ917405,NA
DQ917404,NA
DQ917403,NA
DQ917402,NA
DQ917401,NA
DQ917400,NA
DQ917399,NA
DQ917398,NA
DQ917397,NA
DQ917396,NA
DQ917395,NA
DQ917394,NA
DQ917393,NA
DQ917392,NA
DQ917391,NA
DQ917390,NA
DQ917389,NA
DQ917388,NA
DQ917387,NA
DQ917386,NA
DQ917385,NA
DQ917384,NA
DQ917383,NA
DQ917382,NA
DQ917381,NA
DQ917380,NA
DQ917379,NA
DQ917378,NA
DQ917377,NA
DQ917376,NA
DQ917375,NA
DQ381360,NA
DQ381359,NA
DQ381358,NA
DQ381357,NA
DQ381356,NA
DQ381355,NA
DQ381354,NA
DQ381353,NA
DQ381352,NA
DQ381351,NA
DQ381350,NA
DQ381349,NA
DQ381348,NA
DQ381347,NA
DQ381346,NA
DQ381345,NA
DQ381344,NA
DQ381343,NA
DQ381342,NA
DQ381341,NA
DQ381340,NA
DQ381339,NA
DQ381338,NA
DQ381337,NA
DQ381336,NA
DQ381335,NA
DQ381334,NA
DQ381333,NA
DQ381332,NA
DQ381331,NA
DQ381330,NA
DQ381329,NA
DQ381328,NA
DQ381327,NA
DQ381326,NA
DQ381325,NA
DQ381324,NA
DQ381323,NA
DQ381322,NA
DQ381321,NA
DQ381320,NA
DQ381319,NA
DQ381318,NA
DQ381317,NA
DQ381316,NA
DQ381315,NA
DQ381314,NA
DQ381313,NA
DQ381312,NA
DQ381311,NA
DQ381310,NA
DQ381309,NA
DQ381308,NA
DQ381307,NA
DQ381306,NA
DQ381305,NA
DQ381304,NA
DQ381303,NA
DQ381302,NA
DQ381301,NA
DQ381300,NA
DQ381299,NA
DQ381298,NA
DQ381297,NA
DQ381296,NA
DQ381295,NA
DQ381294,NA
DQ381293,NA
DQ381292,NA
DQ381291,NA
DQ381290,NA
DQ381289,NA
DQ381288,NA
DQ381287,NA
DQ381286,NA
DQ381285,NA
DQ381284,NA
DQ381283,NA
DQ381282,NA
DQ322271,NA
DQ322270,NA
DQ322269,NA
DQ322268,NA
DQ322267,NA
DQ322266,NA
DQ322265,NA
DQ322264,NA
DQ322263,NA
DQ322262,NA
DQ322261,NA
DQ322260,NA
DQ322259,NA
DQ322258,NA
DQ322257,NA
DQ322256,NA
DQ322255,NA
DQ071656,NA
DQ071655,NA
DQ071654,NA
DQ071653,NA
DQ071652,NA
DQ071651,NA
DQ071650,NA
DQ071649,NA
DQ071648,NA
AF292077,NA
AF292076,NA
AF292075,NA
AF292074,NA
AF257226,NA
HAU49220,NA
HAU49219,NA
HAU49218,NA
HAU49217,NA
HAU49216,NA
HAU49215,NA
HAU49214,NA
HAU49213,NA
HAU49212,NA
ATV38508,NA
ATV38507,NA
ATV38506,NA
ATV38505,NA
ATVPOLY5A,NA
ATVPOLY3A,NA
ATVPOLY2A,NA
HUAIMMREAB,NA
HUAIMMREAA,NA
HUA3TERMS,NA
JQ303034,Homo sapiens
JQ303033,Homo sapiens
JQ303032,Homo sapiens
JQ303031,Homo sapiens
JQ303030,Homo sapiens
JQ303029,Homo sapiens
JQ303028,Homo sapiens
JQ303027,Homo sapiens
JQ303026,Homo sapiens
JQ303025,Homo sapiens
JQ303024,Homo sapiens
JQ303023,Homo sapiens
JQ303022,Homo sapiens
JQ303021,Homo sapiens
JQ303020,Homo sapiens
JN193534,dog
JN592482,domestic sheep
JF815371,Anas platyrhynchos
JF815370,Anas platyrhynchos
JF815369,Anser anser
JF815368,Anas platyrhynchos
JF815367,Anas platyrhynchos
HQ541868,goose
JA764521,NA
JA764520,NA
JA764519,NA
JA764518,NA
JA764517,NA
JA764516,NA
JA764511,NA
JA764509,NA
JA764507,NA
JA764505,NA
JA764495,NA
JA764493,NA
AB693980,Homo sapiens
JN167517,Homo sapiens
HQ396890,Homo sapiens
HQ396889,Homo sapiens
HQ396888,Homo sapiens
HQ396887,Homo sapiens
HQ396886,Homo sapiens
HQ396885,Homo sapiens
HQ396884,Homo sapiens
HQ396883,Homo sapiens
HQ396882,Homo sapiens
HQ396881,Homo sapiens
HQ396880,Homo sapiens
HQ674646,Homo sapiens
HQ674645,Homo sapiens
HQ674650,Homo sapiens
HQ674649,Homo sapiens
HQ674648,Homo sapiens
HQ674647,Homo sapiens
HQ674644,Homo sapiens
HQ674643,Homo sapiens
HQ674642,Homo sapiens
HQ674641,Homo sapiens
HQ674640,Homo sapiens
HQ674639,Homo sapiens
HQ674638,Homo sapiens
HQ674637,Homo sapiens
HQ674636,Homo sapiens
HQ674635,Homo sapiens
HQ674634,Homo sapiens
HQ674633,Homo sapiens
HQ674632,Homo sapiens
HQ674631,Homo sapiens
HQ674630,Homo sapiens
GQ323833,Homo sapiens age 57 years
GQ323832,Homo sapiens age 69 years
GQ323831,Homo sapiens age 52 years
GQ323830,Homo sapiens age 80 years
GQ323829,Homo sapiens age 85 years
GQ323828,Homo sapiens age 52 years
GQ323827,Homo sapiens age 8 months
GQ323826,Homo sapiens age 3 months
GQ323825,Homo sapiens age 1 month
GQ323824,Homo sapiens age 3 months
GQ323823,Homo sapiens age 12 months
GQ323822,Homo sapiens age 12 months
GQ323821,Homo sapiens age 4 months
GQ323820,Homo sapiens age 1 month
GQ323819,Homo sapiens age 1 month
GQ323818,Homo sapiens age 9 months
GQ323817,Homo sapiens age 5 months
GQ323816,Homo sapiens age 5 months
GQ323815,Homo sapiens age 6 months
GQ323814,Homo sapiens age 9 months
GQ323813,Homo sapiens age 8 months
GQ323812,Homo sapiens age 9 months
GQ323811,Homo sapiens age 10 months
GQ323810,Homo sapiens age 2 months
GQ323809,Homo sapiens age 16 months
GQ323808,Homo sapiens age 9 months
GQ323807,Homo sapiens age 11 months
GQ323806,Homo sapiens age 5 months
GQ323805,Homo sapiens age 14 months
GQ323804,Homo sapiens age 7 months
GQ323803,Homo sapiens age 2 months
GQ323802,Homo sapiens age 4 months
GQ323801,Homo sapiens age 7 months
GQ323800,Homo sapiens age 12 months
GQ323799,Homo sapiens age 5 months
GQ323798,Homo sapiens age 12 months
GQ323797,Homo sapiens age 8 months
GQ323796,Homo sapiens age 7 months
GQ323795,Homo sapiens age 2 months
GQ323794,Homo sapiens age 25 months
GQ323793,Homo sapiens age 12 months
GQ323792,Homo sapiens age 7 months
GQ323791,Homo sapiens age 5 months
GQ323790,Homo sapiens age 6 months
GQ323789,Homo sapiens age 8 months
GQ323788,Homo sapiens age 11 months
GQ323787,Homo sapiens age 8 months
GQ323786,Homo sapiens age 7 months
GQ323785,Homo sapiens age 7 months
GQ323784,Homo sapiens age 10 months
GQ323783,Homo sapiens age 4 months
HV511037,NA
JN088537,Sus scrofa
JN088536,Sus scrofa
JN088535,Sus scrofa
JN088534,Sus scrofa
JF742759,Homo sapiens
JF742760,Homo sapiens
JF713713,Sus scrofa
JF713712,Sus scrofa
JF713711,Sus scrofa
JF713710,Sus scrofa
FJ375759,Homo sapiens
HQ889774,pigeon
HQ647383,pig
HQ647382,pig
HQ647381,pig
GU248215,Homo sapiens
GU248214,Homo sapiens
GU248213,Homo sapiens
JF755422,Mus musculus
GU376736,dog
JF422783,pigeon
HQ662579,pigeon
HQ330505,NA
HQ330504,NA
HQ330503,NA
HQ330502,NA
HQ330501,NA
HQ330500,NA
HQ330499,NA
HQ330498,NA
HQ330497,NA
HQ330496,NA
HQ330495,NA
HQ330494,NA
HQ330493,NA
HQ330492,NA
HQ330491,NA
HQ330490,NA
HQ330489,NA
HQ330488,NA
HQ330487,NA
HQ330486,NA
HQ330485,NA
HQ330484,NA
HQ330483,NA
HQ330482,NA
HQ330481,NA
HQ330506,NA
HQ916317,cattle
HQ916316,cattle
HQ916314,cattle
HQ916313,cattle
FR727149,Wood pigeon
FR727148,Feral pigeon
FR727147,Feral pigeon
FR727146,Feral pigeon
HM029238,chicken
GU985458,mink
GU938474,Meleagris gallopavo
GU938473,Meleagris gallopavo
EF490429,NA
HI137387,NA
HI137386,NA
FJ160481,pig
GQ174472,NA
GQ174471,NA
GQ174470,NA
GQ174469,NA
GQ174468,NA
GQ174467,NA
GQ174466,NA
GQ174465,NA
GQ174464,NA
GQ174463,NA
GQ174462,NA
GQ174461,NA
GQ174460,NA
GQ174459,NA
GQ174458,NA
GQ174457,NA
GQ174456,NA
GQ174455,NA
GQ174454,NA
GQ174453,NA
GQ174452,NA
GQ174451,NA
GQ174450,NA
GQ174449,NA
GQ174448,NA
GQ174447,NA
GQ174446,NA
GQ174445,NA
GQ174444,NA
GQ174443,NA
GQ174442,NA
GQ174441,NA
GQ174440,NA
GQ174439,NA
GU222334,Gallus gallus domesticus
GU222333,Gallus gallus domesticus
GU222332,Gallus gallus domesticus
GU222331,Gallus gallus domesticus
GU222330,Gallus gallus domesticus
GU222348,Gallus gallus domesticus
GU222347,Gallus gallus domesticus
GU222346,Gallus gallus domesticus
GU222345,Gallus gallus domesticus
GU222344,Gallus gallus domesticus
GU222343,Gallus gallus domesticus
GU222342,Gallus gallus domesticus
GU222341,Gallus gallus domesticus
GU222340,Gallus gallus domesticus
GU222339,Gallus gallus domesticus
GU222338,Gallus gallus domesticus
GU222337,Gallus gallus domesticus
GU222336,Gallus gallus domesticus
GU222335,Gallus gallus domesticus
AY769616,turkey
HAU15136,NA
ATVCAPSID,NA
FW337977,NA
FW337976,NA
FW337974,NA
GQ891990,Homo sapiens
FV536969,NA
FV536968,NA
FV536967,NA
FV536966,NA
AF117209,NA
GQ405857,Homo sapiens
GQ405856,Homo sapiens
GQ405855,Homo sapiens
AY304452,NA
AY257977,NA
ATVPOLY4A,NA
ATVPOLY1A,NA
HC086778,NA
HC086792,NA
HC086790,NA
HC086788,NA
HC086786,NA
HC086784,NA
HC086782,NA
HC086780,NA
HC086776,NA
HC086774,NA
HC086772,NA
HC086770,NA
HC086767,NA
AY769615,NA
FM213332,NA
FM213331,NA
FM213330,NA
GN350554,NA
GN350553,NA
GN350552,NA
GN350551,NA
GN350550,NA
GN350549,NA
GN350548,NA
GN350547,NA
GN350546,NA
GN350545,NA
GN352052,NA
GN352051,NA
GN352050,NA
GN352049,NA
GN352048,NA
GN352047,NA
GN352046,NA
GN352045,NA
GN352044,NA
GN352043,NA
GN355918,NA
GN355917,NA
GN355916,NA
GN355915,NA
GN355914,NA
GN355913,NA
GN355912,NA
GN355911,NA
GN355910,NA
GN355909,NA
GN354838,NA
GN354837,NA
GN354836,NA
GN354835,NA
GN354834,NA
GN354833,NA
GN354832,NA
GN354831,NA
GN354830,NA
GN354829,NA
AB496913,NA
AB476427,Homo sapiens
DL470173,NA
AB211059,NA
DQ630763,NA
EF138831,NA
EF138830,NA
EF138829,NA
EF138828,NA
EF138827,NA
EF138826,NA
EF138825,NA
EF138824,NA
EF138823,NA
AB009985,NA
AB009984,NA
AB000300,NA
AB000299,NA
AB000298,NA
AB000297,NA
AB000296,NA
AB000295,NA
AB000294,NA
AB000293,NA
AB000292,NA
AB000291,NA
AB000290,NA
AB000289,NA
AB000288,NA
AB000287,NA
AB000286,NA
AB000285,NA
AB000284,NA
AB000283,NA
AB000301,NA
AB025812,NA
AB025811,NA
AB025810,NA
AB025809,NA
AB025808,NA
AB025807,NA
AB025806,NA
AB025805,NA
AB025804,NA
AB025803,NA
AB025802,NA
AB025801,NA
AB037274,NA
AB037273,NA
EF583300,NA
Z25771,NA
Z16420,NA
AB194280,NA
AB191789,NA
AB126674,NA
AB126673,NA
AB126672,NA
AB126671,NA
AB126670,NA
AB116554,NA
AB033998,NA
Z11682,NA
AB046864,NA
AB105177,NA
AJ620760,NA
AJ620759,NA
AJ620758,NA
AJ620757,NA
AJ620756,NA
AJ620755,NA
AJ620754,NA
AJ620753,NA
AJ620752,NA
AJ620751,NA
Z33883,NA
Y15937,sheep
AB005257,NA
AX348182,NA
Y15938,pig
Y08632,Homo sapiens
Y08634,NA
Y08633,NA
Y08631,NA
Y08630,NA
Y08629,NA
Y08628,NA
Y08627,NA
Z66541,NA
Z46658,NA
HUANSSPS,NA
