OR951059_NA_GD2016-230-3862_Miniopterus-pusillus_2016	OR951059_NA_GD2016-230-3862_Miniopterus-pusillus_2016
PQ421841_NA_QJ1-CWDS_Crocidura-dracula_2017	PQ421841_NA_QJ1-CWDS_Crocidura-dracula_2017
OR367571_NA_sichuanganzi111-7897_Bos-mutus_2021	OR367571_NA_sichuanganzi111-7897_Bos-mutus_2021
OR367571_NA_sichuanganzi111-7897_Bos-mutus_2021	MK987100_NA_BoAstV-VC34-346_Bos-taurus_2016
OR367571_NA_sichuanganzi111-7897_Bos-mutus_2021	KF233994_NA_NeuroS1_cattle_2011
OR367571_NA_sichuanganzi111-7897_Bos-mutus_2021	MK386569_NA_NA_Steer_2018
OR367571_NA_sichuanganzi111-7897_Bos-mutus_2021	LC341267_NA_NA_Bos-taurus_2016
OR367571_NA_sichuanganzi111-7897_Bos-mutus_2021	NC-024498_NA_CH13_cattle_2012
OR367571_NA_sichuanganzi111-7897_Bos-mutus_2021	MZ475060_NA_NA_Bos-taurus_2020
OR367571_NA_sichuanganzi111-7897_Bos-mutus_2021	KM035759_NA_CH13_cattle_2012
OR367571_NA_sichuanganzi111-7897_Bos-mutus_2021	KX266908_NA_43660_Bos-taurus_2015
OR367571_NA_sichuanganzi111-7897_Bos-mutus_2021	KX266907_NA_43661_Bos-taurus_2015
OR367571_NA_sichuanganzi111-7897_Bos-mutus_2021	KX266906_NA_42799_Bos-taurus_2015
OR367571_NA_sichuanganzi111-7897_Bos-mutus_2021	KX266905_NA_23985_Bos-taurus_2015
OR367571_NA_sichuanganzi111-7897_Bos-mutus_2021	KX266904_NA_36716_Bos-taurus_2015
OR367571_NA_sichuanganzi111-7897_Bos-mutus_2021	KX266903_NA_26875_Bos-taurus_2015
OR367571_NA_sichuanganzi111-7897_Bos-mutus_2021	KX266902_NA_26730_Bos-taurus_2015
OR367571_NA_sichuanganzi111-7897_Bos-mutus_2021	KX266901_NA_23871_Bos-taurus_2015
OR367571_NA_sichuanganzi111-7897_Bos-mutus_2021	MN464146_NA_NA_Bos-taurus-breed-Marchigiana_NA
OR367571_NA_sichuanganzi111-7897_Bos-mutus_2021	MK987103_NA_BoAstV-VC65-698_Bos-taurus_2016
PP646881_NA_GX-WZ-2023_goat_2023	PP646881_NA_GX-WZ-2023_goat_2023
PP646881_NA_GX-WZ-2023_goat_2023	PP571883_NA_GX-WZ-2023_goat_2023
PP646881_NA_GX-WZ-2023_goat_2023	PP871762_NA_astro-vt-44_Capra-hircus_2014
PP646881_NA_GX-WZ-2023_goat_2023	PQ805454_NA_GX-HC-C10-2024_goat_2024
PP646881_NA_GX-WZ-2023_goat_2023	OQ758025_NA_NA_Capra-hircus_2020
PP646881_NA_GX-WZ-2023_goat_2023	PV987765_NA_NA_sheep_2025
PP646881_NA_GX-WZ-2023_goat_2023	PV400866_NA_NA_sheep_2025
PP646881_NA_GX-WZ-2023_goat_2023	PV400865_NA_NA_sheep_2025
PP646881_NA_GX-WZ-2023_goat_2023	MZ005893_NA_China-SWUN-F4-2019_goat_2019
PP646881_NA_GX-WZ-2023_goat_2023	MW784100_NA_R49-1743887_NA_NA
PP646881_NA_GX-WZ-2023_goat_2023	MK404649_NA_NA_Ovis-aries_2017
PP646881_NA_GX-WZ-2023_goat_2023	MK404648_NA_NA_Ovis-aries_2017
PP646881_NA_GX-WZ-2023_goat_2023	MK404647_NA_NA_Capra-hircus_2017
OR613354_NA_MSCZC1516-47_Miniopterus-schreibersii_2015	OR613354_NA_MSCZC1516-47_Miniopterus-schreibersii_2015
MW505490_NA_NA_goose_2019	MW505490_NA_NA_goose_2019
MW505490_NA_NA_goose_2019	MT708902_NA_AAstV-Goose-CHN-2019-DY-19_Anser-anser_2019
MW505490_NA_NA_goose_2019	MW505489_NA_NA_goose_2019
MW505490_NA_NA_goose_2019	MW413813_NA_XT1_goose_2020
MW505490_NA_NA_goose_2019	MG934571_NA_GD_goose_2017
MW505490_NA_NA_goose_2019	ON954324_NA_NA_goose_2021
MW505490_NA_NA_goose_2019	MW505488_NA_NA_goose_2019
MW505490_NA_NA_goose_2019	MT934439_NA_NA_goose_2019
MW505490_NA_NA_goose_2019	PV780437_NA_JX05_Anser-anser_2025
MW505490_NA_NA_goose_2019	PV600843_NA_HNJZ-2023_goose_2023
MW505490_NA_NA_goose_2019	PQ552759_NA_NA_duck_2024
MW505490_NA_NA_goose_2019	PP444710_NA_GAstV-GDCS-Goose-2023_goose_2023
MW505490_NA_NA_goose_2019	MW505487_NA_NA_goose_2019
MW505490_NA_NA_goose_2019	MT934438_NA_NA_goose_2019
MW505490_NA_NA_goose_2019	PV780436_NA_JX04_Anser-anser_2023
MW505490_NA_NA_goose_2019	PQ308726_NA_GAstV-GDFS-Goose-2024_goose_2024
MW505490_NA_NA_goose_2019	PP444709_NA_GAstV-GXNN-Goose-2023_goose_2023
MW505490_NA_NA_goose_2019	MW505486_NA_NA_goose_2019
MW505490_NA_NA_goose_2019	MT934437_NA_NA_goose_2019
MW505490_NA_NA_goose_2019	MN337335_NA_XY_goose_2019
MW505490_NA_NA_goose_2019	PV780435_NA_JX03_Anser-anser_2023
MW505490_NA_NA_goose_2019	ON400505_NA_GAstV-GD2104_goose_2021
MW505490_NA_NA_goose_2019	OP179660_NA_NA_goose_2022
MW505490_NA_NA_goose_2019	MW505485_NA_NA_goose_2019
MW505490_NA_NA_goose_2019	MN337334_NA_ZMD_goose_2019
MW505490_NA_NA_goose_2019	PV780434_NA_JX02_Anser-anser_2023
MW505490_NA_NA_goose_2019	OQ909424_NA_Sichuan_goose_2021
MW505490_NA_NA_goose_2019	OP556137_NA_NA_goose_2018
MW505490_NA_NA_goose_2019	MZ648231_NA_AAstV-Goose-CHN-2021-ZM_goose_2021
MW505490_NA_NA_goose_2019	MN307120_NA_AstV-HN03-Goose-0402-19_goose_2019
MW505490_NA_NA_goose_2019	MN337333_NA_PDS_goose_2019
MW505490_NA_NA_goose_2019	ON382522_NA_GAstV-GD2105_goose_2022
MW505490_NA_NA_goose_2019	OM100603_NA_AstV-JS04-Goose-0919-20_goose_2020
MW505490_NA_NA_goose_2019	MN307119_NA_AstV-HB02-Goose-0310-19_goose_2019
MW505490_NA_NA_goose_2019	MN337332_NA_HB_goose_2019
MW505490_NA_NA_goose_2019	MH052598_NA_NA_goose_2017
MW505490_NA_NA_goose_2019	PV524668_NA_JXNC1_goose_2025
MW505490_NA_NA_goose_2019	ON382521_NA_GAstV-GD2103_goose_2021
MW505490_NA_NA_goose_2019	OM100602_NA_AstV-JS03-Goose-0702-20_goose_2020
MW505490_NA_NA_goose_2019	OL982615_NA_JSZ29_goose_2020
MW505490_NA_NA_goose_2019	MN307118_NA_AstV-HB01-Goose-0123-19_goose_2019
MW505490_NA_NA_goose_2019	MN337331_NA_LH_goose_2018
MW505490_NA_NA_goose_2019	ON382520_NA_GAstV-GD2102_goose_2021
MW505490_NA_NA_goose_2019	OM100601_NA_AstV-JS02-Goose-0518-20_goose_2020
MW505490_NA_NA_goose_2019	OL982614_NA_JSCZ15_goose_2015
MW505490_NA_NA_goose_2019	MZ819184_NA_ZJLD_goose_2020
MW505490_NA_NA_goose_2019	OK571390_NA_JRMS_goose_2020
MW505490_NA_NA_goose_2019	MN307117_NA_AstV-HN02-Goose-1119-18_goose_2018
MW505490_NA_NA_goose_2019	MN337330_NA_ZK_goose_2018
MW505490_NA_NA_goose_2019	MF772821_NA_NA_Lande-geese_2017
MW505490_NA_NA_goose_2019	PP382210_NA_J2-2021_Jiangnan-White-Goose_2021
MW505490_NA_NA_goose_2019	OR902765_NA_NA_goose_2023
MW505490_NA_NA_goose_2019	ON382519_NA_GAstV-GD2101_goose_2021
MW505490_NA_NA_goose_2019	ON745304_NA_ZJCX_landaise_2021
MW505490_NA_NA_goose_2019	OM100600_NA_AstV-JS01-Goose-0518-20_goose_2020
MW505490_NA_NA_goose_2019	OL982613_NA_XSSH_goose_2020
MW505490_NA_NA_goose_2019	MZ819183_NA_JRMS_goose_2020
MW505490_NA_NA_goose_2019	OK571389_NA_ZJLD_goose_2020
MW505490_NA_NA_goose_2019	MN307116_NA_AstV-AH02-Goose-0715-18_goose_2018
MW505490_NA_NA_goose_2019	MN337329_NA_SQ_goose_2018
MW505490_NA_NA_goose_2019	OR902764_NA_NA_goose_2023
MW505490_NA_NA_goose_2019	OP621341_NA_NA_goose_2019
MW505490_NA_NA_goose_2019	OM937013_NA_NA_goose_2017
MW505490_NA_NA_goose_2019	OM100599_NA_AstV-HN05-Goose-0514-20_goose_2020
MW505490_NA_NA_goose_2019	OL963558_NA_JSW10_goose_2020
MW505490_NA_NA_goose_2019	MW536497_NA_YC20_goose_2020
MW505490_NA_NA_goose_2019	MN307115_NA_AstV-AH01-Goose-0512-18_goose_2018
MW505490_NA_NA_goose_2019	MN337328_NA_JZ_goose_2018
MW505490_NA_NA_goose_2019	MK125058_NA_JSHA_gosling_2016
MW505490_NA_NA_goose_2019	PQ740944_NA_CH-HBXT-2022_goose_2022
MW505490_NA_NA_goose_2019	OR902763_NA_NA_goose_2023
MW505490_NA_NA_goose_2019	OP621340_NA_NA_goose_2019
MW505490_NA_NA_goose_2019	ON376722_NA_HNZZ-4_goose_2021
MW505490_NA_NA_goose_2019	OM100598_NA_AstV-HN04-Goose-0514-20_goose_2020
MW505490_NA_NA_goose_2019	OL963557_NA_JSW1_goose_2020
MW505490_NA_NA_goose_2019	MN307114_NA_AstV-HN01-Goose-0103-18_goose_2018
MW505490_NA_NA_goose_2019	MN337327_NA_XC_goose_2018
MW505490_NA_NA_goose_2019	OR902762_NA_NA_goose_2023
MW505490_NA_NA_goose_2019	OP621339_NA_NA_goose_2019
MW505490_NA_NA_goose_2019	OM100597_NA_AstV-HB06-Goose-1226-19_goose_2019
MW505490_NA_NA_goose_2019	OL963556_NA_JSSQ_goose_2020
MW505490_NA_NA_goose_2019	MN109957_NA_NA_goose_2018
MW505490_NA_NA_goose_2019	MN337326_NA_KF_goose_2018
MW505490_NA_NA_goose_2019	OR902761_NA_NA_goose_2023
MW505490_NA_NA_goose_2019	OP621338_NA_NA_goose_2018
MW505490_NA_NA_goose_2019	OL762473_NA_JXGZ_goose_2020
MW505490_NA_NA_goose_2019	OM100596_NA_AstV-HB05-Goose-0812-19_goose_2019
MW505490_NA_NA_goose_2019	OL963555_NA_JSCZ_goose_2020
MW505490_NA_NA_goose_2019	OM273310_NA_NA_goose_2021
MW505490_NA_NA_goose_2019	MN109956_NA_NA_goose_2018
MW505490_NA_NA_goose_2019	MN337325_NA_XX_goose_2018
MW505490_NA_NA_goose_2019	OP946449_NA_GAstV-SDHZ_laying-hens_2022
MW505490_NA_NA_goose_2019	OP621337_NA_NA_goose_2018
MW505490_NA_NA_goose_2019	OM100595_NA_AstV-HB04-Goose-0811-19_goose_2019
MW505490_NA_NA_goose_2019	OM273309_NA_NA_goose_2021
MW505490_NA_NA_goose_2019	MN109955_NA_NA_goose_2018
MW505490_NA_NA_goose_2019	MN337324_NA_ZZ_goose_2018
MW505490_NA_NA_goose_2019	OP621336_NA_NA_goose_2018
MW505490_NA_NA_goose_2019	OM100594_NA_AstV-HB03-Goose-0810-19_goose_2019
MW505490_NA_NA_goose_2019	OP020131_NA_NA_50-day-old-Landes-geese_2022
MW505490_NA_NA_goose_2019	OM273308_NA_NA_goose_2021
MW505490_NA_NA_goose_2019	MN109954_NA_NA_goose_2018
MW505490_NA_NA_goose_2019	MN337323_NA_XX_goose_2018
MW505490_NA_NA_goose_2019	OP621335_NA_NA_goose_2021
MW505490_NA_NA_goose_2019	OM100593_NA_AstV-AN06-Goose-0714-19_goose_2019
MW505490_NA_NA_goose_2019	OL536330_NA_HeB-BD1-2020_goose_2020
MW505490_NA_NA_goose_2019	OK148600_NA_NA_goose_2020
MW505490_NA_NA_goose_2019	OM273307_NA_NA_goose_2021
MW505490_NA_NA_goose_2019	MN127959_NA_NA_goose_2018
MW505490_NA_NA_goose_2019	MN428645_NA_AHAU5_goose_2018
MW505490_NA_NA_goose_2019	MN399857_NA_SDXT_duck_2019
MW505490_NA_NA_goose_2019	OP621334_NA_NA_goose_2019
MW505490_NA_NA_goose_2019	OM100592_NA_AstV-AH05-Goose-0711-19_goose_2019
MW505490_NA_NA_goose_2019	OM273306_NA_NA_goose_2021
MW505490_NA_NA_goose_2019	MZ576222_NA_JX01-China-2021_goose_2021
MW505490_NA_NA_goose_2019	MN127958_NA_NA_goose_2018
MW505490_NA_NA_goose_2019	MN428644_NA_AHAU4_goose_2018
MW505490_NA_NA_goose_2019	OQ805853_NA_GAstV-XJHT-2-China-2023_NA_2023
MW505490_NA_NA_goose_2019	OP621333_NA_NA_goose-embryo_2019
MW505490_NA_NA_goose_2019	OM100591_NA_AstV-AH04-Goose-0614-19_goose_2019
MW505490_NA_NA_goose_2019	OM273305_NA_NA_goose_2021
MW505490_NA_NA_goose_2019	MW592379_NA_HNXX-6-China-2020_goose_2020
MW505490_NA_NA_goose_2019	MN127957_NA_NA_goose_2018
MW505490_NA_NA_goose_2019	MN894548_NA_NA_goose_2019
MW505490_NA_NA_goose_2019	MN428643_NA_AHAU3_goose_2018
MW505490_NA_NA_goose_2019	OR234623_NA_NA_goose_NA
MW505490_NA_NA_goose_2019	OR965521_NA_AAstV-Goose-CHN-2023-MG-23_goose_2023
MW505490_NA_NA_goose_2019	OQ805852_NA_GAstV-XJHT-1-China-2023_NA_2023
MW505490_NA_NA_goose_2019	OP621332_NA_NA_goose_2020
MW505490_NA_NA_goose_2019	OM100590_NA_AstV-AH03-Goose-0422-19_goose_2019
MW505490_NA_NA_goose_2019	OM273304_NA_NA_goose_2021
MW505490_NA_NA_goose_2019	MW592378_NA_HNSQ-6-China-2020_goose_2020
MW505490_NA_NA_goose_2019	MN127956_NA_NA_goose_2018
MW505490_NA_NA_goose_2019	MN428642_NA_GD-AHAU2_goose_2018
MW505490_NA_NA_goose_2019	OR234622_NA_NA_goose_NA
MW505490_NA_NA_goose_2019	OR958817_NA_AAstV-Goose-CHN-2023-HR2306-1_goose_2023
MW505490_NA_NA_goose_2019	OQ787033_NA_JL01-0801-19_goose_2019
MW505490_NA_NA_goose_2019	OP621331_NA_NA_goose_2019
MW505490_NA_NA_goose_2019	ON205965_NA_AAstv-CHN-Goose-2018_goose_2018
MW505490_NA_NA_goose_2019	OM455389_NA_HeB-BD4-2019_goose_2019
MW505490_NA_NA_goose_2019	OM273303_NA_NA_goose_2021
MW505490_NA_NA_goose_2019	MW592377_NA_HNKF-1-China-2020_goose_2020
MW505490_NA_NA_goose_2019	MN127955_NA_NA_goose_2019
MW505490_NA_NA_goose_2019	MN428641_NA_AHAU1_goose_2018
MW505490_NA_NA_goose_2019	OR234621_NA_NA_goose_NA
MW505490_NA_NA_goose_2019	PQ435198_NA_NA_goose_2023
MW505490_NA_NA_goose_2019	OR906208_NA_HNxy2111_goose_2021
MW505490_NA_NA_goose_2019	OP621330_NA_NA_goose_2021
MW505490_NA_NA_goose_2019	OM811458_NA_Astv-Goose-Heilongjiang-ZYL01-2018_goose_2018
MW505490_NA_NA_goose_2019	OM066895_NA_AAstV-Goose-CHN-2021-ZY02_goose_2021
MW505490_NA_NA_goose_2019	OM455388_NA_HeB-BD1-2021_goose_2021
MW505490_NA_NA_goose_2019	OM273302_NA_NA_goose_2021
MW505490_NA_NA_goose_2019	MW345727_NA_SDPD_goose_2019
MW505490_NA_NA_goose_2019	MN127954_NA_NA_goose_2019
MW505490_NA_NA_goose_2019	OR234614_NA_NA_goose_NA
MW505490_NA_NA_goose_2019	OR906207_NA_HNxy2106_goose_2021
MW505490_NA_NA_goose_2019	OP484924_NA_NA_goose_2018
MW505490_NA_NA_goose_2019	OM066894_NA_AAstV-Goose-CHN-2021-HR2110-1_goose_2021
MW505490_NA_NA_goose_2019	MN127953_NA_NA_goose_2019
MW505490_NA_NA_goose_2019	MN175321_NA_NA_goose_2018
MW505490_NA_NA_goose_2019	OR234612_NA_NA_goose_NA
MW505490_NA_NA_goose_2019	OP484923_NA_NA_goose_2018
MW505490_NA_NA_goose_2019	ON156528_NA_NA_goose_2022
MW505490_NA_NA_goose_2019	OM066893_NA_AAstV-Goose-CHN-2021-HR2105-2_goose_2021
MW505490_NA_NA_goose_2019	MZ367612_NA_HNNY0620_Muscovy-duck_2020
MW505490_NA_NA_goose_2019	MN127952_NA_NA_goose_2018
MW505490_NA_NA_goose_2019	MH807626_NA_NA_goose_2018
MW505490_NA_NA_goose_2019	OR234611_NA_NA_goose_NA
MW505490_NA_NA_goose_2019	OP764611_NA_NA_goose_2021
MW505490_NA_NA_goose_2019	OM066892_NA_AAstV-Goose-CHN-2021-HR2105-1_goose_2021
MW505490_NA_NA_goose_2019	MN127951_NA_NA_goose_2018
MW505490_NA_NA_goose_2019	OR234610_NA_NA_goose_NA
MW505490_NA_NA_goose_2019	MN103532_NA_NA_goose_2018
MW505490_NA_NA_goose_2019	OR234609_NA_NA_goose_NA
MW505490_NA_NA_goose_2019	OP776629_NA_NA_goose_2021
MW505490_NA_NA_goose_2019	OL853843_NA_HLJ_goose_2019
MW505490_NA_NA_goose_2019	OR234608_NA_NA_goose_NA
MW505490_NA_NA_goose_2019	MZ540211_NA_NA_goose_2019
MW505490_NA_NA_goose_2019	OR234613_NA_NA_goose_NA
MW505490_NA_NA_goose_2019	MN809622_NA_AstV-SDTA_duck_NA
MW505490_NA_NA_goose_2019	MW505493_NA_NA_goose_2019
MW505490_NA_NA_goose_2019	OR234607_NA_NA_goose_NA
MW505490_NA_NA_goose_2019	PP966939_NA_GZ2301_goose_2023
MW505490_NA_NA_goose_2019	MW505492_NA_NA_goose_2019
MW505490_NA_NA_goose_2019	MN068024_NA_GTF-07_goose_2018
MW505490_NA_NA_goose_2019	MW505491_NA_NA_goose_2019
MW505490_NA_NA_goose_2019	MN068023_NA_GTF-04_goose_2018
MW505490_NA_NA_goose_2019	KY807085_NA_HN1G_Lingxian-White-Goose_2014
OM451210_NA_FJ-F1_porcupine_2020	OM451210_NA_FJ-F1_porcupine_2020
OM451210_NA_FJ-F1_porcupine_2020	OM480533_NA_NA_Porcupine_2019
MZ819170_NA_PoAstV5-Swine-CHI-FB036-2017_Sus-scrofa_2017	MZ819170_NA_PoAstV5-Swine-CHI-FB036-2017_Sus-scrofa_2017
MZ819170_NA_PoAstV5-Swine-CHI-FB036-2017_Sus-scrofa_2017	MZ819168_NA_PoAstV5-Swine-CHI-FB016-2017_Sus-scrofa_2017
MZ819170_NA_PoAstV5-Swine-CHI-FB036-2017_Sus-scrofa_2017	MZ819167_NA_PoAstV5-Swine-CHI-CF2671-2017_Sus-scrofa_2017
MZ819170_NA_PoAstV5-Swine-CHI-FB036-2017_Sus-scrofa_2017	MZ819166_NA_PoAstV5-Swine-CHI-FB148-2015_Sus-scrofa_2015
MZ819170_NA_PoAstV5-Swine-CHI-FB036-2017_Sus-scrofa_2017	JF713711_NA_NA_Sus-scrofa_2010
MZ819170_NA_PoAstV5-Swine-CHI-FB036-2017_Sus-scrofa_2017	LC201620_NA_NA_Sus-scrofa_2015
MZ819170_NA_PoAstV5-Swine-CHI-FB036-2017_Sus-scrofa_2017	LC201619_NA_NA_Sus-scrofa_2015
MZ819170_NA_PoAstV5-Swine-CHI-FB036-2017_Sus-scrofa_2017	LC201618_NA_NA_Sus-scrofa_2015
MZ819170_NA_PoAstV5-Swine-CHI-FB036-2017_Sus-scrofa_2017	LC201617_NA_NA_Sus-scrofa_2015
MZ819170_NA_PoAstV5-Swine-CHI-FB036-2017_Sus-scrofa_2017	LC201616_NA_NA_Sus-scrofa_2015
MZ819170_NA_PoAstV5-Swine-CHI-FB036-2017_Sus-scrofa_2017	MW504545_NA_15211-AST-len-6388-cov-52-529133_Sus-scrofa_2018
MZ819170_NA_PoAstV5-Swine-CHI-FB036-2017_Sus-scrofa_2017	LC201615_NA_NA_Sus-scrofa_2015
MZ819170_NA_PoAstV5-Swine-CHI-FB036-2017_Sus-scrofa_2017	JX556693_NA_AstV5-US-IA122_Sus-scrofa-(swine)_2011
MZ819170_NA_PoAstV5-Swine-CHI-FB036-2017_Sus-scrofa_2017	ON792974_NA_SP-VT9_Sus-scrofa_2018
MZ819170_NA_PoAstV5-Swine-CHI-FB036-2017_Sus-scrofa_2017	NC-023636_NA_AstV5-US-IA122_Sus-scrofa-(swine)_2011
MZ819170_NA_PoAstV5-Swine-CHI-FB036-2017_Sus-scrofa_2017	ON792973_NA_SP-VC9_Sus-scrofa_2017
MZ819170_NA_PoAstV5-Swine-CHI-FB036-2017_Sus-scrofa_2017	PP968017_NA_PAstV5-GX2_porcine_2024
MZ819170_NA_PoAstV5-Swine-CHI-FB036-2017_Sus-scrofa_2017	MZ819172_NA_PoAstV5-Swine-CHI-FB032-2017_Sus-scrofa_2017
MZ819170_NA_PoAstV5-Swine-CHI-FB036-2017_Sus-scrofa_2017	MT642595_NA_NA_porcine_2014
MZ819170_NA_PoAstV5-Swine-CHI-FB036-2017_Sus-scrofa_2017	MZ819171_NA_PoAstV5-Swine-CHI-FB033-2017_Sus-scrofa_2017
MZ375133_NA_1PE-RDRP-3_Phrynocephalus-erythrurus_2020	MZ375133_NA_1PE-RDRP-3_Phrynocephalus-erythrurus_2020
MZ375133_NA_1PE-RDRP-3_Phrynocephalus-erythrurus_2020	MZ375137_NA_2PE-RDRP-2_Phrynocephalus-erythrurus_2020
MT832894_NA_TO-162_Homo-sapiens_2011	MT832894_NA_TO-162_Homo-sapiens_2011
MT832894_NA_TO-162_Homo-sapiens_2011	PQ510855_NA_24T1-10_Homo-sapiens_2023
MT832894_NA_TO-162_Homo-sapiens_2011	LC732122_NA_Child-with-acute-gastroenteritis_Homo-sapiens_2016
MT832894_NA_TO-162_Homo-sapiens_2011	ON979522_NA_NA_Homo-sapiens_2015
MT832894_NA_TO-162_Homo-sapiens_2011	OP432295_NA_HAstV-4-QD-F-22056_Homo-sapiens_2022
MT832894_NA_TO-162_Homo-sapiens_2011	MH446377_NA_HAstV-1-RUS-Novosibirsk-NS18-A1443-2018_Homo-sapiens--sex--F--age--17-Y_2018
MT832894_NA_TO-162_Homo-sapiens_2011	OP482093_NA_HAstV-5-CHN-2103CP1-2021_NA_NA
MT832894_NA_TO-162_Homo-sapiens_2011	AF141381_NA_NA_NA_NA
MT832894_NA_TO-162_Homo-sapiens_2011	PQ510854_NA_24T1-32_Homo-sapiens_2023
MT832894_NA_TO-162_Homo-sapiens_2011	ON979521_NA_NA_Homo-sapiens_2012
MT832894_NA_TO-162_Homo-sapiens_2011	OP432294_NA_HAstV-4-QD-L-22040_Homo-sapiens_2022
MT832894_NA_TO-162_Homo-sapiens_2011	LC694997_NA_HAstV1-181289-Tokyo-2018_Homo-sapiens_2018
MT832894_NA_TO-162_Homo-sapiens_2011	MT832893_NA_TO-160_Homo-sapiens_2015
MT832894_NA_TO-162_Homo-sapiens_2011	KC285152_NA_HAstV-2-RUS-Novosibirsk-Nsc11-N2411-2011_Homo-sapiens--sex--F--age--3-months_2011
MT832894_NA_TO-162_Homo-sapiens_2011	KF211475_NA_JZ_Homo-sapiens_2010
MT832894_NA_TO-162_Homo-sapiens_2011	PQ510853_NA_24T2-6_Homo-sapiens_2023
MT832894_NA_TO-162_Homo-sapiens_2011	OP432293_NA_HAstV-4-RC-21027_Homo-sapiens_2021
MT832894_NA_TO-162_Homo-sapiens_2011	LC694996_NA_HAstV1-181290-Tokyo-2018_Homo-sapiens_2018
MT832894_NA_TO-162_Homo-sapiens_2011	MT832892_NA_TO-98_Homo-sapiens_2015
MT832894_NA_TO-162_Homo-sapiens_2011	LC694995_NA_HAstV1-192642-Tokyo-2020_Homo-sapiens_2020
MT832894_NA_TO-162_Homo-sapiens_2011	MT906859_NA_BRA-TO-32_Homo-sapiens_2014
MT832894_NA_TO-162_Homo-sapiens_2011	MG921619_NA_Yu-1-CHN_Homo-sapiens_2016
MT832894_NA_TO-162_Homo-sapiens_2011	HM237363_NA_Katano_NA_NA
MT832894_NA_TO-162_Homo-sapiens_2011	PV189393_NA_NA_Homo-sapiens_2023
MT832894_NA_TO-162_Homo-sapiens_2011	PQ530056_NA_MBC147_NA_2023
MT832894_NA_TO-162_Homo-sapiens_2011	OQ110736_NA_BJ09_Homo-sapiens_2019
MT832894_NA_TO-162_Homo-sapiens_2011	LC694994_NA_HAstV1-193055-Tokyo-2020_Homo-sapiens_2020
MT832894_NA_TO-162_Homo-sapiens_2011	MT906858_NA_BRA-TO-57_Homo-sapiens_2014
MT832894_NA_TO-162_Homo-sapiens_2011	MW863310_NA_Hu-HY-2019-CHN_Homo-sapiens_2019
MT832894_NA_TO-162_Homo-sapiens_2011	MF684776_NA_2013-Fuzhou-85_Homo-sapiens_2013
MT832894_NA_TO-162_Homo-sapiens_2011	KY271946_NA_NA_Homo-sapiens_2015
MT832894_NA_TO-162_Homo-sapiens_2011	PV189392_NA_NA_Homo-sapiens_2023
MT832894_NA_TO-162_Homo-sapiens_2011	PQ496891_NA_Yunnan-B224_Homo-sapiens_2023
MT832894_NA_TO-162_Homo-sapiens_2011	ON571598_NA_2021-Fuzhou-37_Homo-sapiens_2021
MT832894_NA_TO-162_Homo-sapiens_2011	OQ110735_NA_BJ08_Homo-sapiens_2019
MT832894_NA_TO-162_Homo-sapiens_2011	LC694993_NA_HAstV1-193061-Tokyo-2020_Homo-sapiens_2020
MT832894_NA_TO-162_Homo-sapiens_2011	MT906857_NA_BRA-TO-40_Homo-sapiens_2014
MT832894_NA_TO-162_Homo-sapiens_2011	MG571777_NA_NA_Homo-sapiens_2015
MT832894_NA_TO-162_Homo-sapiens_2011	KY271945_NA_NA_Homo-sapiens_2015
MT832894_NA_TO-162_Homo-sapiens_2011	KF157967_NA_NA_Homo-sapiens_2012
MT832894_NA_TO-162_Homo-sapiens_2011	PV189391_NA_NA_Homo-sapiens_2023
MT832894_NA_TO-162_Homo-sapiens_2011	PQ496890_NA_Yunnan-B197_Homo-sapiens_2023
MT832894_NA_TO-162_Homo-sapiens_2011	ON571597_NA_2019-Pingtan-42_Homo-sapiens_2019
MT832894_NA_TO-162_Homo-sapiens_2011	OQ110734_NA_BJ06_Homo-sapiens_2019
MT832894_NA_TO-162_Homo-sapiens_2011	LC694992_NA_HAstV1-210628-Tokyo-2021_Homo-sapiens_2021
MT832894_NA_TO-162_Homo-sapiens_2011	MT906856_NA_BRA-TO-65_Homo-sapiens_2015
MT832894_NA_TO-162_Homo-sapiens_2011	MG932612_NA_HAstV-4-RUS-Novosibirsk-NS17-A878-2017_Homo-sapiens--sex--F--age--23-Y_2017
MT832894_NA_TO-162_Homo-sapiens_2011	FJ375759_NA_SH1_Homo-sapiens_2008
MT832894_NA_TO-162_Homo-sapiens_2011	PV189390_NA_NA_Homo-sapiens_2023
MT832894_NA_TO-162_Homo-sapiens_2011	ON571596_NA_2019-Fuzhou-306_Homo-sapiens_2019
MT832894_NA_TO-162_Homo-sapiens_2011	OQ110733_NA_BJ04_Homo-sapiens_2019
MT832894_NA_TO-162_Homo-sapiens_2011	LC694991_NA_HAstV1-210764-Tokyo-2021_Homo-sapiens_2021
MT832894_NA_TO-162_Homo-sapiens_2011	MT906855_NA_BRA-TO-26_Homo-sapiens_2014
MT832894_NA_TO-162_Homo-sapiens_2011	MN444721_NA_NA_Homo-sapiens_2017
MT832894_NA_TO-162_Homo-sapiens_2011	MK059956_NA_NA_Homo-sapiens_NA
MT832894_NA_TO-162_Homo-sapiens_2011	PV189389_NA_NA_Homo-sapiens_2023
MT832894_NA_TO-162_Homo-sapiens_2011	PQ525428_NA_Hu-US-2024-Hastv4-CA-RGDS-1188_Homo-sapiens_2024
MT832894_NA_TO-162_Homo-sapiens_2011	ON571595_NA_2019-Fuzhou-289_Homo-sapiens_2019
MT832894_NA_TO-162_Homo-sapiens_2011	OQ110732_NA_BJ02_Homo-sapiens_2019
MT832894_NA_TO-162_Homo-sapiens_2011	LC694990_NA_HAstV1-181937-Tokyo-2018_Homo-sapiens_2018
MT832894_NA_TO-162_Homo-sapiens_2011	MT906854_NA_BRA-TO-71_Homo-sapiens_2015
MT832894_NA_TO-162_Homo-sapiens_2011	MW485043_NA_NA_Homo-sapiens_2019
MT832894_NA_TO-162_Homo-sapiens_2011	MK059955_NA_NA_Homo-sapiens_NA
MT832894_NA_TO-162_Homo-sapiens_2011	PV189388_NA_NA_Homo-sapiens_2023
MT832894_NA_TO-162_Homo-sapiens_2011	ON571594_NA_2019-Fuzhou-26_Homo-sapiens_2019
MT832894_NA_TO-162_Homo-sapiens_2011	OQ110731_NA_BJ01_Homo-sapiens_2019
MT832894_NA_TO-162_Homo-sapiens_2011	LC694989_NA_HAstV1-210956-Tokyo-2021_Homo-sapiens_2021
MT832894_NA_TO-162_Homo-sapiens_2011	MT906853_NA_BRA-TO-207_Homo-sapiens_2014
MT832894_NA_TO-162_Homo-sapiens_2011	MW485042_NA_NA_Homo-sapiens_2019
MT832894_NA_TO-162_Homo-sapiens_2011	NC-030922_NA_V1347_NA_2004
MT832894_NA_TO-162_Homo-sapiens_2011	HQ398856_NA_NA_Homo-sapiens_2010
MT832894_NA_TO-162_Homo-sapiens_2011	MK059954_NA_NA_Homo-sapiens_NA
MT832894_NA_TO-162_Homo-sapiens_2011	PX255447_NA_BTY1YZ_Homo-sapiens_2017
MT832894_NA_TO-162_Homo-sapiens_2011	PV189387_NA_NA_Homo-sapiens_2023
MT832894_NA_TO-162_Homo-sapiens_2011	OQ630461_NA_SEN-21-286-S1_Homo-sapiens_2021
MT832894_NA_TO-162_Homo-sapiens_2011	LC694988_NA_HAstV1-210963-Tokyo-2021_Homo-sapiens_2021
MT832894_NA_TO-162_Homo-sapiens_2011	MW485040_NA_NA_Homo-sapiens_2019
MT832894_NA_TO-162_Homo-sapiens_2011	MK618656_NA_CA-RGDS-1016_Homo-sapiens_2018
MT832894_NA_TO-162_Homo-sapiens_2011	MK059953_NA_NA_Homo-sapiens_NA
MT832894_NA_TO-162_Homo-sapiens_2011	PV189386_NA_NA_Homo-sapiens_2023
MT832894_NA_TO-162_Homo-sapiens_2011	LC694987_NA_HAstV1-210984-Tokyo-2021_Homo-sapiens_2021
MT832894_NA_TO-162_Homo-sapiens_2011	MK059952_NA_NA_Homo-sapiens_NA
MT832894_NA_TO-162_Homo-sapiens_2011	PV189385_NA_NA_Homo-sapiens_2023
MT832894_NA_TO-162_Homo-sapiens_2011	LC694986_NA_HAstV1-211185-Tokyo-2022_Homo-sapiens_2022
MT832894_NA_TO-162_Homo-sapiens_2011	KC342249_NA_km1_Homo-sapiens_2012
MT832894_NA_TO-162_Homo-sapiens_2011	MK059951_NA_NA_Homo-sapiens_NA
MT832894_NA_TO-162_Homo-sapiens_2011	PV189384_NA_NA_Homo-sapiens_2023
MT832894_NA_TO-162_Homo-sapiens_2011	LC694985_NA_HAstV3-190610-Tokyo-2019_Homo-sapiens_2019
MT832894_NA_TO-162_Homo-sapiens_2011	JN887820_NA_NA_Homo-sapiens_2006
MT832894_NA_TO-162_Homo-sapiens_2011	MK059950_NA_NA_Homo-sapiens_NA
MT832894_NA_TO-162_Homo-sapiens_2011	PV189383_NA_NA_Homo-sapiens_2023
MT832894_NA_TO-162_Homo-sapiens_2011	GQ495608_NA_192-BJ07-CHN_Homo-sapiens_2007
MT832894_NA_TO-162_Homo-sapiens_2011	PP916236_NA_NRVL1025_Homo-sapiens_NA
MT832894_NA_TO-162_Homo-sapiens_2011	MK059949_NA_NA_Homo-sapiens_NA
MT832894_NA_TO-162_Homo-sapiens_2011	PP901928_NA_E60S2_Homo-sapiens_NA
MT832894_NA_TO-162_Homo-sapiens_2011	FJ755405_NA_NA_Homo-sapiens_2007
MT832894_NA_TO-162_Homo-sapiens_2011	PP901927_NA_E60S1_Homo-sapiens_NA
MT832894_NA_TO-162_Homo-sapiens_2011	MK296753_NA_17W1028_Homo-sapiens--female_2018
MT832894_NA_TO-162_Homo-sapiens_2011	FJ755404_NA_NA_Homo-sapiens_2007
MT832894_NA_TO-162_Homo-sapiens_2011	PP901926_NA_E59S5_Homo-sapiens_NA
MT832894_NA_TO-162_Homo-sapiens_2011	FJ755403_NA_NA_Homo-sapiens_2006
MT832894_NA_TO-162_Homo-sapiens_2011	JF327667_NA_NA_Homo-sapiens_2007
MT832894_NA_TO-162_Homo-sapiens_2011	PP901925_NA_E59S4_Homo-sapiens_NA
MT832894_NA_TO-162_Homo-sapiens_2011	OQ968307_NA_21079-SD-CHN-HAstV-1_Homo-sapiens_2021
MT832894_NA_TO-162_Homo-sapiens_2011	FJ755402_NA_NA_Homo-sapiens_2005
MT832894_NA_TO-162_Homo-sapiens_2011	PQ510867_NA_24Y1-49_Homo-sapiens_2023
MT832894_NA_TO-162_Homo-sapiens_2011	OQ968306_NA_21048-SD-CHN-HAstV-1_Homo-sapiens_2021
MT832894_NA_TO-162_Homo-sapiens_2011	PQ510866_NA_24J1029_Homo-sapiens_2023
MT832894_NA_TO-162_Homo-sapiens_2011	OQ968305_NA_21047-SD-CHN-HAstV-1_Homo-sapiens_2021
MT832894_NA_TO-162_Homo-sapiens_2011	PQ510865_NA_24J3006_Homo-sapiens_2023
MT832894_NA_TO-162_Homo-sapiens_2011	OQ968304_NA_20307-SD-CHN-HAstV-1_Homo-sapiens_2020
MT832894_NA_TO-162_Homo-sapiens_2011	AB740320_NA_IDH1309_Homo-sapiens-one-and-half-year-old-boy_2009
MT832894_NA_TO-162_Homo-sapiens_2011	AB308374_NA_V1347_NA_2004
MT832894_NA_TO-162_Homo-sapiens_2011	PQ510864_NA_24J3007_Homo-sapiens_2023
MT832894_NA_TO-162_Homo-sapiens_2011	OQ968303_NA_20286-SD-CHN-HAstV-1_Homo-sapiens_2020
MT832894_NA_TO-162_Homo-sapiens_2011	MN433706_NA_NA_Homo-sapiens_2014
MT832894_NA_TO-162_Homo-sapiens_2011	AB740319_NA_IDH1300_Homo-sapiens-1-year-old-boy_2009
MT832894_NA_TO-162_Homo-sapiens_2011	PQ510863_NA_24T2-39_Homo-sapiens_2023
MT832894_NA_TO-162_Homo-sapiens_2011	OQ968302_NA_20259-SD-CHN-HAstV-1_Homo-sapiens_2020
MT832894_NA_TO-162_Homo-sapiens_2011	MZ546174_NA_NA_Homo-sapiens_2016
MT832894_NA_TO-162_Homo-sapiens_2011	MT267484_NA_NA_Homo-sapiens--infant-(<5-years)_2015
MT832894_NA_TO-162_Homo-sapiens_2011	MN433705_NA_NA_Homo-sapiens_2014
MT832894_NA_TO-162_Homo-sapiens_2011	KF039913_NA_Rus-Nsc10-N358_NA_2010
MT832894_NA_TO-162_Homo-sapiens_2011	PQ510862_NA_24T2-17_Homo-sapiens_2023
MT832894_NA_TO-162_Homo-sapiens_2011	OR371570_NA_NA_Homo-sapiens_2022
MT832894_NA_TO-162_Homo-sapiens_2011	MT267483_NA_NA_Homo-sapiens--infant-(<5-years)_2015
MT832894_NA_TO-162_Homo-sapiens_2011	MN433704_NA_NA_Homo-sapiens_2013
MT832894_NA_TO-162_Homo-sapiens_2011	KF039912_NA_Rus-Nsc05-623_NA_2005
MT832894_NA_TO-162_Homo-sapiens_2011	PQ510861_NA_24T1-15_Homo-sapiens_2023
MT832894_NA_TO-162_Homo-sapiens_2011	OP432301_NA_HAstV-4-QD-L-22019_Homo-sapiens_2022
MT832894_NA_TO-162_Homo-sapiens_2011	MZ603074_NA_HAstV-1-2-RVAB_NA_2009
MT832894_NA_TO-162_Homo-sapiens_2011	MT267482_NA_NA_Homo-sapiens--infant-(<5-years)_2015
MT832894_NA_TO-162_Homo-sapiens_2011	MN433703_NA_NA_Homo-sapiens_2013
MT832894_NA_TO-162_Homo-sapiens_2011	JF491430_NA_Rus-Nsc04-H355_Homo-sapiens_2004
MT832894_NA_TO-162_Homo-sapiens_2011	KF039911_NA_Rus-Nsc06-1029_NA_2006
MT832894_NA_TO-162_Homo-sapiens_2011	DQ344027_NA_Guangzhou_NA_NA
MT832894_NA_TO-162_Homo-sapiens_2011	PQ510860_NA_24T2-10_Homo-sapiens_2023
MT832894_NA_TO-162_Homo-sapiens_2011	OP432300_NA_HAstV-4-QD-S-22022_Homo-sapiens_2022
MT832894_NA_TO-162_Homo-sapiens_2011	MT267480_NA_NA_Homo-sapiens--infant-(<5-years)_2015
MT832894_NA_TO-162_Homo-sapiens_2011	GQ901902_NA_Rus-Nsc09-B4_Homo-sapiens_2009
MT832894_NA_TO-162_Homo-sapiens_2011	KP862744_NA_kor85_Homo-sapiens_2014
MT832894_NA_TO-162_Homo-sapiens_2011	KF039910_NA_Rus-Nsc05-430_NA_2005
MT832894_NA_TO-162_Homo-sapiens_2011	DQ070852_NA_Goiania-GO-12-95-Brazil_NA_NA
MT832894_NA_TO-162_Homo-sapiens_2011	PQ510859_NA_24T1-7_Homo-sapiens_2023
MT832894_NA_TO-162_Homo-sapiens_2011	OR792802_NA_P1_Homo-sapiens_2023
MT832894_NA_TO-162_Homo-sapiens_2011	OP432299_NA_HAstV-4-RC-21045_Homo-sapiens_2021
MT832894_NA_TO-162_Homo-sapiens_2011	MT267478_NA_NA_Homo-sapiens--infant-(<5-years)_2015
MT832894_NA_TO-162_Homo-sapiens_2011	JF491403_NA_HAstV-1-RUS-Novosibirsk-Nsc10-N52-2010_Homo-sapiens--sex--M--age--1-months_2010
MT832894_NA_TO-162_Homo-sapiens_2011	GU732187_NA_Rus-Nsc08-3364_Homo-sapiens_2008
MT832894_NA_TO-162_Homo-sapiens_2011	DQ028633_NA_Goiania-GO-12-94-Brazil_NA_NA
MT832894_NA_TO-162_Homo-sapiens_2011	PQ510858_NA_24T1-4_Homo-sapiens_2024
MT832894_NA_TO-162_Homo-sapiens_2011	OR222910_NA_SY2106_Homo-sapiens_2021
MT832894_NA_TO-162_Homo-sapiens_2011	OP432298_NA_HAstV-4-QD-S-22015_Homo-sapiens_2022
MT832894_NA_TO-162_Homo-sapiens_2011	MT832897_NA_TO-161_Homo-sapiens_2015
MT832894_NA_TO-162_Homo-sapiens_2011	MT267476_NA_NA_Homo-sapiens--infant-(<5-years)_2015
MT832894_NA_TO-162_Homo-sapiens_2011	GU223905_NA_Rus-Nsc03-H191_Homo-sapiens_2003
MT832894_NA_TO-162_Homo-sapiens_2011	AY720892_NA_NA_NA_NA
MT832894_NA_TO-162_Homo-sapiens_2011	PQ510857_NA_24T1-28_Homo-sapiens_2023
MT832894_NA_TO-162_Homo-sapiens_2011	LC732124_NA_Child-with-acute-gastroenteritis_Homo-sapiens_2016
MT832894_NA_TO-162_Homo-sapiens_2011	OP432297_NA_HAstV-4-QD-L-22001_Homo-sapiens_2022
MT832894_NA_TO-162_Homo-sapiens_2011	MT832896_NA_TO-208_Homo-sapiens_2015
MT832894_NA_TO-162_Homo-sapiens_2011	AY720891_NA_NA_NA_NA
MT832894_NA_TO-162_Homo-sapiens_2011	PQ510856_NA_24T1-40_Homo-sapiens_2023
MT832894_NA_TO-162_Homo-sapiens_2011	LC732123_NA_Child-with-acute-gastroenteritis_Homo-sapiens_2016
MT832894_NA_TO-162_Homo-sapiens_2011	ON979523_NA_NA_Homo-sapiens_2015
MT832894_NA_TO-162_Homo-sapiens_2011	OP432296_NA_HAstV-4-RC-21047_Homo-sapiens_2021
MT832894_NA_TO-162_Homo-sapiens_2011	MT832895_NA_TO-171_Homo-sapiens_2015
MT832894_NA_TO-162_Homo-sapiens_2011	JF327666_NA_NA_Homo-sapiens_2006
MT832894_NA_TO-162_Homo-sapiens_2011	JQ403108_NA_DL030_Homo-sapiens_2010
MT832894_NA_TO-162_Homo-sapiens_2011	OP482094_NA_HAstV-5-CHN-2103CP2-2021_NA_NA
MT832894_NA_TO-162_Homo-sapiens_2011	AF260508_NA_NA_NA_NA
MT832894_NA_TO-162_Homo-sapiens_2011	Z25771_NA_NA_NA_NA
MT832894_NA_TO-162_Homo-sapiens_2011	AB740324_NA_IDH2211_Homo-sapiens-6-year-old-boy_2009
MT832894_NA_TO-162_Homo-sapiens_2011	AB740323_NA_IDH1451_Homo-sapiens-5-month-old-girl_2009
MT832894_NA_TO-162_Homo-sapiens_2011	AB740325_NA_IDH2455_Homo-sapiens-62-year-old-lady_2009
MT832894_NA_TO-162_Homo-sapiens_2011	AB740322_NA_IDH1448_Homo-sapiens-9-month-old-boy_2009
MT832894_NA_TO-162_Homo-sapiens_2011	AB740321_NA_IDH1371_Homo-sapiens-10-year-old-girl_2009
MT579872_NA_FL2_Helicolenus-barathri_2018	MT579872_NA_FL2_Helicolenus-barathri_2018
NC-011400_NA_MLB1_NA_1999	NC-011400_NA_MLB1_NA_1999
NC-011400_NA_MLB1_NA_1999	LC694998_NA_MLB1-210966-Tokyo-2021_Homo-sapiens_2021
NC-011400_NA_MLB1_NA_1999	LC064152_NA_NA_Homo-sapiens-4-year-old-boy_2015
NC-011400_NA_MLB1_NA_1999	JQ086552_NA_SY071_Homo-sapiens_2010
NC-011400_NA_MLB1_NA_1999	AB823732_NA_BtnMLB1-86_Homo-sapiens-1-months-old-male_2010
NC-011400_NA_MLB1_NA_1999	AB823731_NA_BtnMLB1-40_Homo-sapiens-16-months-old-male_2010
NC-011400_NA_MLB1_NA_1999	HM450380_NA_MLB1-HK05_Homo-sapiens_2005
NC-011400_NA_MLB1_NA_1999	MZ707081_NA_WYL077032_Homo-sapiens_2020
NC-011400_NA_MLB1_NA_1999	OQ968311_NA_20274-SD-CHN-MLB1_Homo-sapiens_2020
NC-011400_NA_MLB1_NA_1999	OQ968310_NA_20248-SD-CHN-MLB1_Homo-sapiens_2020
NC-011400_NA_MLB1_NA_1999	MK089434_NA_151502405_Homo-sapiens_2016
NC-011400_NA_MLB1_NA_1999	OQ968309_NA_20238-SD-CHN-MLB1_Homo-sapiens_2020
NC-011400_NA_MLB1_NA_1999	OQ968308_NA_20155-SD-CHN-MLB1_Homo-sapiens_2020
NC-011400_NA_MLB1_NA_1999	FJ222451_NA_MLB1_NA_1999
NC-011400_NA_MLB1_NA_1999	FJ402983_NA_NA_NA_2008
NC-011400_NA_MLB1_NA_1999	MH933755_NA_CMRHP45_Homo-sapiens_2014
NC-011400_NA_MLB1_NA_1999	MZ603071_NA_HAstV-MLB1-RVAB_NA_2010
NC-011400_NA_MLB1_NA_1999	OR222911_NA_SY2101_Homo-sapiens_2021
NC-011400_NA_MLB1_NA_1999	PV656460_NA_TNG04553_Homo-sapiens_2023
NC-011400_NA_MLB1_NA_1999	PV656459_NA_TNG04545_Homo-sapiens_2023
NC-011400_NA_MLB1_NA_1999	LC695000_NA_MLB1-210749-Tokyo-2021_Homo-sapiens_2021
NC-011400_NA_MLB1_NA_1999	LC694999_NA_MLB1-210750-Tokyo-2021_Homo-sapiens_2021
KF753807_NA_NA_NA_2012	KF753807_NA_NA_NA_2012
KF753807_NA_NA_NA_2012	KF753806_NA_NA_NA_2012
KF753807_NA_NA_NA_2012	KF753805_NA_NA_NA_2012
KF753807_NA_NA_NA_2012	KF753804_NA_NA_NA_2012
MN035758_NA_H1-Rhizo-26-FD-scaffold-114_NA_NA	MN035758_NA_H1-Rhizo-26-FD-scaffold-114_NA_NA
MG599906_NA_NA_Leptobrachium-hainanense_NA	MG599906_NA_NA_Leptobrachium-hainanense_NA
MG599893_NA_NA_Coelorinchus-multispinulosus_NA	MG599893_NA_NA_Coelorinchus-multispinulosus_NA
PP871863_NA_astro-vt-145_Sus-scrofa-domesticus_2014	PP871863_NA_astro-vt-145_Sus-scrofa-domesticus_2014
PP211222_NA_Ra-norvegicus-bastro-5_Rattus-norvegicus_2018	PP211222_NA_Ra-norvegicus-bastro-5_Rattus-norvegicus_2018
PP211222_NA_Ra-norvegicus-bastro-5_Rattus-norvegicus_2018	PP211223_NA_Ra-norvegicus-bastro-7_Rattus-norvegicus_2018
PP711188_NA_Hplan-A-304122_Heteronotia-planiceps_2017	PP711188_NA_Hplan-A-304122_Heteronotia-planiceps_2017
PP711188_NA_Hplan-A-304122_Heteronotia-planiceps_2017	PP711198_NA_Hplan-A-C17_Heteronotia-planiceps_2017
OR613326_NA_RPGXC15-17-372_Rhinolophus-pearsonii_2016	OR613326_NA_RPGXC15-17-372_Rhinolophus-pearsonii_2016
OQ802733_NA_JM-Cr-shantungensis-astro-1_Crocidura-shantungensis_2016	OQ802733_NA_JM-Cr-shantungensis-astro-1_Crocidura-shantungensis_2016
MZ291971_NA_G20-109_environment_2019_reverse	MZ291971_NA_G20-109_environment_2019_reverse
MT993596_NA_MW10-1o_Arenaria-interpres-(ruddy-turnstone)_2015	MT993596_NA_MW10-1o_Arenaria-interpres-(ruddy-turnstone)_2015
MT137996_NA_cfe153ast01_NA_2018	MT137996_NA_cfe153ast01_NA_2018
OR613301_NA_MSCZC1516-7_Miniopterus-schreibersii_2015	OR613301_NA_MSCZC1516-7_Miniopterus-schreibersii_2015
OR613301_NA_MSCZC1516-7_Miniopterus-schreibersii_2015	OR613304_NA_MSJDC22-9044_Miniopterus-schreibersii_2022
OR613301_NA_MSCZC1516-7_Miniopterus-schreibersii_2015	OR613300_NA_MSCZC1516-20_Miniopterus-schreibersii_2015
OR350289_NA_F31_Benthochromis-horii_2016	OR350289_NA_F31_Benthochromis-horii_2016
OQ198047_NA_AstroviridaeDogfe326C1full_canine_2020	OQ198047_NA_AstroviridaeDogfe326C1full_canine_2020
MK378501_NA_PoAstV-VIRES-GZ04-C9_Sus-scrofa_2017	MK378501_NA_PoAstV-VIRES-GZ04-C9_Sus-scrofa_2017
JN420354_NA_1169_Zalophus-californianus-(California-sea-lion)_2010	JN420354_NA_1169_Zalophus-californianus-(California-sea-lion)_2010
JN420354_NA_1169_Zalophus-californianus-(California-sea-lion)_2010	JN420356_NA_1234_Zalophus-californianus-(California-sea-lion)_2010
JN420354_NA_1169_Zalophus-californianus-(California-sea-lion)_2010	JN420357_NA_9715_Zalophus-californianus-(California-sea-lion)_2010
JN420354_NA_1169_Zalophus-californianus-(California-sea-lion)_2010	JN420358_NA_9715_Zalophus-californianus-(California-sea-lion)_2010
MN033591_NA_H4-Rhizo-44-scaffold-12707_NA_NA	MN033591_NA_H4-Rhizo-44-scaffold-12707_NA_NA
MG599891_NA_NA_Lethenteron-camtschaticum_NA	MG599891_NA_NA_Lethenteron-camtschaticum_NA
MG599882_NA_NA_Banjos-banjos_NA	MG599882_NA_NA_Banjos-banjos_NA
PX113253_NA_QXDL-78513_Bactrian-camel_2023	PX113253_NA_QXDL-78513_Bactrian-camel_2023
PQ055540_NA_QJ3MG1028_Procambarus-clarkii_2021	PQ055540_NA_QJ3MG1028_Procambarus-clarkii_2021
PP174052_NA_SP1C-k141-170176_NA_2021	PP174052_NA_SP1C-k141-170176_NA_2021
PP174052_NA_SP1C-k141-170176_NA_2021	PP173978_NA_SP1B-k141-199511_NA_2021
OR871060_NA_HAFQP22-11_Hipposideros-armiger_2022	OR871060_NA_HAFQP22-11_Hipposideros-armiger_2022
OR871060_NA_HAFQP22-11_Hipposideros-armiger_2022	OR871062_NA_HAZY-29095_Hipposideros-armiger_2022
OR350287_NA_F30_Xenotilapia-nasus_2016	OR350287_NA_F30_Xenotilapia-nasus_2016
ON807353_NA_G22-011_environment_2007	ON807353_NA_G22-011_environment_2007
OM451109_NA_GD-MO2_pallas's-squirrel_2021	OM451109_NA_GD-MO2_pallas's-squirrel_2021
MW347540_NA_4zj-RDRP-3_NA_2017	MW347540_NA_4zj-RDRP-3_NA_2017
MW347540_NA_4zj-RDRP-3_NA_2017	MW346737_NA_1aq-RDRP-4_NA_2017
MW347540_NA_4zj-RDRP-3_NA_2017	MT568535_NA_-like-virus-A18-1505_Culex-tritaeniorhynchus_2018
MT137991_NA_bbr144ast1_NA_2018	MT137991_NA_bbr144ast1_NA_2018
MK096773_NA_PasAstV-1_Passeriformes_NA	MK096773_NA_PasAstV-1_Passeriformes_NA
MG599889_NA_NA_Scoliodon-macrorhynchos_NA	MG599889_NA_NA_Scoliodon-macrorhynchos_NA
OR951045_NA_GD2017-207-27658_Myotis-pilosus_2017	OR951045_NA_GD2017-207-27658_Myotis-pilosus_2017
OP556335_NA_16-219p_Dicentrarchus-labrax_2016	OP556335_NA_16-219p_Dicentrarchus-labrax_2016
PQ678015_NA_DHMS-YNSC01_Rattus-tanezumi_2021	PQ678015_NA_DHMS-YNSC01_Rattus-tanezumi_2021
LC849253_NA_AstV-Raccoon-dog-Kodo2023-51-2023-JPN_Nyctereutes-procyonoides(racoon-dog)_2023	LC849253_NA_AstV-Raccoon-dog-Kodo2023-51-2023-JPN_Nyctereutes-procyonoides(racoon-dog)_2023
LC849253_NA_AstV-Raccoon-dog-Kodo2023-51-2023-JPN_Nyctereutes-procyonoides(racoon-dog)_2023	PQ423910_NA_NA_Canis-lupus-familiaris_2022
LC849253_NA_AstV-Raccoon-dog-Kodo2023-51-2023-JPN_Nyctereutes-procyonoides(racoon-dog)_2023	PV418545_NA_CaAstV-Dog-AUS-1-hopevale-4-2021_Canis-lupus-familiaris_2021
LC849253_NA_AstV-Raccoon-dog-Kodo2023-51-2023-JPN_Nyctereutes-procyonoides(racoon-dog)_2023	OQ198033_NA_AstroviridaeDogfe437C1full_canine_2020
LC849253_NA_AstV-Raccoon-dog-Kodo2023-51-2023-JPN_Nyctereutes-procyonoides(racoon-dog)_2023	KX599352_NA_NA_dog_2012
LC849253_NA_AstV-Raccoon-dog-Kodo2023-51-2023-JPN_Nyctereutes-procyonoides(racoon-dog)_2023	PP871917_NA_astro-vt-199_Canis-lupus-familiaris_2015
PQ055539_NA_QJ3DG3014_Procambarus-clarkii_2021	PQ055539_NA_QJ3DG3014_Procambarus-clarkii_2021
PP174037_NA_SP1C-k141-138402_NA_2021_reverse	PP174037_NA_SP1C-k141-138402_NA_2021_reverse
PP272790_NA_DN66980_Oligosoma-aeneum_2021	PP272790_NA_DN66980_Oligosoma-aeneum_2021
OR907127_NA_NA_Goose_2023	OR907127_NA_NA_Goose_2023
OR907127_NA_NA_Goose_2023	OR907130_NA_NA_Duck_2022
OR907127_NA_NA_Goose_2023	OR907129_NA_NA_Duck_2023
OR907127_NA_NA_Goose_2023	OR907128_NA_NA_Duck_2023
OR907127_NA_NA_Goose_2023	OR907126_NA_NA_Duck_2023
OR907127_NA_NA_Goose_2023	OR907125_NA_NA_Duck_2023
OR907127_NA_NA_Goose_2023	KJ020899_NA_NA_duck_2013
OR907127_NA_NA_Goose_2023	OR924089_NA_NA_Duck_2021
OR907127_NA_NA_Goose_2023	OR924088_NA_NA_Duck_2021
OR907127_NA_NA_Goose_2023	OR924087_NA_NA_Duck_2021
OR907127_NA_NA_Goose_2023	OR924086_NA_NA_Duck_2021
OR613299_NA_HLNN15-1_Hipposideros-larvatus_2015	OR613299_NA_HLNN15-1_Hipposideros-larvatus_2015
OR613299_NA_HLNN15-1_Hipposideros-larvatus_2015	OR951042_NA_GX2017-200-126536_Hipposideros-larvatus_2017
OR613299_NA_HLNN15-1_Hipposideros-larvatus_2015	OR613298_NA_HLGXC14-18_Hipposideros-larvatus_2014
OR613299_NA_HLNN15-1_Hipposideros-larvatus_2015	OR951041_NA_GX2017-200-44502_Hipposideros-larvatus_2017
OR613299_NA_HLNN15-1_Hipposideros-larvatus_2015	OR613297_NA_HAGXC131516-10_Hipposideros-armiger_2015
OR613299_NA_HLNN15-1_Hipposideros-larvatus_2015	OR951038_NA_GX2017-199-2788_Hipposideros-larvatus_2017
OR613299_NA_HLNN15-1_Hipposideros-larvatus_2015	OR951036_NA_GD2018-193-3704_Hipposideros-larvatus_2018
OR613299_NA_HLNN15-1_Hipposideros-larvatus_2015	OR951035_NA_GD2018-192-546203_Hipposideros-larvatus_2018
OR613299_NA_HLNN15-1_Hipposideros-larvatus_2015	OR951032_NA_GD2016-189-30487_Hipposideros-larvatus_2016
OR613299_NA_HLNN15-1_Hipposideros-larvatus_2015	OR951028_NA_GD2016-187-7946_Hipposideros-larvatus_2016
OR613299_NA_HLNN15-1_Hipposideros-larvatus_2015	OP963600_NA_NA_Hipposideros-larvatus_2015
OR350285_NA_F29_Xenotilapia-nasus_2016	OR350285_NA_F29_Xenotilapia-nasus_2016
OM451103_NA_HuB-F2_porcupine_2020	OM451103_NA_HuB-F2_porcupine_2020
OM451108_NA_GX-F3_hoary-bamboo-rat_2020	OM451108_NA_GX-F3_hoary-bamboo-rat_2020
MZ209691_NA_HLXXFY353_Tetragnatha-nitens_2016	MZ209691_NA_HLXXFY353_Tetragnatha-nitens_2016
MW853972_NA_AstroV-like-HMU-2_Odobenus-rosmarus_2018	MW853972_NA_AstroV-like-HMU-2_Odobenus-rosmarus_2018
MT734809_NA_BAstV-RB_bat_2020	MT734809_NA_BAstV-RB_bat_2020
KY933670_NA_C-P5_Homo-sapiens_2017	KY933670_NA_C-P5_Homo-sapiens_2017
KY933670_NA_C-P5_Homo-sapiens_2017	KJ920197_NA_HMO-CLondon2_NA_2014
KY933670_NA_C-P5_Homo-sapiens_2017	GQ891990_NA_SG_Homo-sapiens_2007
KY933670_NA_C-P5_Homo-sapiens_2017	KJ920196_NA_HMO-CLondon1_NA_2013
KY933670_NA_C-P5_Homo-sapiens_2017	KM401565_NA_NA_NA_NA
KY933670_NA_C-P5_Homo-sapiens_2017	MT432184_NA_ITA-2018-205-18-5_Homo-sapiens_2018
KY933670_NA_C-P5_Homo-sapiens_2017	KM358468_NA_NA_NA_NA
KY933670_NA_C-P5_Homo-sapiens_2017	FJ973620_NA_VA1_Homo-sapiens_2008
KY933670_NA_C-P5_Homo-sapiens_2017	GQ267696_NA_SZ908_Homo-sapiens_2008
KY933670_NA_C-P5_Homo-sapiens_2017	HM484374_NA_VS34_Homo-sapiens_2007
KY933670_NA_C-P5_Homo-sapiens_2017	NC-013060_NA_VA1_Homo-sapiens_2008
JN420352_NA_1148_Zalophus-californianus-(California-sea-lion)_2010	JN420352_NA_1148_Zalophus-californianus-(California-sea-lion)_2010
JN420352_NA_1148_Zalophus-californianus-(California-sea-lion)_2010	JN420359_NA_9822_Zalophus-californianus-(California-sea-lion)_2010
PV979747_NA_K8f-52-Astrovirus-shrew-240620_Su--murinus_2024	PV979747_NA_K8f-52-Astrovirus-shrew-240620_Su--murinus_2024
PV979747_NA_K8f-52-Astrovirus-shrew-240620_Su--murinus_2024	OQ802754_NA_WZ-Su-murinus-astro-1_Suncus-murinus_2016
PV979747_NA_K8f-52-Astrovirus-shrew-240620_Su--murinus_2024	OQ802753_NA_WZ-Ap-agrarius-astro-2_Apodemus-agrarius_2016
PQ055538_NA_QJ3TG3868_Procambarus-clarkii_2021	PQ055538_NA_QJ3TG3868_Procambarus-clarkii_2021
PP711874_NA_4A-Kenya-BAT3003-2015_Miniopterus-sp--B76_2015	PP711874_NA_4A-Kenya-BAT3003-2015_Miniopterus-sp--B76_2015
PP711874_NA_4A-Kenya-BAT3003-2015_Miniopterus-sp--B76_2015	PP711876_NA_4C-Kenya-BAT2996-2015_Miniopterus-sp--B76_2015
PP711874_NA_4A-Kenya-BAT3003-2015_Miniopterus-sp--B76_2015	PP711875_NA_4B-Kenya-BAT3503-2015_Miniopterus-minor_2015
PP352011_NA_Jiangxi-CHN-2022_Pelophylax-nigromaculatus_2022	PP352011_NA_Jiangxi-CHN-2022_Pelophylax-nigromaculatus_2022
OR350281_NA_F26_Enantiopus-melanogenys_2017	OR350281_NA_F26_Enantiopus-melanogenys_2017
OQ198044_NA_AstroviridaeDogfe337C1full_canine_2020	OQ198044_NA_AstroviridaeDogfe337C1full_canine_2020
NC-033792_NA_HHMAstV1_Marmota-himalayana_2013	NC-033792_NA_HHMAstV1_Marmota-himalayana_2013
NC-033792_NA_HHMAstV1_Marmota-himalayana_2013	KY024237_NA_HHMAstV1_Marmota-himalayana_2013
NC-033792_NA_HHMAstV1_Marmota-himalayana_2013	PV708886_NA_Chenqi-074_Marmota-sibirica_2023
OR951034_NA_GD2017-191-26815_Hipposideros-larvatus_2017	OR951034_NA_GD2017-191-26815_Hipposideros-larvatus_2017
PV793828_NA_AstroviridaeGoosefe87_Anser-sp-_2024	PV793828_NA_AstroviridaeGoosefe87_Anser-sp-_2024
PP872080_NA_astro-vt-362_Sus-scrofa-domesticus_2016	PP872080_NA_astro-vt-362_Sus-scrofa-domesticus_2016
PQ792554_NA_Svole195-astro1_Neodon-fuscus_2023	PQ792554_NA_Svole195-astro1_Neodon-fuscus_2023
PQ792554_NA_Svole195-astro1_Neodon-fuscus_2023	PX095749_NA_SQ-N-fuscus-Mav-4_Neodon-fuscus_2023
PQ792554_NA_Svole195-astro1_Neodon-fuscus_2023	PQ791985_NA_Hvole035-astro1_Neodon-fuscus_2023
PQ055532_NA_QJ3DS2284_Procambarus-clarkii_2021	PQ055532_NA_QJ3DS2284_Procambarus-clarkii_2021
PQ110289_NA_Or-elegans1-agamemnon2_Oryctes-sp-_2024	PQ110289_NA_Or-elegans1-agamemnon2_Oryctes-sp-_2024
OQ236139_NA_AstV-GD-L95-21-2022_Rhinolophus-sinicus_2022	OQ236139_NA_AstV-GD-L95-21-2022_Rhinolophus-sinicus_2022
PP173590_NA_MP3-k141-212809_NA_2022	PP173590_NA_MP3-k141-212809_NA_2022
OQ802762_NA_WF-Ch-smithii-bastro-3_Chodsigoa-smithii_2016	OQ802762_NA_WF-Ch-smithii-bastro-3_Chodsigoa-smithii_2016
OP589985_NA_EBW-Sk-9_Miniopterus-orianae-oceanensis_2013	OP589985_NA_EBW-Sk-9_Miniopterus-orianae-oceanensis_2013
OM451110_NA_FJ-MO1_Eurasian-red-squirrel_2021	OM451110_NA_FJ-MO1_Eurasian-red-squirrel_2021
MN920663_NA_spa143ast1_NA_2018	MN920663_NA_spa143ast1_NA_2018
MG599930_NA_NA_Minous-monodactylus_NA	MG599930_NA_NA_Minous-monodactylus_NA
FJ571068_NA_LS11_Hipposideros-armiger_2007	FJ571068_NA_LS11_Hipposideros-armiger_2007
PV247174_NA_LUVAS-2023-PAstV-21_pig_2023	PV247174_NA_LUVAS-2023-PAstV-21_pig_2023
PV247174_NA_LUVAS-2023-PAstV-21_pig_2023	NC-025379_NA_PAstV-GX1_swine_2013
PV247174_NA_LUVAS-2023-PAstV-21_pig_2023	OL689632_NA_AH-1_Porcine_2021
PV247174_NA_LUVAS-2023-PAstV-21_pig_2023	MW504546_NA_15217-AST-len-6452-cov-17-307332_Sus-scrofa_2018
PV247174_NA_LUVAS-2023-PAstV-21_pig_2023	PV247173_NA_LUVAS-2023-PAstV-20_pig_2023
PV247174_NA_LUVAS-2023-PAstV-21_pig_2023	KF787112_NA_PAstV-GX1_swine_2013
PV247174_NA_LUVAS-2023-PAstV-21_pig_2023	OM105035_NA_BSF2_Sus-scrofa-domesticus_2021
PV247174_NA_LUVAS-2023-PAstV-21_pig_2023	PP871881_NA_astro-vt-163_Sus-scrofa-domesticus_2014
PQ792210_NA_Sarthropod023-astro1_Araneus-ventricosus_2023	PQ792210_NA_Sarthropod023-astro1_Araneus-ventricosus_2023
PQ062282_NA_GS-DX-12-2023_goat_2023	PQ062282_NA_GS-DX-12-2023_goat_2023
PP173384_NA_KCAP3-k141-90808_NA_2022_reverse	PP173384_NA_KCAP3-k141-90808_NA_2022_reverse
OQ802761_NA_WF-Ch-smithii-bastro-2_Chodsigoa-smithii_2016	OQ802761_NA_WF-Ch-smithii-bastro-2_Chodsigoa-smithii_2016
OP589980_NA_EBW-Sk-4_Miniopterus-orianae-oceanensis_2013	OP589980_NA_EBW-Sk-4_Miniopterus-orianae-oceanensis_2013
MT766332_NA_AstV-CHN-XJ-env-2018-ks4-ctg3_NA_2018	MT766332_NA_AstV-CHN-XJ-env-2018-ks4-ctg3_NA_2018
KY855439_NA_NA_Marmota-himalayana_2013	KY855439_NA_NA_Marmota-himalayana_2013
KY855439_NA_NA_Marmota-himalayana_2013	KY855442_NA_NA_Marmota-himalayana_2013
KY855439_NA_NA_Marmota-himalayana_2013	KY855441_NA_NA_Marmota-himalayana_2013
KY855439_NA_NA_Marmota-himalayana_2013	KY855440_NA_NA_Marmota-himalayana_2013
MN832787_NA_BtAstV-13585-58-M-dau-DK-2014_Myotis-daubentonii_2014	MN832787_NA_BtAstV-13585-58-M-dau-DK-2014_Myotis-daubentonii_2014
MN920670_NA_ybw202ast01_NA_2018	MN920670_NA_ybw202ast01_NA_2018
HM450382_NA_RS126_Rattus-norvegicus_2007	HM450382_NA_RS126_Rattus-norvegicus_2007
HM450382_NA_RS126_Rattus-norvegicus_2007	OQ802726_NA_WZ-Ra-norvegicus-astro-2_Rattus-norvegicus_2016
HM450382_NA_RS126_Rattus-norvegicus_2007	OQ802723_NA_JM-Ra-norvegicus-astro-2_Rattus-norvegicus_2016
HM450382_NA_RS126_Rattus-norvegicus_2007	PV351774_NA_HN-K12f-6_Suncus-murinus_2024_reverse
HM450382_NA_RS126_Rattus-norvegicus_2007	PV351770_NA_HN-K2f-471_Suncus-murinus_2024
HM450382_NA_RS126_Rattus-norvegicus_2007	MW149253_NA_NA_Rattus-norvegicus-(Norway-rat)_2017
HM450382_NA_RS126_Rattus-norvegicus_2007	PV979748_NA_Rhabdo-Mix-4-123-Astrovirus-shrew-240620_Su--murinus_2024_reverse
HM450382_NA_RS126_Rattus-norvegicus_2007	PQ678009_NA_ZTYJ-YNSC199_Rattus-tanezumi_2022
HM450382_NA_RS126_Rattus-norvegicus_2007	HM450381_NA_RS118_Rattus-norvegicus_2007
HM450382_NA_RS126_Rattus-norvegicus_2007	MT549859_NA_CHN-148_Rattus-norvegicus_2016
HM450382_NA_RS126_Rattus-norvegicus_2007	KT946734_NA_HK-1998F_Rattus-andamanensis_NA
HM450382_NA_RS126_Rattus-norvegicus_2007	MT549858_NA_CHN-147_Rattus-norvegicus_2016
HM450382_NA_RS126_Rattus-norvegicus_2007	KT946733_NA_HK-1893F_Rattus-andamanensis_NA
HM450382_NA_RS126_Rattus-norvegicus_2007	KT946732_NA_HK-1797F_Rattus-andamanensis_NA
HM450382_NA_RS126_Rattus-norvegicus_2007	MT085167_NA_RtBs-AstV-Tl2007_Bandicota-savilei_2007
HM450382_NA_RS126_Rattus-norvegicus_2007	MF033386_NA_X104_Rattus-losea_2017
HM450382_NA_RS126_Rattus-norvegicus_2007	PQ541182_NA_Ra--rattus-astro_Rattus-rattus_2023
HM450382_NA_RS126_Rattus-norvegicus_2007	MF033385_NA_S510_Rattus-norvegicus_2017
HM450382_NA_RS126_Rattus-norvegicus_2007	PP211271_NA_Ra-norvegicus-astro-2_Rattus-norvegicus_2018
MG599880_NA_NA_Hyporhamphus-sajori_NA	MG599880_NA_NA_Hyporhamphus-sajori_NA
OR951098_NA_JX2021-368-226027_Rhinolophus-sinicus_2021	OR951098_NA_JX2021-368-226027_Rhinolophus-sinicus_2021
PQ055535_NA_QJ3DS5660_Procambarus-clarkii_2021	PQ055535_NA_QJ3DS5660_Procambarus-clarkii_2021
PP711861_NA_16A-Kenya-BAT255-2015_Coleura-afra_2015	PP711861_NA_16A-Kenya-BAT255-2015_Coleura-afra_2015
PP173905_NA_SP1A-k141-108659_NA_2021_reverse	PP173905_NA_SP1A-k141-108659_NA_2021_reverse
OL444939_NA_CHN-2020-1_ferret_2020	OL444939_NA_CHN-2020-1_ferret_2020
OL444939_NA_CHN-2020-1_ferret_2020	AY179509_NA_NA_NA_NA
OL444939_NA_CHN-2020-1_ferret_2020	GU985458_NA_SMS-AstV_mink_NA
OQ802710_NA_JM-My-chinensis-astro-6_Myotis-chinensis_2016	OQ802710_NA_JM-My-chinensis-astro-6_Myotis-chinensis_2016
OR270059_NA_MAR-S_Retropinna-retropinna_2021	OR270059_NA_MAR-S_Retropinna-retropinna_2021
OQ198041_NA_AstroviridaeDogfe351C1full_canine_2020	OQ198041_NA_AstroviridaeDogfe351C1full_canine_2020
OQ198041_NA_AstroviridaeDogfe351C1full_canine_2020	OQ198045_NA_AstroviridaeDogfe331C1full_canine_2020
OQ198041_NA_AstroviridaeDogfe351C1full_canine_2020	OQ198040_NA_AstroviridaeDogfe352C1full_canine_2020
OQ198041_NA_AstroviridaeDogfe351C1full_canine_2020	OQ198039_NA_AstroviridaeDogfe352C7full_canine_2020
OQ198041_NA_AstroviridaeDogfe351C1full_canine_2020	OQ198038_NA_AstroviridaeDogfe360C3full_canine_2020
OQ198041_NA_AstroviridaeDogfe351C1full_canine_2020	OQ198035_NA_AstroviridaeDogfe376C1full_canine_2020
ON552247_NA_NA_bovine_2021	ON552247_NA_NA_bovine_2021
ON552247_NA_NA_bovine_2021	MK987102_NA_BoAstV-VC65-693_Bos-taurus_2016
ON552247_NA_NA_bovine_2021	PV853945_NA_Indiana-2024_Capra-hircus_2024
ON552247_NA_NA_bovine_2021	PQ805455_NA_GX-HC-G20-2024_goat_2024
ON552247_NA_NA_bovine_2021	MK987101_NA_BoAstV-VC34-375_Bos-taurus_2016
ON552247_NA_NA_bovine_2021	ON624254_NA_NA_cow_2021
ON552247_NA_NA_bovine_2021	OP331312_NA_NA_NA_NA
ON552247_NA_NA_bovine_2021	ON624253_NA_NA_cow_2021
ON552247_NA_NA_bovine_2021	KP264970_NA_BSRI-1_Bos-taurus_2013
ON552247_NA_NA_bovine_2021	OQ198048_NA_AstroviridaeDogfe325C1full_canine_2020
ON552247_NA_NA_bovine_2021	ON624251_NA_NA_cow_2021
ON552247_NA_NA_bovine_2021	OQ198046_NA_AstroviridaeDogfe326C3full_canine_2020
ON552247_NA_NA_bovine_2021	ON624279_NA_NA_cow_2021
ON552247_NA_NA_bovine_2021	OQ198043_NA_AstroviridaeDogfe338C1full_canine_2020
ON552247_NA_NA_bovine_2021	PQ583782_NA_NZ1_Bos-taurus_2023
ON552247_NA_NA_bovine_2021	OK107513_NA_NA_goat_2020
ON552247_NA_NA_bovine_2021	LC047800_NA_NA_Bos-taurus_2015
ON552247_NA_NA_bovine_2021	LC047798_NA_NA_Bos-taurus_2015
ON552247_NA_NA_bovine_2021	PV880243_NA_G8-1_Capra-hircus_2017
ON552247_NA_NA_bovine_2021	MW373719_NA_BoAstv-CHN-Henan-1-2019_bovine_2019
ON552247_NA_NA_bovine_2021	MW373718_NA_BoAstv-CHN-Henan-2-2019_bovine_2019
ON552247_NA_NA_bovine_2021	ON191568_NA_NA_Bos-taurus_2020
ON552247_NA_NA_bovine_2021	OR367602_NA_YakFeces06-1294_Bos-mutus_2021
ON552247_NA_NA_bovine_2021	OR367595_NA_YakFeces02-3682_Bos-mutus_2021
ON552247_NA_NA_bovine_2021	OR367593_NA_YakFeces02-789_Bos-mutus_2021
ON552247_NA_NA_bovine_2021	LC047790_NA_NA_Bos-taurus_2009
ON552247_NA_NA_bovine_2021	OR367582_NA_xizangshannan36-2853_Bos-mutus_2021
ON552247_NA_NA_bovine_2021	OR367580_NA_xizangnaqu22-12511_Bos-mutus_2021
ON552247_NA_NA_bovine_2021	MK404645_NA_NA_Capra-hircus_2017
ON552247_NA_NA_bovine_2021	ON624257_NA_NA_cow_2021
ON552247_NA_NA_bovine_2021	OR367576_NA_xizangnaqu17-4658_Bos-mutus_2021
ON552247_NA_NA_bovine_2021	ON624256_NA_NA_cow_2021
MW853971_NA_AstroV-HMU-1_Zalophus-californianus_2018	MW853971_NA_AstroV-HMU-1_Zalophus-californianus_2018
MN920669_NA_ybb150ast01_NA_2018	MN920669_NA_ybb150ast01_NA_2018
MN920669_NA_ybb150ast01_NA_2018	MN920672_NA_ytb090ast01_NA_2018
MN920669_NA_ybb150ast01_NA_2018	MT137992_NA_bfb201ast01_NA_2018
MN920669_NA_ybb150ast01_NA_2018	MN920671_NA_ytb089ast01_NA_2018
NC-027426_NA_NA_Coracias-garrulus-(European-roller)_2011	NC-027426_NA_NA_Coracias-garrulus-(European-roller)_2011
NC-027426_NA_NA_Coracias-garrulus-(European-roller)_2011	KP663426_NA_NA_Coracias-garrulus-(European-roller)_2011
MF175073_NA_MAV2-NYC-2014-M007-0090_Mus-musculus_2014	MF175073_NA_MAV2-NYC-2014-M007-0090_Mus-musculus_2014
MF175073_NA_MAV2-NYC-2014-M007-0090_Mus-musculus_2014	MN503238_NA_MI-USA-2018_Mus-musculus_2018
MF175073_NA_MAV2-NYC-2014-M007-0090_Mus-musculus_2014	MN503237_NA_WCM2-NY-USA-2018_Mus-musculus_2018
MF175073_NA_MAV2-NYC-2014-M007-0090_Mus-musculus_2014	MN503236_NA_WCM1-NY-USA-2018_Mus-musculus_2018
MF175073_NA_MAV2-NYC-2014-M007-0090_Mus-musculus_2014	MN503235_NA_TIB-224-MA-USA-2018_Mus-musculus_2018
KC692365_NA_fox-5_Vulpes-vulpes_2012	KC692365_NA_fox-5_Vulpes-vulpes_2012
MW588064_NA_NA_NA_NA	MW588064_NA_NA_NA_NA
MG599936_NA_NA_Hemitriakis-japanica_NA	MG599936_NA_NA_Hemitriakis-japanica_NA
OR951097_NA_JX2021-367-194485_Rhinolophus-sinicus_2021	OR951097_NA_JX2021-367-194485_Rhinolophus-sinicus_2021
PV793827_NA_AstroviridaeCranefe81_Leucogeranus-leucogeranus_2024	PV793827_NA_AstroviridaeCranefe81_Leucogeranus-leucogeranus_2024
PP872111_NA_astro-vt-393_Sus-scrofa-domesticus_2014	PP872111_NA_astro-vt-393_Sus-scrofa-domesticus_2014
PP623814_NA_MP22-196_Mareca-falcata_2022	PP623814_NA_MP22-196_Mareca-falcata_2022
PP711860_NA_15A-Kenya-BAT1537-2015_Mops-condylurus_2015	PP711860_NA_15A-Kenya-BAT1537-2015_Mops-condylurus_2015
PP173657_NA_MP3-k141-5253_NA_2022_reverse	PP173657_NA_MP3-k141-5253_NA_2022_reverse
OR270057_NA_KAI-S_Retropinna-retropinna_2021_reverse	OR270057_NA_KAI-S_Retropinna-retropinna_2021_reverse
OR270057_NA_KAI-S_Retropinna-retropinna_2021_reverse	OR270055_NA_RTP-S_Retropinna-retropinna_2021_reverse
ON624282_NA_NA_cow_2021	ON624282_NA_NA_cow_2021
ON624282_NA_NA_cow_2021	ON624255_NA_NA_cow_2021
ON624282_NA_NA_cow_2021	OR367611_NA_yunnandeqin78-3721_Bos-mutus_2021
ON624282_NA_NA_cow_2021	HQ916315_NA_NA_cattle_NA
ON624282_NA_NA_cow_2021	OR367609_NA_yunnandeqin66-1633_Bos-mutus_2021
ON624282_NA_NA_cow_2021	OQ198051_NA_AstroviridaeDogfe316C1full_canine_2020
ON624282_NA_NA_cow_2021	NC-037655_NA_LLT03_Budorcas-taxicolor-tibetana_2013
ON624282_NA_NA_cow_2021	MG660832_NA_LLT03_Budorcas-taxicolor-tibetana_2013
ON624282_NA_NA_cow_2021	ON624264_NA_NA_cow_2021
ON624282_NA_NA_cow_2021	KM822593_NA_S8_yak_2013
ON624282_NA_NA_cow_2021	MW810338_NA_NA_calf_2018
ON624282_NA_NA_cow_2021	ON624284_NA_NA_cow_2021
ON624282_NA_NA_cow_2021	LC047787_NA_NA_Bos-taurus_2013
ON624282_NA_NA_cow_2021	ON624281_NA_NA_cow_2021
ON624282_NA_NA_cow_2021	MT758371_NA_Egy-1_cattle_2015
ON624282_NA_NA_cow_2021	ON624280_NA_NA_cow_2021
ON624282_NA_NA_cow_2021	ON624278_NA_NA_cow_2021
ON624282_NA_NA_cow_2021	OQ686756_NA_NA_Bovine_2021
ON624282_NA_NA_cow_2021	ON624277_NA_NA_cow_2021
ON624282_NA_NA_cow_2021	OQ686755_NA_NA_Bovine_2021
ON624282_NA_NA_cow_2021	ON885952_NA_NA_Sichuan-takin_2021
ON624282_NA_NA_cow_2021	ON624276_NA_NA_cow_2021
ON624282_NA_NA_cow_2021	NC-024297_NA_NA_cattle_2014
ON624282_NA_NA_cow_2021	OQ686754_NA_NA_Bovine_2021
ON624282_NA_NA_cow_2021	ON624275_NA_NA_cow_2021
ON624282_NA_NA_cow_2021	OQ686753_NA_NA_Bovine_2021
ON624282_NA_NA_cow_2021	LC047797_NA_NA_Bos-taurus_2015
ON624282_NA_NA_cow_2021	ON624273_NA_NA_cow_2021
ON624282_NA_NA_cow_2021	LC047796_NA_NA_Bos-taurus_2014
ON624282_NA_NA_cow_2021	ON624272_NA_NA_cow_2021
ON624282_NA_NA_cow_2021	MZ603733_NA_BoAstV-CN-HB-SJZ-2021_cattle_2021
ON624282_NA_NA_cow_2021	ON624269_NA_NA_cow_2021
ON624282_NA_NA_cow_2021	ON624268_NA_NA_cow_2021
ON624282_NA_NA_cow_2021	MW373715_NA_BoAstv-CHN-HLJ-1-2019_bovine_2019
ON624282_NA_NA_cow_2021	ON624267_NA_NA_cow_2021
ON624282_NA_NA_cow_2021	MW373714_NA_BoAstv-CHN-HLJ-2-2019_bovine_2019
ON624282_NA_NA_cow_2021	ON624266_NA_NA_cow_2021
ON624282_NA_NA_cow_2021	MW373713_NA_BoAstv-CHN-Hunan-1-2019_bovine_2019
ON624282_NA_NA_cow_2021	HQ916317_NA_NA_cattle_NA
ON624282_NA_NA_cow_2021	ON624265_NA_NA_cow_2021
ON624282_NA_NA_cow_2021	MW373712_NA_BoAstv-CHN-Hebei-1-2019_bovine_2019
ON624282_NA_NA_cow_2021	OR367587_NA_xizangshannan41-3074_Bos-mutus_2021
ON624282_NA_NA_cow_2021	MN150125_NA_NA_roe-deer_2014
ON624282_NA_NA_cow_2021	MN150124_NA_NA_roe-deer_2014
ON624282_NA_NA_cow_2021	KJ620980_NA_NA_cattle_2014
ON624282_NA_NA_cow_2021	HQ916313_NA_NA_cattle_NA
ON624282_NA_NA_cow_2021	KJ620979_NA_NA_cattle_2014
ON571622_NA_NA_goat_2020	ON571622_NA_NA_goat_2020
ON571622_NA_NA_goat_2020	PX095946_NA_DL-G-himalayensis-Mav_Gyps-himalayensis_2023_reverse
ON571622_NA_NA_goat_2020	ON624252_NA_NA_cow_2021
ON571622_NA_NA_goat_2020	PV400867_NA_NA_cattle_2025
ON571622_NA_NA_goat_2020	OR652457_NA_stool_goat_2023
ON571622_NA_NA_goat_2020	OM890931_NA_NA_goat_2020
ON571622_NA_NA_goat_2020	LC047793_NA_NA_Bos-taurus_2009
MW645024_NA_NA_Melanotaenia-fluviatilis_2020	MW645024_NA_NA_Melanotaenia-fluviatilis_2020
MN920668_NA_war204ast1_NA_2018	MN920668_NA_war204ast1_NA_2018
MK096775_NA_PasAstV-3_Passeriformes_2016	MK096775_NA_PasAstV-3_Passeriformes_2016
MG599933_NA_NA_Calotes-versicolor_NA	MG599933_NA_NA_Calotes-versicolor_NA
OR951096_NA_JX2021_Rhinolophus-affinis_2021	OR951096_NA_JX2021_Rhinolophus-affinis_2021
PV793829_NA_AstroviridaeGoosefe94_Anser-sp-_2024	PV793829_NA_AstroviridaeGoosefe94_Anser-sp-_2024
PQ055533_NA_QJ5MG2088_Procambarus-clarkii_2021	PQ055533_NA_QJ5MG2088_Procambarus-clarkii_2021
PQ055533_NA_QJ5MG2088_Procambarus-clarkii_2021	PQ055534_NA_QJ5DG15_Procambarus-clarkii_2021
PP711856_NA_13A-Kenya-BAT1552-2015_Mops-condylurus_2015	PP711856_NA_13A-Kenya-BAT1552-2015_Mops-condylurus_2015
PP173619_NA_MP3-k141-278491_NA_2022_reverse	PP173619_NA_MP3-k141-278491_NA_2022_reverse
OQ802763_NA_WF-Ch-smithii-bastro-4_Chodsigoa-smithii_2016	OQ802763_NA_WF-Ch-smithii-bastro-4_Chodsigoa-smithii_2016
OK107514_NA_NA_goat_2021	OK107514_NA_NA_goat_2021
OK107514_NA_NA_goat_2021	OK107515_NA_NA_goat_2021
MN149395_NA_D390_Jinding-ducks_2013	MN149395_NA_D390_Jinding-ducks_2013
MN149395_NA_D390_Jinding-ducks_2013	FJ919228_NA_NA_duck_NA
MN149395_NA_D390_Jinding-ducks_2013	FJ919227_NA_NA_duck_NA
MN149395_NA_D390_Jinding-ducks_2013	FJ919226_NA_NA_duck_NA
MN149395_NA_D390_Jinding-ducks_2013	FJ919225_NA_NA_duck_NA
MN149395_NA_D390_Jinding-ducks_2013	MN149394_NA_D200_Jinding-ducks_2013
MN149395_NA_D390_Jinding-ducks_2013	MW217578_NA_DAstV-SDZZ_duck_2020
MN149395_NA_D390_Jinding-ducks_2013	MN149393_NA_D120_Jinding-ducks_2013
MN149395_NA_D390_Jinding-ducks_2013	MN149392_NA_D17_Jinding-ducks_2013
MN149395_NA_D390_Jinding-ducks_2013	MH712856_NA_NA_duck_2012
MN149395_NA_D390_Jinding-ducks_2013	PV169360_NA_NA_duck_2024
MN149395_NA_D390_Jinding-ducks_2013	OR134528_NA_NA_Muscovy-duck_2022
MN149395_NA_D390_Jinding-ducks_2013	OR134527_NA_NA_Muscovy-duck_2022
MN149395_NA_D390_Jinding-ducks_2013	OR134526_NA_NA_Muscovy-duck_2022
MN149395_NA_D390_Jinding-ducks_2013	JX439643_NA_NA_duck_2012
MN149395_NA_D390_Jinding-ducks_2013	OR134525_NA_NA_Muscovy-duck_2022
MN149395_NA_D390_Jinding-ducks_2013	OR134524_NA_NA_Muscovy-duck_2022
MN149395_NA_D390_Jinding-ducks_2013	OR134523_NA_NA_Muscovy-duck_2022
MN149395_NA_D390_Jinding-ducks_2013	FJ434664_NA_NA_duck_2008
MN149395_NA_D390_Jinding-ducks_2013	OR134522_NA_NA_Muscovy-duck_2022
MN149395_NA_D390_Jinding-ducks_2013	OR134521_NA_NA_Muscovy-duck_2022
MN149395_NA_D390_Jinding-ducks_2013	OR134520_NA_NA_Muscovy-duck_2022
MN149395_NA_D390_Jinding-ducks_2013	OL652659_NA_DAstV-SDWF_duck_2021
MN149395_NA_D390_Jinding-ducks_2013	OR134519_NA_NA_Muscovy-duck_2022
MN149395_NA_D390_Jinding-ducks_2013	OR134518_NA_NA_Muscovy-duck_2022
MN149395_NA_D390_Jinding-ducks_2013	NC-012437_NA_NA_duck_2008
MN149395_NA_D390_Jinding-ducks_2013	KY646154_NA_HB2015_Beijing-duck_2015
MN920667_NA_tom152ast2_NA_2018	MN920667_NA_tom152ast2_NA_2018
MN920667_NA_tom152ast2_NA_2018	MT137999_NA_coa196ast1_NA_2018
NC-043096_NA_NA_Tursiops-truncatus-(Bottlenose-dolphin)_2007	NC-043096_NA_NA_Tursiops-truncatus-(Bottlenose-dolphin)_2007
NC-043096_NA_NA_Tursiops-truncatus-(Bottlenose-dolphin)_2007	FJ890355_NA_NA_Tursiops-truncatus-(Bottlenose-dolphin)_2007
MK096774_NA_PasAstV-2_Passeriformes_2016	MK096774_NA_PasAstV-2_Passeriformes_2016
NC-025346_NA_TN-rabbit-10-2208_Oryctolagus-cuniculus_2010	NC-025346_NA_TN-rabbit-10-2208_Oryctolagus-cuniculus_2010
NC-025346_NA_TN-rabbit-10-2208_Oryctolagus-cuniculus_2010	OR670489_NA_CHL-Valparaiso-RNLP-D114-2021_Oryctolagus-cuniculus_2021
NC-025346_NA_TN-rabbit-10-2208_Oryctolagus-cuniculus_2010	MZ682112_NA_SD-Z317-2021_rabbit_2020
NC-025346_NA_TN-rabbit-10-2208_Oryctolagus-cuniculus_2010	JF729316_NA_TN-rabbit-10-2208_Oryctolagus-cuniculus_2010
MW588062_NA_NA_NA_NA	MW588062_NA_NA_NA_NA
MW588062_NA_NA_NA_NA	MW588063_NA_NA_NA_NA
MG599932_NA_NA_Polypedates-megacephalus_NA	MG599932_NA_NA_Polypedates-megacephalus_NA
OR951095_NA_JX2021_Rhinolophus-affinis_2021	OR951095_NA_JX2021_Rhinolophus-affinis_2021
MG599912_NA_NA_Sylvirana-guentheri_NA	MG599912_NA_NA_Sylvirana-guentheri_NA
MG599928_NA_NA_Parapercis-lutevittata_NA	MG599928_NA_NA_Parapercis-lutevittata_NA
OR951088_NA_YN2020-321-30356_Miniopterus-schreibersii_2020	OR951088_NA_YN2020-321-30356_Miniopterus-schreibersii_2020
OR951088_NA_YN2020-321-30356_Miniopterus-schreibersii_2020	OR613303_NA_MSJDC22-12649_Miniopterus-schreibersii_2022
OR951088_NA_YN2020-321-30356_Miniopterus-schreibersii_2020	OQ802698_NA_JM-Mi-schreibersii-astro-1_Miniopterus-schreibersii_2016
OR951088_NA_YN2020-321-30356_Miniopterus-schreibersii_2020	OR951082_NA_Pool-313_Chiroptera-sp-_2020
PV793833_NA_AstroviridaeGoosefe95V2_Anser-sp-_2024	PV793833_NA_AstroviridaeGoosefe95V2_Anser-sp-_2024
PP872059_NA_astro-vt-341_Sus-scrofa-(wild-boar)_2014	PP872059_NA_astro-vt-341_Sus-scrofa-(wild-boar)_2014
FJ571067_NA_LD71_Taphozous-melanopogon_2007	FJ571067_NA_LD71_Taphozous-melanopogon_2007
FJ571067_NA_LD71_Taphozous-melanopogon_2007	NC-043098_NA_LD71_Taphozous-melanopogon_2007
PQ792140_NA_Sarthropod009-astro1_Helobdella-robusta_2023	PQ792140_NA_Sarthropod009-astro1_Helobdella-robusta_2023
PQ055529_NA_QJ3MS35_Procambarus-clarkii_2021	PQ055529_NA_QJ3MS35_Procambarus-clarkii_2021
PQ055529_NA_QJ3MS35_Procambarus-clarkii_2021	PQ055530_NA_QJ3MG18_Procambarus-clarkii_2021
PP173376_NA_KCAP3-k141-88145_NA_2022_reverse	PP173376_NA_KCAP3-k141-88145_NA_2022_reverse
OQ802759_NA_WF-Ni-niviventer-astro-1_Niviventer-niviventer_2016	OQ802759_NA_WF-Ni-niviventer-astro-1_Niviventer-niviventer_2016
OP589979_NA_EBW-Sk-3_Miniopterus-orianae-oceanensis_2013	OP589979_NA_EBW-Sk-3_Miniopterus-orianae-oceanensis_2013
OM140654_NA_NA_Marmota-caudata_2016	OM140654_NA_NA_Marmota-caudata_2016
MT499772_NA_NA_water-buffalo_2019	MT499772_NA_NA_water-buffalo_2019
MG599904_NA_NA_Myrrophis-chinensis_NA	MG599904_NA_NA_Myrrophis-chinensis_NA
MG599926_NA_NA_Arnoglossus-sp-_NA	MG599926_NA_NA_Arnoglossus-sp-_NA
MG599926_NA_NA_Arnoglossus-sp-_NA	MG599885_NA_NA_NA_NA
MG599926_NA_NA_Arnoglossus-sp-_NA	MG599881_NA_NA_Hyporhamphus-sajori_NA
MG599926_NA_NA_Arnoglossus-sp-_NA	MG599929_NA_NA_Echelus-uropterus_NA
MG599926_NA_NA_Arnoglossus-sp-_NA	MG599927_NA_NA_Sardinella-lemuru_NA
OR951087_NA_YN2020-321-29515_Miniopterus-schreibersii_2020	OR951087_NA_YN2020-321-29515_Miniopterus-schreibersii_2020
PV793832_NA_AstroviridaeGoosefe95V1_Anser-sp-_2024	PV793832_NA_AstroviridaeGoosefe95V1_Anser-sp-_2024
PP871787_NA_astro-vt-69_Sus-scrofa-domesticus_2015	PP871787_NA_astro-vt-69_Sus-scrofa-domesticus_2015
PP871787_NA_astro-vt-69_Sus-scrofa-domesticus_2015	KY940075_NA_K451_pig_2012
PP871787_NA_astro-vt-69_Sus-scrofa-domesticus_2015	MW784084_NA_228-114947_NA_NA
PP871787_NA_astro-vt-69_Sus-scrofa-domesticus_2015	PP871745_NA_astro-vt-27_Sus-scrofa-domesticus_2014
PP871787_NA_astro-vt-69_Sus-scrofa-domesticus_2015	MW784102_NA_R67-15434_NA_NA
PP871787_NA_astro-vt-69_Sus-scrofa-domesticus_2015	PP871788_NA_astro-vt-70_Sus-scrofa-domesticus_2014
PP871787_NA_astro-vt-69_Sus-scrofa-domesticus_2015	PP871738_NA_astro-vt-20_Sus-scrofa-domesticus_2015
PP871787_NA_astro-vt-69_Sus-scrofa-domesticus_2015	PP871721_NA_astro-vt-3_Sus-scrofa-domesticus_2014
PP871787_NA_astro-vt-69_Sus-scrofa-domesticus_2015	MW504570_NA_15211-AST-len-6632-cov-111-322335_Sus-scrofa_2018
FJ571066_NA_LD77_Taphozous-melanopogon_2007	FJ571066_NA_LD77_Taphozous-melanopogon_2007
FJ571066_NA_LD77_Taphozous-melanopogon_2007	NC-043100_NA_LD77_Taphozous-melanopogon_2007
FJ571066_NA_LD77_Taphozous-melanopogon_2007	OR951075_NA_GX2016_Taphozous-sp-_2016
PV093029_NA_NA_Neogale-vison_2023	PV093029_NA_NA_Neogale-vison_2023
PV093029_NA_NA_Neogale-vison_2023	OP169001_NA_AAstV-Chicken-CHN-2021-HA2101_chicken_2021
PV093029_NA_NA_Neogale-vison_2023	MK746105_NA_AAstV-Chicken-CHN-2017-NJ1701_chicken_2017
PV093029_NA_NA_Neogale-vison_2023	PV093028_NA_NA_Neogale-vison_2023
PV093029_NA_NA_Neogale-vison_2023	PV093027_NA_NA_Neogale-vison_2023
PV093029_NA_NA_Neogale-vison_2023	PV093026_NA_NA_Neogale-vison_2023
PV093029_NA_NA_Neogale-vison_2023	PV093025_NA_NA_Neogale-vison_2023
PV093029_NA_NA_Neogale-vison_2023	MN807051_NA_AAstV-Chicken-CHN-2018-CZ1801_Gallus-gallus_2018
PV093029_NA_NA_Neogale-vison_2023	OR545548_NA_AAstV-Chicken-CHN-2022-SQ2201_chicken_2022
PV093029_NA_NA_Neogale-vison_2023	MN725026_NA_NA_chicken_2018
PV093029_NA_NA_Neogale-vison_2023	MN725025_NA_NA_chicken_2018
PQ055528_NA_QJ3TS2970_Procambarus-clarkii_2021	PQ055528_NA_QJ3TS2970_Procambarus-clarkii_2021
OQ236134_NA_AstV-GZ-L162-18b-2022_Myotis-ricketti_2022	OQ236134_NA_AstV-GZ-L162-18b-2022_Myotis-ricketti_2022
OQ236134_NA_AstV-GZ-L162-18b-2022_Myotis-ricketti_2022	OR951055_NA_JX2020_Myotis-pilosus_2020
OQ236134_NA_AstV-GZ-L162-18b-2022_Myotis-ricketti_2022	OR951050_NA_GD2019_Myotis-pilosus_2019
OQ236134_NA_AstV-GZ-L162-18b-2022_Myotis-ricketti_2022	OR951048_NA_GD2017-210-6054_Myotis-pilosus_2017
OQ236134_NA_AstV-GZ-L162-18b-2022_Myotis-ricketti_2022	OQ236135_NA_AstV-GZ-L173-18-2022_Myotis-ricketti_2022
OQ236134_NA_AstV-GZ-L162-18b-2022_Myotis-ricketti_2022	OR951074_NA_GD2016-278-174689_Myotis-chinensis_2016
PP173191_NA_KCAP3-k141-228666_NA_2022_reverse	PP173191_NA_KCAP3-k141-228666_NA_2022_reverse
OP589978_NA_EBW-Sk-2_Miniopterus-orianae-oceanensis_2013	OP589978_NA_EBW-Sk-2_Miniopterus-orianae-oceanensis_2013
OP076748_NA_DcAstV-Jd57-KSA-2014_Camelus-dromedarius_2014	OP076748_NA_DcAstV-Jd57-KSA-2014_Camelus-dromedarius_2014
OP076748_NA_DcAstV-Jd57-KSA-2014_Camelus-dromedarius_2014	KR868721_NA_DcAstV-169_Camelus-dromedarius_2013
OP076748_NA_DcAstV-Jd57-KSA-2014_Camelus-dromedarius_2014	NC-027711_NA_DcAstV-274_Camelus-dromedarius_2013
OP076748_NA_DcAstV-Jd57-KSA-2014_Camelus-dromedarius_2014	OP076750_NA_DcAstV-Jd74-KSA-2014_Camelus-dromedarius_2014
OP076748_NA_DcAstV-Jd57-KSA-2014_Camelus-dromedarius_2014	KR868723_NA_DcAstV-135_Camelus-dromedarius_2013
OP076748_NA_DcAstV-Jd57-KSA-2014_Camelus-dromedarius_2014	KR868722_NA_DcAstV-64_Camelus-dromedarius_2013
OP076748_NA_DcAstV-Jd57-KSA-2014_Camelus-dromedarius_2014	ON714999_NA_SP-VC41_Sus-scrofa_2017
OP076748_NA_DcAstV-Jd57-KSA-2014_Camelus-dromedarius_2014	PP871864_NA_astro-vt-146_Sus-scrofa-domesticus_2015
OP076748_NA_DcAstV-Jd57-KSA-2014_Camelus-dromedarius_2014	PP871763_NA_astro-vt-45_Sus-scrofa-(wild-boar)_2014
OP076748_NA_DcAstV-Jd57-KSA-2014_Camelus-dromedarius_2014	MW504564_NA_15216-AST-len-3947-cov-18-593525_Sus-scrofa_2018
OP076748_NA_DcAstV-Jd57-KSA-2014_Camelus-dromedarius_2014	MK378521_NA_PoAstV-VIRES-HLJ01-C2_Sus-scrofa_2017
OP076748_NA_DcAstV-Jd57-KSA-2014_Camelus-dromedarius_2014	MW784076_NA_86-105857_NA_NA
OP076748_NA_DcAstV-Jd57-KSA-2014_Camelus-dromedarius_2014	MW504563_NA_15217-AST-len-6409-cov-36-668240_Sus-scrofa_2018
OP076748_NA_DcAstV-Jd57-KSA-2014_Camelus-dromedarius_2014	OL695851_NA_AH2-1_swine_2021
OP076748_NA_DcAstV-Jd57-KSA-2014_Camelus-dromedarius_2014	MW504562_NA_15214-AST-len-6398-cov-287-341794_Sus-scrofa_2018
OP076748_NA_DcAstV-Jd57-KSA-2014_Camelus-dromedarius_2014	PV089621_NA_PAstV2-CHN-SW25-2024_swine_2024
OP076748_NA_DcAstV-Jd57-KSA-2014_Camelus-dromedarius_2014	MW504561_NA_15215-AST-len-6433-cov-73-331765_Sus-scrofa_2018
OP076748_NA_DcAstV-Jd57-KSA-2014_Camelus-dromedarius_2014	MW504560_NA_15213-AST-len-6405-cov-45-141575_Sus-scrofa_2018
OP076748_NA_DcAstV-Jd57-KSA-2014_Camelus-dromedarius_2014	KY940077_NA_U083_pig_2012
OP076748_NA_DcAstV-Jd57-KSA-2014_Camelus-dromedarius_2014	MW784072_NA_9-123138_NA_NA
OP076748_NA_DcAstV-Jd57-KSA-2014_Camelus-dromedarius_2014	PP871755_NA_astro-vt-37_Sus-scrofa-domesticus_2014
OP076748_NA_DcAstV-Jd57-KSA-2014_Camelus-dromedarius_2014	MW504558_NA_15216-AST-len-6470-cov-1464-991738_Sus-scrofa_2018
OP076748_NA_DcAstV-Jd57-KSA-2014_Camelus-dromedarius_2014	LC201592_NA_NA_Sus-scrofa_2015
OP076748_NA_DcAstV-Jd57-KSA-2014_Camelus-dromedarius_2014	ON049754_NA_136-k141-196628_NA_NA
OP076748_NA_DcAstV-Jd57-KSA-2014_Camelus-dromedarius_2014	LC201591_NA_NA_Sus-scrofa_2015
OP076748_NA_DcAstV-Jd57-KSA-2014_Camelus-dromedarius_2014	ON049749_NA_85-k141-87774_NA_NA
OP076748_NA_DcAstV-Jd57-KSA-2014_Camelus-dromedarius_2014	MW784069_NA_7-168877_NA_NA
OP076748_NA_DcAstV-Jd57-KSA-2014_Camelus-dromedarius_2014	LT898434_NA_PAstV-GER-L00855-K14-14-04-2014_NA_NA
OP076748_NA_DcAstV-Jd57-KSA-2014_Camelus-dromedarius_2014	LC201590_NA_NA_Sus-scrofa_2015
OP076748_NA_DcAstV-Jd57-KSA-2014_Camelus-dromedarius_2014	MW784108_NA_s68-555025_NA_NA
OP076748_NA_DcAstV-Jd57-KSA-2014_Camelus-dromedarius_2014	PP872137_NA_astro-vt-419_Sus-scrofa-domesticus_2014
OP076748_NA_DcAstV-Jd57-KSA-2014_Camelus-dromedarius_2014	PP871751_NA_astro-vt-33_Sus-scrofa-(wild-boar)_2014
OP076748_NA_DcAstV-Jd57-KSA-2014_Camelus-dromedarius_2014	MW784109_NA_s68-796037_NA_NA
OP076748_NA_DcAstV-Jd57-KSA-2014_Camelus-dromedarius_2014	LC201588_NA_NA_Sus-scrofa_2015
OP076748_NA_DcAstV-Jd57-KSA-2014_Camelus-dromedarius_2014	KP982872_NA_Bel-12R021_Sus-scrofa_NA
OP076748_NA_DcAstV-Jd57-KSA-2014_Camelus-dromedarius_2014	PP871748_NA_astro-vt-30_Sus-scrofa-(wild-boar)_2014
OP076748_NA_DcAstV-Jd57-KSA-2014_Camelus-dromedarius_2014	LC201587_NA_NA_Sus-scrofa_2015
OP076748_NA_DcAstV-Jd57-KSA-2014_Camelus-dromedarius_2014	KP747573_NA_AstV-LL-1_porcine_2006
OP076748_NA_DcAstV-Jd57-KSA-2014_Camelus-dromedarius_2014	PP871791_NA_astro-vt-73_Sus-scrofa-domesticus_2015
OP076748_NA_DcAstV-Jd57-KSA-2014_Camelus-dromedarius_2014	OP076766_NA_BcAstV-NMG59-CHN-2015_Camelus-bactrianus_2015
OP076748_NA_DcAstV-Jd57-KSA-2014_Camelus-dromedarius_2014	MN241818_NA_NA_porcine_2018
OP076748_NA_DcAstV-Jd57-KSA-2014_Camelus-dromedarius_2014	OP076749_NA_DcAstV-Jd67-KSA-2014_Camelus-dromedarius_2014
OP076748_NA_DcAstV-Jd57-KSA-2014_Camelus-dromedarius_2014	MW504559_NA_15211-AST-len-6300-cov-172-501041_Sus-scrofa_2018
OP076748_NA_DcAstV-Jd57-KSA-2014_Camelus-dromedarius_2014	ON714998_NA_SP-VC29_Sus-scrofa_2017
OP076748_NA_DcAstV-Jd57-KSA-2014_Camelus-dromedarius_2014	PP871784_NA_astro-vt-66_Sus-scrofa-(wild-boar)_2015
OP076748_NA_DcAstV-Jd57-KSA-2014_Camelus-dromedarius_2014	OP076744_NA_DcAstV-Jd70-KSA-2014_Camelus-dromedarius_2014
OP076748_NA_DcAstV-Jd57-KSA-2014_Camelus-dromedarius_2014	MW784091_NA_287-203354_NA_NA
OP076748_NA_DcAstV-Jd57-KSA-2014_Camelus-dromedarius_2014	PP871783_NA_astro-vt-65_Sus-scrofa-domesticus_2014
OP076748_NA_DcAstV-Jd57-KSA-2014_Camelus-dromedarius_2014	PP871728_NA_astro-vt-10_Sus-scrofa-domesticus_2014
OP076748_NA_DcAstV-Jd57-KSA-2014_Camelus-dromedarius_2014	PP871726_NA_astro-vt-8_Sus-scrofa-domesticus_2015
OP076748_NA_DcAstV-Jd57-KSA-2014_Camelus-dromedarius_2014	OM104031_NA_BSF3_Sus-scrofa-domesticus_2021
OP076748_NA_DcAstV-Jd57-KSA-2014_Camelus-dromedarius_2014	PP871919_NA_astro-vt-201_Sus-scrofa-domesticus_2014
OP076748_NA_DcAstV-Jd57-KSA-2014_Camelus-dromedarius_2014	MW784087_NA_276-120415_NA_NA
OP076748_NA_DcAstV-Jd57-KSA-2014_Camelus-dromedarius_2014	PP871774_NA_astro-vt-56_Sus-scrofa-domesticus_2014
OP076748_NA_DcAstV-Jd57-KSA-2014_Camelus-dromedarius_2014	OM105048_NA_BSF1_Sus-scrofa-domesticus_2021
OP076748_NA_DcAstV-Jd57-KSA-2014_Camelus-dromedarius_2014	MW784083_NA_227-67505_NA_NA
OP076748_NA_DcAstV-Jd57-KSA-2014_Camelus-dromedarius_2014	MW504569_NA_15210-AST-len-6256-cov-20-917755_Sus-scrofa_2018
OP076748_NA_DcAstV-Jd57-KSA-2014_Camelus-dromedarius_2014	MW784082_NA_227-342448_NA_NA
OP076748_NA_DcAstV-Jd57-KSA-2014_Camelus-dromedarius_2014	PP871768_NA_astro-vt-50_Sus-scrofa-domesticus_2015
OP076748_NA_DcAstV-Jd57-KSA-2014_Camelus-dromedarius_2014	OL695857_NA_AH2-7_swine_2021
OP076748_NA_DcAstV-Jd57-KSA-2014_Camelus-dromedarius_2014	MW504568_NA_15215-AST-len-3912-cov-17-622245_Sus-scrofa_2018
OP076748_NA_DcAstV-Jd57-KSA-2014_Camelus-dromedarius_2014	PP871767_NA_astro-vt-49_Sus-scrofa-domesticus_2015
OP076748_NA_DcAstV-Jd57-KSA-2014_Camelus-dromedarius_2014	OL695856_NA_AH2-6_swine_2021
OP076748_NA_DcAstV-Jd57-KSA-2014_Camelus-dromedarius_2014	MW504567_NA_15214-AST-len-6394-cov-119-013882_Sus-scrofa_2018
OP076748_NA_DcAstV-Jd57-KSA-2014_Camelus-dromedarius_2014	KR868724_NA_DcAstV-274_Camelus-dromedarius_2013
OP076748_NA_DcAstV-Jd57-KSA-2014_Camelus-dromedarius_2014	MW784079_NA_226-105986_NA_NA
OP076748_NA_DcAstV-Jd57-KSA-2014_Camelus-dromedarius_2014	OL695855_NA_AH2-5_swine_2021
OP076748_NA_DcAstV-Jd57-KSA-2014_Camelus-dromedarius_2014	MW504566_NA_15216-AST-len-3931-cov-1002-606295_Sus-scrofa_2018
OP076748_NA_DcAstV-Jd57-KSA-2014_Camelus-dromedarius_2014	MG930777_NA_NA_Sus-scrofa_2015
OP076748_NA_DcAstV-Jd57-KSA-2014_Camelus-dromedarius_2014	MW784078_NA_87-370059_NA_NA
OP076748_NA_DcAstV-Jd57-KSA-2014_Camelus-dromedarius_2014	OL695854_NA_AH2-4_swine_2021
OP076748_NA_DcAstV-Jd57-KSA-2014_Camelus-dromedarius_2014	MW504565_NA_15212-AST-len-6392-cov-43-742307_Sus-scrofa_2018
OP076748_NA_DcAstV-Jd57-KSA-2014_Camelus-dromedarius_2014	MW784077_NA_86-165985_NA_NA
OP076748_NA_DcAstV-Jd57-KSA-2014_Camelus-dromedarius_2014	NC-034974_NA_K321_pig_2012
OP076748_NA_DcAstV-Jd57-KSA-2014_Camelus-dromedarius_2014	LC201593_NA_NA_Sus-scrofa_2015
OP076748_NA_DcAstV-Jd57-KSA-2014_Camelus-dromedarius_2014	KY940076_NA_K321_pig_2012
MT506231_NA_RoAstV-CHN-S3_Rattus-norvegicus_2016	MT506231_NA_RoAstV-CHN-S3_Rattus-norvegicus_2016
KY855437_NA_NA_Marmota-himalayana_2013	KY855437_NA_NA_Marmota-himalayana_2013
KY855437_NA_NA_Marmota-himalayana_2013	NC-033821_NA_HHMAstV2_Marmota-himalayana_2013
KY855437_NA_NA_Marmota-himalayana_2013	KY024238_NA_HHMAstV2_Marmota-himalayana_2013
KY855437_NA_NA_Marmota-himalayana_2013	KY855438_NA_NA_Marmota-himalayana_2013
KT946721_NA_D11-148-2-HK_white-eye_NA	KT946721_NA_D11-148-2-HK_white-eye_NA
MG599899_NA_NA_Pleuronichthys-japonicus_NA	MG599899_NA_NA_Pleuronichthys-japonicus_NA
MG599925_NA_NA_Crossorhombus-sp-_NA	MG599925_NA_NA_Crossorhombus-sp-_NA
KT946731_NA_HK-CWRN1RV_Rattus-norvegicus_NA	KT946731_NA_HK-CWRN1RV_Rattus-norvegicus_NA
KT946731_NA_HK-CWRN1RV_Rattus-norvegicus_NA	OQ802721_NA_WZ-Ra-norvegicus-astro-1_Rattus-norvegicus_2016
KT946731_NA_HK-CWRN1RV_Rattus-norvegicus_NA	PP871752_NA_astro-vt-34_Sus-scrofa-(wild-boar)_2014
KT946731_NA_HK-CWRN1RV_Rattus-norvegicus_NA	OQ802716_NA_JM-Ra-norvegicus-astro-1_Rattus-norvegicus_2016
KT946731_NA_HK-CWRN1RV_Rattus-norvegicus_NA	MZ357118_NA_Moin135AstV01-8_Rattus-norvegicus_2020
OR951086_NA_YN2020-321-25819_Miniopterus-schreibersii_2020	OR951086_NA_YN2020-321-25819_Miniopterus-schreibersii_2020
OR951026_NA_GX2017-185-6114_Scotophilus-kuhlii_2017	OR951026_NA_GX2017-185-6114_Scotophilus-kuhlii_2017
PV793831_NA_AstroviridaeGoosefe93_Anser-sp-_2024	PV793831_NA_AstroviridaeGoosefe93_Anser-sp-_2024
FJ571065_NA_LD38_Taphozous-melanopogon_2007	FJ571065_NA_LD38_Taphozous-melanopogon_2007
FJ571065_NA_LD38_Taphozous-melanopogon_2007	NC-043103_NA_LD38_Taphozous-melanopogon_2007
PQ893528_NA_NSW-2021_Eolophus-roseicapilla_2021	PQ893528_NA_NSW-2021_Eolophus-roseicapilla_2021
PQ055527_NA_QJ3TS1993_Procambarus-clarkii_2021	PQ055527_NA_QJ3TS1993_Procambarus-clarkii_2021
PP478076_NA_PL-pigeon-24-2023_carrier-pigeon_2023	PP478076_NA_PL-pigeon-24-2023_carrier-pigeon_2023
PP478076_NA_PL-pigeon-24-2023_carrier-pigeon_2023	PX237222_NA_pigeon-FSU1_pigeon_2025
PP478076_NA_PL-pigeon-24-2023_carrier-pigeon_2023	MF768270_NA_NA_pigeon_2014
PP478076_NA_PL-pigeon-24-2023_carrier-pigeon_2023	KT946725_NA_D10-5628-HK_spotted-dove_NA
PP478076_NA_PL-pigeon-24-2023_carrier-pigeon_2023	KT946724_NA_D11-440-HK_feral-pigeon_NA
PP478076_NA_PL-pigeon-24-2023_carrier-pigeon_2023	KT946723_NA_D11-336-2-HK_spotted-dove_NA
PP478076_NA_PL-pigeon-24-2023_carrier-pigeon_2023	KT946722_NA_D11-116-HK_spotted-dove_NA
PP478076_NA_PL-pigeon-24-2023_carrier-pigeon_2023	PP478075_NA_PL-pigeon-4a-2023_carrier-pigeon_2023
PP173172_NA_KCAP3-k141-208509_NA_2022_reverse	PP173172_NA_KCAP3-k141-208509_NA_2022_reverse
PP173172_NA_KCAP3-k141-208509_NA_2022_reverse	PP172792_NA_KCAP1-k141-594990_NA_2022_reverse
OQ986722_NA_ARAN_Araneae_2021	OQ986722_NA_ARAN_Araneae_2021
OP589977_NA_EBW-Sk-1_Miniopterus-orianae-oceanensis_2013	OP589977_NA_EBW-Sk-1_Miniopterus-orianae-oceanensis_2013
OM954094_NA_CMP2-DN37632-c0-g1-i1_NA_2019	OM954094_NA_CMP2-DN37632-c0-g1-i1_NA_2019
MW249010_NA_DesRot-Peru-AYA14-F-DrAstV_Desmodus-rotundus_2016	MW249010_NA_DesRot-Peru-AYA14-F-DrAstV_Desmodus-rotundus_2016
EU847155_NA_AFCD337_Miniopterus-pusillus_2006	EU847155_NA_AFCD337_Miniopterus-pusillus_2006
EU847155_NA_AFCD337_Miniopterus-pusillus_2006	NC-043102_NA_AFCD337_Miniopterus-pusillus_2006
MG599895_NA_NA_Coelorinchus-multispinulosus_NA	MG599895_NA_NA_Coelorinchus-multispinulosus_NA
MG599924_NA_NA_Crossorhombus-sp-_NA	MG599924_NA_NA_Crossorhombus-sp-_NA
PQ893527_NA_QLD-2021_Alisterus-scapularis_2021	PQ893527_NA_QLD-2021_Alisterus-scapularis_2021
PQ055526_NA_QJ5DG2895_Procambarus-clarkii_2021	PQ055526_NA_QJ5DG2895_Procambarus-clarkii_2021
PP173125_NA_KCAP3-k141-153500_NA_2022_reverse	PP173125_NA_KCAP3-k141-153500_NA_2022_reverse
PP173125_NA_KCAP3-k141-153500_NA_2022_reverse	PP172939_NA_KCAP2-k141-248179_NA_2022_reverse
OQ986648_NA_GEIG_NA_2021	OQ986648_NA_GEIG_NA_2021
OQ802750_NA_WZ-My-laniger-astro-2_Myotis-laniger_2016	OQ802750_NA_WZ-My-laniger-astro-2_Myotis-laniger_2016
OM954082_NA_CMU2-DN72442-c0-g1-i1_NA_2019	OM954082_NA_CMU2-DN72442-c0-g1-i1_NA_2019
MW504552_NA_15214-AST-len-6117-cov-31-526724_Sus-scrofa_2018	MW504552_NA_15214-AST-len-6117-cov-31-526724_Sus-scrofa_2018
MW504552_NA_15214-AST-len-6117-cov-31-526724_Sus-scrofa_2018	OL695853_NA_AH2-3_swine_2021
MW504552_NA_15214-AST-len-6117-cov-31-526724_Sus-scrofa_2018	OL695852_NA_AH2-2_swine_2021
MW504552_NA_15214-AST-len-6117-cov-31-526724_Sus-scrofa_2018	MW784075_NA_85-137625_NA_NA
MW504552_NA_15214-AST-len-6117-cov-31-526724_Sus-scrofa_2018	MK378505_NA_PoAstV-VIRES-HeB02-C1_Sus-scrofa_2017
MW504552_NA_15214-AST-len-6117-cov-31-526724_Sus-scrofa_2018	LC201594_NA_NA_Sus-scrofa_2015
MW504552_NA_15214-AST-len-6117-cov-31-526724_Sus-scrofa_2018	JF713712_NA_NA_Sus-scrofa_2010
MW504552_NA_15214-AST-len-6117-cov-31-526724_Sus-scrofa_2018	MZ819165_NA_PoAstV2-Swine-CHI-CF2673-2017_Sus-scrofa_2017
MW504552_NA_15214-AST-len-6117-cov-31-526724_Sus-scrofa_2018	KJ495986_NA_NA_Sus-scrofa_2012
MW504552_NA_15214-AST-len-6117-cov-31-526724_Sus-scrofa_2018	ON714997_NA_SP-VC9_Sus-scrofa_2017
MW504552_NA_15214-AST-len-6117-cov-31-526724_Sus-scrofa_2018	MZ819164_NA_PoAstV2-Swine-CHI-FB036-2017_Sus-scrofa_2017
MW504552_NA_15214-AST-len-6117-cov-31-526724_Sus-scrofa_2018	MK460230_NA_PoAstV2-CHN-WG-R2-2017_pig_2017
MW504552_NA_15214-AST-len-6117-cov-31-526724_Sus-scrofa_2018	JF713710_NA_NA_Sus-scrofa_2010
MW504552_NA_15214-AST-len-6117-cov-31-526724_Sus-scrofa_2018	PP871753_NA_astro-vt-35_Sus-scrofa-domesticus_2014
MW504552_NA_15214-AST-len-6117-cov-31-526724_Sus-scrofa_2018	ON714996_NA_SP-VC36_Sus-scrofa_2017
MW504552_NA_15214-AST-len-6117-cov-31-526724_Sus-scrofa_2018	MW504557_NA_15217-AST-len-6431-cov-31-131274_Sus-scrofa_2018
MW504552_NA_15214-AST-len-6117-cov-31-526724_Sus-scrofa_2018	KT892964_NA_7351v2_Swine_2014
MW504552_NA_15214-AST-len-6117-cov-31-526724_Sus-scrofa_2018	PV539770_NA_PAstV2-NMG-2025_porcine_2025
MW504552_NA_15214-AST-len-6117-cov-31-526724_Sus-scrofa_2018	MW504556_NA_15209-AST-len-6414-cov-16-838497_Sus-scrofa_2018
MW504552_NA_15214-AST-len-6117-cov-31-526724_Sus-scrofa_2018	OM451107_NA_HuB-F4_porcupine_2020
MW504552_NA_15214-AST-len-6117-cov-31-526724_Sus-scrofa_2018	MW504554_NA_15213-AST-len-6398-cov-89-848021_Sus-scrofa_2018
MW504552_NA_15214-AST-len-6117-cov-31-526724_Sus-scrofa_2018	LC201589_NA_NA_Sus-scrofa_2015
MW504552_NA_15214-AST-len-6117-cov-31-526724_Sus-scrofa_2018	OM451106_NA_AH-F2_porcupine_2020
MW504552_NA_15214-AST-len-6117-cov-31-526724_Sus-scrofa_2018	MW504553_NA_15216-AST-len-6394-cov-49-822685_Sus-scrofa_2018
MW504552_NA_15214-AST-len-6117-cov-31-526724_Sus-scrofa_2018	MK378474_NA_PoAstV-VIRES-GX03-C2_Sus-scrofa_2017
MW504552_NA_15214-AST-len-6117-cov-31-526724_Sus-scrofa_2018	OM451105_NA_AH-F1_porcupine_2020
MW504552_NA_15214-AST-len-6117-cov-31-526724_Sus-scrofa_2018	MW504551_NA_15211-AST-len-5924-cov-1028-513035_Sus-scrofa_2018
MW504552_NA_15214-AST-len-6117-cov-31-526724_Sus-scrofa_2018	MW784106_NA_R96-75684_NA_NA
MW504552_NA_15214-AST-len-6117-cov-31-526724_Sus-scrofa_2018	KJ496001_NA_PFTS-2_Sus-scrofa_NA
MW504552_NA_15214-AST-len-6117-cov-31-526724_Sus-scrofa_2018	MW504550_NA_15211-AST-len-6383-cov-846-694532_Sus-scrofa_2018
MW504552_NA_15214-AST-len-6117-cov-31-526724_Sus-scrofa_2018	LC201586_NA_NA_Sus-scrofa_2015
MW504552_NA_15214-AST-len-6117-cov-31-526724_Sus-scrofa_2018	MW784105_NA_R69-151373_NA_NA
MW504552_NA_15214-AST-len-6117-cov-31-526724_Sus-scrofa_2018	PP871797_NA_astro-vt-79_Sus-scrofa-domesticus_2014
MW504552_NA_15214-AST-len-6117-cov-31-526724_Sus-scrofa_2018	PP871744_NA_astro-vt-26_Sus-scrofa-domesticus_2014
MW504552_NA_15214-AST-len-6117-cov-31-526724_Sus-scrofa_2018	MW504547_NA_15211-AST-len-3696-cov-139-405383_Sus-scrofa_2018
MW504552_NA_15214-AST-len-6117-cov-31-526724_Sus-scrofa_2018	LC201585_NA_NA_Sus-scrofa_2014
MW504552_NA_15214-AST-len-6117-cov-31-526724_Sus-scrofa_2018	OP076765_NA_BcAstV-NMG31-CHN-2015_Camelus-bactrianus_2015
MW504552_NA_15214-AST-len-6117-cov-31-526724_Sus-scrofa_2018	MK378588_NA_PoAstV-VIRES-ZJ01-C2_Sus-scrofa_2017
MW504552_NA_15214-AST-len-6117-cov-31-526724_Sus-scrofa_2018	KJ571486_NA_LP084-Guangxi_Hystrix-brachyurus_2011
MW504552_NA_15214-AST-len-6117-cov-31-526724_Sus-scrofa_2018	PP871740_NA_astro-vt-22_Sus-scrofa-domesticus_2015
MW504552_NA_15214-AST-len-6117-cov-31-526724_Sus-scrofa_2018	MK378582_NA_PoAstV-VIRES-YN02-C1_Sus-scrofa_2017
MW504552_NA_15214-AST-len-6117-cov-31-526724_Sus-scrofa_2018	JX556690_NA_AstV2-US-IA122_Sus-scrofa-(swine)_2011
MW504552_NA_15214-AST-len-6117-cov-31-526724_Sus-scrofa_2018	PP871737_NA_astro-vt-19_Sus-scrofa-domesticus_2015
MW504552_NA_15214-AST-len-6117-cov-31-526724_Sus-scrofa_2018	MZ357117_NA_Rpf011AstV01-5_Ailurus-fulgens_2020
MW504552_NA_15214-AST-len-6117-cov-31-526724_Sus-scrofa_2018	OP076747_NA_DcAstV-Jd53-KSA-2014_Camelus-dromedarius_2014
MW504552_NA_15214-AST-len-6117-cov-31-526724_Sus-scrofa_2018	OP076746_NA_DcAstV-Jd76-KSA-2014_Camelus-dromedarius_2014
MW504552_NA_15214-AST-len-6117-cov-31-526724_Sus-scrofa_2018	NC-023674_NA_NA_Sus-scrofa_2010
MW504552_NA_15214-AST-len-6117-cov-31-526724_Sus-scrofa_2018	MW784092_NA_287-60804_NA_NA
MW504552_NA_15214-AST-len-6117-cov-31-526724_Sus-scrofa_2018	PP871729_NA_astro-vt-11_Sus-scrofa-domesticus_2014
MW504552_NA_15214-AST-len-6117-cov-31-526724_Sus-scrofa_2018	OM966723_NA_BSF3_Sus-scrofa-domesticus_2021
MW504552_NA_15214-AST-len-6117-cov-31-526724_Sus-scrofa_2018	OM966722_NA_BSF2_Sus-scrofa-domesticus_2021
MW504552_NA_15214-AST-len-6117-cov-31-526724_Sus-scrofa_2018	PP871776_NA_astro-vt-58_Sus-scrofa-domesticus_2014
MW504552_NA_15214-AST-len-6117-cov-31-526724_Sus-scrofa_2018	PP871725_NA_astro-vt-7_Sus-scrofa-domesticus_2015
MW504552_NA_15214-AST-len-6117-cov-31-526724_Sus-scrofa_2018	MK378538_NA_PoAstV-VIRES-HuN01-C3_Sus-scrofa_2017
MW504552_NA_15214-AST-len-6117-cov-31-526724_Sus-scrofa_2018	OM105003_NA_BSF1-C2_Sus-scrofa-domesticus_2021
MW504552_NA_15214-AST-len-6117-cov-31-526724_Sus-scrofa_2018	MW784081_NA_227-2671_NA_NA
MW504552_NA_15214-AST-len-6117-cov-31-526724_Sus-scrofa_2018	MK378528_NA_PoAstV-VIRES-HLJ01-C9_Sus-scrofa_2017
MW504552_NA_15214-AST-len-6117-cov-31-526724_Sus-scrofa_2018	PP871765_NA_astro-vt-47_Sus-scrofa-(wild-boar)_2014
MW504552_NA_15214-AST-len-6117-cov-31-526724_Sus-scrofa_2018	OM451211_NA_AH-F2_porcupine_2020
MW504552_NA_15214-AST-len-6117-cov-31-526724_Sus-scrofa_2018	OM451104_NA_AH-F1_Porcupine_2020
EU847154_NA_WCF214_Miniopterus-pusillus_2005	EU847154_NA_WCF214_Miniopterus-pusillus_2005
KX599353_NA_NA_dog_2012	KX599353_NA_NA_dog_2012
KX599353_NA_NA_dog_2012	KX599351_NA_NA_dog_2012
KX599353_NA_NA_dog_2012	KX599349_NA_NA_dog_2012
KX599353_NA_NA_dog_2012	PP871815_NA_astro-vt-97_Canis-lupus-familiaris_2015
KX599353_NA_NA_dog_2012	PV418556_NA_CaAstV-Dog-AUS-huntervalley-7-2022_Canis-lupus-familiaris_2022
KX599353_NA_NA_dog_2012	PQ423911_NA_NA_Canis-lupus-familiaris_2022
KX599353_NA_NA_dog_2012	PV418555_NA_CaAstV-Dog-AUS-huntervalley-6-2022_Canis-lupus-familiaris_2022
KX599353_NA_NA_dog_2012	KY765684_NA_NA_Cerdocyon-thous_2015
KX599353_NA_NA_dog_2012	PV418554_NA_CaAstV-Dog-AUS-huntervalley-3-2022_Canis-lupus-familiaris_2022
KX599353_NA_NA_dog_2012	PV418553_NA_CaAstV-Dog-AUS-centralwest-6-2022_Canis-lupus-familiaris_2022
KX599353_NA_NA_dog_2012	KP404150_NA_NA_NA_2012
KX599353_NA_NA_dog_2012	PV418551_NA_CaAstV-Dog-AUS-centralwest-3-2022_Canis-lupus-familiaris_2022
KX599353_NA_NA_dog_2012	OM451113_NA_SD-F3_raccoon-dog_2021
KX599353_NA_NA_dog_2012	KP404149_NA_NA_NA_2012
KX599353_NA_NA_dog_2012	PV418546_NA_CaAstV-Dog-AUS-2-hopevale-4-2021_Canis-lupus-familiaris_2021
KX599353_NA_NA_dog_2012	KX756441_NA_DD1_Canis-lupus-familaris_2012
KX599353_NA_NA_dog_2012	PP980350_NA_JBN-22D67_Canis-lupus-familiaris_2022
KX599353_NA_NA_dog_2012	PQ533462_NA_S5-k141-12518_Ateles-chamek_NA
KX599353_NA_NA_dog_2012	MF973501_NA_NA_Canis-lupus-familiaris_NA
KX599353_NA_NA_dog_2012	PP980344_NA_JBN-23D104_Canis-lupus-familiaris_2023
KX599353_NA_NA_dog_2012	OR220030_NA_G21-TH-2021_dog_2021
KX599353_NA_NA_dog_2012	MN882010_NA_NA_canine_2019
KX599353_NA_NA_dog_2012	MF973500_NA_NA_Canis-lupus-familiaris_NA
KX599353_NA_NA_dog_2012	OR220029_NA_S76-TH-2021_dog_2021
KX599353_NA_NA_dog_2012	MN882009_NA_NA_canine_2019
KX599353_NA_NA_dog_2012	NC-026814_NA_NA_NA_2012
KX599353_NA_NA_dog_2012	MT894143_NA_PVNRTVU2020_canine_NA
KX599353_NA_NA_dog_2012	OR220028_NA_V111-VN-2022_dog_2022
KX599353_NA_NA_dog_2012	MN882008_NA_NA_canine_2018
KX599353_NA_NA_dog_2012	OR220027_NA_V107-VN-2022_dog_2022
KX599353_NA_NA_dog_2012	MN882007_NA_NA_canine_2018
KX599353_NA_NA_dog_2012	OR220026_NA_V98-VN-2022_dog_2022
KX599353_NA_NA_dog_2012	ON733251_NA_NA_dog_2021
KX599353_NA_NA_dog_2012	MN882006_NA_NA_canine_2019
KX599353_NA_NA_dog_2012	OR220025_NA_V138-VN-2022_dog_2022
KX599353_NA_NA_dog_2012	MN882005_NA_NA_canine_2019
KX599353_NA_NA_dog_2012	OR220024_NA_V196-VN-2022_dog_2022
KX599353_NA_NA_dog_2012	MN882004_NA_NA_canine_2019
KX599353_NA_NA_dog_2012	OR220023_NA_V194-VN-2022_dog_2022
KX599353_NA_NA_dog_2012	MN882003_NA_NA_canine_2019
KX599353_NA_NA_dog_2012	OR220022_NA_V91-VN-2022_dog_2022
KX599353_NA_NA_dog_2012	MN882002_NA_NA_canine_2019
KX599353_NA_NA_dog_2012	MN882001_NA_NA_canine_2019
KX599353_NA_NA_dog_2012	MT078248_NA_MN2-USA-2017_dog_2017
KX599353_NA_NA_dog_2012	MN882000_NA_NA_canine_2019
KX599353_NA_NA_dog_2012	MT078247_NA_MN1-USA-ORF-2017_dog_2017
KX599353_NA_NA_dog_2012	MK026166_NA_DF-BC15-CAV-AUS-2017_Canine-lupus-familaris_2017
KX599353_NA_NA_dog_2012	MN881999_NA_NA_canine_2019
KX599353_NA_NA_dog_2012	KX599350_NA_NA_dog_2012
KX599353_NA_NA_dog_2012	PQ423920_NA_NA_Canis-lupus-familiaris_2023
KX599353_NA_NA_dog_2012	PQ423919_NA_NA_Canis-lupus-familiaris_2023
KX599353_NA_NA_dog_2012	PQ423918_NA_NA_Canis-lupus-familiaris_2023
KX599353_NA_NA_dog_2012	PQ423917_NA_NA_Canis-lupus-familiaris_2023
KX599353_NA_NA_dog_2012	PQ423916_NA_NA_Canis-lupus-familiaris_2023
KX599353_NA_NA_dog_2012	PQ423915_NA_NA_Canis-lupus-familiaris_2023
KX599353_NA_NA_dog_2012	OP093958_NA_PK01_Canis-lupus-familiaris_2019
KX599353_NA_NA_dog_2012	PQ423914_NA_NA_Canis-lupus-familiaris_2023
KX599353_NA_NA_dog_2012	OP093957_NA_PK03_Canis-lupus-familiaris_2019
KX599353_NA_NA_dog_2012	PQ423913_NA_NA_Canis-lupus-familiaris_2022
KX599353_NA_NA_dog_2012	PQ423912_NA_NA_Canis-lupus-familiaris_2022
JX857870_NA_MLB3-human-Vellore-26564-2004_Homo-sapiens_2004	JX857870_NA_MLB3-human-Vellore-26564-2004_Homo-sapiens_2004
JX857870_NA_MLB3-human-Vellore-26564-2004_Homo-sapiens_2004	OR448834_NA_A24-AFP7-NGR-2020_Homo-sapiens_2020
JX857870_NA_MLB3-human-Vellore-26564-2004_Homo-sapiens_2004	OR448833_NA_A25-AFP6-NGR-2020_Homo-sapiens_2020
JX857870_NA_MLB3-human-Vellore-26564-2004_Homo-sapiens_2004	NC-019028_NA_MLB3-human-Vellore-26564-2004_Homo-sapiens_2004
JX857870_NA_MLB3-human-Vellore-26564-2004_Homo-sapiens_2004	PV088328_NA_NA_Homo-sapiens_2014
JX857870_NA_MLB3-human-Vellore-26564-2004_Homo-sapiens_2004	LC732125_NA_Child-with-acute-gastroenteritis_Homo-sapiens_2019
JX857870_NA_MLB3-human-Vellore-26564-2004_Homo-sapiens_2004	OR448835_NA_A60-AFP17-NGR-2020_Homo-sapiens_2020
MG599888_NA_NA_Scoliodon-macrorhynchos_NA	MG599888_NA_NA_Scoliodon-macrorhynchos_NA
MG599923_NA_NA_Plagiopsetta-sp-_NA	MG599923_NA_NA_Plagiopsetta-sp-_NA
OR951081_NA_Pool-312_Hipposideros-sp-_2020	OR951081_NA_Pool-312_Hipposideros-sp-_2020
PQ055525_NA_QJ3TG1479_Procambarus-clarkii_2021	PQ055525_NA_QJ3TG1479_Procambarus-clarkii_2021
OQ236128_NA_AstV-SC-L74-18c-2021_Hipposideros-armiger_2021	OQ236128_NA_AstV-SC-L74-18c-2021_Hipposideros-armiger_2021
OQ986679_NA_GEIG_NA_2021	OQ986679_NA_GEIG_NA_2021
OQ802749_NA_WZ-Pi-abramus-astro-3_Pipistrellus-abramus_2016	OQ802749_NA_WZ-Pi-abramus-astro-3_Pipistrellus-abramus_2016
OQ802749_NA_WZ-Pi-abramus-astro-3_Pipistrellus-abramus_2016	OQ236136_NA_AstV-GD-L84-18-2021_Myotis-sp-_2021
OQ802749_NA_WZ-Pi-abramus-astro-3_Pipistrellus-abramus_2016	OQ802748_NA_WZ-Pi-abramus-astro-2_Pipistrellus-abramus_2016
OQ802749_NA_WZ-Pi-abramus-astro-3_Pipistrellus-abramus_2016	OQ802747_NA_WZ-Pi-abramus-astro-1_Pipistrellus-abramus_2016
OQ802749_NA_WZ-Pi-abramus-astro-3_Pipistrellus-abramus_2016	OQ802745_NA_WZ-My-laniger-astro-1_Myotis-laniger_2016
OQ802749_NA_WZ-Pi-abramus-astro-3_Pipistrellus-abramus_2016	OQ802744_NA_WZ-My-davidii-astro-1_Myotis-davidii_2016
OM954081_NA_CMU2-DN76774-c0-g2-i1_NA_2019	OM954081_NA_CMU2-DN76774-c0-g2-i1_NA_2019
EU847153_NA_AFCD68_Miniopterus-magnater_2005	EU847153_NA_AFCD68_Miniopterus-magnater_2005
KT946718_NA_D11-139-HK_house-crow_NA	KT946718_NA_D11-139-HK_house-crow_NA
KT946718_NA_D11-139-HK_house-crow_NA	KT946720_NA_D11-515-HK_house-crow_NA
KT946718_NA_D11-139-HK_house-crow_NA	KT946719_NA_D11-467-HK_house-crow_NA
MG599886_NA_NA_Lethenteron-camtschaticum_NA	MG599886_NA_NA_Lethenteron-camtschaticum_NA
MG599921_NA_NA_Macroramphosus-scolopax_NA	MG599921_NA_NA_Macroramphosus-scolopax_NA
OR951080_NA_HB2020-306-19370_Rhinolophus-sinicus_2020	OR951080_NA_HB2020-306-19370_Rhinolophus-sinicus_2020
PP871941_NA_astro-vt-223_Sus-scrofa-domesticus_2015	PP871941_NA_astro-vt-223_Sus-scrofa-domesticus_2015
PQ161557_NA_CS26_Ortmanniana-pectorosa_2021	PQ161557_NA_CS26_Ortmanniana-pectorosa_2021
PQ055524_NA_QJ3DG2844_Procambarus-clarkii_2021	PQ055524_NA_QJ3DG2844_Procambarus-clarkii_2021
PP172843_NA_KCAP1-k141-96123_NA_2022_reverse	PP172843_NA_KCAP1-k141-96123_NA_2022_reverse
OQ986609_NA_RHFU_NA_2021_reverse	OQ986609_NA_RHFU_NA_2021_reverse
OM953851_NA_CMF2-DN25939-c0-g1-i1_NA_2019	OM953851_NA_CMF2-DN25939-c0-g1-i1_NA_2019
MZ443626_NA_Vvul-virus-58_Vespula-vulgaris_NA	MZ443626_NA_Vvul-virus-58_Vespula-vulgaris_NA
MG599935_NA_NA_Chimaera-sp-_NA	MG599935_NA_NA_Chimaera-sp-_NA
MG599915_NA_NA_Cynops-orientalis_NA	MG599915_NA_NA_Cynops-orientalis_NA
OR951079_NA_HB2020-303-11589_Rhinolophus-ferrumequinum_2020	OR951079_NA_HB2020-303-11589_Rhinolophus-ferrumequinum_2020
OR951021_NA_GX2019-145-83144_Tylonycteris-pachypus_2019	OR951021_NA_GX2019-145-83144_Tylonycteris-pachypus_2019
OR951021_NA_GX2019-145-83144_Tylonycteris-pachypus_2019	OR951023_NA_GX2019-147-245_Tylonycteris-pachypus_2019
OR951021_NA_GX2019-145-83144_Tylonycteris-pachypus_2019	OR951022_NA_GX2019-146-20395_Tylonycteris-pachypus_2019
OR367608_NA_YakFeces06-13688_Bos-mutus_2021	OR367608_NA_YakFeces06-13688_Bos-mutus_2021
OR367608_NA_YakFeces06-13688_Bos-mutus_2021	MT499771_NA_NA_water-buffalo_2019
OR367608_NA_YakFeces06-13688_Bos-mutus_2021	ON885951_NA_NA_Water-buffalo_2021
OR367608_NA_YakFeces06-13688_Bos-mutus_2021	ON885950_NA_NA_Water-buffalo_2021
OR367608_NA_YakFeces06-13688_Bos-mutus_2021	ON885949_NA_NA_Water-buffalo_2021
OQ236125_NA_AstV-CQ-L76-18e-2021_Hipposideros-armiger_2021	OQ236125_NA_AstV-CQ-L76-18e-2021_Hipposideros-armiger_2021
OQ236125_NA_AstV-CQ-L76-18e-2021_Hipposideros-armiger_2021	OQ236130_NA_AstV-SC-L74-18e-2021_Hipposideros-armiger_2021
OQ986608_NA_RHFU_NA_2021	OQ986608_NA_RHFU_NA_2021
OM953850_NA_CMU1-DN176158-c0-g1-i1_NA_2019	OM953850_NA_CMU1-DN176158-c0-g1-i1_NA_2019
MZ375143_NA_5PT-RDRP-3_Phrynocephalus-theobaldi_2020	MZ375143_NA_5PT-RDRP-3_Phrynocephalus-theobaldi_2020
MZ375143_NA_5PT-RDRP-3_Phrynocephalus-theobaldi_2020	MZ375147_NA_6PT-RDRP-1_Phrynocephalus-theobaldi_2020
MN087316_NA_NA_white-tailed-deer_2018	MN087316_NA_NA_white-tailed-deer_2018
NC-019494_NA_US-MO123_Sus-scrofa-(swine)_2011	NC-019494_NA_US-MO123_Sus-scrofa-(swine)_2011
NC-019494_NA_US-MO123_Sus-scrofa-(swine)_2011	KY940545_NA_NA_porcine_2017
NC-019494_NA_US-MO123_Sus-scrofa-(swine)_2011	LC201597_NA_NA_Sus-scrofa_2014
NC-019494_NA_US-MO123_Sus-scrofa-(swine)_2011	KY073232_NA_NA_Sus-scrofa-domestica-(domestic-swine)_2015
NC-019494_NA_US-MO123_Sus-scrofa-(swine)_2011	LC201596_NA_NA_Sus-scrofa_2014
NC-019494_NA_US-MO123_Sus-scrofa-(swine)_2011	KY073231_NA_NA_Sus-scrofa-domestica-(domestic-swine)_2016
NC-019494_NA_US-MO123_Sus-scrofa-(swine)_2011	LC201595_NA_NA_Sus-scrofa_2014
NC-019494_NA_US-MO123_Sus-scrofa-(swine)_2011	MW653753_NA_USA-IA-32345-2020_porcine_2020
NC-019494_NA_US-MO123_Sus-scrofa-(swine)_2011	KY073229_NA_NA_Sus-scrofa-domestica-(domestic-swine)_2016
NC-019494_NA_US-MO123_Sus-scrofa-(swine)_2011	ON715001_NA_SP-VC29_Sus-scrofa_2017
NC-019494_NA_US-MO123_Sus-scrofa-(swine)_2011	MW653752_NA_USA-IA-72701B-2019_porcine_2019
NC-019494_NA_US-MO123_Sus-scrofa-(swine)_2011	MW653751_NA_USA-IA-72701A-2019_porcine_2019
NC-019494_NA_US-MO123_Sus-scrofa-(swine)_2011	MW653750_NA_USA-IA-53797GA-2019_porcine_2019
NC-019494_NA_US-MO123_Sus-scrofa-(swine)_2011	MW653749_NA_USA-IA-53214C-2018_porcine_2018
NC-019494_NA_US-MO123_Sus-scrofa-(swine)_2011	LT898424_NA_PAstV-GER-L00919-K17-14-02-2014_NA_NA
NC-019494_NA_US-MO123_Sus-scrofa-(swine)_2011	MW653748_NA_USA-IA-6535D-2018_porcine_2018
NC-019494_NA_US-MO123_Sus-scrofa-(swine)_2011	MW732157_NA_NA_porcine_2020
NC-019494_NA_US-MO123_Sus-scrofa-(swine)_2011	MW732156_NA_NA_porcine_2020
NC-019494_NA_US-MO123_Sus-scrofa-(swine)_2011	MW732155_NA_NA_porcine_2020
NC-019494_NA_US-MO123_Sus-scrofa-(swine)_2011	MW732154_NA_NA_porcine_2020
NC-019494_NA_US-MO123_Sus-scrofa-(swine)_2011	MW732153_NA_NA_porcine_2018
NC-019494_NA_US-MO123_Sus-scrofa-(swine)_2011	MW732152_NA_NA_porcine_2020
NC-019494_NA_US-MO123_Sus-scrofa-(swine)_2011	MW732151_NA_NA_porcine_2019
NC-019494_NA_US-MO123_Sus-scrofa-(swine)_2011	MW732150_NA_NA_porcine_2020
NC-019494_NA_US-MO123_Sus-scrofa-(swine)_2011	MW732149_NA_NA_porcine_2020
NC-019494_NA_US-MO123_Sus-scrofa-(swine)_2011	JX556691_NA_US-MO123_Sus-scrofa-(swine)_2011
NC-019494_NA_US-MO123_Sus-scrofa-(swine)_2011	MW732148_NA_NA_porcine_2018
NC-019494_NA_US-MO123_Sus-scrofa-(swine)_2011	MK962342_NA_NA_Sus-scrofa_2017
NC-019494_NA_US-MO123_Sus-scrofa-(swine)_2011	MW732147_NA_NA_porcine_2020
NC-019494_NA_US-MO123_Sus-scrofa-(swine)_2011	MK962341_NA_NA_Sus-scrofa_2017
NC-019494_NA_US-MO123_Sus-scrofa-(swine)_2011	MW732146_NA_NA_porcine_2020
NC-019494_NA_US-MO123_Sus-scrofa-(swine)_2011	MW732145_NA_NA_porcine_2020
NC-019494_NA_US-MO123_Sus-scrofa-(swine)_2011	LC201599_NA_NA_Sus-scrofa_2014
NC-019494_NA_US-MO123_Sus-scrofa-(swine)_2011	LC201598_NA_NA_Sus-scrofa_2014
EU847151_NA_AFCD77_Miniopterus-magnater_2005	EU847151_NA_AFCD77_Miniopterus-magnater_2005
BR001717_NA_macaque-feces-2019-624_Macaca-mulatta_NA	BR001717_NA_macaque-feces-2019-624_Macaca-mulatta_NA
MG599931_NA_NA_Polypedates-megacephalus_NA	MG599931_NA_NA_Polypedates-megacephalus_NA
MG599914_NA_NA_Cynops-orientalis_NA	MG599914_NA_NA_Cynops-orientalis_NA
OR951020_NA_GD2020_Rhinolophus-affinis_2020	OR951020_NA_GD2020_Rhinolophus-affinis_2020
OR367604_NA_YakFeces06-4586_Bos-mutus_2021	OR367604_NA_YakFeces06-4586_Bos-mutus_2021
OQ236124_NA_AstV-CQ-L76-18d-2021_Hipposideros-armiger_2021	OQ236124_NA_AstV-CQ-L76-18d-2021_Hipposideros-armiger_2021
OQ236124_NA_AstV-CQ-L76-18d-2021_Hipposideros-armiger_2021	OQ236129_NA_AstV-SC-L74-18d-2021_Hipposideros-armiger_2021
PP172690_NA_KCAP1-k141-334640_NA_2022	PP172690_NA_KCAP1-k141-334640_NA_2022
OQ986607_NA_GEIG_NA_2021	OQ986607_NA_GEIG_NA_2021
OQ606244_NA_RR034B_Rousettus-madagascariensis_2018	OQ606244_NA_RR034B_Rousettus-madagascariensis_2018
OL345583_NA_DB03F-SX-2018_Meriones-unguiculatus_2018	OL345583_NA_DB03F-SX-2018_Meriones-unguiculatus_2018
OL345583_NA_DB03F-SX-2018_Meriones-unguiculatus_2018	OL345584_NA_DB01F-SX-2018_Meriones-unguiculatus_2018
OM953849_NA_CMF2-DN31075-c0-g1-i1_NA_2019	OM953849_NA_CMF2-DN31075-c0-g1-i1_NA_2019
MZ779126_NA_NA_Myodes_2021	MZ779126_NA_NA_Myodes_2021
MZ375141_NA_5PT-RDRP-1_Phrynocephalus-theobaldi_2020	MZ375141_NA_5PT-RDRP-1_Phrynocephalus-theobaldi_2020
MT766313_NA_Vr2_Eptesicus-regulus_2017	MT766313_NA_Vr2_Eptesicus-regulus_2017
MK521912_NA_NA_Sarcophilus-harrisii_2016	MK521912_NA_NA_Sarcophilus-harrisii_2016
MK521912_NA_NA_Sarcophilus-harrisii_2016	MK521913_NA_NA_Sarcophilus-harrisii_2017
EU847150_NA_AFCD82_Miniopterus-magnater_2005	EU847150_NA_AFCD82_Miniopterus-magnater_2005
MT585643_NA_VF14-92-A2_Gallus-gallus-broiler-chicken_NA	MT585643_NA_VF14-92-A2_Gallus-gallus-broiler-chicken_NA
MT585643_NA_VF14-92-A2_Gallus-gallus-broiler-chicken_NA	OM469234_NA_ANV-PB1-HI5-Switzerland-2019_Gallus-gallus-domesticus-(broiler)_2019
MT585643_NA_VF14-92-A2_Gallus-gallus-broiler-chicken_NA	OM469233_NA_ANV-PB11-HI6-Switzerland-2019_Gallus-gallus-domesticus-(broiler)_2019
MT585643_NA_VF14-92-A2_Gallus-gallus-broiler-chicken_NA	PP871816_NA_astro-vt-98_Gallus-gallus_2015
MT585643_NA_VF14-92-A2_Gallus-gallus-broiler-chicken_NA	OM469232_NA_ANV-PB7-HI6-Switzerland-2019_Gallus-gallus-domesticus-(broiler)_2019
MT585643_NA_VF14-92-A2_Gallus-gallus-broiler-chicken_NA	OM469231_NA_ANV-PB21-SI5-Switzerland-2019_Gallus-gallus-domesticus-(broiler)_2019
MT585643_NA_VF14-92-A2_Gallus-gallus-broiler-chicken_NA	OM469230_NA_ANV-PB31-SI19-Switzerland-2019_Gallus-gallus-domesticus-(broiler)_2019
MT585643_NA_VF14-92-A2_Gallus-gallus-broiler-chicken_NA	OM469229_NA_ANV-PB23-SI7-Switzerland-2019_Gallus-gallus-domesticus-(broiler)_2019
MT585643_NA_VF14-92-A2_Gallus-gallus-broiler-chicken_NA	MT585644_NA_VF16-03-164b_Gallus-gallus-broiler-chicken_2016
MT585643_NA_VF14-92-A2_Gallus-gallus-broiler-chicken_NA	MZ150559_NA_ANV-Chicken-CHN-2020-AH202017_chicken_2020
MT585643_NA_VF14-92-A2_Gallus-gallus-broiler-chicken_NA	KM985703_NA_VIC-6b_Gallus-gallus_2010
MT585643_NA_VF14-92-A2_Gallus-gallus-broiler-chicken_NA	KM985702_NA_VIC-6a_Gallus-gallus_2010
MT585643_NA_VF14-92-A2_Gallus-gallus-broiler-chicken_NA	HQ889774_NA_NA_pigeon_2010
MT585643_NA_VF14-92-A2_Gallus-gallus-broiler-chicken_NA	PP871803_NA_astro-vt-85_Gallus-gallus_2015
MT585643_NA_VF14-92-A2_Gallus-gallus-broiler-chicken_NA	HM029238_NA_NA_chicken_2009
MT585643_NA_VF14-92-A2_Gallus-gallus-broiler-chicken_NA	PP871798_NA_astro-vt-80_Sus-scrofa-(wild-boar)_2015
MT585643_NA_VF14-92-A2_Gallus-gallus-broiler-chicken_NA	OQ685945_NA_ANV-ck-TZ-Iringa-2151-IM162-2019_Gallus-gallus_2019
MT585643_NA_VF14-92-A2_Gallus-gallus-broiler-chicken_NA	MW684833_NA_Chicken-NLD-2019-V-M-053-astro-2_Gallus-gallus-domesticus-(broiler)_2019
MT585643_NA_VF14-92-A2_Gallus-gallus-broiler-chicken_NA	MW684832_NA_Chicken-NLD-2019-V-M-048-astro-2_Gallus-gallus-domesticus-(broiler)_2019
MT585643_NA_VF14-92-A2_Gallus-gallus-broiler-chicken_NA	PP871786_NA_astro-vt-68_Gallus-gallus_2014
MT585643_NA_VF14-92-A2_Gallus-gallus-broiler-chicken_NA	MW684829_NA_Chicken-NLD-2019-V-M-041-astro-13_Gallus-gallus-domesticus-(broiler)_2019
MT585643_NA_VF14-92-A2_Gallus-gallus-broiler-chicken_NA	MW684828_NA_Chicken-NLD-2019-V-M-040-astro-2_Gallus-gallus-domesticus-(broiler)_2019
MT585643_NA_VF14-92-A2_Gallus-gallus-broiler-chicken_NA	MW684827_NA_Chicken-NLD-2019-V-M-039-astro-3_Gallus-gallus-domesticus-(broiler)_2019
MT585643_NA_VF14-92-A2_Gallus-gallus-broiler-chicken_NA	MW684826_NA_Chicken-NLD-2019-V-M-039-astro-2_Gallus-gallus-domesticus-(broiler)_2019
MT585643_NA_VF14-92-A2_Gallus-gallus-broiler-chicken_NA	PV093023_NA_NA_Neogale-vison_2023
MT585643_NA_VF14-92-A2_Gallus-gallus-broiler-chicken_NA	MW684825_NA_Chicken-NLD-2019-V-M-038-astro-6_Gallus-gallus-domesticus-(broiler)_2019
MT585643_NA_VF14-92-A2_Gallus-gallus-broiler-chicken_NA	PV093022_NA_NA_Neogale-vison_2023
MT585643_NA_VF14-92-A2_Gallus-gallus-broiler-chicken_NA	MW684824_NA_Chicken-NLD-2019-V-M-038-astro-5_Gallus-gallus-domesticus-(broiler)_2019
MT585643_NA_VF14-92-A2_Gallus-gallus-broiler-chicken_NA	MN732559_NA_NA_Gallus-gallus-(broiler)_2017
MT585643_NA_VF14-92-A2_Gallus-gallus-broiler-chicken_NA	ON964512_NA_NA_Gallus-gallus_2020
MT585643_NA_VF14-92-A2_Gallus-gallus-broiler-chicken_NA	MN732558_NA_NA_Gallus-gallus-(broiler)_2018
MT585643_NA_VF14-92-A2_Gallus-gallus-broiler-chicken_NA	HV511037_NA_NA_NA_NA
MT585643_NA_VF14-92-A2_Gallus-gallus-broiler-chicken_NA	MW684822_NA_Chicken-NLD-2019-V-M-036-astro-4_Gallus-gallus-domesticus-(broiler)_2019
MT585643_NA_VF14-92-A2_Gallus-gallus-broiler-chicken_NA	MW684821_NA_Chicken-NLD-2019-V-M-034-astro-2_Gallus-gallus-domesticus-(broiler)_2019
MT585643_NA_VF14-92-A2_Gallus-gallus-broiler-chicken_NA	MW684820_NA_Chicken-NLD-2019-V-M-033-astro-3_Gallus-gallus-domesticus-(broiler)_2019
MT585643_NA_VF14-92-A2_Gallus-gallus-broiler-chicken_NA	KM254166_NA_AstroQ45-2013_chicken_2013
MT585643_NA_VF14-92-A2_Gallus-gallus-broiler-chicken_NA	OM469237_NA_ANV-PB55-SI14-Switzerland-2019_Gallus-gallus-domesticus-(broiler)_2019
MT585643_NA_VF14-92-A2_Gallus-gallus-broiler-chicken_NA	MW684819_NA_Chicken-NLD-2019-V-M-030-astro-12_Gallus-gallus-domesticus-(broiler)_2019
MT585643_NA_VF14-92-A2_Gallus-gallus-broiler-chicken_NA	OM469236_NA_ANV-PB5-HI5-Switzerland-2019_Gallus-gallus-domesticus-(broiler)_2019
MT585643_NA_VF14-92-A2_Gallus-gallus-broiler-chicken_NA	MW684818_NA_Chicken-NLD-2019-V-M-015-astro-2_Gallus-gallus-domesticus-(broiler)_2019
MT585643_NA_VF14-92-A2_Gallus-gallus-broiler-chicken_NA	OM469235_NA_ANV-PB15-HI11-Switzerland-2019_Gallus-gallus-domesticus-(broiler)_2019
MG599913_NA_NA_Pachytriton-brevipes_NA	MG599913_NA_NA_Pachytriton-brevipes_NA
PQ421850_NA_QJ1-CWDS_Crocidura-dracula_2017	PQ421850_NA_QJ1-CWDS_Crocidura-dracula_2017
PQ421850_NA_QJ1-CWDS_Crocidura-dracula_2017	PQ678017_NA_LJNL-YNSC78_Crocidura-fuliginosa_2021
OQ236123_NA_AstV-CQ-L76-18c-2021_Hipposideros-armiger_2021	OQ236123_NA_AstV-CQ-L76-18c-2021_Hipposideros-armiger_2021
PP172253_NA_CN1B-k141-41676_NA_2021_reverse	PP172253_NA_CN1B-k141-41676_NA_2021_reverse
OQ986677_NA_GEIG_NA_2021	OQ986677_NA_GEIG_NA_2021
OR439362_NA_BastroV-HMU-6_Rhinolophus-affinis_2015	OR439362_NA_BastroV-HMU-6_Rhinolophus-affinis_2015
OP963603_NA_NA_Rhinolophus-pusillus_2018	OP963603_NA_NA_Rhinolophus-pusillus_2018
MW385412_NA_NA_Crow_2017	MW385412_NA_NA_Crow_2017
OM953848_NA_CMF1-DN41184-c0-g1-i1_NA_2019	OM953848_NA_CMF1-DN41184-c0-g1-i1_NA_2019
MZ375140_NA_4PT-RDRP-1_Phrynocephalus-theobaldi_2020	MZ375140_NA_4PT-RDRP-1_Phrynocephalus-theobaldi_2020
NC-019027_NA_VA4-human-Nepal-S5363-2008_Homo-sapiens_2008	NC-019027_NA_VA4-human-Nepal-S5363-2008_Homo-sapiens_2008
NC-019027_NA_VA4-human-Nepal-S5363-2008_Homo-sapiens_2008	JX857869_NA_VA4-human-Nepal-S5363-2008_Homo-sapiens_2008
EU847149_NA_WCF4_Miniopterus-pusillus_2004	EU847149_NA_WCF4_Miniopterus-pusillus_2004
JX544744_NA_NA_NA_2011	JX544744_NA_NA_NA_2011
JX544744_NA_NA_NA_2011	MN780842_NA_JS1_Mus-musculus_2016
JX544744_NA_NA_NA_2011	MK395166_NA_SJ002_Mus-musculus--IFNAR-KO_2016
JX544744_NA_NA_NA_2011	OQ802715_NA_JM-Mus-musculus-astro-1_Mus-musculus_2016
JX544744_NA_NA_NA_2011	OM892279_NA_218AST_rhinos_2019
JX544744_NA_NA_NA_2011	MF175075_NA_MAV1-NYC-2014-M029-0266_Mus-musculus_2014
JX544744_NA_NA_NA_2011	KC609001_NA_NA_Mus-musculus_2012
JX544744_NA_NA_NA_2011	ON482290_NA_fe01_Mus-musculus_2020
JX544744_NA_NA_NA_2011	MK395165_NA_SJ001_Mus-musculus--CD1-Nude_2016
JX544744_NA_NA_NA_2011	MN837533_NA_TW3_us-musculus_NA
JX544744_NA_NA_NA_2011	JX544743_NA_NA_NA_2011
JX544744_NA_NA_NA_2011	MN837532_NA_TW2_Mus-musculus_NA
JX544744_NA_NA_NA_2011	OK491635_NA_NA_murine_2019
JX544744_NA_NA_NA_2011	ON571550_NA_TZ_home-mice_2015
JX544744_NA_NA_NA_2011	NC-018702_NA_NA_NA_2011
JX544744_NA_NA_NA_2011	MN837531_NA_TW1_Mus-musculus_NA
JX544744_NA_NA_NA_2011	MN837530_NA_TW3_Mus-musculus_NA
MG599911_NA_NA_Hyla-simplex_NA	MG599911_NA_NA_Hyla-simplex_NA
AF206663_NA_NA_NA_NA	AF206663_NA_NA_NA_NA
AF206663_NA_NA_NA_NA	EU143851_NA_NA_NA_NA
AF206663_NA_NA_NA_NA	EU143850_NA_NA_NA_NA
AF206663_NA_NA_NA_NA	EU143849_NA_NA_NA_NA
AF206663_NA_NA_NA_NA	EU143848_NA_NA_NA_NA
AF206663_NA_NA_NA_NA	EU143847_NA_NA_NA_NA
AF206663_NA_NA_NA_NA	EU143846_NA_NA_NA_NA
AF206663_NA_NA_NA_NA	EU143845_NA_NA_NA_NA
AF206663_NA_NA_NA_NA	EU143844_NA_NA_NA_NA
AF206663_NA_NA_NA_NA	EU143843_NA_NA_NA_NA
PQ421849_NA_YL-SCDW_Anourosorex-squamipes_2015	PQ421849_NA_YL-SCDW_Anourosorex-squamipes_2015
PV093021_NA_NA_Neogale-vison_2023	PV093021_NA_NA_Neogale-vison_2023
PV093021_NA_NA_Neogale-vison_2023	Y15936_NA_NA_turkey_NA
PV093021_NA_NA_Neogale-vison_2023	PV093020_NA_NA_Neogale-vison_2023
PV093021_NA_NA_Neogale-vison_2023	PV093019_NA_NA_Neogale-vison_2023
PV093021_NA_NA_Neogale-vison_2023	PV093018_NA_NA_Neogale-vison_2023
PP172252_NA_CN1B-k141-41417_NA_2021_reverse	PP172252_NA_CN1B-k141-41417_NA_2021_reverse
PP172252_NA_CN1B-k141-41417_NA_2021_reverse	PP172159_NA_CN1A-k141-102692_NA_2021_reverse
OQ986606_NA_GEIG_NA_2021	OQ986606_NA_GEIG_NA_2021
OQ802743_NA_WZ-Hy-pulveratus-astro-1_Hypsugo-pulveratus_2016	OQ802743_NA_WZ-Hy-pulveratus-astro-1_Hypsugo-pulveratus_2016
ON595952_NA_F17_Luposicya-lupus_2021	ON595952_NA_F17_Luposicya-lupus_2021
OM953847_NA_CMF1-DN41866-c1-g1-i1_NA_2019	OM953847_NA_CMF1-DN41866-c1-g1-i1_NA_2019
OM480534_NA_NA_Porcupine_2020	OM480534_NA_NA_Porcupine_2020
NC-019026_NA_VA3-human-Vellore-28054-2005_Homo-sapiens_2005	NC-019026_NA_VA3-human-Vellore-28054-2005_Homo-sapiens_2005
NC-019026_NA_VA3-human-Vellore-28054-2005_Homo-sapiens_2005	JX857868_NA_VA3-human-Vellore-28054-2005_Homo-sapiens_2005
EU847148_NA_WCF90_Miniopterus-magnater_2004	EU847148_NA_WCF90_Miniopterus-magnater_2004
EU847148_NA_WCF90_Miniopterus-magnater_2004	EU847152_NA_AFCD74_Miniopterus-magnater_2005
MG599922_NA_NA_Gonorynchus-abbreviatus_NA	MG599922_NA_NA_Gonorynchus-abbreviatus_NA
MG599910_NA_NA_Duttaphrynus-melanostictus_NA	MG599910_NA_NA_Duttaphrynus-melanostictus_NA
MG599910_NA_NA_Duttaphrynus-melanostictus_NA	MG661261_NA_NA_NA_2015
OR951072_NA_GD2016-278-110098_Myotis-chinensis_2016	OR951072_NA_GD2016-278-110098_Myotis-chinensis_2016
OR951072_NA_GD2016-278-110098_Myotis-chinensis_2016	OR951016_NA_YN2020-064-655_Myotis-chinensis_2020
OR951072_NA_GD2016-278-110098_Myotis-chinensis_2016	EU847146_NA_WCF140_Myotis-chinensis_2004
OR951072_NA_GD2016-278-110098_Myotis-chinensis_2016	OR951007_NA_SC2018_Myotis-chinensis_2018
OR951015_NA_YN2020-057-2377_Rhinolophus-affinis_2020	OR951015_NA_YN2020-057-2377_Rhinolophus-affinis_2020
OQ236121_NA_AstV-CQ-L76-18a-2021_Hipposideros-armiger_2021	OQ236121_NA_AstV-CQ-L76-18a-2021_Hipposideros-armiger_2021
OQ236121_NA_AstV-CQ-L76-18a-2021_Hipposideros-armiger_2021	OQ236126_NA_AstV-SC-L74-18a-2021_Hipposideros-armiger_2021
OQ236121_NA_AstV-CQ-L76-18a-2021_Hipposideros-armiger_2021	OQ236122_NA_AstV-CQ-L76-18b-2021_Hipposideros-armiger_2021
OQ986723_NA_ORIB_Oribatida_2021	OQ986723_NA_ORIB_Oribatida_2021
OQ802742_NA_WZ-Ni-niviventer-astro-1_Niviventer-niviventer_2016	OQ802742_NA_WZ-Ni-niviventer-astro-1_Niviventer-niviventer_2016
OQ802742_NA_WZ-Ni-niviventer-astro-1_Niviventer-niviventer_2016	PQ678010_NA_YNMIX-YNSC216_Leopoldamys-neilli_2021
OQ802742_NA_WZ-Ni-niviventer-astro-1_Niviventer-niviventer_2016	KT946736_NA_GX-006_Rattus-norvegicus_NA
OQ802742_NA_WZ-Ni-niviventer-astro-1_Niviventer-niviventer_2016	KT946735_NA_HN-014_Rattus-norvegicus_NA
OQ802742_NA_WZ-Ni-niviventer-astro-1_Niviventer-niviventer_2016	OQ802741_NA_WZ-Le-edwardsi-astro-1_Leopoldamys-edwardsi_2016
OR552421_NA_seven_Nyctalus-noctula_2023	OR552421_NA_seven_Nyctalus-noctula_2023
ON595949_NA_F14_Istigobius-goldmanni_2021	ON595949_NA_F14_Istigobius-goldmanni_2021
OM953846_NA_CMF2-DN30973-c0-g1-i4_NA_2019	OM953846_NA_CMF2-DN30973-c0-g1-i4_NA_2019
EU847147_NA_WCF98_Miniopterus-magnater_2004	EU847147_NA_WCF98_Miniopterus-magnater_2004
MG599920_NA_NA_Tropidophorus-sinicus_NA	MG599920_NA_NA_Tropidophorus-sinicus_NA
MG599908_NA_NA_Microhyla-pulchra_NA	MG599908_NA_NA_Microhyla-pulchra_NA
OR951014_NA_YN2020-057-2262_Rhinolophus-affinis_2020	OR951014_NA_YN2020-057-2262_Rhinolophus-affinis_2020
PQ421846_NA_LQ4-XSQ_Crocidura-suaveolens_2019_reverse	PQ421846_NA_LQ4-XSQ_Crocidura-suaveolens_2019_reverse
PQ421846_NA_LQ4-XSQ_Crocidura-suaveolens_2019_reverse	PQ678019_NA_LJNL-YNSC78_Crocidura-fuliginosa_2021
PQ421846_NA_LQ4-XSQ_Crocidura-suaveolens_2019_reverse	PQ421854_NA_ML2-CQJ-2_Suncus-murinus_2020_reverse
PQ421846_NA_LQ4-XSQ_Crocidura-suaveolens_2019_reverse	PQ421853_NA_ML2-CQJ-1_Suncus-murinus_2020_reverse
PQ421846_NA_LQ4-XSQ_Crocidura-suaveolens_2019_reverse	PQ421848_NA_LS-CWQ_Episoriculus-caudatus_2015
PQ421846_NA_LQ4-XSQ_Crocidura-suaveolens_2019_reverse	PQ421845_NA_FG-DCQY_Uropsilus-gracilis_2015_reverse
PQ421846_NA_LQ4-XSQ_Crocidura-suaveolens_2019_reverse	PQ421844_NA_FG-HSQ_Crocidura-attenuata_2015_reverse
PQ421846_NA_LQ4-XSQ_Crocidura-suaveolens_2019_reverse	PQ421843_NA_SF-HSQ_Crocidura-attenuata_2019
PQ421846_NA_LQ4-XSQ_Crocidura-suaveolens_2019_reverse	PQ421842_NA_SJ-HSQ_Crocidura-attenuata_2019_reverse
PP871897_NA_astro-vt-179_Sus-scrofa-domesticus_2015	PP871897_NA_astro-vt-179_Sus-scrofa-domesticus_2015
OQ236157_NA_AstV-GX-B30M0312-2019_Rhizomys-pruinosus_2019	OQ236157_NA_AstV-GX-B30M0312-2019_Rhizomys-pruinosus_2019
OQ236157_NA_AstV-GX-B30M0312-2019_Rhizomys-pruinosus_2019	OP094602_NA_B80F05_Rhizomys-pruinosus_2019
PP172009_NA_CC1C-k141-14283_NA_2021	PP172009_NA_CC1C-k141-14283_NA_2021
OR924090_NA_NA_Goose_2021	OR924090_NA_NA_Goose_2021
OR924090_NA_NA_Goose_2021	JX624774_NA_NA_Pekin-duck_NA
OR924090_NA_NA_Goose_2021	OR902760_NA_NA_goose_2023
OR924090_NA_NA_Goose_2021	OR902759_NA_NA_goose_2023
OR924090_NA_NA_Goose_2021	OR924092_NA_NA_Duck_2021
OR924090_NA_NA_Goose_2021	OR924091_NA_NA_Goose_2021
OP121130_NA_Individual1-2_Myotis-fimbriatus_2020	OP121130_NA_Individual1-2_Myotis-fimbriatus_2020
OM953843_NA_CMF1-DN41679-c0-g1-i1_NA_2019	OM953843_NA_CMF1-DN41679-c0-g1-i1_NA_2019
OM451117_NA_ZJ-F1_rabbit_2020	OM451117_NA_ZJ-F1_rabbit_2020
MZ375148_NA_6PT-RDRP-2_Phrynocephalus-theobaldi_2020	MZ375148_NA_6PT-RDRP-2_Phrynocephalus-theobaldi_2020
MG599918_NA_NA_Hemidactylus-bowringii_NA	MG599918_NA_NA_Hemidactylus-bowringii_NA
MG599903_NA_NA_Bufo-gargarizans_NA	MG599903_NA_NA_Bufo-gargarizans_NA
OR951069_NA_YN2017_Rousettus-leschenaultii_2017	OR951069_NA_YN2017_Rousettus-leschenaultii_2017
OR951069_NA_YN2017_Rousettus-leschenaultii_2017	OR951068_NA_YN2016-267-21909_Rousettus-leschenaultii_2016
OR951013_NA_YN2020-057-1262_Rhinolophus-affinis_2020	OR951013_NA_YN2020-057-1262_Rhinolophus-affinis_2020
PP871887_NA_astro-vt-169_Sus-scrofa-domesticus_2014	PP871887_NA_astro-vt-169_Sus-scrofa-domesticus_2014
PV470470_NA_MP12-k141-82519_Botrylloides-leachii_2021	PV470470_NA_MP12-k141-82519_Botrylloides-leachii_2021
OQ236114_NA_AstV-GD-L93-21-2022_Rhinolophus-pusillus_2022	OQ236114_NA_AstV-GD-L93-21-2022_Rhinolophus-pusillus_2022
PP171968_NA_CC1B-k141-86991_NA_2021	PP171968_NA_CC1B-k141-86991_NA_2021
OP594725_NA_NA_Homo-sapiens_2020	OP594725_NA_NA_Homo-sapiens_2020
OM514376_NA_LSHLS353_Leersia-hexandra_2019	OM514376_NA_LSHLS353_Leersia-hexandra_2019
OM953842_NA_CMU2-DN75963-c0-g1-i1_NA_2019	OM953842_NA_CMU2-DN75963-c0-g1-i1_NA_2019
OM480543_NA_NA_Coypu_2020	OM480543_NA_NA_Coypu_2020
OM480543_NA_NA_Coypu_2020	OM480542_NA_NA_Coypu_2020
MW826371_NA_XZN01_bird_2018	MW826371_NA_XZN01_bird_2018
MT138010_NA_prf037ast2_NA_2018	MT138010_NA_prf037ast2_NA_2018
MT138010_NA_prf037ast2_NA_2018	MT138011_NA_prf038ast1_NA_2018
KF859964_NA_NA_Homo-sapiens_2010	KF859964_NA_NA_Homo-sapiens_2010
KF859964_NA_NA_Homo-sapiens_2010	KJ656124_NA_VA5-human-Gambia-102139-2009_Homo-sapiens_2009
KF859964_NA_NA_Homo-sapiens_2010	NC-024472_NA_NA_Homo-sapiens_2010
MG599917_NA_NA_Gekko-similignum_NA	MG599917_NA_NA_Gekko-similignum_NA
MG599902_NA_NA_Pterygotrigla-hemisticta_NA	MG599902_NA_NA_Pterygotrigla-hemisticta_NA
OR951011_NA_GX2018_Scotophilus-kuhlii_2018	OR951011_NA_GX2018_Scotophilus-kuhlii_2018
OR951011_NA_GX2018_Scotophilus-kuhlii_2018	OR951027_NA_GX2017-186-13431_Scotophilus-kuhlii_2017
OR951011_NA_GX2018_Scotophilus-kuhlii_2018	OR951025_NA_GD2018-176-158949_Scotophilus-kuhlii_2018
OR951011_NA_GX2018_Scotophilus-kuhlii_2018	OR951017_NA_Pool-073_Chiroptera-sp-_2020
OQ236112_NA_AstV-GD-C5-49-18-2022_Niviventer-sp-_2021	OQ236112_NA_AstV-GD-C5-49-18-2022_Niviventer-sp-_2021
PP171953_NA_CC1B-k141-72897_NA_2021	PP171953_NA_CC1B-k141-72897_NA_2021
OQ802738_NA_LQ-Ap-agrarius-astro-1_Apodemus-agrarius_2016	OQ802738_NA_LQ-Ap-agrarius-astro-1_Apodemus-agrarius_2016
OQ802738_NA_LQ-Ap-agrarius-astro-1_Apodemus-agrarius_2016	OQ802739_NA_WZ-Ap-agrarius-astro-1_Apodemus-agrarius_2016
MK404646_NA_NA_Capra-hircus_2017	MK404646_NA_NA_Capra-hircus_2017
MK404646_NA_NA_Capra-hircus_2017	PP571882_NA_GX-HC-2023_goat_2023
MK404646_NA_NA_Capra-hircus_2017	PQ805453_NA_GX-DA-2024_goat_2024
MK404646_NA_NA_Capra-hircus_2017	OK107512_NA_NA_goat_2020
MK404646_NA_NA_Capra-hircus_2017	MW784098_NA_302R-449000_NA_NA
MK404646_NA_NA_Capra-hircus_2017	PV880238_NA_G1-1_Capra-hircus_2017
OM953841_NA_CMU2-DN78443-c0-g1-i1_NA_2019	OM953841_NA_CMU2-DN78443-c0-g1-i1_NA_2019
MZ375139_NA_3PE-RDRP-2_Phrynocephalus-erythrurus_2020	MZ375139_NA_3PE-RDRP-2_Phrynocephalus-erythrurus_2020
MZ375139_NA_3PE-RDRP-2_Phrynocephalus-erythrurus_2020	MZ375149_NA_6PT-RDRP-3_Phrynocephalus-theobaldi_2020
MZ375139_NA_3PE-RDRP-2_Phrynocephalus-erythrurus_2020	MZ375145_NA_5PT-RDRP-5_Phrynocephalus-theobaldi_2020
MT138007_NA_ltr178ast1_NA_2018	MT138007_NA_ltr178ast1_NA_2018
NC-013443_NA_NI-295_Homo-sapiens_2007	NC-013443_NA_NI-295_Homo-sapiens_2007
NC-013443_NA_NI-295_Homo-sapiens_2007	PV843273_NA_S091-2023-1_NA_2019
NC-013443_NA_NI-295_Homo-sapiens_2007	OQ968312_NA_21153-SD-CHN-VA2_Homo-sapiens_2021
NC-013443_NA_NI-295_Homo-sapiens_2007	MZ603076_NA_HAstV-VA2-RVAB_NA_2010
NC-013443_NA_NI-295_Homo-sapiens_2007	GQ415660_NA_NI-295_Homo-sapiens_2007
NC-013443_NA_NI-295_Homo-sapiens_2007	GQ502193_NA_VA2-human-Stl-WD0680-2009_Homo-sapiens_2009
JF832365_NA_4175_Gallus-gallus_2006	JF832365_NA_4175_Gallus-gallus_2006
JF832365_NA_4175_Gallus-gallus_2006	MT789778_NA_CAstV-CA-AB-Chicken-15-1262a-15_chicken_2015
JF832365_NA_4175_Gallus-gallus_2006	JF414802_NA_GA2011_chicken_2007
JF832365_NA_4175_Gallus-gallus_2006	MT789777_NA_CAstV-CA-AB-Chicken-14-1235d-14_chicken_2014
JF832365_NA_4175_Gallus-gallus_2006	MT789776_NA_CAstV-CA-AB-Chicken-14-1235c-14_chicken_2014
JF832365_NA_4175_Gallus-gallus_2006	MT789775_NA_CAstV-CA-AB-Chicken-14-1235b-14_chicken_2014
JF832365_NA_4175_Gallus-gallus_2006	PP871812_NA_astro-vt-94_Canis-lupus-familiaris_2014
JF832365_NA_4175_Gallus-gallus_2006	MT789774_NA_CAstV-CA-AB-Chicken-14-1235a-14_chicken_2014
JF832365_NA_4175_Gallus-gallus_2006	PP871804_NA_astro-vt-86_Canis-lupus-familiaris_2014
JF832365_NA_4175_Gallus-gallus_2006	MT491732_NA_IBS543-2017_Gallus-gallus_2017
JF832365_NA_4175_Gallus-gallus_2006	KT886453_NA_CAstV-Poland-G059-2014_Gallus-gallus_2014
JF832365_NA_4175_Gallus-gallus_2006	MT491731_NA_UPM1019-2018_Gallus-gallus_2018
JF832365_NA_4175_Gallus-gallus_2006	MT491730_NA_IBS503-2017_Gallus-gallus_2017
JF832365_NA_4175_Gallus-gallus_2006	MW846319_NA_CAstV-Chicken-CHN-2020-GD202013_chicken_2020
JF832365_NA_4175_Gallus-gallus_2006	OQ685946_NA_CAstV-ck-TZ-Iringa-2151-IM162-2019_Gallus-gallus_2019
JF832365_NA_4175_Gallus-gallus_2006	MW684831_NA_Chicken-NLD-2019-V-M-047-astro-4_Gallus-gallus-domesticus-(broiler)_2019
JF832365_NA_4175_Gallus-gallus_2006	KY038163_NA_CAstV-INDIA-ANAND-2016_chicken_2016
JF832365_NA_4175_Gallus-gallus_2006	MW684830_NA_Chicken-NLD-2019-V-M-046-astro-12_Gallus-gallus-domesticus-(broiler)_2019
JF832365_NA_4175_Gallus-gallus_2006	MZ367372_NA_CAV-Belgium-4134-001-2019_Gallus-gallus_2019
JF832365_NA_4175_Gallus-gallus_2006	OR571426_NA_SDAU2022-3_chicken_2023
JF832365_NA_4175_Gallus-gallus_2006	OR286522_NA_SDAU2022-1_chicken_2022
JF832365_NA_4175_Gallus-gallus_2006	OM469245_NA_CAstV-PB23-SI7-Switzerland-2019_Gallus-gallus-domesticus-(broiler)_2019
JF832365_NA_4175_Gallus-gallus_2006	OR286521_NA_SDAU2022-2_chicken_2022
JF832365_NA_4175_Gallus-gallus_2006	OM469244_NA_CAstV-PB55-SI14-Switzerland-2019_Gallus-gallus-domesticus-(broiler)_2019
JF832365_NA_4175_Gallus-gallus_2006	OM469243_NA_CAstV-PB33-SI20-Switzerland-2019_Gallus-gallus-domesticus-(broiler)_2019
JF832365_NA_4175_Gallus-gallus_2006	MT789787_NA_CAstV-CA-SK-Chicken-19-0981-19_chicken_2019
JF832365_NA_4175_Gallus-gallus_2006	KX397576_NA_CkP5_chicken_NA
JF832365_NA_4175_Gallus-gallus_2006	OM469242_NA_CAstV-PB15-HI11-Switzerland-2019_Gallus-gallus-domesticus-(broiler)_2019
JF832365_NA_4175_Gallus-gallus_2006	MT789786_NA_CAstV-CA-SK-Chicken-19-0935-19_chicken_2019
JF832365_NA_4175_Gallus-gallus_2006	KX397575_NA_CC-CkAstV_chicken_NA
JF832365_NA_4175_Gallus-gallus_2006	OM469241_NA_CAstV-PB5-HI5-Switzerland-2019_Gallus-gallus-domesticus-(broiler)_2019
JF832365_NA_4175_Gallus-gallus_2006	MW684823_NA_Chicken-NLD-2019-V-M-038-astro-4_Gallus-gallus-domesticus-(broiler)_2019
JF832365_NA_4175_Gallus-gallus_2006	MT789785_NA_CAstV-CA-SK-Chicken-18-0942-18_chicken_2018
JF832365_NA_4175_Gallus-gallus_2006	OM469240_NA_CAstV-PB41-SI14-Switzerland-2019_Gallus-gallus-domesticus-(broiler)_2019
JF832365_NA_4175_Gallus-gallus_2006	MT789784_NA_CAstV-CA-AB-Chicken-17-0823-17_chicken_2017
JF832365_NA_4175_Gallus-gallus_2006	OR351273_NA_JS202103_Gallus-gallus_2021
JF832365_NA_4175_Gallus-gallus_2006	OM469239_NA_CAstV-PB7-HI6-Switzerland-2019_Gallus-gallus-domesticus-(broiler)_2019
JF832365_NA_4175_Gallus-gallus_2006	MT789783_NA_CAstV-CA-AB-Chicken-17-0773b-17_chicken_2017
JF832365_NA_4175_Gallus-gallus_2006	OM469238_NA_CAstV-PB1-HI5-Switzerland-2019_Gallus-gallus-domesticus-(broiler)_2019
JF832365_NA_4175_Gallus-gallus_2006	MT789782_NA_CAstV-CA-AB-Chicken-17-0773a-17_chicken_2017
JF832365_NA_4175_Gallus-gallus_2006	MT789781_NA_CAstV-CA-AB-Chicken-15-1262d-15_chicken_2015
JF832365_NA_4175_Gallus-gallus_2006	MT789780_NA_CAstV-CA-AB-Chicken-15-1262c-15_chicken_2015
JF832365_NA_4175_Gallus-gallus_2006	MW684817_NA_Environment-NLD-2019-VE-7-astro-14_Gallus-gallus-domesticus-(broiler)_2019
JF832365_NA_4175_Gallus-gallus_2006	MT789779_NA_CAstV-CA-AB-Chicken-15-1262b-15_chicken_2015
MN841288_NA_NA_Solanum-melongena-L-_NA	MN841288_NA_NA_Solanum-melongena-L-_NA
MN841288_NA_NA_Solanum-melongena-L-_NA	PQ150499_NA_Hebei-128_Rhipicephalus-sanguineus_2023
MG599916_NA_NA_Cynops-orientalis_NA	MG599916_NA_NA_Cynops-orientalis_NA
MG599901_NA_NA_Lepidotrigla-sp-_NA	MG599901_NA_NA_Lepidotrigla-sp-_NA
OR951063_NA_GX2017-243-49312_Taphozous-melanopogon_2017	OR951063_NA_GX2017-243-49312_Taphozous-melanopogon_2017
OR951010_NA_GX2018_Scotophilus-kuhlii_2018	OR951010_NA_GX2018_Scotophilus-kuhlii_2018
PP871875_NA_astro-vt-157_Sus-scrofa-(wild-boar)_2015	PP871875_NA_astro-vt-157_Sus-scrofa-(wild-boar)_2015
PP871875_NA_astro-vt-157_Sus-scrofa-(wild-boar)_2015	PP871934_NA_astro-vt-216_Sus-scrofa-domesticus_2014
PP700500_NA_F32_Eviota-sp-_2022	PP700500_NA_F32_Eviota-sp-_2022
PP171789_NA_CC1A-k141-26573_NA_2021	PP171789_NA_CC1A-k141-26573_NA_2021
OR248794_NA_B6Seq3_Chalinolobus-tuberculatus_2020_reverse	OR248794_NA_B6Seq3_Chalinolobus-tuberculatus_2020_reverse
OQ802737_NA_LQ-My-chinensis-astro-2_Myotis-chinensis_2016	OQ802737_NA_LQ-My-chinensis-astro-2_Myotis-chinensis_2016
ON595937_NA_F2_Cabillus-tongarevae_2021	ON595937_NA_F2_Cabillus-tongarevae_2021
ON595937_NA_F2_Cabillus-tongarevae_2021	ON595946_NA_F11_Asterropteryx-semipunctata_2021
ON595937_NA_F2_Cabillus-tongarevae_2021	ON595943_NA_F8_Istigobius-nigroocellatus_2021
ON595937_NA_F2_Cabillus-tongarevae_2021	ON595940_NA_F5_Istigobius-decoratus_2021
MT138005_NA_hwf041ast1_NA_2018	MT138005_NA_hwf041ast1_NA_2018
OQ693700_NA_DAstV-1_donkey_NA	OQ693700_NA_DAstV-1_donkey_NA
MG599909_NA_NA_Microhyla-pulchra_NA	MG599909_NA_NA_Microhyla-pulchra_NA
MG599898_NA_NA_Cynoglossus-sp-_NA	MG599898_NA_NA_Cynoglossus-sp-_NA
OR951060_NA_GX2016_Taphozous-melanopogon_2016	OR951060_NA_GX2016_Taphozous-melanopogon_2016
PP871870_NA_astro-vt-152_Sus-scrofa-domesticus_2014	PP871870_NA_astro-vt-152_Sus-scrofa-domesticus_2014
PQ541178_NA_Mu--setulosus-astro_Mus-setulosus_2023	PQ541178_NA_Mu--setulosus-astro_Mus-setulosus_2023
PP700499_NA_F31_Dascyllus-reticulatus_2022	PP700499_NA_F31_Dascyllus-reticulatus_2022
PP171787_NA_CC1A-k141-18682_NA_2021	PP171787_NA_CC1A-k141-18682_NA_2021
OR711901_NA_YNKm72022_Rattus-norvegicus_2022	OR711901_NA_YNKm72022_Rattus-norvegicus_2022
OR711901_NA_YNKm72022_Rattus-norvegicus_2022	PQ678011_NA_CXCX-YNSC36_Rattus-norvegicus_2021
OQ802736_NA_LQ-Rh-pearsonii-astro-2_Rhinolophus-pearsonii_2016	OQ802736_NA_LQ-Rh-pearsonii-astro-2_Rhinolophus-pearsonii_2016
OQ802736_NA_LQ-Rh-pearsonii-astro-2_Rhinolophus-pearsonii_2016	OQ802734_NA_LQ-My-chinensis-astro-1_Myotis-chinensis_2016
MZ375134_NA_1PE-RDRP-4_Phrynocephalus-erythrurus_2020	MZ375134_NA_1PE-RDRP-4_Phrynocephalus-erythrurus_2020
MZ375134_NA_1PE-RDRP-4_Phrynocephalus-erythrurus_2020	MZ375136_NA_2PE-RDRP-1_Phrynocephalus-erythrurus_2020
MT579888_NA_FL18_Chelidonichthys-cuculus_2018	MT579888_NA_FL18_Chelidonichthys-cuculus_2018
MW037839_NA_NA_Felis-catus_2018	MW037839_NA_NA_Felis-catus_2018
MT138002_NA_cra070ast1_NA_2018	MT138002_NA_cra070ast1_NA_2018
MK378522_NA_PoAstV-VIRES-HLJ01-C3_Sus-scrofa_2017	MK378522_NA_PoAstV-VIRES-HLJ01-C3_Sus-scrofa_2017
MK378522_NA_PoAstV-VIRES-HLJ01-C3_Sus-scrofa_2017	PP871719_NA_astro-vt-1_Sus-scrofa-domesticus_2014
MK378522_NA_PoAstV-VIRES-HLJ01-C3_Sus-scrofa_2017	PV089624_NA_PAstV5-CHN-SW3-2023_swine_2023
MK378522_NA_PoAstV-VIRES-HLJ01-C3_Sus-scrofa_2017	MK378516_NA_PoAstV-VIRES-HeB04-C3_Sus-scrofa_2017
MK378522_NA_PoAstV-VIRES-HLJ01-C3_Sus-scrofa_2017	MK378498_NA_PoAstV-VIRES-GZ04-C6_Sus-scrofa_2017
MK378522_NA_PoAstV-VIRES-HLJ01-C3_Sus-scrofa_2017	PP871800_NA_astro-vt-82_Sus-scrofa-domesticus_2014
MK378522_NA_PoAstV-VIRES-HLJ01-C3_Sus-scrofa_2017	OR951040_NA_GX2017-200-24737_Hipposideros-larvatus_2017
MK378522_NA_PoAstV-VIRES-HLJ01-C3_Sus-scrofa_2017	KP747574_NA_AstV-LL-2_pig_2006
MK378522_NA_PoAstV-VIRES-HLJ01-C3_Sus-scrofa_2017	OP413956_NA_PF208-con-AstV16_pig_2018
MK378522_NA_PoAstV-VIRES-HLJ01-C3_Sus-scrofa_2017	OP413950_NA_PF198-con-AstV10_pig_2018
MK378522_NA_PoAstV-VIRES-HLJ01-C3_Sus-scrofa_2017	PP871789_NA_astro-vt-71_Sus-scrofa-domesticus_2014
MK378522_NA_PoAstV-VIRES-HLJ01-C3_Sus-scrofa_2017	MK378569_NA_PoAstV-VIRES-NX02-C4_Sus-scrofa_2017
MK378522_NA_PoAstV-VIRES-HLJ01-C3_Sus-scrofa_2017	MK378555_NA_PoAstV-VIRES-NM02-C5_Sus-scrofa_2017
MK378522_NA_PoAstV-VIRES-HLJ01-C3_Sus-scrofa_2017	OQ781001_NA_PAstV5-HNPDS-01-P10_swine_2021
MK378522_NA_PoAstV-VIRES-HLJ01-C3_Sus-scrofa_2017	MK378540_NA_PoAstV-VIRES-JL01-C2_Sus-scrofa_2017
MK378522_NA_PoAstV-VIRES-HLJ01-C3_Sus-scrofa_2017	OM480532_NA_NA_Porcupine_2020
MN035893_NA_H3-Bulk-Litter-17-scaffold-17037_NA_NA	MN035893_NA_H3-Bulk-Litter-17-scaffold-17037_NA_NA
MG599907_NA_NA_Teratoscincus-roborowskii_NA	MG599907_NA_NA_Teratoscincus-roborowskii_NA
MG599897_NA_NA_Coelorinchus-multispinulosus_NA	MG599897_NA_NA_Coelorinchus-multispinulosus_NA
MT993583_NA_MW06-2o_Arenaria-interpres-(ruddy-turnstone)_2014	MT993583_NA_MW06-2o_Arenaria-interpres-(ruddy-turnstone)_2014
MT137995_NA_bun145astnc1_NA_2018	MT137995_NA_bun145astnc1_NA_2018
ON893139_NA_SYMN012_Miniopterus-natalensis_NA	ON893139_NA_SYMN012_Miniopterus-natalensis_NA
MN034082_NA_H2-Bulk-35-scaffold-28_NA_NA	MN034082_NA_H2-Bulk-35-scaffold-28_NA_NA
MG599896_NA_NA_Coelorinchus-multispinulosus_NA	MG599896_NA_NA_Coelorinchus-multispinulosus_NA
MG599887_NA_NA_Dasyatis-akajei_NA	MG599887_NA_NA_Dasyatis-akajei_NA
PX095750_NA_SQ-N-fuscus-Mav_Neodon-fuscus_2023	PX095750_NA_SQ-N-fuscus-Mav_Neodon-fuscus_2023
PX095750_NA_SQ-N-fuscus-Mav_Neodon-fuscus_2023	PX095816_NA_SQ-N-fuscus-Mav-3_Neodon-fuscus_2023_reverse
PQ678098_NA_ZTYS-YNSC187_Apodemus-chevrieri_2022	PQ678098_NA_ZTYS-YNSC187_Apodemus-chevrieri_2022
OR367606_NA_YakFeces06-11940_Bos-mutus_2021	OR367606_NA_YakFeces06-11940_Bos-mutus_2021
PP711880_NA_8A-Uganda-UGR87-2019_Rousettus-aegyptiacus_2019	PP711880_NA_8A-Uganda-UGR87-2019_Rousettus-aegyptiacus_2019
PP174197_NA_SP2C-k141-157132_NA_2021_reverse	PP174197_NA_SP2C-k141-157132_NA_2021_reverse
PP174197_NA_SP2C-k141-157132_NA_2021_reverse	PP173959_NA_SP1B-k141-111077_NA_2021
OQ802722_NA_WZ-Ra-tanezumi-astro-1_Rattus-tanezumi_2016	OQ802722_NA_WZ-Ra-tanezumi-astro-1_Rattus-tanezumi_2016
OQ802722_NA_WZ-Ra-tanezumi-astro-1_Rattus-tanezumi_2016	OQ802720_NA_WZ-Ra-losea-astro-1_Rattus-losea_2016
OQ802722_NA_WZ-Ra-tanezumi-astro-1_Rattus-tanezumi_2016	OQ802718_NA_LQ-Be-bowersi-astro-1_Berylmys-bowersi_2016
OR350291_NA_F32_Limnochromis-auritus_2017	OR350291_NA_F32_Limnochromis-auritus_2017
MK211323_NA_NA_Ovibos-moschatus_1982	MK211323_NA_NA_Ovibos-moschatus_1982
MK211323_NA_NA_Ovibos-moschatus_1982	Y15937_NA_NA_sheep_NA
OM451114_NA_SD-F3_raccoon-dog_2021	OM451114_NA_SD-F3_raccoon-dog_2021
OM451114_NA_SD-F3_raccoon-dog_2021	MT833878_NA_NA_Vulpes-vulpes_2019
OM451114_NA_SD-F3_raccoon-dog_2021	KM017741_NA_FAstV-D1_Felis-catus_2013
OM451114_NA_SD-F3_raccoon-dog_2021	NC-024701_NA_FAstV-D1_Felis-catus_2013
OM451114_NA_SD-F3_raccoon-dog_2021	MZ357116_NA_Rpin315AstV01-12_Ailurus-fulgens_2019
OM451114_NA_SD-F3_raccoon-dog_2021	MW037840_NA_NA_Felis-catus_2017
MT137994_NA_bsk136ast01_NA_2018	MT137994_NA_bsk136ast01_NA_2018
MH188020_NA_NA_Culex-sp--(mosquito)_2016	MH188020_NA_NA_Culex-sp--(mosquito)_2016
MH188020_NA_NA_Culex-sp--(mosquito)_2016	NC-040647_NA_NA_Culex-sp--(mosquito)_2016
MH188020_NA_NA_Culex-sp--(mosquito)_2016	OR270284_NA_OGH01_Gonidea-angulata_2018
KF499111_NA_NA_Felis-catus_2012	KF499111_NA_NA_Felis-catus_2012
KF499111_NA_NA_Felis-catus_2012	MK671306_NA_MAV2-17CC0308_domestic-cat-with-diarrhea_2017
KF499111_NA_NA_Felis-catus_2012	OM451148_NA_HeB-MO1_raccoon-dog_2020
KF499111_NA_NA_Felis-catus_2012	ON807320_NA_G22-013_environment_2016
KF499111_NA_NA_Felis-catus_2012	PQ435248_NA_FeAstV-THA-CU34912-2023_Felis-catus_2023
KF499111_NA_NA_Felis-catus_2012	PQ435247_NA_FeAstV-THA-CU34901-2023_Felis-catus_2023
KF499111_NA_NA_Felis-catus_2012	PQ435246_NA_FeAstV-THA-CU34594-2023_Felis-catus_2023
KF499111_NA_NA_Felis-catus_2012	OM451115_NA_SD-MO1_Raccoon-dog_2021
KF499111_NA_NA_Felis-catus_2012	KM017743_NA_FAstV-D3_Felis-catus_2013
KF499111_NA_NA_Felis-catus_2012	PQ435245_NA_FeAstV-THA-CU33812-2023_Felis-catus_2023
KF499111_NA_NA_Felis-catus_2012	OM451112_NA_SD-F2_Raccoon-dog_2021
KF499111_NA_NA_Felis-catus_2012	KM017742_NA_FAstV-D2_Felis-catus_2013
KF499111_NA_NA_Felis-catus_2012	PQ435244_NA_FeAstV-THA-CU33183-2023_Felis-catus_2023
KF499111_NA_NA_Felis-catus_2012	OM451111_NA_SD-F1_Raccoon-dog_2021
KF499111_NA_NA_Felis-catus_2012	PQ435243_NA_FeAstV-THA-CU33012-2023_Felis-catus_2023
KF499111_NA_NA_Felis-catus_2012	PQ435242_NA_FeAstV-THA-CU33010-2023_Felis-catus_2023
KF499111_NA_NA_Felis-catus_2012	ON595831_NA_FPV-10_Felis-catus_2017
KF499111_NA_NA_Felis-catus_2012	PQ435241_NA_FeAstV-THA-CU32639-2023_Felis-catus_2023
KF499111_NA_NA_Felis-catus_2012	LC778163_NA_GU2-27TYT100_Felis-catus_2023
KF499111_NA_NA_Felis-catus_2012	ON595830_NA_FPV-8_Felis-catus_2016
KF499111_NA_NA_Felis-catus_2012	PQ435240_NA_FeAstV-THA-CU32538-2023_Felis-catus_2023
KF499111_NA_NA_Felis-catus_2012	LC778161_NA_GU2-27TYT101_Felis-catus_2023
KF499111_NA_NA_Felis-catus_2012	ON595829_NA_FPV-6_Felis-catus_2017
KF499111_NA_NA_Felis-catus_2012	PQ435239_NA_FeAstV-THA-CU31863-2023_Felis-catus_2023
KF499111_NA_NA_Felis-catus_2012	ON595827_NA_FPV-4_Felis-catus_2017
KF499111_NA_NA_Felis-catus_2012	PQ435238_NA_FeAstV-THA-CU30863-2022_Felis-catus_2022
KF499111_NA_NA_Felis-catus_2012	ON595826_NA_FPV-3_Felis-catus_2017
KF499111_NA_NA_Felis-catus_2012	PQ435237_NA_FeAstV-THA-CU28799-2022_Felis-catus_2022
KF499111_NA_NA_Felis-catus_2012	ON595825_NA_FPV-2_Felis-catus_2016
KF499111_NA_NA_Felis-catus_2012	MN148428_NA_NA_Amur-tiger_2018
KF499111_NA_NA_Felis-catus_2012	ON595824_NA_FPV-1_Felis-catus_2017
KF499111_NA_NA_Felis-catus_2012	NC-022249_NA_NA_Felis-catus_2012
KF499111_NA_NA_Felis-catus_2012	PV093024_NA_NA_Neogale-vison_2023
KF499111_NA_NA_Felis-catus_2012	MK671313_NA_MAV2-18SY0803_domestic-cat-with-diarrhea_2018
KF499111_NA_NA_Felis-catus_2012	MK671312_NA_MAV2-18JL0705_health-cat_2018
KF499111_NA_NA_Felis-catus_2012	MK671311_NA_MAV2-18JL0310_domestic-cat-with-diarrhea_2018
KF499111_NA_NA_Felis-catus_2012	MW164633_NA_BC-SPCA_cat_2020
KF499111_NA_NA_Felis-catus_2012	MK671310_NA_MAV2-18CC0502_domestic-cat-with-diarrhea_2018
KF499111_NA_NA_Felis-catus_2012	MW037841_NA_NA_Felis-catus_2018
KF499111_NA_NA_Felis-catus_2012	MK671309_NA_MAV2-17SP0801_domestic-cat-with-diarrhea_2017
KF499111_NA_NA_Felis-catus_2012	MK671308_NA_MAV2-17JL0318_domestic-cat-with-diarrhea_2017
KF499111_NA_NA_Felis-catus_2012	MK671307_NA_MAV2-17HRB0511_domestic-cat-with-diarrhea_2017
KF499111_NA_NA_Felis-catus_2012	KF374704_NA_Viseu_Felis-catus_2012
MN033929_NA_H4-Rhizo-Litter-20-scaffold-133_NA_NA	MN033929_NA_H4-Rhizo-Litter-20-scaffold-133_NA_NA
MG599894_NA_NA_Macroramphosus-scolopax_NA	MG599894_NA_NA_Macroramphosus-scolopax_NA
MG599883_NA_NA_Cephalopholis-spiloparaea_NA	MG599883_NA_NA_Cephalopholis-spiloparaea_NA
OR951049_NA_GD2017-211-130439_Myotis-pilosus_2017	OR951049_NA_GD2017-211-130439_Myotis-pilosus_2017
OR951049_NA_GD2017-211-130439_Myotis-pilosus_2017	OQ802706_NA_JM-My-chinensis-astro-3_Myotis-chinensis_2016
OR951049_NA_GD2017-211-130439_Myotis-pilosus_2017	OQ802704_NA_JM-My-chinensis-astro-1_Myotis-chinensis_2016
OR951049_NA_GD2017-211-130439_Myotis-pilosus_2017	OR951090_NA_LN2020-331-77556_Myotis-sp-_2020
OR951049_NA_GD2017-211-130439_Myotis-pilosus_2017	OR951073_NA_GD2016-278-122035_Myotis-chinensis_2016
OR951049_NA_GD2017-211-130439_Myotis-pilosus_2017	OR951071_NA_GD2017-276-23535_Myotis-laniger_2017
PP871808_NA_astro-vt-90_Gallus-gallus_2015	PP871808_NA_astro-vt-90_Gallus-gallus_2015
PV351772_NA_HN-K7f-51_Suncus-murinus_2024_reverse	PV351772_NA_HN-K7f-51_Suncus-murinus_2024_reverse
PV351772_NA_HN-K7f-51_Suncus-murinus_2024_reverse	OM451116_NA_SC-F1_masked-palm-civet_2020
PV351772_NA_HN-K7f-51_Suncus-murinus_2024_reverse	ON932807_NA_AstroV-HMU-5_Rattus-tanezumi_2018
PV351772_NA_HN-K7f-51_Suncus-murinus_2024_reverse	PQ678007_NA_WSFN-YNSC177_Rattus-tanezumi_2021
PV351772_NA_HN-K7f-51_Suncus-murinus_2024_reverse	OR774966_NA_DhLh72022_Rattus-tanezumi_2022
PV351772_NA_HN-K7f-51_Suncus-murinus_2024_reverse	KT946728_NA_HK-12111F_Rattus-andamanensis_NA
PV351772_NA_HN-K7f-51_Suncus-murinus_2024_reverse	KT946729_NA_HK-13112F_Rattus-andamanensis_NA
PV351772_NA_HN-K7f-51_Suncus-murinus_2024_reverse	KT946726_NA_HK-22103F_Rattus-andamanensis_NA
PV351772_NA_HN-K7f-51_Suncus-murinus_2024_reverse	KT946730_NA_HK-25315A_Rattus-andamanensis_NA
PV351772_NA_HN-K7f-51_Suncus-murinus_2024_reverse	KT946727_NA_HK-4214F_Rattus-andamanensis_NA
PQ055541_NA_QJ3TS3058_Procambarus-clarkii_2021	PQ055541_NA_QJ3TS3058_Procambarus-clarkii_2021
OR367603_NA_YakFeces06-1944_Bos-mutus_2021_reverse	OR367603_NA_YakFeces06-1944_Bos-mutus_2021_reverse
PP711877_NA_5A-Kenya-BAT0738-2015_Miniopterus-sp--clade-10-TD-2020_2015	PP711877_NA_5A-Kenya-BAT0738-2015_Miniopterus-sp--clade-10-TD-2020_2015
PP174176_NA_SP2B-k141-169106_NA_2021	PP174176_NA_SP2B-k141-169106_NA_2021
MH453801_NA_AstV-Red-necked-Avocet-MW09-Interior_Red-necked-Avocet_2013	MH453801_NA_AstV-Red-necked-Avocet-MW09-Interior_Red-necked-Avocet_2013
JF742759_NA_MLB2-human-Stl-WD0559-2008_Homo-sapiens_2008	JF742759_NA_MLB2-human-Stl-WD0559-2008_Homo-sapiens_2008
JF742759_NA_MLB2-human-Stl-WD0559-2008_Homo-sapiens_2008	KT224358_NA_MLB2-human-Geneva-2014_Homo-sapiens_2014
JF742759_NA_MLB2-human-Stl-WD0559-2008_Homo-sapiens_2008	AB829252_NA_GUP187_Homo-sapiens--24-months-old-femail_2005
JF742759_NA_MLB2-human-Stl-WD0559-2008_Homo-sapiens_2008	ON807319_NA_G22-012_environment_2006
JF742759_NA_MLB2-human-Stl-WD0559-2008_Homo-sapiens_2008	GQ502192_NA_MLB2-human-Stl-WD0559-2008_Homo-sapiens_2008
JF742759_NA_MLB2-human-Stl-WD0559-2008_Homo-sapiens_2008	MK089435_NA_668_Homo-sapiens_2015
JF742759_NA_MLB2-human-Stl-WD0559-2008_Homo-sapiens_2008	KX273058_NA_SimianAstV_NA_NA
JF742759_NA_MLB2-human-Stl-WD0559-2008_Homo-sapiens_2008	MK327365_NA_MLB-YJMGK_Homo-sapiens_2016
JF742759_NA_MLB2-human-Stl-WD0559-2008_Homo-sapiens_2008	NC-016155_NA_MLB2-human-Stl-WD0559-2008_Homo-sapiens_2008
JF742759_NA_MLB2-human-Stl-WD0559-2008_Homo-sapiens_2008	KX022687_NA_MLB2-LIHT_Homo-sapiens_2014
MN034752_NA_H1-Rhizo-Litter-1-scaffold-1158_NA_NA_reverse	MN034752_NA_H1-Rhizo-Litter-1-scaffold-1158_NA_NA_reverse
MG599905_NA_NA_NA_NA	MG599905_NA_NA_NA_NA
MG599892_NA_NA_Lethenteron-camtschaticum_NA	MG599892_NA_NA_Lethenteron-camtschaticum_NA
PV418557_NA_CaAstV-Dog-AUS-perth-6-2022_Canis-lupus-familiaris_2022	PV418557_NA_CaAstV-Dog-AUS-perth-6-2022_Canis-lupus-familiaris_2022
OR951053_NA_JX2020_fish_2020	OR951053_NA_JX2020_fish_2020
PP871761_NA_astro-vt-43_Gallus-gallus_2016	PP871761_NA_astro-vt-43_Gallus-gallus_2016
PP871761_NA_astro-vt-43_Gallus-gallus_2016	KT892958_NA_3330_Swine_2014
PP871761_NA_astro-vt-43_Gallus-gallus_2016	ON792970_NA_SP-VC9_Sus-scrofa_2017
PP871761_NA_astro-vt-43_Gallus-gallus_2016	MT451918_NA_K062_pig_2012
PP871761_NA_astro-vt-43_Gallus-gallus_2016	PV089623_NA_PAstV4-CHN-SW24-2024_swine_2023
PP871761_NA_astro-vt-43_Gallus-gallus_2016	ON792969_NA_SP-VT9_Sus-scrofa_2018
PP871761_NA_astro-vt-43_Gallus-gallus_2016	MT451917_NA_K366_pig_2012
PP871761_NA_astro-vt-43_Gallus-gallus_2016	MK613068_NA_PAstV-CH-HB-SJZ-2018_porcine_2018
PP871761_NA_astro-vt-43_Gallus-gallus_2016	PV089622_NA_PAstV4-CHN-SW2-2023_swine_2023
PP871761_NA_astro-vt-43_Gallus-gallus_2016	ON792968_NA_SP-VC41_Sus-scrofa_2017
PP871761_NA_astro-vt-43_Gallus-gallus_2016	MK378508_NA_PoAstV-VIRES-HeB02-C4_Sus-scrofa_2017
PP871761_NA_astro-vt-43_Gallus-gallus_2016	JF713713_NA_NA_Sus-scrofa_2010
PP871761_NA_astro-vt-43_Gallus-gallus_2016	MW784074_NA_68-5299_NA_NA
PP871761_NA_astro-vt-43_Gallus-gallus_2016	PP871760_NA_astro-vt-42_Sus-scrofa-(wild-boar)_2014
PP871761_NA_astro-vt-43_Gallus-gallus_2016	MK987099_NA_BoAstV-VC34-338_Bos-taurus_2016
PP871761_NA_astro-vt-43_Gallus-gallus_2016	OL695850_NA_AH4-3_swine_2021
PP871761_NA_astro-vt-43_Gallus-gallus_2016	ON792967_NA_SP-VC29_Sus-scrofa_2017
PP871761_NA_astro-vt-43_Gallus-gallus_2016	KY933398_NA_K456_pig_2012
PP871761_NA_astro-vt-43_Gallus-gallus_2016	MW784073_NA_67-73244_NA_NA
PP871761_NA_astro-vt-43_Gallus-gallus_2016	PP871758_NA_astro-vt-40_Sus-scrofa-(wild-boar)_2014
PP871761_NA_astro-vt-43_Gallus-gallus_2016	OL695849_NA_AH4-2_swine_2021
PP871761_NA_astro-vt-43_Gallus-gallus_2016	MK460231_NA_PoAstV4-CHN-WG-R2-2017_pig_2017
PP871761_NA_astro-vt-43_Gallus-gallus_2016	MK378502_NA_PoAstV-VIRES-GZ04-C10_Sus-scrofa_2017
PP871761_NA_astro-vt-43_Gallus-gallus_2016	ON049761_NA_228-k141-72357_NA_NA
PP871761_NA_astro-vt-43_Gallus-gallus_2016	OL695848_NA_AH4-1_swine_2021
PP871761_NA_astro-vt-43_Gallus-gallus_2016	MW962975_NA_PAstV4-(YN01-2020)_porcine_2020
PP871761_NA_astro-vt-43_Gallus-gallus_2016	MT642666_NA_NA_Sus-scrofa_2019
PP871761_NA_astro-vt-43_Gallus-gallus_2016	KT892966_NA_7591_Swine_2014
PP871761_NA_astro-vt-43_Gallus-gallus_2016	MW784070_NA_7-333329_NA_NA
PP871761_NA_astro-vt-43_Gallus-gallus_2016	PP871806_NA_astro-vt-88_Gallus-gallus_2015
PP871761_NA_astro-vt-43_Gallus-gallus_2016	MK378487_NA_PoAstV-VIRES-GZ01-C1_Sus-scrofa_2017
PP871761_NA_astro-vt-43_Gallus-gallus_2016	KT892961_NA_4331_Swine_2014
PP871761_NA_astro-vt-43_Gallus-gallus_2016	MW784071_NA_8-286142_NA_NA
PP871761_NA_astro-vt-43_Gallus-gallus_2016	PP871749_NA_astro-vt-31_Sus-scrofa-(wild-boar)_2014
PP871761_NA_astro-vt-43_Gallus-gallus_2016	KT892954_NA_1791_Swine_2014
PP871761_NA_astro-vt-43_Gallus-gallus_2016	MW784107_NA_s68-431397_NA_NA
PP871761_NA_astro-vt-43_Gallus-gallus_2016	PP871799_NA_astro-vt-81_Sus-scrofa-domesticus_2015
PP871761_NA_astro-vt-43_Gallus-gallus_2016	PP872119_NA_astro-vt-401_Sus-scrofa-domesticus_2014
PP871761_NA_astro-vt-43_Gallus-gallus_2016	PP872098_NA_astro-vt-380_Sus-scrofa-domesticus_2015
PP871761_NA_astro-vt-43_Gallus-gallus_2016	PP871742_NA_astro-vt-24_Sus-scrofa-domesticus_2014
PP871761_NA_astro-vt-43_Gallus-gallus_2016	MW784101_NA_R67-109978_NA_NA
PP871761_NA_astro-vt-43_Gallus-gallus_2016	PP871790_NA_astro-vt-72_Sus-scrofa-domesticus_2015
PP871761_NA_astro-vt-43_Gallus-gallus_2016	PP871741_NA_astro-vt-23_Sus-scrofa-domesticus_2015
PP871761_NA_astro-vt-43_Gallus-gallus_2016	LC201614_NA_NA_Sus-scrofa_2015
PP871761_NA_astro-vt-43_Gallus-gallus_2016	JX556692_NA_AstV4-US-IL135_Sus-scrofa-(swine)_2011
PP871761_NA_astro-vt-43_Gallus-gallus_2016	MT549855_NA_CHN-01_Rattus-norvegicus_2016
PP871761_NA_astro-vt-43_Gallus-gallus_2016	MK378580_NA_PoAstV-VIRES-YN01-C8_Sus-scrofa_2017
PP871761_NA_astro-vt-43_Gallus-gallus_2016	LC201613_NA_NA_Sus-scrofa_2015
PP871761_NA_astro-vt-43_Gallus-gallus_2016	MW784096_NA_275R-116493_NA_NA
PP871761_NA_astro-vt-43_Gallus-gallus_2016	PP872028_NA_astro-vt-310_Sus-scrofa-domesticus_2014
PP871761_NA_astro-vt-43_Gallus-gallus_2016	MW504580_NA_15212-AST-len-4241-cov-88-617535_Sus-scrofa_2018
PP871761_NA_astro-vt-43_Gallus-gallus_2016	MK378574_NA_PoAstV-VIRES-YN01-C2_Sus-scrofa_2017
PP871761_NA_astro-vt-43_Gallus-gallus_2016	LC201612_NA_NA_Sus-scrofa_2015
PP871761_NA_astro-vt-43_Gallus-gallus_2016	MW784095_NA_138bR-178666_NA_NA
PP871761_NA_astro-vt-43_Gallus-gallus_2016	PP871985_NA_astro-vt-267_Sus-scrofa-domesticus_2015
PP871761_NA_astro-vt-43_Gallus-gallus_2016	PP871733_NA_astro-vt-15_Sus-scrofa-domesticus_2014
PP871761_NA_astro-vt-43_Gallus-gallus_2016	NC-023675_NA_NA_Sus-scrofa_2010
PP871761_NA_astro-vt-43_Gallus-gallus_2016	LC201611_NA_NA_Sus-scrofa_2015
PP871761_NA_astro-vt-43_Gallus-gallus_2016	KX033447_NA_NA_Sus-scrofa-(wild-boar)_2015
PP871761_NA_astro-vt-43_Gallus-gallus_2016	MW784093_NA_288-122863_NA_NA
PP871761_NA_astro-vt-43_Gallus-gallus_2016	PP871974_NA_astro-vt-256_Sus-scrofa-domesticus_2014
PP871761_NA_astro-vt-43_Gallus-gallus_2016	PP871785_NA_astro-vt-67_Sus-scrofa-(wild-boar)_2015
PP871761_NA_astro-vt-43_Gallus-gallus_2016	PP871731_NA_astro-vt-13_Canis-lupus-familiaris_2014
PP871761_NA_astro-vt-43_Gallus-gallus_2016	MK378564_NA_PoAstV-VIRES-NX01-C2_Sus-scrofa_2017
PP871761_NA_astro-vt-43_Gallus-gallus_2016	LC201610_NA_NA_Sus-scrofa_2015
PP871761_NA_astro-vt-43_Gallus-gallus_2016	PP871962_NA_astro-vt-244_Sus-scrofa-domesticus_2014
PP871761_NA_astro-vt-43_Gallus-gallus_2016	MW504579_NA_15216-AST-len-3310-cov-10-183717_Sus-scrofa_2018
PP871761_NA_astro-vt-43_Gallus-gallus_2016	MK378559_NA_PoAstV-VIRES-NM02-C9_Sus-scrofa_2017
PP871761_NA_astro-vt-43_Gallus-gallus_2016	LC201609_NA_NA_Sus-scrofa_2015
PP871761_NA_astro-vt-43_Gallus-gallus_2016	MW504577_NA_15217-AST-len-6652-cov-21-318023_Sus-scrofa_2018
PP871761_NA_astro-vt-43_Gallus-gallus_2016	LC201608_NA_NA_Sus-scrofa_2015
PP871761_NA_astro-vt-43_Gallus-gallus_2016	MW784090_NA_286-165764_NA_NA
PP871761_NA_astro-vt-43_Gallus-gallus_2016	PP871782_NA_astro-vt-64_Sus-scrofa-domesticus_2014
PP871761_NA_astro-vt-43_Gallus-gallus_2016	MW504576_NA_15210-AST-len-6624-cov-2753-325011_Sus-scrofa_2018
PP871761_NA_astro-vt-43_Gallus-gallus_2016	MK378551_NA_PoAstV-VIRES-NM02-C1_Sus-scrofa_2017
PP871761_NA_astro-vt-43_Gallus-gallus_2016	LC201607_NA_NA_Sus-scrofa_2015
PP871761_NA_astro-vt-43_Gallus-gallus_2016	MW784089_NA_276-220907_NA_NA
PP871761_NA_astro-vt-43_Gallus-gallus_2016	PP871927_NA_astro-vt-209_Sus-scrofa-domesticus_2014
PP871761_NA_astro-vt-43_Gallus-gallus_2016	OM104030_NA_BSF3_Sus-scrofa-domesticus_2021
PP871761_NA_astro-vt-43_Gallus-gallus_2016	MW504573_NA_15213-AST-len-6253-cov-80-443692_Sus-scrofa_2018
PP871761_NA_astro-vt-43_Gallus-gallus_2016	MK378548_NA_PoAstV-VIRES-NM01-C1_Sus-scrofa_2017
PP871761_NA_astro-vt-43_Gallus-gallus_2016	LC201606_NA_NA_Sus-scrofa_2015
PP871761_NA_astro-vt-43_Gallus-gallus_2016	MW784088_NA_276-151000_NA_NA
PP871761_NA_astro-vt-43_Gallus-gallus_2016	PP871775_NA_astro-vt-57_Sus-scrofa-domesticus_2014
PP871761_NA_astro-vt-43_Gallus-gallus_2016	OM104029_NA_BSF3_Sus-scrofa-domesticus_2021
PP871761_NA_astro-vt-43_Gallus-gallus_2016	MW504572_NA_15213-AST-len-6681-cov-706-788258_Sus-scrofa_2018
PP871761_NA_astro-vt-43_Gallus-gallus_2016	LC201605_NA_NA_Sus-scrofa_2015
PP871761_NA_astro-vt-43_Gallus-gallus_2016	KX060809_NA_NA_Sus-scrofa_2014
PP871761_NA_astro-vt-43_Gallus-gallus_2016	MW504571_NA_15211-AST-len-6232-cov-1330-863040_Sus-scrofa_2018
PP871761_NA_astro-vt-43_Gallus-gallus_2016	MK378539_NA_PoAstV-VIRES-JL01-C1_Sus-scrofa_2017
PP871761_NA_astro-vt-43_Gallus-gallus_2016	LC201604_NA_NA_Sus-scrofa_2014
PP871761_NA_astro-vt-43_Gallus-gallus_2016	KX060808_NA_NA_Sus-scrofa_2014
PP871761_NA_astro-vt-43_Gallus-gallus_2016	PP871911_NA_astro-vt-193_Sus-scrofa-domesticus_2014
PP871761_NA_astro-vt-43_Gallus-gallus_2016	PP871770_NA_astro-vt-52_Sus-scrofa-domesticus_2015
PP871761_NA_astro-vt-43_Gallus-gallus_2016	LC201603_NA_NA_Sus-scrofa_2014
PP871761_NA_astro-vt-43_Gallus-gallus_2016	PP871769_NA_astro-vt-51_Sus-scrofa-domesticus_2015
PP871761_NA_astro-vt-43_Gallus-gallus_2016	OM105032_NA_BSF2_Sus-scrofa-domesticus_2021
PP871761_NA_astro-vt-43_Gallus-gallus_2016	MK378537_NA_PoAstV-VIRES-HuN01-C2_Sus-scrofa_2017
PP871761_NA_astro-vt-43_Gallus-gallus_2016	LC201602_NA_NA_Sus-scrofa_2014
PP871761_NA_astro-vt-43_Gallus-gallus_2016	MK378536_NA_PoAstV-VIRES-HuN01-C1_Sus-scrofa_2017
PP871761_NA_astro-vt-43_Gallus-gallus_2016	LC201601_NA_NA_Sus-scrofa_2014
PP871761_NA_astro-vt-43_Gallus-gallus_2016	MK378535_NA_PoAstV-VIRES-HuB01-C2_Sus-scrofa_2017
PP871761_NA_astro-vt-43_Gallus-gallus_2016	MH425243_NA_TJ060606_Sus-scrofa_2018
PP871761_NA_astro-vt-43_Gallus-gallus_2016	LC201600_NA_NA_Sus-scrofa_2014
PP871761_NA_astro-vt-43_Gallus-gallus_2016	KU764486_NA_15-12_swine_2015
PP871761_NA_astro-vt-43_Gallus-gallus_2016	PP871766_NA_astro-vt-48_Sus-scrofa-domesticus_2015
PP871761_NA_astro-vt-43_Gallus-gallus_2016	ON792972_NA_SP-VT41_Sus-scrofa_2018
PP871761_NA_astro-vt-43_Gallus-gallus_2016	KU764485_NA_15-14_swine_2015
PP871761_NA_astro-vt-43_Gallus-gallus_2016	ON792971_NA_SP-VC19_Sus-scrofa_2017
PP871761_NA_astro-vt-43_Gallus-gallus_2016	KU764484_NA_15-13_swine_2015
PP871761_NA_astro-vt-43_Gallus-gallus_2016	NC-016896_NA_NA_Sus-scrofa-(wild-boar)_2011
PP871761_NA_astro-vt-43_Gallus-gallus_2016	MK378475_NA_PoAstV-VIRES-GX03-C3_Sus-scrofa_2017
PP871761_NA_astro-vt-43_Gallus-gallus_2016	JQ340310_NA_NA_Sus-scrofa-(wild-boar)_2011
PP211221_NA_Ra-norvegicus-bastro-3_Rattus-norvegicus_2018	PP211221_NA_Ra-norvegicus-bastro-3_Rattus-norvegicus_2018
PQ220258_NA_ASTV-4_Anser-indicus-(Bar-headed-goose)_2020	PQ220258_NA_ASTV-4_Anser-indicus-(Bar-headed-goose)_2020
PP590744_NA_MRL-L_Muraenolepis-sp-_2021	PP590744_NA_MRL-L_Muraenolepis-sp-_2021
OR613305_NA_PPYCC16-17_Pipistrellus-pipistrellus_2016	OR613305_NA_PPYCC16-17_Pipistrellus-pipistrellus_2016
MW826483_NA_YSN01_bird_2019	MW826483_NA_YSN01_bird_2019
ON982163_NA_SD-19_Hippocampus-erectus_2019	ON982163_NA_SD-19_Hippocampus-erectus_2019
OM451145_NA_FJ-MO1_eurasian-red-squirrel_2021	OM451145_NA_FJ-MO1_eurasian-red-squirrel_2021
OM451145_NA_FJ-MO1_eurasian-red-squirrel_2021	MT152345_NA_UK-2010_grey-squirrel_2010
MZ291970_NA_G20-108_environment_2019	MZ291970_NA_G20-108_environment_2019
MT993595_NA_MW09-1o_Arenaria-interpres-(ruddy-turnstone)_2015	MT993595_NA_MW09-1o_Arenaria-interpres-(ruddy-turnstone)_2015
KY933399_NA_U460_pig_2012	KY933399_NA_U460_pig_2012
KY933399_NA_U460_pig_2012	PP871720_NA_astro-vt-2_Sus-scrofa-domesticus_2014
MT138009_NA_prf037ast1nc_NA_2018	MT138009_NA_prf037ast1nc_NA_2018
MN626434_NA_AV-UKMa1-TT_Microtus-agrestis_2014	MN626434_NA_AV-UKMa1-TT_Microtus-agrestis_2014
MH453800_NA_AstV-Red-necked-Avocet-MW08-Interior_Red-necked-Avocet_2013	MH453800_NA_AstV-Red-necked-Avocet-MW08-Interior_Red-necked-Avocet_2013
ON893140_NA_SYMA008_Miniopterus-africanus_NA	ON893140_NA_SYMA008_Miniopterus-africanus_NA
MN034411_NA_H2-Rhizo-Litter-8-scaffold-129_NA_NA	MN034411_NA_H2-Rhizo-Litter-8-scaffold-129_NA_NA
MG599900_NA_NA_Hime-japonica_NA	MG599900_NA_NA_Hime-japonica_NA
MG599890_NA_NA_Lethenteron-camtschaticum_NA	MG599890_NA_NA_Lethenteron-camtschaticum_NA
JF796126_NA_NA_cattle_NA	JF796126_NA_NA_cattle_NA
JF796126_NA_NA_cattle_NA	HQ916316_NA_NA_cattle_NA
JF796126_NA_NA_cattle_NA	HQ916314_NA_NA_cattle_NA
OR951052_NA_GX2017_fish_2020	OR951052_NA_GX2017_fish_2020
PX095800_NA_DL-P-nayaur-Mav-1_Pseudois-nayaur_2023	PX095800_NA_DL-P-nayaur-Mav-1_Pseudois-nayaur_2023
PQ220257_NA_ASTV-1_Anser-indicus-(Bar-headed-goose)_2020	PQ220257_NA_ASTV-1_Anser-indicus-(Bar-headed-goose)_2020
PQ220257_NA_ASTV-1_Anser-indicus-(Bar-headed-goose)_2020	PV793826_NA_AstroviridaeCranefe67_Leucogeranus-leucogeranus_2024
PQ220257_NA_ASTV-1_Anser-indicus-(Bar-headed-goose)_2020	PV793830_NA_AstroviridaeGoosefe90_Anser-sp-_2024
PP590730_NA_MRL-L_Muraenolepis-sp-_2021	PP590730_NA_MRL-L_Muraenolepis-sp-_2021
PP174201_NA_SP2C-k141-173245_NA_2021_reverse	PP174201_NA_SP2C-k141-173245_NA_2021_reverse
MW826482_NA_YSN02_bird_2019	MW826482_NA_YSN02_bird_2019
OP272633_NA_AH33-3_goose_2021	OP272633_NA_AH33-3_goose_2021
OP272633_NA_AH33-3_goose_2021	OR907134_NA_NA_Goose_2022
OP272633_NA_AH33-3_goose_2021	PP763758_NA_AAstV-Goose-CHN-2023-C102_goose_2023
OP272633_NA_AH33-3_goose_2021	OR907133_NA_NA_Goose_2023
OP272633_NA_AH33-3_goose_2021	OR907132_NA_NA_Goose_2023
OP272633_NA_AH33-3_goose_2021	OR907131_NA_NA_Goose_2023
OP272633_NA_AH33-3_goose_2021	MH410610_NA_NA_goslings_2017
OP272633_NA_AH33-3_goose_2021	NC-034567_NA_FLX_Hortobagy-goose_2014
OP272633_NA_AH33-3_goose_2021	MZ819185_NA_ZJC14_goose_2020
OP272633_NA_AH33-3_goose_2021	OK571391_NA_ZJC14_goslings_2020
OP272633_NA_AH33-3_goose_2021	PP108251_NA_NA_goose_2023
OP272633_NA_AH33-3_goose_2021	OL762472_NA_JXYC_goose_NA
OP272633_NA_AH33-3_goose_2021	PP382209_NA_J3-2021_Jiangnan-White-Goose_2021
OP272633_NA_AH33-3_goose_2021	OQ076692_NA_AH-16_goose_2021
OP272633_NA_AH33-3_goose_2021	OL762471_NA_JXGZ_goose_NA
OP272633_NA_AH33-3_goose_2021	PP786658_NA_JY202323_goose_2023
OP272633_NA_AH33-3_goose_2021	OR827024_NA_GAstV-JSXZ_goose_2022
OP272633_NA_AH33-3_goose_2021	KY271027_NA_FLX_Hortobagy-goose_2014
OP272633_NA_AH33-3_goose_2021	MW353015_NA_TZ03_goose_2019
OP272633_NA_AH33-3_goose_2021	OM264914_NA_NA_goslings_2019
OP272633_NA_AH33-3_goose_2021	MW340534_NA_SCCD_goose_2019
OP272633_NA_AH33-3_goose_2021	OR924093_NA_NA_Goose_2021
OP272633_NA_AH33-3_goose_2021	OM264913_NA_NA_goslings_2019
OP272633_NA_AH33-3_goose_2021	OM264912_NA_NA_goslings_2019
OP272633_NA_AH33-3_goose_2021	MW786757_NA_SCCD_goose_2018
OP272633_NA_AH33-3_goose_2021	OP776630_NA_NA_goose_2021
OP272633_NA_AH33-3_goose_2021	OM264911_NA_NA_goslings_2019
OP272633_NA_AH33-3_goose_2021	OM200916_NA_NA_goslings_2019
OP272633_NA_AH33-3_goose_2021	OR211592_NA_GAstV-HBLY_goose_2023
MW450837_NA_BF2-astro-YN-CHN-2020_Miniopterus-schreibersii_2020	MW450837_NA_BF2-astro-YN-CHN-2020_Miniopterus-schreibersii_2020
JN420351_NA_1136_Zalophus-californianus-(California-sea-lion)_2010	JN420351_NA_1136_Zalophus-californianus-(California-sea-lion)_2010
JN420351_NA_1136_Zalophus-californianus-(California-sea-lion)_2010	JN420355_NA_1207_Zalophus-californianus-(California-sea-lion)_2010
JN420351_NA_1136_Zalophus-californianus-(California-sea-lion)_2010	JN420353_NA_1153_Zalophus-californianus-(California-sea-lion)_2010
MG599884_NA_NA_NA_NA	MG599884_NA_NA_NA_NA
LT706531_NA_UK-2013-ewe-lib01454_NA_NA	LT706531_NA_UK-2013-ewe-lib01454_NA_NA
LT706531_NA_UK-2013-ewe-lib01454_NA_NA	LN879482_NA_NA_Bos-taurus_2014
LT706531_NA_UK-2013-ewe-lib01454_NA_NA	KY859988_NA_NA_ovine_2006
LT706531_NA_UK-2013-ewe-lib01454_NA_NA	LT706530_NA_UK-2014-lamb-lib01455_NA_NA
LT706531_NA_UK-2013-ewe-lib01454_NA_NA	KT956903_NA_CH15_Bos-taurus_2015
LT706531_NA_UK-2013-ewe-lib01454_NA_NA	MK286562_NA_NA_NA_1992
LT706531_NA_UK-2013-ewe-lib01454_NA_NA	PP926321_NA_HB2_ticks_2022
PX236817_NA_M22_Trichosurus-vulpecula_2021	PX236817_NA_M22_Trichosurus-vulpecula_2021
PX236817_NA_M22_Trichosurus-vulpecula_2021	PX236818_NA_M23_Trichosurus-vulpecula_2021
PP872132_NA_astro-vt-414_Sus-scrofa-domesticus_2014	PP872132_NA_astro-vt-414_Sus-scrofa-domesticus_2014
PQ055537_NA_QJ3TG2618_Procambarus-clarkii_2021	PQ055537_NA_QJ3TG2618_Procambarus-clarkii_2021
PP711873_NA_3A-Kenya-BAT0736-2015_Miniopterus-sp--clade-10-TD-2020_2015	PP711873_NA_3A-Kenya-BAT0736-2015_Miniopterus-sp--clade-10-TD-2020_2015
PP352010_NA_Hunan-CHN-2022_Pelophylax-nigromaculatus_2022	PP352010_NA_Hunan-CHN-2022_Pelophylax-nigromaculatus_2022
OR350280_NA_F25_Xenotilapia-boulengeri_2014	OR350280_NA_F25_Xenotilapia-boulengeri_2014
MZ218053_NA_BtAstV-21164-6-A-M-dau-DK-2015_Myotis-daubentonii_2015	MZ218053_NA_BtAstV-21164-6-A-M-dau-DK-2015_Myotis-daubentonii_2015
MZ218053_NA_BtAstV-21164-6-A-M-dau-DK-2015_Myotis-daubentonii_2015	MZ218054_NA_BtAstV-21164-6-B-M-dau-DK-2015_Myotis-daubentonii_2015
OL871128_NA_CB-FW-05-Hayes-RdRp_Gobiomorphus-cotidianus_NA	OL871128_NA_CB-FW-05-Hayes-RdRp_Gobiomorphus-cotidianus_NA
PP872120_NA_astro-vt-402_Sus-scrofa-domesticus_2014	PP872120_NA_astro-vt-402_Sus-scrofa-domesticus_2014
PP872120_NA_astro-vt-402_Sus-scrofa-domesticus_2014	PP872067_NA_astro-vt-349_Sus-scrofa-domesticus_2014
PP872120_NA_astro-vt-402_Sus-scrofa-domesticus_2014	MW784085_NA_228-200999_NA_NA
PQ055536_NA_QJ5DG1896_Procambarus-clarkii_2021	PQ055536_NA_QJ5DG1896_Procambarus-clarkii_2021
PP711863_NA_18A-Kenya-BAT0736-2015_Miniopterus-sp--clade-10-TD-2020_2015	PP711863_NA_18A-Kenya-BAT0736-2015_Miniopterus-sp--clade-10-TD-2020_2015
PP173952_NA_SP1A-k141-93956_NA_2021_reverse	PP173952_NA_SP1A-k141-93956_NA_2021_reverse
OR613294_NA_MSCZC1516-7_Miniopterus-schreibersii_2015	OR613294_NA_MSCZC1516-7_Miniopterus-schreibersii_2015
OQ802712_NA_JM-Rh-sinicus-astro-2_Rhinolophus-sinicus_2016	OQ802712_NA_JM-Rh-sinicus-astro-2_Rhinolophus-sinicus_2016
OR270072_NA_MAR-S_Retropinna-retropinna_2021	OR270072_NA_MAR-S_Retropinna-retropinna_2021
OQ198042_NA_AstroviridaeDogfe346C1full_canine_2020	OQ198042_NA_AstroviridaeDogfe346C1full_canine_2020
OQ198042_NA_AstroviridaeDogfe346C1full_canine_2020	OR367607_NA_YakFeces06-12041_Bos-mutus_2021_reverse
OQ198042_NA_AstroviridaeDogfe346C1full_canine_2020	OR367601_NA_YakFeces05-13770_Bos-mutus_2021
OQ198042_NA_AstroviridaeDogfe346C1full_canine_2020	OR367598_NA_YakFeces05-4899_Bos-mutus_2021_reverse
OQ198042_NA_AstroviridaeDogfe346C1full_canine_2020	OR367594_NA_YakFeces02-1507_Bos-mutus_2021
OQ198042_NA_AstroviridaeDogfe346C1full_canine_2020	ON624259_NA_NA_cow_2021
OQ198042_NA_AstroviridaeDogfe346C1full_canine_2020	ON624283_NA_NA_cow_2021
OQ198042_NA_AstroviridaeDogfe346C1full_canine_2020	LC047788_NA_NA_Bos-taurus_2013
OQ198042_NA_AstroviridaeDogfe346C1full_canine_2020	LC047789_NA_NA_Bos-taurus_2009
OQ198042_NA_AstroviridaeDogfe346C1full_canine_2020	LC047801_NA_NA_Bos-taurus_2015
OQ198042_NA_AstroviridaeDogfe346C1full_canine_2020	LC047799_NA_NA_Bos-taurus_2015
OQ198042_NA_AstroviridaeDogfe346C1full_canine_2020	ON624274_NA_NA_cow_2021
OQ198042_NA_AstroviridaeDogfe346C1full_canine_2020	MW373720_NA_BoAstv-CHN-JL-1-2019_bovine_2019
OQ198042_NA_AstroviridaeDogfe346C1full_canine_2020	LC047795_NA_NA_Bos-taurus_2014
OQ198042_NA_AstroviridaeDogfe346C1full_canine_2020	ON624270_NA_NA_cow_2021
OQ198042_NA_AstroviridaeDogfe346C1full_canine_2020	MW373717_NA_BoAstv-CHN-Hubei-1-2019_bovine_2019
OQ198042_NA_AstroviridaeDogfe346C1full_canine_2020	LC047794_NA_NA_Bos-taurus_2009
OQ198042_NA_AstroviridaeDogfe346C1full_canine_2020	MW373716_NA_BoAstv-CHN-SD-1-2019_bovine_2019
OQ198042_NA_AstroviridaeDogfe346C1full_canine_2020	LC047792_NA_NA_Bos-taurus_2009
OQ198042_NA_AstroviridaeDogfe346C1full_canine_2020	LC047791_NA_NA_Bos-taurus_2009
OQ198042_NA_AstroviridaeDogfe346C1full_canine_2020	OR367588_NA_xizangshannan41-8572_Bos-mutus_2021
OQ198042_NA_AstroviridaeDogfe346C1full_canine_2020	ON624262_NA_NA_cow_2021
OQ198042_NA_AstroviridaeDogfe346C1full_canine_2020	ON624258_NA_NA_cow_2021
