Position in alignment;Recombination breakpoint number (200nt win);Upper 99% CI;Lower 99% CI;Upper 95% CI;Lower 95% CI;A;B;C;D;E
1;0;8919629;1;109968;1;109968;0;8969544;0;8969544
3;0;9820708;1;231236;0;0;9874529;0;;
5;1;72179;1;4094;0;0;9895502;0;;
7;1;162287;1;503686;0;0;991695;0;;
9;1;252394;1;518245;0;0;9955401;0;;
11;1;303682;1;53778;0;0;9990781;0;;
13;1;316148;1;539331;0;0;9990882;0;;
15;1;328615;1;540882;0;0;9990982;0;;
17;1;341082;1;542433;0;0;9991083;0;;
19;1;353549;1;543984;0;0;9991183;0;;
21;1;366015;1;545535;0;0;9991284;0;;
23;1;378482;1;547086;0;0;9991385;0;;
25;1;390949;1;548637;0;0;9991485;0;;
27;1;403415;1;550188;0;0;9991586;0;;
29;1;415882;1;551739;0;0;9991686;0;;
31;1;428349;1;55329;0;0;9994858;0;;
33;1;440815;1;554841;0;0;9995178;0;;
35;1;453282;1;556392;0;0;9995498;0;;
37;1;465749;1;557943;0;1;0;;;
39;1;478215;1;559494;0;1;0;;;
41;1;490682;1;561045;0;1;0;;;
43;1;503149;1;562596;0;1;0;;;
45;1;515616;1;564147;0;1;0;;;
47;1;528082;1;565698;0;1;0;;;
49;1;540549;1;567249;0;1;0;;;
51;1;553016;1;5688;0;1;0;;;
53;1;565482;1;570351;0;1;0;;;
55;1;577949;1;571902;0;1;0;;;
57;1;590416;1;573453;0;1;0;;;
59;1;602882;1;575093;0;1;0;;;
61;1;615349;1;584147;0;1;4483;0;;
63;1;627816;1;5932;0;1;4567;0;;
65;1;640283;1;602254;0;1;4651;0;;
67;1;652749;1;611307;0;1;4734;0;;
69;1;665216;1;620361;0;1;4818;0;;
71;1;677683;1;637698;0;1;16252;0;;
73;1;690149;1;697407;0;1;34443;0;;
75;1;702616;1;715161;0;1;44485;0;;
77;1;715083;1;745248;0;1;47227;0;;
79;1;727549;1;748819;0;1;54335;0;;
81;1;740016;1;750073;0;1;54994;0;;
83;1;752483;1;755588;0;1;77003;0;;
85;1;764949;1;779349;0;1;111338;0;;
87;1;777416;1;797614;0;1;111338;0;;
89;1;789883;1;828368;0;1;151707;0;;
91;1;801981;1;860432;0;1;168496;0;;
93;1;81408;1;892496;0;1;174285;0;;
95;1;826178;1;920333;0;1;180124;0;;
97;1;838277;1;924407;0;1;238406;0;;
99;1;853975;1;942711;0;1;253347;0;;
101;1;873273;1;942711;0;1;299515;0;;
103;1;892572;1;946699;0;1;416024;0;;
105;1;910658;1;969624;0;1;536437;0;;
107;1;927534;1;97813;0;1;632067;0;;
109;1;944814;2;9615;0;1;768912;0;;
111;1;959195;2;426633;0;1;805085;0;;
113;1;973577;2;46567;0;1;806239;0;;
115;1;987958;2;473112;0;1;807394;0;;
117;1;998373;2;473809;0;1;808628;0;;
119;1;999166;2;474414;0;1;9132;0;;
121;1;99945;2;475765;0;1;930647;0;;
123;1;999638;2;528497;0;1;951316;0;;
125;1;999728;2;57935;0;1;988523;0;;
127;1;999819;2;651583;0;1;988523;0;;
129;1;99991;2;75405;0;1;988523;0;;
131;2;2;820057;0;1;991061;0;;;
133;2;2;821;0;1;997137;0;;;
135;2;2;821943;0;1;999191;0;;;
137;2;2;876585;0;2;14894;0;;;
139;2;2;883274;0;2;21072;0;;;
141;2;2;89331;0;2;24995;0;;;
143;2;2;902925;0;2;4318;0;;;
145;2;2;91222;0;2;66583;0;;;
147;2;2;920764;0;2;119587;0;;;
149;2;2;925704;0;2;14153;0;;;
151;2;2;927052;0;2;152497;0;;;
153;2;2;930566;0;2;196788;0;;;
155;2;2;945392;0;2;197625;0;;;
157;2;2;969297;0;2;202021;0;;;
159;2;2;99222;0;2;206608;0;;;
161;2;2;995493;0;2;207335;0;;;
163;2;2;998765;0;2;212156;0;;;
165;2;3;2038;0;2;223246;0;;;
167;2;3;5311;0;2;242108;0;;;
169;2;3;8583;0;2;240957;0;;;
171;2;3;11856;0;2;238693;0;;;
173;2;3;27307;0;2;233002;0;;;
175;2;3;43044;0;2;220491;0;;;
177;2;3;59068;0;2;220472;0;;;
179;2;3;84729;0;2;276055;0;;;
181;2;3;91895;0;2;280509;0;;;
183;1;99988;3;99061;0;2;316166;0;;
185;1;999314;3;106228;0;2;360984;0;;
187;1;994336;3;130753;0;2;324592;0;;
189;1;968055;3;133225;0;2;308378;0;;
191;1;717357;3;134841;0;2;320693;0;;
193;1;547859;3;131135;0;2;322145;0;;
195;1;378361;3;12584;0;2;368255;0;;
197;1;288253;3;117903;0;2;351882;0;;
199;1;198145;3;164591;0;2;349399;0;;
201;1;108037;3;272175;0;2;332294;0;;
203;1;17929;3;484143;0;2;516733;0;;
205;0;9278213;3;503372;0;2;446201;0;;
207;0;8377135;3;451625;0;2;422459;0;;
209;0;7476056;3;399878;0;2;429669;0;;
211;0;6963183;2;983143;0;2;446027;0;;
213;0;6838516;2;982748;0;2;482168;0;;
215;0;6713849;2;983438;0;2;498832;0;;
217;0;6589182;2;984809;0;2;499037;0;;
219;0;6464515;2;986603;0;2;518915;0;;
221;0;6339848;3;146575;0;2;569215;0;;
223;0;6215181;3;36034;0;2;634496;0;;
225;0;6090514;3;518943;0;2;635349;0;;
227;0;5965847;3;551541;0;2;66953;0;;
229;0;5841181;3;571961;0;2;678113;0;;
231;0;5716513;3;590543;0;2;715822;0;;
233;0;5591847;3;64176;0;2;762092;0;;
235;0;5467179;3;714773;0;2;823629;0;;
237;0;5342513;3;719424;0;2;850332;0;;
239;0;5217845;3;721378;0;2;852381;0;;
241;0;5093179;3;723332;0;2;856173;0;;
243;0;4968512;3;725095;0;2;860731;0;;
245;0;4843845;3;834405;0;2;892677;0;;
247;0;4719178;3;900298;0;2;895829;0;;
249;0;4594511;3;90678;0;2;899864;0;;
251;0;4469844;3;909209;0;2;903471;0;;
253;0;4345177;3;929486;0;2;903471;0;;
255;0;422051;3;924251;0;2;908582;0;;
257;0;4095843;3;919029;0;2;940272;0;;
259;0;3971176;3;913527;0;2;96518;0;;
261;0;3846509;3;946892;0;2;969296;0;;
263;0;3721842;3;962793;0;2;969574;0;;
265;0;3597175;3;965698;0;2;970368;0;;
267;0;3472508;3;987081;0;2;976476;0;;
269;0;3347841;3;96825;0;2;991814;0;;
271;0;3223174;3;969864;0;2;991864;0;;
273;0;3098507;3;969627;0;2;99498;0;;
275;0;297384;3;969354;0;2;995401;0;;
277;0;2849173;3;969081;0;2;995823;0;;
279;0;2724506;3;968808;0;2;996244;0;;
281;0;2599839;3;968535;0;2;996666;0;;
283;0;2475172;3;96829;0;3;8538;0;;
285;0;2350505;4;152064;0;3;135273;0;;
287;0;2225838;4;45586;0;3;259173;0;;
289;0;2101171;4;505608;0;3;291403;0;;
291;0;1980186;4;500668;0;3;304991;0;;
293;0;1859201;4;491819;0;3;313228;0;;
295;0;1738216;4;487182;0;3;309523;0;;
297;0;1617231;4;491126;0;3;306175;0;;
299;0;1460248;4;514028;0;3;377777;0;;
301;0;1267266;4;539726;0;3;376321;0;;
303;0;1074285;4;775781;0;3;35342;0;;
305;0;8934169;4;632127;0;3;344421;0;;
307;0;7246624;4;618476;0;3;34443;0;;
309;0;5518606;4;570055;0;3;322029;0;;
311;0;4080471;4;531927;0;3;278648;0;;
313;0;2642337;4;52581;0;3;274559;0;;
315;0;1204202;4;511927;0;3;271263;0;;
317;0;1627029;4;492728;0;3;302686;0;;
319;0;8339425;4;277139;0;3;296054;0;;
321;0;549586;4;16692;0;3;176966;0;;
323;0;3621402;4;117465;0;3;185126;0;;
325;0;2716052;4;63418;0;3;193286;0;;
327;0;1810701;3;996914;0;3;126108;0;;
329;9.053506E-05;3;99729;0;3;53592;0;;;
331;0;3;997666;0;3;53713;0;;;
333;0;3;998026;0;3;53836;0;;;
335;0;3;99837;0;3;53961;0;;;
337;0;3;998718;0;3;54039;0;;;
339;0;4;16208;0;3;55712;0;;;
341;0;4;188813;0;3;13517;0;;;
343;0;4;37153;0;2;995437;0;;;
345;0;4;63762;0;3;35978;0;;;
347;0;4;28186;0;3;73888;0;;;
349;0;4;36526;0;3;66176;0;;;
351;0;4;40448;0;3;55845;0;;;
353;0;3;983543;0;3;86138;0;;;
355;0;3;98195;0;3;142661;0;;;
357;0;3;978288;0;3;133494;0;;;
359;0;3;972067;0;3;133881;0;;;
361;0;4;97908;0;3;135361;0;;;
363;0;4;10738;0;3;133736;0;;;
365;0;4;12627;0;3;144081;0;;;
367;0;4;14516;0;3;147573;0;;;
369;0;4;1546;0;3;209711;0;;;
371;0;4;364675;0;3;339041;0;;;
373;0;4;416147;0;3;32671;0;;;
375;0;4;395789;0;3;418056;0;;;
377;0;4;37549;0;3;425438;0;;;
379;0;4;362746;0;3;426963;0;;;
381;0;4;347365;0;3;419673;0;;;
383;0;4;334677;0;3;378242;0;;;
385;0;4;320949;0;3;400132;0;;;
387;0;4;276441;0;3;382926;0;;;
389;0;4;255155;0;3;340112;0;;;
391;0;4;562702;0;3;48717;0;;;
393;0;4;541454;0;3;476382;0;;;
395;0;4;41855;0;3;475571;0;;;
397;0;4;419224;0;3;447341;0;;;
399;0;4;40706;0;3;425372;0;;;
401;0;4;373914;0;3;430061;0;;;
403;0;4;249533;0;3;416149;0;;;
405;0;4;247883;0;3;417524;0;;;
407;0;4;246233;0;3;423252;0;;;
409;0;4;244999;0;3;44449;0;;;
411;0;4;243571;0;3;503883;0;;;
413;0;4;24195;0;3;580872;0;;;
415;0;4;270012;0;3;746814;0;;;
417;0;4;279401;0;3;776102;0;;;
419;0;4;519955;0;3;782107;0;;;
421;0;4;519174;0;3;786911;0;;;
423;0;4;602701;0;3;821552;0;;;
425;0;4;773139;0;3;864049;0;;;
427;0;4;777239;0;3;860842;0;;;
429;0;4;78134;0;3;853692;0;;;
431;0;4;783771;0;3;792525;0;;;
433;0;4;787392;0;3;776461;0;;;
435;0;4;78936;0;3;70306;0;;;
437;0;4;793117;0;3;671979;0;;;
439;0;4;796884;0;3;720515;0;;;
441;0;4;799231;0;3;734455;0;;;
443;0;4;80843;0;3;675975;0;;;
445;0;4;798614;0;3;701724;0;;;
447;0;4;799573;0;3;70096;0;;;
449;0;4;785216;0;3;711778;0;;;
451;0;4;722645;0;3;719622;0;;;
453;0;4;775328;0;3;721277;0;;;
455;0;4;774223;0;3;733203;0;;;
457;0;4;77413;0;3;742581;0;;;
459;0;4;77397;0;3;730959;0;;;
461;0;4;76821;0;3;806661;0;;;
463;0;4;767797;0;3;796145;0;;;
465;0;4;765718;0;3;880023;0;;;
467;0;4;75962;0;3;914229;0;;;
469;0;4;757742;0;3;906566;0;;;
471;0;4;747084;0;3;923156;0;;;
473;0;4;700322;0;3;922901;0;;;
475;0;4;724557;0;3;923055;0;;;
477;0;4;710049;0;3;939447;0;;;
479;0;4;735776;0;3;960843;0;;;
481;0;4;74803;0;3;997363;0;;;
483;0;4;580767;0;3;999074;0;;;
485;0;4;53876;0;3;957455;0;;;
487;0;4;501914;0;3;963056;0;;;
489;0;4;507524;0;3;946091;0;;;
491;0;4;635688;0;3;946238;0;;;
493;0;4;633999;0;3;914416;0;;;
495;0;4;640665;0;3;933837;0;;;
497;0;4;664007;0;3;945169;0;;;
499;0;4;659482;0;3;932202;0;;;
501;0;4;658978;0;3;886992;0;;;
503;0;4;658472;0;3;78601;0;;;
505;0;4;657967;0;3;698596;0;;;
507;0;4;657462;0;3;689385;0;;;
509;0;4;643162;0;3;680174;0;;;
511;0;4;603102;0;3;670963;0;;;
513;0;4;564439;0;3;661752;0;;;
515;0;4;453325;0;3;587787;0;;;
517;0;4;366429;0;3;561783;0;;;
519;0;4;366004;0;3;551916;0;;;
521;0;4;365578;0;3;542049;0;;;
523;0;4;365153;0;3;532971;0;;;
525;0;4;364728;0;3;53069;0;;;
527;0;4;364303;0;3;528408;0;;;
529;0;4;363877;0;3;502582;0;;;
531;0;4;361458;0;3;490166;0;;;
533;0;4;357643;0;3;485872;0;;;
535;0;4;354424;0;3;461653;0;;;
537;0;4;350935;0;3;386255;0;;;
539;0;4;349035;0;3;340039;0;;;
541;0;4;347058;0;3;337709;0;;;
543;0;4;317097;0;3;321332;0;;;
545;0;4;310506;0;3;324981;0;;;
547;0;4;271245;0;3;294537;0;;;
549;0;4;22474;0;3;280838;0;;;
551;0;4;73642;0;3;254821;0;;;
553;0;4;65679;0;3;218854;0;;;
555;0;4;57716;0;3;217714;0;;;
557;0;4;45939;0;3;179482;0;;;
559;0;4;22071;0;3;144933;0;;;
561;0;4;22386;0;3;11331;0;;;
563;0;4;13283;0;3;99553;0;;;
565;0;4;17;0;3;102205;0;;;
567;0;3;976238;0;3;7564;0;;;
569;0;3;935993;0;3;55125;0;;;
571;0;3;844362;0;3;9535;0;;;
573;0;3;795063;0;3;3327;0;;;
575;0;3;748902;0;3;4364;0;;;
577;0;3;657026;0;3;3368;0;;;
579;0;3;641888;0;3;3388;0;;;
581;0;3;651584;0;3;0;;;;
583;0;3;656187;0;3;3429;0;;;
585;0;3;650369;0;3;0;;;;
587;0;3;638141;0;2;995151;0;;;
589;0;3;624338;0;2;995502;0;;;
591;0;3;57852;0;2;948702;0;;;
593;0;3;575606;0;2;901955;0;;;
595;0;3;608332;0;2;831795;0;;;
597;0;3;671056;0;2;859857;0;;;
599;0;3;640073;0;2;871762;0;;;
601;0;3;625453;0;2;9061;0;;;
603;0;3;628222;0;2;923187;0;;;
605;0;3;630985;0;2;921021;0;;;
607;0;3;570923;0;2;923491;0;;;
609;0;3;599595;0;2;923588;0;;;
611;0;3;623402;0;2;927917;0;;;
613;0;1421985;3;673433;0;2;956275;0;;
615;0;4359693;3;421379;0;2;959065;0;;
617;0;7391138;3;551702;0;2;959088;0;;
619;0;1042258;3;646747;0;2;945501;0;;
621;0;8837678;3;755149;0;2;941159;0;;
623;0;2517357;3;783047;0;2;923969;0;;
625;0;7803407;3;822025;0;2;911553;0;;
627;0;1423803;3;823776;0;2;916985;0;;
629;0;2067264;3;818164;0;2;917805;0;;
631;0;2710726;3;812551;0;2;915904;0;;
633;0;3354188;3;806939;0;2;914002;0;;
635;0;399765;3;801326;0;2;917461;0;;
637;0;4641111;3;753184;0;2;924154;0;;
639;0;5284573;3;645087;0;2;905761;0;;
641;0;5928035;3;648781;0;2;899028;0;;
643;0;7496873;3;654017;0;2;877435;0;;
645;0;8368402;3;581028;0;2;86101;0;;
647;0;8542624;3;539542;0;2;787272;0;;
649;0;8716845;3;503146;0;2;754153;0;;
651;0;8891066;3;487162;0;2;788159;0;;
653;0;9065288;3;466731;0;2;83958;0;;
655;0;945514;3;479834;0;2;874171;0;;
657;0;9470487;3;436886;0;2;805829;0;;
659;0;9485833;3;429198;0;2;771192;0;;
661;0;9501179;3;347765;0;2;753128;0;;
663;0;9516526;3;35944;0;2;719382;0;;
665;0;9531872;3;378932;0;2;679045;0;;
667;0;9547219;3;380429;0;2;608321;0;;
669;0;9562565;3;381606;0;2;676763;0;;
671;0;9577911;3;385162;0;2;666574;0;;
673;0;9593258;3;315546;0;2;67106;0;;
675;0;9608604;3;387539;0;2;631254;0;;
677;0;9623951;3;411588;0;2;679262;0;;
679;0;9639297;3;201961;0;2;621632;0;;
681;0;9654644;3;186738;0;2;518443;0;;
683;0;9732595;3;236679;0;2;557934;0;;
685;0;9839023;3;217945;0;2;559062;0;;
687;0;9858839;3;195781;0;2;441306;0;;
689;0;9878654;3;194139;0;2;447749;0;;
691;0;9894526;3;226104;0;2;447069;0;;
693;0;991723;3;189733;0;2;454219;0;;
695;0;9935628;3;247091;0;2;568422;0;;
697;0;9946963;3;19462;0;2;568655;0;;
699;0;9958792;3;211784;0;2;600547;0;;
701;0;9990059;3;3827;0;2;679667;0;;
703;1;2648;3;507169;0;2;722337;0;;
705;1;6298;3;581441;0;2;754674;0;;
707;1;24403;3;821652;0;2;779822;0;;
709;1;25943;3;825557;0;2;779925;0;;
711;1;27483;3;829463;0;2;780028;0;;
713;1;29024;3;833369;0;2;78013;0;;
715;1;30564;3;837274;0;2;781034;0;;
717;1;32104;3;84118;0;2;785315;0;;
719;1;33644;3;845086;0;2;808689;0;;
721;1;35184;3;848991;0;2;823171;0;;
723;1;36724;3;852897;0;2;823242;0;;
725;1;38265;3;856803;0;2;878812;0;;
727;1;39805;3;860708;0;2;922982;0;;
729;1;41345;3;864614;0;2;931482;0;;
731;1;65444;3;876065;0;2;963518;0;;
733;1;70936;3;87701;0;2;969025;0;;
735;1;76429;3;877811;0;2;97366;0;;
737;1;81921;3;878613;0;2;977248;0;;
739;1;87414;3;881887;0;2;981236;0;;
741;1;115157;3;950058;0;2;995231;0;;
743;1;125511;3;986242;0;2;997616;0;;
745;1;135865;3;992199;0;2;99947;0;;
747;1;169667;3;999123;0;2;999749;0;;
749;1;20698;4;204642;0;3;0;;;
751;1;21546;4;208453;0;3;0;;;
753;1;22394;4;212264;0;3;0;;;
755;1;232421;4;216075;0;3;0;;;
757;1;240901;4;219886;0;3;20359;0;;
759;1;249381;4;223697;0;3;35652;0;;
761;1;257861;4;227508;0;3;50945;0;;
763;1;266342;4;231319;0;3;66238;0;;
765;1;274822;4;23513;0;3;81531;0;;
767;1;313541;4;238379;0;3;103428;0;;
769;1;352261;4;24515;0;3;190133;0;;
771;1;580829;4;252677;0;3;240683;0;;
773;1;72066;4;255252;0;3;246371;0;;
775;1;778014;4;190752;0;3;239228;0;;
777;1;835368;4;97783;0;3;23617;0;;
779;1;892722;4;62625;0;3;230213;0;;
781;1;926875;4;52358;0;3;247091;0;;
783;1;937828;4;10324;0;3;327793;0;;
785;1;94878;4;153823;0;3;39331;0;;
787;1;951177;4;202173;0;3;424107;0;;
789;1;953575;4;220212;0;3;479528;0;;
791;1;955972;4;239143;0;3;552572;0;;
793;1;958369;4;397069;0;3;535865;0;;
795;1;959956;4;33278;0;3;522703;0;;
797;1;960732;4;313391;0;3;477731;0;;
799;1;961508;4;258799;0;3;489074;0;;
801;1;962284;4;232889;0;3;500418;0;;
803;1;96306;4;20203;0;3;50887;0;;
805;1;963836;4;180079;0;3;554632;0;;
807;1;964612;4;16629;0;3;552952;0;;
809;1;965388;4;30932;0;3;551439;0;;
811;1;966164;4;299761;0;3;54059;0;;
813;1;966798;4;138236;0;3;532569;0;;
815;1;967281;4;129861;0;3;418124;0;;
817;1;969102;4;116119;0;3;347713;0;;
819;1;970922;4;116096;0;3;364518;0;;
821;1;965251;4;123487;0;3;348242;0;;
823;1;949993;4;173594;0;3;407311;0;;
825;1;897163;4;193209;0;3;411891;0;;
827;1;832847;4;19569;0;3;388567;0;;
829;1;768532;4;198168;0;3;389068;0;;
831;1;704216;4;200647;0;3;389568;0;;
833;1;639901;4;203126;0;3;390069;0;;
835;1;575586;4;205605;0;3;38809;0;;
837;1;51127;4;208083;0;3;372337;0;;
839;1;446955;4;210562;0;3;346385;0;;
841;1;382639;4;213041;0;3;329209;0;;
843;1;225786;4;20196;0;3;292782;0;;
845;1;138664;4;185942;0;3;27458;0;;
847;1;121273;4;147624;0;3;257701;0;;
849;1;103881;4;13943;0;3;257878;0;;
851;1;8649;4;139533;0;3;221482;0;;
853;1;69098;4;139636;0;3;161738;0;;
855;1;30144;4;138118;0;3;134505;0;;
857;1;2864;4;12498;0;3;126158;0;;
859;1;27136;4;21379;0;3;122105;0;;
861;1;25632;4;21093;0;3;120799;0;;
863;1;24128;3;96557;0;3;112106;0;;
865;1;22624;3;860565;0;3;98252;0;;
867;1;21121;3;845084;0;3;75262;0;;
869;1;19617;3;829535;0;3;50014;0;;
871;1;18113;3;823615;0;3;7303;0;;
873;1;16609;3;81481;0;2;999752;0;;
875;1;15105;3;792238;0;2;9922;0;;
877;1;13601;3;779791;0;2;971237;0;;
879;1;12097;3;776121;0;2;971243;0;;
881;1;10593;3;772451;0;2;968378;0;;
883;1;2829;3;755746;0;2;964868;0;;
885;0;9922169;3;719023;0;2;95497;0;;
887;0;9902661;3;695935;0;2;938632;0;;
889;0;9883153;3;665114;0;2;930397;0;;
891;0;9867589;3;630497;0;2;929735;0;;
893;0;9845192;3;604961;0;2;902622;0;;
895;0;9827102;3;423779;0;2;839417;0;;
897;0;9816074;3;406081;0;2;778992;0;;
899;0;9804553;3;404295;0;2;772264;0;;
901;0;9773594;3;400101;0;2;729939;0;;
903;0;9737483;3;300517;0;2;654506;0;;
905;0;9701287;3;73671;0;2;590651;0;;
907;0;9520544;2;96287;0;2;515239;0;;
909;0;950545;2;961805;0;2;511203;0;;
911;0;9490356;2;96074;0;2;507166;0;;
913;0;9475262;2;959675;0;2;504168;0;;
915;0;9460168;2;95861;0;2;501281;0;;
917;0;9445074;2;957545;0;2;492197;0;;
919;0;942998;2;95648;0;2;491019;0;;
921;0;9414886;2;955415;0;2;486983;0;;
923;0;9399791;2;95435;0;2;482946;0;;
925;0;9384698;2;953285;0;2;467071;0;;
927;0;9369603;2;95222;0;2;465562;0;;
929;0;935451;2;951155;0;2;464054;0;;
931;0;9113827;2;940399;0;2;364955;0;;
933;0;905921;2;934282;0;2;33757;0;;
935;0;9004593;2;926915;0;2;307128;0;;
937;0;8949976;2;919547;0;2;297373;0;;
939;0;8895358;2;907461;0;2;193763;0;;
941;0;8618231;2;887034;0;2;11804;0;;
943;0;8514997;2;865642;0;1;983371;0;;
945;0;8411763;2;836513;0;1;968384;0;;
947;0;8074051;2;703789;0;1;961457;0;;
949;0;7701232;2;446967;0;1;939185;0;;
951;0;7616737;2;389711;0;1;934022;0;;
953;0;7532243;2;359597;0;1;924226;0;;
955;0;7447748;2;341236;0;1;920182;0;;
957;0;7363253;2;333605;0;1;920301;0;;
959;0;7278759;2;325975;0;1;92042;0;;
961;0;7194264;2;318344;0;1;920539;0;;
963;0;7109769;2;310714;0;1;899122;0;;
965;0;7025275;2;303083;0;1;874219;0;;
967;0;6638387;2;215848;0;1;857727;0;;
969;0;62515;2;179487;0;1;833557;0;;
971;0;3966126;2;138252;0;1;721239;0;;
973;0;2568122;2;3248;0;1;627523;0;;
975;0;1994891;1;974797;0;1;611955;0;;
977;0;1421659;1;963096;0;1;596386;0;;
979;0;8484276;1;962589;0;1;554385;0;;
981;0;5072023;1;932061;0;1;493061;0;;
983;0;3979832;1;891334;0;1;414621;0;;
985;0;288764;1;871108;0;1;342682;0;;
987;0;2650996;1;818701;0;1;249789;0;;
989;0;2414352;1;800526;0;1;161342;0;;
991;0;2177707;1;780514;0;1;89852;0;;
993;0;1941063;1;610549;0;1;34928;0;;
995;0;1785473;1;562773;0;1;11888;0;;
997;0;1710938;1;512842;0;0;9935614;0;;
999;0;1636404;1;47009;0;0;9872745;0;;
1001;0;1561869;1;415135;0;0;9853733;0;;
1003;0;1487334;1;354205;0;0;9546639;0;;
1005;0;14128;1;159349;0;0;9035487;0;;
1007;0;1338265;1;27349;0;0;8641031;0;;
1009;0;126373;0;924855;0;0;7766877;0;;
1011;0;1189196;0;9166819;0;0;7163198;0;;
1013;0;1114661;0;9036339;0;0;6283383;0;;
1015;0;1040126;0;8745255;0;0;5597531;0;;
1017;0;8308003;0;7396727;0;0;4995092;0;;
1019;0;6214743;0;7364085;0;0;4502555;0;;
1021;0;4121484;0;6062548;0;0;3733718;0;;
1023;0;3074854;0;3732208;0;0;184238;0;;
1025;0;3074854;0;3451394;0;0;1698368;0;;
1027;0;3074854;0;3451394;0;0;1698368;0;;
1029;0;3074854;0;3451394;0;0;1698368;0;;
1031;0;3074854;0;3451394;0;0;1698368;0;;
1033;0;3074854;0;3451394;0;0;1698368;0;;
1035;0;3074854;0;3451394;0;0;1698368;0;;
1037;0;3074854;0;3451394;0;0;1698368;0;;
1039;0;3074854;0;3451394;0;0;1698368;0;;
1041;0;3074854;0;3451394;0;0;1698368;0;;
1043;0;3074854;0;3451394;0;0;1698368;0;;
1045;0;3074854;0;3451394;0;0;1698368;0;;
1047;0;3074854;0;3451394;0;0;1698368;0;;
1049;0;3074854;0;3451394;0;0;1698368;0;;
1051;0;3074854;0;3451394;0;0;1698368;0;;
1053;0;3074854;0;3451394;0;0;1698368;0;;
1055;0;3074854;0;3451394;0;0;1698368;0;;
1057;0;3074854;0;3451394;0;0;1698368;0;;
1059;0;3074854;0;3451394;0;0;1698368;0;;
1061;0;3074854;0;3451394;0;0;1698368;0;;
1063;0;3074854;0;3451394;0;0;1698368;0;;
1065;0;3074854;0;3451394;0;0;1698368;0;;
1067;0;3074854;0;3451394;0;0;1698368;0;;
1069;0;3074854;0;3451394;0;0;1698368;0;;
1071;0;3074854;0;3451394;0;0;1698368;0;;
1073;0;3074854;0;3451394;0;0;1698368;0;;
1075;0;3074854;0;3451394;0;0;1698368;0;;
1077;0;3074854;0;3451394;0;0;1698368;0;;
1079;0;3074854;0;3451394;0;0;1698368;0;;
1081;0;3074854;0;3451394;0;0;1698368;0;;
1083;0;3074854;0;3451394;0;0;1698368;0;;
1085;0;3074854;0;3451394;0;0;1698368;0;;
1087;0;3074854;0;3451394;0;0;1698368;0;;
1089;0;3074854;0;3451394;0;0;1698368;0;;
1091;0;3074854;0;3451394;0;0;1698368;0;;
1093;0;3074854;0;3451394;0;0;1698368;0;;
1095;0;3074854;0;3451394;0;0;1698368;0;;
1097;0;3074854;0;3451394;0;0;1698368;0;;
1099;0;3074854;0;3451394;0;0;1698368;0;;
1101;0;3074854;0;3451394;0;0;1698368;0;;
1103;0;3074854;0;3451394;0;0;1698368;0;;
1105;0;3074854;0;3451394;0;0;1698368;0;;
1107;0;3074854;0;3451394;0;0;1698368;0;;
1109;0;3074854;0;3451394;0;0;1698368;0;;
1111;0;3074854;0;3451394;0;0;1698368;0;;
1113;0;3074854;0;3451394;0;0;1698368;0;;
1115;0;3074854;0;3451394;0;0;1698368;0;;
1117;0;3074854;0;3451394;0;0;1698368;0;;
1119;0;3074854;0;3451394;0;0;1698368;0;;
1121;0;3074854;0;3451394;0;0;1698368;0;;
1123;0;3074854;0;3451394;0;0;1698368;0;;
1125;0;3074854;0;3451394;0;0;1698368;0;;
1127;0;3074854;0;3451394;0;0;1698368;0;;
1129;0;3074854;0;3451394;0;0;1698368;0;;
1131;0;3074854;0;3451394;0;0;1698368;0;;
1133;0;3074854;0;3451394;0;0;1698368;0;;
1135;0;3074854;0;3451394;0;0;1698368;0;;
1137;0;3074854;0;3451394;0;0;1698368;0;;
1139;0;3074854;0;3451394;0;0;1698368;0;;
1141;0;3074854;0;3451394;0;0;1698368;0;;
1143;0;3074854;0;3451394;0;0;1698368;0;;
1145;0;3074854;0;3451394;0;0;1698368;0;;
1147;0;3074854;0;3451394;0;0;1698368;0;;
1149;0;3074854;0;3451394;0;0;1698368;0;;
1151;0;3074854;0;3451394;0;0;1698368;0;;
1153;0;3074854;0;3451394;0;0;1698368;0;;
1155;0;3074854;0;3451394;0;0;1698368;0;;
1157;0;3074854;0;3451394;0;0;1698368;0;;
1159;0;3074854;0;3451394;0;0;1698368;0;;
1161;0;3074854;0;3451394;0;0;1698368;0;;
1163;0;3074854;0;3732208;0;0;1823594;0;;
1165;0;3074854;0;7870494;0;0;4770539;0;;
1167;0;4712314;0;9807397;0;0;6545002;0;;
1169;0;7987236;1;93956;0;0;7028648;0;;
1171;0;9894509;1;185028;0;0;7860811;0;;
1173;0;1180178;1;262027;0;0;8935115;0;;
1175;0;1727091;1;438331;0;0;9801258;0;;
1177;0;1964125;1;45912;0;0;9845234;0;;
1179;0;2095094;1;609589;0;0;9984745;0;;
1181;0;2119999;1;755669;0;1;48921;0;;
1183;0;2144903;1;849622;0;1;64864;0;;
1185;0;2169159;1;89083;0;1;104627;0;;
1187;0;2192768;1;912266;0;1;113709;0;;
1189;0;2206599;1;921304;0;1;124938;0;;
1191;0;221307;1;926098;0;1;183706;0;;
1193;0;2212181;1;926648;0;1;201512;0;;
1195;0;2211292;1;927198;0;1;258363;0;;
1197;0;2210404;1;935615;0;1;295691;0;;
1199;0;2209515;2;102106;0;1;353585;0;;
1201;0;2208626;2;166677;0;1;428101;0;;
1203;0;2206645;2;222055;0;1;513015;0;;
1205;0;220357;2;283363;0;1;567812;0;;
1207;0;2200495;2;291981;0;1;587152;0;;
1209;0;219742;2;300599;0;1;625368;0;;
1211;0;2194345;2;309216;0;1;655009;0;;
1213;0;2191271;2;317834;0;1;655801;0;;
1215;0;2188196;2;32484;0;1;654719;0;;
1217;0;2185121;2;330956;0;1;653687;0;;
1219;0;2182046;2;342125;0;1;710524;0;;
1221;0;2178971;2;351319;0;1;80996;0;;
1223;0;2175896;2;402233;0;1;88135;0;;
1225;0;2172821;2;455214;0;1;952193;0;;
1227;0;2169747;2;536242;0;1;952369;0;;
1229;0;2166672;2;613976;0;1;961271;0;;
1231;0;2163597;2;751899;0;1;989798;0;;
1233;0;2160522;2;836241;0;1;99969;0;;
1235;0;2157447;2;870295;0;2;0;;;
1237;0;2154372;2;908453;0;2;26767;0;;
1239;0;2151297;2;923286;0;2;73156;0;;
1241;0;2148223;2;932947;0;2;85207;0;;
1243;0;2145148;2;942181;0;2;131004;0;;
1245;0;2142073;2;983451;0;2;214235;0;;
1247;0;2138998;3;28777;0;2;304379;0;;
1249;0;2135923;3;92918;0;2;388848;0;;
1251;0;2132848;3;183783;0;2;402712;0;;
1253;0;2129773;3;193253;0;2;408944;0;;
1255;0;2126699;3;297873;0;2;448132;0;;
1257;0;2123624;3;355973;0;2;453134;0;;
1259;0;2120549;3;357589;0;2;456208;0;;
1261;0;2117474;3;36309;0;2;45884;0;;
1263;0;2114399;3;363963;0;2;461031;0;;
1265;0;2111324;3;363808;0;2;463222;0;;
1267;0;2108249;3;363582;0;2;492926;0;;
1269;0;2105175;3;36846;0;2;544512;0;;
1271;0;21021;3;397269;0;2;577528;0;;
1273;0;2099972;3;424968;0;2;630419;0;;
1275;0;2097844;3;668028;0;2;674371;0;;
1277;0;2095717;3;679245;0;2;713742;0;;
1279;0;2093984;3;681829;0;2;713518;0;;
1281;0;2092252;3;684412;0;2;712131;0;;
1283;0;2090519;3;686995;0;2;711957;0;;
1285;0;2088787;3;691151;0;2;756565;0;;
1287;0;2087055;3;695377;0;2;807431;0;;
1289;0;2085323;3;699672;0;2;831196;0;;
1291;0;208359;3;703752;0;2;84299;0;;
1293;0;2081858;3;707805;0;2;854779;0;;
1295;0;2080126;3;743082;0;2;881509;0;;
1297;0;2078393;3;786234;0;2;896561;0;;
1299;0;2076661;3;808858;0;2;911069;0;;
1301;0;2074928;3;836201;0;2;959283;0;;
1303;0;2073196;3;870971;0;2;968867;0;;
1305;0;2071464;3;905764;0;2;978081;0;;
1307;0;2069731;3;967513;0;2;990577;0;;
1309;0;2067999;4;2355;0;2;995054;0;;
1311;0;2066267;4;48148;0;3;12769;0;;
1313;0;2064534;4;20828;0;3;32741;0;;
1315;0;2062802;4;278621;0;3;106457;0;;
1317;0;2149622;4;462602;0;3;19594;0;;
1319;0;2324994;4;551889;0;3;207825;0;;
1321;0;2584168;4;593146;0;3;243761;0;;
1323;0;2843341;4;620331;0;3;283559;0;;
1325;0;3102515;4;647516;0;3;315328;0;;
1327;0;3361689;4;656134;0;3;315778;0;;
1329;0;3620862;4;664752;0;3;316228;0;;
1331;0;3880036;4;673369;0;3;316677;0;;
1333;0;413921;4;681987;0;3;317127;0;;
1335;0;4398383;4;690606;0;3;340632;0;;
1337;0;4657557;4;699224;0;3;383737;0;;
1339;0;4916731;4;707841;0;3;383713;0;;
1341;0;5175905;4;716459;0;3;383689;0;;
1343;0;6099469;4;725077;0;3;43459;0;;
1345;0;7023033;4;747459;0;3;449688;0;;
1347;0;7946597;4;76756;0;3;525362;0;;
1349;0;8870161;4;938522;0;3;585127;0;;
1351;0;9793726;4;947729;0;3;655072;0;;
1353;0;1071729;4;956837;0;3;708669;0;;
1355;0;1168169;4;966028;0;3;741286;0;;
1357;0;1263477;4;971696;0;3;754423;0;;
1359;0;1358785;4;977365;0;3;761383;0;;
1361;0;1766575;5;141682;0;3;818298;0;;
1363;0;197249;5;137399;0;3;804707;0;;
1365;0;2178403;4;992589;0;3;731452;0;;
1367;0;2367943;4;995133;0;3;59071;0;;
1369;0;2541108;4;998137;0;3;581184;0;;
1371;0;2727949;5;1142;0;3;577877;0;;
1373;0;291479;4;888485;0;3;572017;0;;
1375;0;3066013;4;7909;0;3;553236;0;;
1377;0;3248223;4;743404;0;3;550073;0;;
1379;0;3441041;4;720367;0;3;546528;0;;
1381;0;3644464;4;717942;0;3;434989;0;;
1383;0;3847888;4;57653;0;3;393287;0;;
1385;0;4051376;4;51042;0;3;343378;0;;
1387;0;4254929;4;457218;0;3;316787;0;;
1389;0;445946;4;337451;0;3;307003;0;;
1391;0;4664727;4;335071;0;3;285307;0;;
1393;0;487073;4;33269;0;3;28081;0;;
1395;0;5076733;4;330309;0;3;274709;0;;
1397;0;5282736;4;327928;0;3;257903;0;;
1399;0;5488738;4;259276;0;3;241096;0;;
1401;0;5694742;4;189305;0;3;192183;0;;
1403;0;5900853;4;154841;0;3;140457;0;;
1405;0;6107075;4;11285;0;3;56214;0;;
1407;0;6313297;4;112875;0;3;56789;0;;
1409;0;6519518;4;1129;0;3;57984;0;;
1411;0;6725739;4;112925;0;3;57938;0;;
1413;0;776155;4;113432;0;3;6305;0;;
1415;0;9626949;4;114421;0;3;72701;0;;
1417;1;120764;4;180502;0;3;104429;0;;
1419;1;217243;4;102233;0;3;132416;0;;
1421;1;252133;4;129391;0;3;90183;0;;
1423;1;270866;4;81769;0;3;33842;0;;
1425;1;280358;4;86096;0;2;978896;0;;
1427;1;28985;3;997256;0;2;959345;0;;
1429;1;299343;3;967907;0;2;949174;0;;
1431;1;308835;3;988627;0;2;950567;0;;
1433;1;318327;3;990279;0;2;947581;0;;
1435;1;32782;3;988318;0;2;944669;0;;
1437;1;337312;3;981856;0;2;937953;0;;
1439;1;346804;3;946719;0;2;931783;0;;
1441;1;356297;3;93399;0;2;926157;0;;
1443;1;365789;3;926511;0;2;910714;0;;
1445;1;375281;3;894039;0;2;864509;0;;
1447;1;384774;3;855209;0;2;850274;0;;
1449;1;394251;3;834157;0;2;860251;0;;
1451;1;403713;3;838676;0;2;886736;0;;
1453;1;490984;3;893115;0;2;874586;0;;
1455;1;578256;3;837508;0;2;85753;0;;
1457;1;665528;3;838376;0;2;808159;0;;
1459;1;7528;3;839243;0;2;796144;0;;
1461;1;840072;3;840111;0;2;805275;0;;
1463;1;845583;3;865036;0;2;82628;0;;
1465;1;851967;3;85886;0;2;864356;0;;
1467;1;857696;3;691723;0;2;857251;0;;
1469;1;863192;3;695492;0;2;880528;0;;
1471;1;86424;3;580117;0;2;886623;0;;
1473;1;865279;3;498832;0;2;883364;0;;
1475;1;865599;3;464204;0;2;844698;0;;
1477;1;866699;3;40112;0;2;809802;0;;
1479;1;86911;3;395916;0;2;854176;0;;
1481;1;871904;3;51189;0;2;900287;0;;
1483;1;885382;3;47621;0;2;786695;0;;
1485;1;902029;3;459039;0;2;83489;0;;
1487;1;906149;3;533985;0;2;78407;0;;
1489;1;910269;3;49687;0;2;9538;0;;
1491;1;918597;3;795862;0;2;990998;0;;
1493;1;940271;3;884887;0;3;56674;0;;
1495;1;954895;3;902469;0;3;99613;0;;
1497;1;966595;3;896876;0;3;153293;0;;
1499;1;971433;3;884103;0;3;286529;0;;
1501;1;978186;3;93488;0;3;313506;0;;
1503;1;979495;3;943166;0;3;346674;0;;
1505;1;980803;3;942136;0;3;315815;0;;
1507;1;982111;4;5977;0;3;264242;0;;
1509;1;983269;4;62475;0;3;164543;0;;
1511;1;984278;4;81903;0;3;138922;0;;
1513;1;985287;4;97897;0;3;115016;0;;
1515;1;986296;4;113821;0;3;131164;0;;
1517;1;986419;4;129509;0;3;94918;0;;
1519;1;986799;4;162977;0;3;186966;0;;
1521;1;984606;4;260749;0;3;23286;0;;
1523;1;982449;4;387028;0;3;282232;0;;
1525;1;980257;4;560406;0;3;276969;0;;
1527;1;981054;4;562975;0;3;340119;0;;
1529;1;979363;4;561043;0;3;357957;0;;
1531;1;977672;4;562578;0;3;329949;0;;
1533;1;975981;4;565727;0;3;344381;0;;
1535;1;97429;4;565951;0;3;361234;0;;
1537;1;972599;4;56097;0;3;378087;0;;
1539;1;970908;4;555989;0;3;390414;0;;
1541;1;973415;4;5766;0;3;393701;0;;
1543;1;969723;4;459209;0;3;444243;0;;
1545;1;965794;4;465389;0;3;458499;0;;
1547;1;962812;4;437834;0;3;452419;0;;
1549;1;958671;4;459798;0;3;449703;0;;
1551;1;982711;4;450293;0;3;469254;0;;
1553;2;42333;4;416852;0;3;567266;0;;
1555;2;37535;4;400692;0;3;654709;0;;
1557;2;32496;4;42174;0;3;738396;0;;
1559;2;49997;4;644701;0;3;750904;0;;
1561;2;15965;4;623075;0;3;750925;0;;
1563;2;214567;4;632313;0;3;787573;0;;
1565;2;250752;4;650631;0;3;836982;0;;
1567;2;423441;4;671131;0;3;894034;0;;
1569;2;471091;4;794368;0;3;901325;0;;
1571;2;507715;4;890309;0;3;922536;0;;
1573;2;7335;4;88788;0;3;975415;0;;
1575;2;789162;4;939644;0;3;998919;0;;
1577;2;780985;4;945463;0;3;999378;0;;
1579;2;772807;4;951281;0;4;63;0;;
1581;2;764629;4;957099;0;4;65;0;;
1583;2;756452;4;962917;0;4;67;0;;
1585;2;751777;4;973676;0;4;42538;0;;
1587;2;748418;4;982655;0;4;43452;0;;
1589;2;74527;4;985662;0;4;55048;0;;
1591;2;818961;5;9234;0;4;53634;0;;
1593;2;826743;5;16204;0;4;87756;0;;
1595;2;831503;5;172164;0;4;168431;0;;
1597;2;834913;5;174655;0;4;222331;0;;
1599;2;854445;5;177157;0;4;219474;0;;
1601;2;904559;5;179919;0;4;287631;0;;
1603;2;944724;5;180642;0;4;308583;0;;
1605;2;963256;5;181241;0;4;359898;0;;
1607;2;9633;5;181804;0;4;411212;0;;
1609;2;963344;5;193355;0;4;419151;0;;
1611;2;971288;5;182895;0;4;415926;0;;
1613;2;918597;5;30984;0;4;379271;0;;
1615;2;795733;5;372715;0;4;338845;0;;
1617;2;678867;5;436157;0;4;375703;0;;
1619;2;604571;5;457016;0;4;378854;0;;
1621;2;591864;5;479121;0;4;340584;0;;
1623;2;685029;5;537158;0;4;379209;0;;
1625;2;875882;5;551914;0;4;437554;0;;
1627;2;96868;5;551661;0;4;438595;0;;
1629;3;66865;5;551116;0;4;446474;0;;
1631;3;186325;5;550398;0;4;510856;0;;
1633;3;192575;5;550236;0;4;605383;0;;
1635;3;196375;5;586214;0;4;629495;0;;
1637;3;198046;5;603928;0;4;630916;0;;
1639;3;199716;5;621641;0;4;632338;0;;
1641;3;201387;5;639354;0;4;633759;0;;
1643;3;203057;5;657067;0;4;635181;0;;
1645;3;204728;5;668778;0;4;636602;0;;
1647;3;206398;5;669722;0;4;615282;0;;
1649;3;262744;5;669911;0;4;5886;0;;
1651;3;278111;5;67024;0;4;577246;0;;
1653;3;215667;5;67006;0;4;592242;0;;
1655;3;153224;5;669879;0;4;614993;0;;
1657;3;9078;5;669699;0;4;615477;0;;
1659;3;28336;5;669518;0;4;61596;0;;
1661;3;117268;5;748368;0;4;69166;0;;
1663;3;172579;5;674665;0;4;673118;0;;
1665;3;212853;5;670204;0;4;711504;0;;
1667;3;239397;5;657086;0;4;711064;0;;
1669;3;294778;5;548356;0;4;847297;0;;
1671;3;352623;5;526918;0;4;888807;0;;
1673;3;378153;5;546771;0;4;849424;0;;
1675;3;401898;5;706348;0;4;851846;0;;
1677;3;42294;5;703389;0;4;832338;0;;
1679;3;442551;5;70969;0;4;816691;0;;
1681;3;461778;5;721474;0;4;815416;0;;
1683;3;470322;5;727357;0;4;7396;0;;
1685;3;475697;5;737761;0;4;734011;0;;
1687;3;493599;5;747513;0;4;72786;0;;
1689;3;511502;5;738455;0;4;61059;0;;
1691;3;525194;5;652803;0;4;591922;0;;
1693;3;525543;5;94156;0;4;466992;0;;
1695;3;532941;5;2808;0;4;385183;0;;
1697;3;543263;4;887541;0;4;33139;0;;
1699;3;560446;4;867973;0;4;25371;0;;
1701;3;575715;4;843683;0;4;147861;0;;
1703;3;851229;4;846447;0;4;67562;0;;
1705;3;862204;4;994866;0;4;75074;0;;
1707;3;87184;4;954797;0;4;81155;0;;
1709;3;880285;4;954859;0;4;98464;0;;
1711;3;89022;5;125289;0;4;114515;0;;
1713;3;895981;5;111301;0;4;129972;0;;
1715;3;896217;5;97137;0;4;103977;0;;
1717;3;896453;5;21163;0;4;34474;0;;
1719;3;895547;4;95279;0;3;987453;0;;
1721;3;896375;4;908056;0;3;980644;0;;
1723;3;897169;4;90613;0;3;9755;0;;
1725;3;897996;4;899766;0;3;966994;0;;
1727;3;895835;4;893068;0;3;943659;0;;
1729;3;896162;4;893148;0;3;943191;0;;
1731;3;896489;4;882392;0;3;942722;0;;
1733;3;896816;4;826629;0;3;928844;0;;
1735;3;897142;4;759151;0;3;912294;0;;
1737;3;897469;4;769338;0;3;908211;0;;
1739;3;897796;4;743241;0;3;90911;0;;
1741;3;893925;4;654273;0;3;900354;0;;
1743;3;889609;4;410174;0;3;877875;0;;
1745;3;88553;4;398892;0;3;872939;0;;
1747;3;880504;4;386807;0;3;847817;0;;
1749;3;876637;4;36568;0;3;798177;0;;
1751;3;844589;4;267973;0;3;776038;0;;
1753;3;776958;4;191483;0;3;601534;0;;
1755;3;77334;4;188938;0;3;565013;0;;
1757;3;770072;4;47029;0;3;38972;0;;
1759;3;755145;4;89746;0;3;394417;0;;
1761;3;638097;4;9772;0;3;369232;0;;
1763;3;572793;4;2832;0;3;376921;0;;
1765;3;526354;3;999577;0;3;30824;0;;
1767;3;340445;3;972103;0;3;318816;0;;
1769;3;276898;3;907874;0;3;296299;0;;
1771;3;224378;3;839981;0;3;295147;0;;
1773;2;980909;3;89091;0;3;329275;0;;
1775;2;905776;3;950565;0;3;260043;0;;
1777;2;894322;3;944312;0;3;347908;0;;
1779;2;882706;3;999285;0;3;540901;0;;
1781;2;871091;4;122364;0;3;542413;0;;
1783;2;858814;4;181864;0;3;582191;0;;
1785;2;843035;4;156402;0;3;569351;0;;
1787;2;82594;4;214751;0;3;483999;0;;
1789;2;808633;4;22435;0;3;50937;0;;
1791;2;714418;4;19047;0;3;463766;0;;
1793;2;68604;4;17643;0;3;366149;0;;
1795;2;660684;4;16119;0;3;319446;0;;
1797;2;63668;3;990739;0;3;266927;0;;
1799;2;596552;3;988151;0;3;269721;0;;
1801;2;525843;3;92839;0;3;193638;0;;
1803;2;465083;3;930175;0;3;173455;0;;
1805;2;425955;3;932016;0;3;139778;0;;
1807;2;405316;3;965363;0;3;125157;0;;
1809;2;384677;3;961328;0;3;137516;0;;
1811;2;356138;4;48733;0;3;148076;0;;
1813;2;305248;4;88137;0;3;211583;0;;
1815;2;241571;4;36551;0;3;348028;0;;
1817;2;200369;4;61449;0;3;392995;0;;
1819;2;178186;4;57329;0;3;333236;0;;
1821;2;156003;4;81303;0;3;346892;0;;
1823;2;44105;4;153487;0;3;306771;0;;
1825;1;84376;4;84033;0;3;412465;0;;
1827;1;741469;4;190929;0;3;370525;0;;
1829;1;633792;4;324137;0;3;407954;0;;
1831;1;504839;4;317376;0;3;343685;0;;
1833;1;489097;4;314599;0;3;311311;0;;
1835;1;475805;4;311607;0;3;369662;0;;
1837;1;464642;4;331713;0;3;45454;0;;
1839;1;453479;4;471886;0;3;551009;0;;
1841;1;442316;4;593186;0;3;602573;0;;
1843;1;431154;4;585344;0;3;634943;0;;
1845;1;419991;4;577203;0;3;685636;0;;
1847;1;408828;4;568763;0;3;732086;0;;
1849;1;343005;4;559266;0;3;761526;0;;
1851;1;318177;4;512492;0;3;768687;0;;
1853;1;293348;4;593521;0;3;763447;0;;
1855;1;26852;4;830412;0;3;784318;0;;
1857;1;243692;4;819205;0;3;792922;0;;
1859;1;218864;4;807997;0;3;793311;0;;
1861;1;42661;4;519347;0;3;760087;0;;
1863;0;9818377;4;461392;0;3;7106;0;;
1865;0;9351797;4;153947;0;3;576087;0;;
1867;0;9029071;4;78399;0;3;51286;0;;
1869;0;8420299;4;33388;0;3;436476;0;;
1871;0;7831367;4;65334;0;3;408281;0;;
1873;0;7565582;4;9625;0;3;408883;0;;
1875;0;7324837;4;120996;0;3;394395;0;;
1877;0;7103323;4;142542;0;3;379595;0;;
1879;0;688297;4;165767;0;3;397741;0;;
1881;0;6662617;4;186139;0;3;414496;0;;
1883;0;6442264;4;21323;0;3;437411;0;;
1885;0;6221912;4;23772;0;3;482162;0;;
1887;0;6001559;4;256601;0;3;470176;0;;
1889;0;5781206;4;46877;0;3;539183;0;;
1891;0;5560853;4;471193;0;3;544871;0;;
1893;0;53405;4;473616;0;3;537404;0;;
1895;0;5120147;4;476039;0;3;525602;0;;
1897;0;4899794;4;478463;0;3;521627;0;;
1899;0;4679441;4;480886;0;3;53963;0;;
1901;0;4459088;4;48331;0;3;542183;0;;
1903;0;1690733;4;486091;0;3;517518;0;;
1905;0;1567762;4;427481;0;3;50785;0;;
1907;0;1458192;4;505071;0;3;510737;0;;
1909;0;1362022;4;676303;0;3;506789;0;;
1911;0;1252445;4;753782;0;3;548382;0;;
1913;0;1184619;4;741288;0;3;630025;0;;
1915;0;1172036;4;829848;0;3;673497;0;;
1917;0;1159453;4;890515;0;3;722823;0;;
1919;0;114687;4;925694;0;3;816187;0;;
1921;0;1134286;4;951855;0;3;843971;0;;
1923;0;1121703;4;965348;0;3;858561;0;;
1925;0;110912;5;63382;0;3;894378;0;;
1927;0;1096537;5;80396;0;3;898662;0;;
1929;0;1083954;5;97411;0;3;896368;0;;
1931;0;107137;5;114425;0;3;894073;0;;
1933;0;1058787;5;135119;0;3;894225;0;;
1935;0;1046204;5;155814;0;3;895456;0;;
1937;0;1033621;5;176508;0;3;896686;0;;
1939;0;1021038;5;197203;0;3;909786;0;;
1941;0;1008454;5;217897;0;3;925074;0;;
1943;0;9958711;5;238592;0;3;937079;0;;
1945;0;9832879;5;288517;0;3;956131;0;;
1947;0;9707047;5;36246;0;4;26936;0;;
1949;0;9581215;5;402083;0;4;53192;0;;
1951;0;9455383;5;40339;0;4;67758;0;;
1953;0;9329551;5;404697;0;4;113158;0;;
1955;0;9203719;5;406004;0;4;109872;0;;
1957;0;9078256;5;396218;0;4;73764;0;;
1959;0;7864717;4;984433;0;3;970666;0;;
1961;0;4523279;5;435;0;3;963946;0;;
1963;0;3499668;5;69325;0;3;930426;0;;
1965;0;2462938;5;93985;0;3;935953;0;;
1967;0;1722738;5;11843;0;3;931425;0;;
1969;0;1250194;5;142875;0;3;953851;0;;
1971;0;7776597;5;167745;0;3;958419;0;;
1973;0;4838005;5;192615;0;3;96242;0;;
1975;0;3686159;5;237608;0;3;917052;0;;
1977;0;269573;5;312924;0;3;916669;0;;
1979;0;1866718;5;398378;0;3;89043;0;;
1981;0;1037707;5;378332;0;3;856538;0;;
1983;0;8698398;5;13524;0;3;815711;0;;
1985;0;701973;5;13693;0;3;798884;0;;
1987;0;5341062;5;13693;0;3;790807;0;;
1989;0;3662394;4;969479;0;3;77015;0;;
1991;0;2688629;5;21815;0;3;822177;0;;
1993;0;2419766;5;217566;0;3;847309;0;;
1995;0;2150903;5;216466;0;3;858102;0;;
1997;0;188204;5;214848;0;3;862267;0;;
1999;0;1613177;5;217101;0;3;958806;0;;
2001;0;1344314;5;216314;0;3;990922;0;;
2003;0;1075452;5;212488;0;3;990107;0;;
2005;8.065887E-05;5;105632;0;3;989291;0;;;
2007;5.377258E-05;4;983385;0;3;913355;0;;;
2009;2.688629E-05;5;25995;0;3;877966;0;;;
2011;0;5;27165;0;3;854312;0;;;
2013;0;5;32866;0;3;851084;0;;;
2015;0;4;725393;0;3;833896;0;;;
2017;0;4;695292;0;3;834266;0;;;
2019;0;4;6928;0;3;847149;0;;;
2021;0;4;690225;0;3;841176;0;;;
2023;0;4;68765;0;3;840194;0;;;
2025;0;4;679063;0;3;828255;0;;;
2027;0;4;685437;0;3;85213;0;;;
2029;0;4;688304;0;3;831024;0;;;
2031;0;4;619081;0;3;825005;0;;;
2033;0;4;513437;0;3;808552;0;;;
2035;0;4;528013;0;3;746303;0;;;
2037;0;4;395259;0;3;783968;0;;;
2039;0;4;278664;0;3;713782;0;;;
2041;0;4;189898;0;3;609416;0;;;
2043;0;4;193075;0;3;606036;0;;;
2045;0;4;134143;0;3;599672;0;;;
2047;0;4;120202;0;3;592345;0;;;
2049;0;4;182595;0;3;586652;0;;;
2051;0;4;146283;0;3;521643;0;;;
2053;0;4;130543;0;3;498998;0;;;
2055;0;3;987219;0;3;414441;0;;;
2057;0;3;968025;0;3;381035;0;;;
2059;0;3;954865;0;3;390373;0;;;
2061;0;3;943242;0;3;338018;0;;;
2063;0;3;95938;0;3;284725;0;;;
2065;0;3;969435;0;3;358912;0;;;
2067;0;4;25148;0;3;460113;0;;;
2069;0;4;84349;0;3;482165;0;;;
2071;0;4;543039;0;3;458364;0;;;
2073;0;4;53893;0;3;540527;0;;;
2075;0;4;498755;0;3;501867;0;;;
2077;0;4;611575;0;3;562562;0;;;
2079;0;4;549483;0;3;567732;0;;;
2081;0;4;474428;0;3;5739;0;;;
2083;0;4;373704;0;3;586285;0;;;
2085;0;4;26771;0;3;560849;0;;;
2087;0;4;289726;0;3;574613;0;;;
2089;0;4;356502;0;3;577443;0;;;
2091;0;4;434219;0;3;597958;0;;;
2093;0;4;552877;0;3;611184;0;;;
2095;0;4;758414;0;3;624542;0;;;
2097;0;4;862971;0;3;64897;0;;;
2099;0;4;878701;0;3;636427;0;;;
2101;0;4;879744;0;3;682755;0;;;
2103;0;4;881098;0;3;700933;0;;;
2105;0;4;879721;0;3;683621;0;;;
2107;0;4;880057;0;3;661831;0;;;
2109;0;4;866335;0;3;643859;0;;;
2111;0;4;821329;0;3;603004;0;;;
2113;0;4;729415;0;3;528848;0;;;
2115;0;4;49076;0;3;458862;0;;;
2117;0;4;372062;0;3;407589;0;;;
2119;0;4;277355;0;3;363486;0;;;
2121;0;4;282896;0;3;319964;0;;;
2123;0;4;2769;0;3;211648;0;;;
2125;0;4;293012;0;3;303079;0;;;
2127;0;4;319843;0;3;331902;0;;;
2129;0;4;450669;0;3;341845;0;;;
2131;0;4;464528;0;3;350193;0;;;
2133;0;4;573624;0;3;357378;0;;;
2135;0;4;594764;0;3;373442;0;;;
2137;0;4;612036;0;3;379084;0;;;
2139;0;4;629307;0;3;373847;0;;;
2141;0;4;646578;0;3;43419;0;;;
2143;0;4;664751;0;3;452778;0;;;
2145;0;4;679283;0;3;434277;0;;;
2147;0;4;649225;0;3;432225;0;;;
2149;0;4;449549;0;3;372588;0;;;
2151;0;4;423789;0;3;403014;0;;;
2153;0;4;413368;0;3;480607;0;;;
2155;0;4;492167;0;3;558147;0;;;
2157;0;4;623178;0;3;580815;0;;;
2159;0;4;633696;0;3;516282;0;;;
2161;0;4;648056;0;3;50896;0;;;
2163;0;4;664189;0;3;534316;0;;;
2165;0;4;66992;0;3;642931;0;;;
2167;0;4;674263;0;3;717487;0;;;
2169;0;4;717993;0;3;752915;0;;;
2171;0;4;714946;0;3;731111;0;;;
2173;0;4;716492;0;3;768039;0;;;
2175;0;4;715829;0;3;818983;0;;;
2177;0;4;712113;0;3;858694;0;;;
2179;0;4;766393;0;3;88913;0;;;
2181;0;4;812735;0;3;913601;0;;;
2183;0;4;875064;0;3;912903;0;;;
2185;0;4;930644;0;3;963083;0;;;
2187;0;4;971609;0;4;30843;0;;;
2189;0;4;98617;0;4;117376;0;;;
2191;0;4;988457;0;4;120442;0;;;
2193;0;4;990257;0;4;103162;0;;;
2195;0;2432468;4;900696;0;4;155463;0;;
2197;0;1421071;4;945375;0;4;165068;0;;
2199;0;4276675;4;897717;0;4;171186;0;;
2201;0;713228;4;994009;0;4;171516;0;;
2203;0;1332176;4;994831;0;4;147843;0;;
2205;0;1951124;4;995502;0;4;182624;0;;
2207;0;2570072;4;99607;0;4;164934;0;;
2209;0;3189019;4;997095;0;4;21855;0;;
2211;0;8153607;4;997921;0;4;232032;0;;
2213;0;1746383;5;5253;0;4;214844;0;;
2215;0;7183855;5;106096;0;4;199677;0;;
2217;0;9932843;5;193979;0;4;269661;0;;
2219;0;9993351;5;237875;0;4;324349;0;;
2221;0;9998041;5;277185;0;4;337957;0;;
2223;1;57;5;302519;0;4;401632;0;;
2225;1;95;5;316902;0;4;366615;0;;
2227;1;43;5;400769;0;4;394162;0;;
2229;1;119;5;425784;0;4;420121;0;;
2231;1;163;5;441393;0;4;516799;0;;
2233;1;207;5;452174;0;4;516588;0;;
2235;1;2567;5;461954;0;4;572346;0;;
2237;1;3122;5;456131;0;4;562816;0;;
2239;1;3676;5;413577;0;4;529298;0;;
2241;1;4802;5;396296;0;4;519052;0;;
2243;1;65;5;389036;0;4;519414;0;;
2245;1;7634;5;375602;0;4;517344;0;;
2247;1;8768;5;36139;0;4;52042;0;;
2249;1;9902;5;323811;0;4;526288;0;;
2251;1;10741;5;29245;0;4;436691;0;;
2253;1;11579;5;261873;0;4;518833;0;;
2255;1;12417;5;232079;0;4;553364;0;;
2257;1;13256;5;258911;0;4;634788;0;;
2259;1;15256;5;419307;0;4;729635;0;;
2261;1;1842;5;521157;0;4;753689;0;;
2263;1;20313;5;561387;0;4;761575;0;;
2265;1;22207;5;465947;0;4;652238;0;;
2267;1;24101;5;44573;0;4;647354;0;;
2269;1;28488;5;469621;0;4;722351;0;;
2271;1;31953;5;480662;0;4;721548;0;;
2273;1;34495;5;475457;0;4;579235;0;;
2275;1;37037;5;489206;0;4;656582;0;;
2277;1;39579;5;449617;0;4;550234;0;;
2279;1;54542;5;421521;0;4;466126;0;;
2281;1;55336;5;38471;0;4;397533;0;;
2283;1;56129;5;384442;0;4;305348;0;;
2285;1;56922;5;383733;0;4;272079;0;;
2287;1;57715;5;365184;0;4;26243;0;;
2289;1;58509;5;326667;0;4;249393;0;;
2291;1;59302;5;264692;0;4;198947;0;;
2293;1;60095;5;21687;0;4;180187;0;;
2295;1;60888;5;112149;0;4;16776;0;;
2297;1;61682;5;111768;0;4;133273;0;;
2299;1;62475;5;107695;0;4;103611;0;;
2301;1;63268;5;29484;0;4;36826;0;;
2303;1;64062;5;13233;0;4;7147;0;;
2305;1;64855;5;7513;0;4;3202;0;;
2307;1;65648;5;1791;0;3;999258;0;;
2309;1;66441;4;99607;0;3;997003;0;;
2311;1;67235;4;99035;0;3;997003;0;;
2313;1;68028;4;984629;0;3;997003;0;;
2315;1;68821;4;978908;0;3;997003;0;;
2317;1;69615;4;973187;0;4;2686;0;;
2319;1;70408;4;944662;0;4;12131;0;;
2321;1;71201;4;954347;0;4;3498;0;;
2323;1;71994;4;980848;0;3;998644;0;;
2325;1;76642;4;989944;0;4;11065;0;;
2327;1;85143;4;910193;0;3;923983;0;;
2329;1;93644;4;897912;0;3;927181;0;;
2331;1;105844;4;883411;0;3;907112;0;;
2333;1;121744;4;876988;0;3;933332;0;;
2335;1;137643;4;875982;0;3;937033;0;;
2337;1;15552;4;874958;0;3;891742;0;;
2339;1;175377;4;873921;0;3;929692;0;;
2341;1;195233;4;874943;0;3;910396;0;;
2343;1;237119;4;869667;0;3;944632;0;;
2345;1;301035;4;863561;0;3;990161;0;;
2347;1;378716;4;787619;0;4;13771;0;;
2349;1;420046;4;737633;0;4;60158;0;;
2351;1;425025;4;824076;0;4;85058;0;;
2353;1;430003;4;77704;0;4;111425;0;;
2355;1;434982;4;739597;0;4;67629;0;;
2357;1;43996;4;701359;0;4;67594;0;;
2359;1;444939;4;662293;0;4;35518;0;;
2361;1;449918;4;599938;0;4;15598;0;;
2363;1;454896;4;587162;0;4;1822;0;;
2365;1;459875;4;536214;0;3;967148;0;;
2367;1;464854;4;50875;0;3;956278;0;;
2369;1;469832;4;492961;0;3;941185;0;;
2371;1;474811;4;512777;0;3;931023;0;;
2373;1;479789;4;438943;0;3;838421;0;;
2375;1;484768;4;411167;0;3;769036;0;;
2377;1;489747;4;354118;0;3;730388;0;;
2379;1;494725;4;288393;0;3;690378;0;;
2381;1;499704;4;183606;0;3;655414;0;;
2383;1;504683;4;159248;0;3;580157;0;;
2385;1;509661;4;14551;0;3;520592;0;;
2387;1;51464;4;64837;0;3;500462;0;;
2389;1;519619;4;17487;0;3;444304;0;;
2391;1;524597;4;9733;0;3;435462;0;;
2393;1;529576;4;10767;0;3;429161;0;;
2395;1;534458;4;169751;0;3;424417;0;;
2397;1;53856;4;14724;0;3;438177;0;;
2399;1;540992;4;192358;0;3;451316;0;;
2401;1;695778;4;183198;0;3;392502;0;;
2403;1;823471;4;90029;0;3;415054;0;;
2405;1;872338;4;64428;0;3;400644;0;;
2407;1;874761;4;23118;0;3;33113;0;;
2409;1;877185;3;981626;0;3;256621;0;;
2411;1;836152;3;981517;0;3;211731;0;;
2413;1;754781;3;936038;0;3;175796;0;;
2415;1;236838;3;981315;0;3;165073;0;;
2417;1;9142;4;86256;0;3;13716;0;;
2419;1;158069;4;82365;0;3;175122;0;;
2421;1;269366;4;97793;0;3;187526;0;;
2423;1;379243;4;85156;0;3;2322;0;;
2425;1;605338;4;183931;0;3;190361;0;;
2427;1;754102;4;12872;0;3;133476;0;;
2429;1;825409;4;22994;0;3;124575;0;;
2431;1;89757;4;46497;0;3;148239;0;;
2433;1;953569;4;3442;0;3;122143;0;;
2435;1;993311;4;55525;0;3;98267;0;;
2437;2;99445;4;86001;0;3;93177;0;;
2439;2;205579;4;105695;0;3;6746;0;;
2441;2;311141;4;98937;0;3;72804;0;;
2443;2;578129;4;125074;0;3;94337;0;;
2445;2;796957;4;14901;0;3;122886;0;;
2447;2;967062;4;233049;0;3;122624;0;;
2449;3;52208;4;181828;0;3;135103;0;;
2451;3;108103;4;74539;0;3;144762;0;;
2453;3;135728;4;23494;0;3;120144;0;;
2455;3;168017;3;964243;0;3;1656;0;;
2457;3;197362;3;940011;0;3;103843;0;;
2459;3;204537;3;895162;0;3;106818;0;;
2461;3;210476;3;844017;0;3;112811;0;;
2463;3;215273;3;873899;0;3;112534;0;;
2465;3;217257;3;891475;0;3;116051;0;;
2467;3;218841;3;90899;0;3;116747;0;;
2469;3;21793;3;926588;0;3;84327;0;;
2471;3;217943;3;944187;0;3;106303;0;;
2473;3;218722;3;950962;0;3;110387;0;;
2475;3;219502;3;935607;0;3;90557;0;;
2477;3;220281;3;920251;0;3;90517;0;;
2479;3;208639;3;904896;0;3;68841;0;;
2481;3;211167;3;902037;0;3;71772;0;;
2483;3;214237;3;899927;0;3;9121;0;;
2485;3;219831;3;900636;0;3;91867;0;;
2487;3;226718;3;90241;0;3;91629;0;;
2489;3;23109;3;900857;0;3;116094;0;;
2491;3;235323;3;89934;0;3;124388;0;;
2493;3;245356;3;946753;0;3;132683;0;;
2495;3;26119;4;9039;0;3;19966;0;;
2497;3;287192;3;970129;0;3;236099;0;;
2499;3;304898;3;953157;0;3;244312;0;;
2501;3;314307;3;956432;0;3;249809;0;;
2503;3;323717;3;959707;0;3;255306;0;;
2505;3;333126;3;962982;0;3;309641;0;;
2507;3;343853;3;966257;0;3;310144;0;;
2509;3;488736;4;234364;0;3;39517;0;;
2511;3;667483;4;333179;0;3;440606;0;;
2513;3;699833;4;395013;0;3;50843;0;;
2515;3;732183;4;401699;0;3;515027;0;;
2517;3;771194;4;407382;0;3;548271;0;;
2519;3;816865;4;509859;0;3;53224;0;;
2521;3;84179;4;458478;0;3;503309;0;;
2523;3;866714;4;469033;0;3;514692;0;;
2525;3;887785;4;530559;0;3;526334;0;;
2527;3;905001;4;591787;0;3;526946;0;;
2529;3;991378;4;673673;0;3;500451;0;;
2531;4;143215;4;788837;0;3;501395;0;;
2533;4;248882;4;754086;0;3;520814;0;;
2535;4;337762;4;722538;0;3;528904;0;;
2537;4;407875;4;676801;0;3;534701;0;;
2539;4;453964;4;67941;0;3;547762;0;;
2541;4;493063;4;745269;0;3;52637;0;;
2543;4;503143;4;759329;0;3;515204;0;;
2545;4;513239;4;773977;0;3;564522;0;;
2547;4;453516;4;695974;0;3;567184;0;;
2549;4;430143;4;477252;0;3;526907;0;;
2551;4;442381;4;4049;0;3;570711;0;;
2553;4;449639;4;327365;0;3;402286;0;;
2555;4;451917;4;32901;0;3;401074;0;;
2557;4;453389;4;376376;0;3;571;0;;
2559;4;455039;4;411335;0;3;576203;0;;
2561;4;456867;4;476101;0;3;579418;0;;
2563;4;456507;4;539481;0;3;581012;0;;
2565;4;456833;4;574476;0;3;629875;0;;
2567;4;457847;4;581087;0;3;636994;0;;
2569;4;458248;4;586904;0;3;636698;0;;
2571;4;458649;4;592721;0;3;636401;0;;
2573;4;45905;4;598538;0;3;680439;0;;
2575;4;459675;4;688209;0;3;703804;0;;
2577;4;460301;4;726481;0;3;724344;0;;
2579;4;460927;4;732677;0;3;723668;0;;
2581;4;475701;4;742458;0;3;727996;0;;
2583;4;491688;4;758297;0;3;766706;0;;
2585;4;507509;4;778132;0;3;816402;0;;
2587;4;521779;4;793549;0;3;841113;0;;
2589;4;565053;4;861427;0;3;881983;0;;
2591;4;637334;4;896081;0;3;894845;0;;
2593;4;702051;4;894536;0;3;876915;0;;
2595;4;758945;4;893511;0;3;887162;0;;
2597;4;815616;4;880479;0;3;894772;0;;
2599;4;870086;4;945157;0;3;888768;0;;
2601;4;772202;4;995552;0;3;881593;0;;
2603;4;698078;5;105299;0;3;887503;0;;
2605;4;702779;5;147599;0;3;856927;0;;
2607;4;770983;5;58826;0;3;851544;0;;
2609;4;856246;4;920537;0;3;85861;0;;
2611;4;941518;4;812045;0;3;865675;0;;
2613;5;23672;4;810321;0;3;818967;0;;
2615;5;91755;4;792629;0;3;820538;0;;
2617;5;70773;4;692401;0;3;808545;0;;
2619;4;942017;4;674886;0;3;735259;0;;
2621;4;856472;4;666165;0;3;755454;0;;
2623;4;772171;4;671772;0;3;753988;0;;
2625;4;57187;4;692922;0;3;743162;0;;
2627;4;448596;4;623516;0;3;754472;0;;
2629;4;455527;4;509895;0;3;793789;0;;
2631;4;461271;4;538667;0;3;783587;0;;
2633;4;482827;4;55441;0;3;789163;0;;
2635;4;547039;4;515689;0;3;792385;0;;
2637;4;544801;4;471691;0;3;783249;0;;
2639;4;543266;4;460963;0;3;780779;0;;
2641;4;465277;4;532867;0;3;77831;0;;
2643;4;224429;4;66332;0;3;766722;0;;
2645;4;31382;4;69407;0;3;74478;0;;
2647;3;888992;4;700799;0;3;752478;0;;
2649;3;828885;4;713761;0;3;732872;0;;
2651;3;797156;4;712289;0;3;727181;0;;
2653;3;793699;4;706653;0;3;746262;0;;
2655;3;785578;4;705287;0;3;718295;0;;
2657;3;780401;4;774119;0;3;648551;0;;
2659;3;771612;4;823239;0;3;645087;0;;
2661;3;762897;4;840294;0;3;634719;0;;
2663;3;756594;4;823678;0;3;603903;0;;
2665;3;75455;4;857559;0;3;561832;0;;
2667;3;752185;4;934111;0;3;564029;0;;
2669;3;749199;5;26604;0;3;567213;0;;
2671;3;746164;5;94255;0;3;58551;0;;
2673;3;743255;5;143452;0;3;640589;0;;
2675;3;740317;5;178564;0;3;729337;0;;
2677;3;737364;5;194416;0;3;738804;0;;
2679;3;73449;5;211976;0;3;758789;0;;
2681;3;732141;5;231827;0;3;833942;0;;
2683;3;73153;5;200553;0;3;826792;0;;
2685;3;726029;5;193839;0;3;790479;0;;
2687;3;718667;5;172342;0;3;765296;0;;
2689;3;713821;5;134748;0;3;8123;0;;
2691;3;709137;5;127056;0;3;803451;0;;
2693;3;698598;5;118305;0;3;787038;0;;
2695;3;682893;5;101536;0;3;679346;0;;
2697;3;657824;5;85712;0;3;75327;0;;
2699;3;640312;5;254932;0;3;850103;0;;
2701;3;630742;5;279299;0;3;870466;0;;
2703;3;621193;5;309811;0;3;888109;0;;
2705;3;611672;5;147159;0;3;903217;0;;
2707;3;600549;5;91219;0;3;904639;0;;
2709;3;45526;5;8439;0;3;861521;0;;
2711;3;276112;5;13166;0;3;778573;0;;
2713;3;244049;5;26209;0;3;74178;0;;
2715;3;21206;5;66848;0;3;738314;0;;
2717;3;173979;5;64437;0;3;747398;0;;
2719;3;128536;5;22562;0;3;808035;0;;
2721;3;103907;5;28134;0;3;906944;0;;
2723;3;7933;5;48287;0;3;911476;0;;
2725;3;55994;5;40155;0;3;91872;0;;
2727;3;34444;5;41758;0;3;954459;4.440892E-16;;
2729;2;949328;5;170393;0;3;990686;4.440892E-16;;
2731;2;796064;5;163383;0;4;73508;1.776357E-15;;
2733;2;737381;5;43008;0;4;61075;2.220446E-15;;
2735;2;708333;5;21951;0;4;66922;2.220446E-15;;
2737;2;706252;5;28117;0;4;53664;1.776357E-15;;
2739;2;729159;5;26895;0;4;46585;2.220446E-15;;
2741;2;761999;5;24968;0;4;3513;2.220446E-15;;
2743;2;79911;5;23153;0;4;19676;5.329071E-15;;
2745;2;896105;5;463;0;3;991395;3.362889E-06;;
2747;3;60132;5;69111;0;4;45158;3.143109E-06;;
2749;3;44965;5;66865;0;4;88105;3.338066E-06;;
2751;3;30539;5;63159;0;4;10723;6.684716E-06;;
2753;3;21092;5;5746;0;4;84064;4.923351E-06;;
2755;3;16063;5;8146;0;4;73022;3.276114E-06;;
2757;3;10856;5;130958;0;4;116837;3.27255E-06;;
2759;3;542;5;162973;0;4;13894;4.762279E-07;;
2761;3;943;5;152556;0;4;144717;2.857367E-07;;
2763;2;998648;5;141772;0;4;145951;9.524558E-08;;
2765;2;995669;5;135764;0;4;145974;5.329071E-15;;
2767;3;1078;5;314851;0;4;147351;5.329071E-15;;
2769;3;26014;5;31497;0;4;194013;3.263838E-06;;
2771;3;40596;5;314775;0;4;177458;3.262796E-06;;
2773;3;45654;5;275425;0;4;1632;5.329071E-15;;
2775;3;50487;5;229712;0;4;164974;5.329071E-15;;
2777;3;55914;5;179663;0;4;166469;5.329071E-15;;
2779;3;83436;5;160076;0;4;185382;2.220446E-15;;
2781;3;113892;5;256871;0;4;192385;5.329071E-15;;
2783;3;1168;5;323926;0;4;213799;5.329071E-15;;
2785;3;119734;5;224618;0;4;214906;5.329865E-06;;
2787;3;191016;5;396946;0;4;28055;5.264928E-06;;
2789;3;183475;5;420631;0;4;280167;3.653866E-05;;
2791;3;146929;5;43323;0;4;286724;3.610924E-05;;
2793;3;104752;5;236563;0;4;292536;4.01084E-05;;
2795;3;57106;5;169177;0;4;301462;8.338202E-05;;
2797;3;9483;5;179666;0;4;301239;0;1464081;
2799;2;96405;5;187895;0;4;312654;0;1465412;
2801;2;918615;5;193134;0;4;32898;0;1466744;
2803;2;87318;5;19839;0;4;345306;0;1468076;
2805;2;827748;5;215759;0;4;331023;0;1484962;
2807;2;765263;5;234856;0;4;315838;0;1661003;
2809;2;717553;5;245642;0;4;317939;0;1671346;
2811;2;67042;5;256305;0;4;34506;0;1686034;
2813;2;62387;5;264502;0;4;361399;0;170507;
2815;2;649718;5;272357;0;4;367986;0;1655722;
2817;2;694782;5;278382;0;4;392858;0;1769187;
2819;2;691405;5;280841;0;4;456583;0;1777184;
2821;2;688049;5;278081;0;4;4148;0;1785181;
2823;2;686317;5;287348;0;4;388343;0;1790935;
2825;2;685776;5;557471;0;4;394568;0;1795668;
2827;2;685346;5;582235;0;4;413788;0;225535;
2829;2;643282;5;543341;0;4;448273;0;1626461;
2831;2;613752;5;516304;0;4;449439;0;1629257;
2833;2;565174;5;354684;0;4;493676;0;1778444;
2835;2;506638;5;289375;0;4;542303;0;2983699;
2837;2;464598;5;285795;0;4;560297;0;2934779;
2839;2;389054;5;285711;0;4;569706;0;8112682;
2841;2;389647;5;239702;0;4;338617;0;2664602;
2843;2;390731;5;239305;0;4;365706;0;2627138;
2845;2;396436;5;244736;0;4;427834;0;2621281;
2847;2;396569;5;16865;0;4;396783;0;2515684;
2849;2;395733;5;179001;0;4;367472;0;238364;
2851;2;396116;5;265482;0;4;306791;0;2626924;
2853;2;39669;5;279141;0;4;267747;0;2643032;
2855;2;397428;5;290636;0;4;27528;0;2664216;
2857;2;529097;5;300097;0;4;279145;0;26854;
2859;2;685218;5;303632;0;4;387547;0;2706583;
2861;2;841175;5;294099;0;4;430501;0;2727767;
2863;2;876313;5;268947;0;4;429158;0;2731271;
2865;2;913068;5;259935;0;4;427819;0;2726223;
2867;2;95361;5;276038;0;4;409844;0;2485221;
2869;2;999989;5;301347;0;4;368819;0;1521597;
2871;3;42216;5;311811;0;4;354702;0;1543742;
2873;3;80273;5;261237;0;4;350121;0;1561229;
2875;3;129339;5;220957;0;4;366899;0;1538294;
2877;3;178285;5;216646;0;4;361853;0;1694071;
2879;3;226449;5;151418;0;4;353779;0;1688866;
2881;3;274087;5;101581;0;4;275108;0;1471049;
2883;3;319447;5;193176;0;4;251626;0;1236329;
2885;3;367179;5;214941;0;4;228891;0;1245128;
2887;3;415471;5;206111;0;4;198398;0;1281192;
2889;3;455856;5;196648;0;4;218285;0;1317255;
2891;3;488436;5;18441;0;4;221174;0;1353319;
2893;3;522101;5;171269;0;4;234896;0;1643052;
2895;3;55517;5;162935;0;4;301928;0;163574;
2897;3;871486;5;150044;0;4;320276;0;1574364;
2899;3;970645;5;108214;0;4;300705;0;1383281;
2901;4;70607;5;365753;0;4;31686;0;1446823;
2903;4;171014;5;358963;0;4;313591;0;1480276;
2905;4;270715;5;308805;0;4;308996;0;149564;
2907;4;351893;5;284266;0;4;294396;0;1503645;
2909;4;414275;5;269523;0;4;268414;0;1502251;
2911;4;476648;5;259839;0;4;242432;0;1504639;
2913;4;538333;5;251931;0;4;255856;0;1811249;
2915;4;599946;5;226322;0;4;234748;0;1505634;
2917;4;665852;5;46983;0;4;230571;0;1577981;
2919;4;716204;4;895587;0;4;198413;0;1809675;
2921;4;750223;4;958294;0;4;187261;0;1393302;
2923;4;818294;4;923149;0;4;164728;5.250612E-05;;
2925;4;855799;4;920777;0;4;120528;0;1499849;
2927;4;862315;4;934405;0;4;148744;6.01316E-05;;
2929;4;855587;4;934906;0;4;71085;4.522491E-05;;
2931;4;847847;4;922966;0;4;19752;3.189082E-05;;
2933;4;789021;4;972026;0;4;27222;3.09999E-05;;
2935;4;717402;5;6513;0;4;365;1.332726E-05;;
2937;4;635603;4;963589;0;4;39665;2.345848E-05;;
2939;4;557111;4;981528;0;4;14492;2.799341E-05;;
2941;4;481925;4;995475;0;3;989877;8.144965E-06;;
2943;4;416877;5;44023;0;4;23941;7.858795E-06;;
2945;4;277318;5;33295;0;3;986961;7.572483E-06;;
2947;4;103178;5;3325;0;3;928883;5.212883E-06;;
2949;4;108231;4;998225;0;3;928456;5.211666E-06;;
2951;4;113285;4;991624;0;3;896833;2.220446E-15;;
2953;4;118338;4;983523;0;3;894541;2.220446E-15;;
2955;4;123955;4;968415;0;3;856657;2.220446E-15;;
2957;4;130556;4;875985;0;3;823343;2.220446E-15;;
2959;4;136801;4;852173;0;3;838134;2.220446E-15;;
2961;4;205629;5;5753;0;3;866786;3.090893E-07;;
2963;4;224412;5;116834;0;3;877332;3.090893E-07;;
2965;4;243114;5;189432;0;3;881798;3.090893E-07;;
2967;4;234878;5;117549;0;3;882048;1.030298E-07;;
2969;4;218969;5;69314;0;3;806846;2.220446E-15;;
2971;4;203711;4;888246;0;3;805532;2.220446E-15;;
2973;4;197976;4;781451;0;3;785896;2.220446E-15;;
2975;4;192242;4;746256;0;3;788142;2.220446E-15;;
2977;4;185914;4;743177;0;3;776561;2.220446E-15;;
2979;4;15749;4;724921;0;3;760922;2.220446E-15;;
2981;4;111985;4;696397;0;3;73569;0;;
2983;4;92813;4;676783;0;3;717413;0;;
2985;4;73783;4;521182;0;3;710444;0;;
2987;3;987957;4;424415;0;3;707113;0;;
2989;3;951947;4;397505;0;3;701433;0;;
2991;3;915938;4;38516;0;3;666086;0;;
2993;3;893134;4;373525;0;3;694399;0;;
2995;3;882065;4;513422;0;3;661524;0;;
2997;3;869426;4;541933;0;3;647079;0;;
2999;3;856733;4;569812;0;3;597185;0;;
3001;3;844041;4;597691;0;3;586055;0;;
3003;3;831298;4;618253;0;3;623929;0;;
3005;3;818499;4;452075;0;3;613467;0;;
3007;3;805694;4;292761;0;3;563283;0;;
3009;3;761055;4;26545;0;3;552292;0;;
3011;3;715831;4;504961;0;3;596504;0;;
3013;3;670022;4;43948;0;3;548746;0;;
3015;3;551814;4;42417;0;3;533687;0;;
3017;3;482055;4;409568;0;3;521777;0;;
3019;3;460738;4;395783;0;3;48744;0;;
3021;3;4394;4;382186;0;3;38087;0;;
3023;3;416829;4;35518;0;3;382352;0;;
3025;3;393066;4;314578;0;3;292812;0;;
3027;3;369197;4;250789;0;3;202966;0;;
3029;3;33379;4;250194;0;3;195631;0;;
3031;3;286502;4;248942;0;3;195626;0;;
3033;3;258611;4;248211;0;3;133955;0;;
3035;3;214223;4;247479;0;3;125154;0;;
3037;3;153339;4;246748;0;3;114757;0;;
3039;3;125257;4;246439;0;3;10983;0;;
3041;3;97491;4;234232;0;3;73783;0;;
3043;3;70097;4;209122;0;3;18752;0;;
3045;3;39004;4;183254;0;3;182;0;;
3047;3;11549;4;157701;0;3;17705;0;;
3049;2;987738;4;132406;0;3;7067;0;;
3051;2;963876;4;93636;0;2;985037;0;;
3053;2;939824;4;80628;0;2;966261;0;;
3055;2;915606;4;56799;0;2;961772;0;;
3057;2;760458;4;25306;0;2;935388;0;;
3059;2;605476;4;6932;0;2;894346;0;;
3061;2;450659;4;1807;0;2;869753;0;;
3063;2;416661;3;997212;0;2;856153;0;;
3065;2;379598;3;995191;0;2;828429;0;;
3067;2;339471;3;995744;0;2;819402;0;;
3069;2;294127;3;990395;0;2;793164;0;;
3071;2;252984;3;987587;0;2;744412;0;;
3073;2;216041;3;987321;0;2;743938;0;;
3075;2;16812;3;986993;0;2;686325;0;;
3077;2;120333;3;986238;0;2;655343;0;;
3079;2;73248;3;985837;0;2;596009;0;;
3081;2;26163;3;984907;0;2;574754;0;;
3083;1;979079;3;972866;0;2;540966;0;;
3085;1;931987;3;959153;0;2;487483;0;;
3087;1;884903;3;945504;0;2;492096;0;;
3089;1;845726;3;934626;0;2;472431;0;;
3091;1;816589;3;920039;0;2;504874;0;;
3093;1;783678;3;818763;0;2;49887;0;;
3095;1;750537;3;790393;0;2;502862;0;;
3097;1;433344;3;721985;0;2;470353;0;;
3099;1;334047;3;680666;0;2;444161;0;;
3101;1;234303;3;585987;0;2;298433;0;;
3103;1;134091;3;471411;0;2;224992;0;;
3105;1;34558;3;245795;0;2;208074;0;;
3107;0;9538323;3;204876;0;2;197171;0;;
3109;0;8919128;3;162361;0;2;178862;0;;
3111;0;8299975;3;119846;0;2;17785;0;;
3113;0;7680809;3;77358;0;2;17656;0;;
3115;0;7061623;3;33612;0;2;150675;0;;
3117;0;639384;2;937179;0;2;135263;0;;
3119;0;5888582;2;899344;0;2;81184;0;;
3121;0;5546005;2;738223;0;2;34748;0;;
3123;0;4862378;2;684163;0;2;30692;0;;
3125;0;4472005;2;638783;0;1;990906;0;;
3127;0;4373654;2;646738;0;1;935487;0;;
3129;0;4351809;2;655879;0;1;902602;0;;
3131;0;4329964;2;60526;0;1;904761;0;;
3133;0;4297937;2;538672;0;1;908089;0;;
3135;0;426645;2;545948;0;1;896696;0;;
3137;0;4236045;2;705785;0;1;895973;0;;
3139;0;4140548;2;580827;0;1;894096;0;;
3141;0;3982559;2;529419;0;1;849545;0;;
3143;0;375038;2;415718;0;1;776247;0;;
3145;0;3444011;2;337446;0;1;755997;0;;
3147;0;3373677;2;327995;0;1;741944;0;;
3149;0;3303343;2;318544;0;1;734121;0;;
3151;0;3233009;2;309093;0;1;680074;0;;
3153;0;3162675;2;299642;0;1;664324;0;;
3155;0;3092341;2;290191;0;1;661135;0;;
3157;0;3022007;2;285595;0;1;660773;0;;
3159;0;2955734;2;21649;0;1;612849;0;;
3161;0;2252259;1;990878;0;1;540822;0;;
3163;0;204931;1;980719;0;1;438156;0;;
3165;0;1847131;1;951059;0;1;392281;0;;
3167;0;172657;1;79407;0;1;359606;0;;
3169;0;1687627;1;786711;0;1;287799;0;;
3171;0;1648702;1;785936;0;1;287956;0;;
3173;0;1609777;1;785161;0;1;288114;0;;
3175;0;1570852;1;784386;0;1;267446;0;;
3177;0;1531926;1;783611;0;1;253994;0;;
3179;0;1493001;1;782836;0;1;245791;0;;
3181;0;1454076;1;782061;0;1;222354;0;;
3183;0;141515;1;781286;0;1;19728;0;;
3185;0;1376225;1;78051;0;1;198012;0;;
3187;0;13373;1;779735;0;1;198831;0;;
3189;0;1298375;1;77896;0;1;199649;0;;
3191;0;125945;1;778185;0;1;200467;0;;
3193;0;1220413;1;773638;0;1;180006;0;;
3195;0;1195481;1;765643;0;1;121073;0;;
3197;0;1186686;1;673723;0;1;93502;0;;
3199;0;1178477;1;62522;0;1;87954;0;;
3201;0;1170268;1;593487;0;1;86392;0;;
3203;0;116258;1;57674;0;1;74231;0;;
3205;0;1155415;1;57379;0;1;67313;0;;
3207;0;1148249;1;506288;0;1;63799;0;;
3209;0;1141084;1;451695;0;1;25697;0;;
3211;0;1133922;1;315854;0;0;9932303;0;;
3213;0;1126761;1;317733;0;0;994216;0;;
3215;0;11196;1;319613;0;0;9952017;0;;
3217;0;1112439;1;321493;0;0;9929526;0;;
3219;0;1105277;1;323373;0;0;9909887;0;;
3221;0;1098116;1;325253;0;0;9901626;0;;
3223;0;1090955;1;327132;0;0;9870168;0;;
3225;0;1083793;1;329012;0;0;9862189;0;;
3227;0;1076632;1;330892;0;0;9863881;0;;
3229;0;1069471;1;332772;0;0;9865573;0;;
3231;0;106231;1;334652;0;0;9867265;0;;
3233;0;1055148;1;336531;0;0;9868957;0;;
3235;0;1047987;1;338411;0;0;9870649;0;;
3237;0;1040826;1;340291;0;0;9872341;0;;
3239;0;1033665;1;342171;0;0;9871945;0;;
3241;0;1026503;1;344051;0;0;9857759;0;;
3243;0;1019342;1;34593;0;0;9843574;0;;
3245;0;1012181;1;34781;0;0;9829388;0;;
3247;0;100502;1;34969;0;0;9815202;0;;
3249;0;9978583;1;35157;0;0;9801016;0;;
3251;0;9906971;1;353449;0;0;9786831;0;;
3253;0;9835359;1;355329;0;0;9746371;0;;
3255;0;9763746;1;357209;0;0;9751706;0;;
3257;0;9692133;1;359089;0;0;9744273;0;;
3259;0;962052;1;360969;0;0;9730088;0;;
3261;0;9548908;1;362848;0;0;9715902;0;;
3263;0;9477296;1;364728;0;0;9701716;0;;
3265;0;9405683;1;366608;0;0;968753;0;;
3267;0;933407;1;367688;0;0;9693068;0;;
3269;0;9262457;1;370368;0;0;9700197;0;;
3271;0;9190845;1;372247;0;0;9707326;0;;
3273;0;9119233;1;374127;0;0;9714455;0;;
3275;0;904762;1;377036;0;0;9721584;0;;
3277;0;8976007;1;383542;0;0;9728713;0;;
3279;0;8904395;1;382224;0;0;9737074;0;;
3281;0;8832783;1;382799;0;0;9749296;0;;
3283;0;876117;1;383526;0;0;9766091;0;;
3285;0;8689557;1;385406;0;0;9790983;0;;
3287;0;8617944;1;387286;0;0;9815875;0;;
3289;0;8546332;1;389165;0;0;9798182;0;;
3291;0;8248867;1;310068;0;0;906521;0;;
3293;0;8225756;1;205711;0;0;8515983;0;;
3295;0;8221861;1;161723;0;0;8342364;0;;
3297;0;8217966;1;14966;0;0;7951416;0;;
3299;0;8214071;1;140384;0;0;7660751;0;;
3301;0;8210175;1;106205;0;0;7633723;0;;
3303;0;820628;1;72026;0;0;7698569;0;;
3305;0;8202385;1;37847;0;0;7769253;0;;
3307;0;9442229;1;46706;0;0;7807199;0;;
3309;0;1192581;1;140215;0;0;8334412;0;;
3311;0;144094;1;16732;0;0;8584147;0;;
3313;0;1689355;1;167899;0;0;8854576;0;;
3315;0;1945189;1;178087;0;0;9552572;0;;
3317;0;2208379;1;272516;0;0;9898997;0;;
3319;0;2389852;1;351149;0;0;9957393;0;;
3321;0;2554346;1;400424;0;1;1587;0;;
3323;0;2701977;1;385305;0;0;9954967;0;;
3325;0;2849608;1;405897;0;0;9938672;0;;
3327;0;2997239;1;434106;0;1;456;0;;
3329;0;314487;1;458057;0;1;1872;0;;
3331;0;3292501;1;456932;0;1;16276;0;;
3333;0;3440077;1;453582;0;1;15585;0;;
3335;0;3586574;1;418076;0;0;9909913;0;;
3337;0;3731988;1;300636;0;0;9750484;0;;
3339;0;3880005;1;303053;0;0;975962;0;;
3341;0;4028021;1;30547;0;0;9800687;0;;
3343;0;4176037;1;316434;0;0;9804752;0;;
3345;0;4324053;1;367487;0;0;9787025;0;;
3347;0;447207;1;379599;0;0;979616;0;;
3349;0;463868;1;393606;0;0;9960918;0;;
3351;0;480529;1;446721;0;1;19064;0;;
3353;0;4971901;1;686864;0;1;58857;0;;
3355;0;5153253;1;828231;0;1;17924;0;;
3357;0;5364413;1;943783;0;1;225993;0;;
3359;0;5563247;1;986895;0;1;253008;0;;
3361;0;5755794;2;104334;0;1;376776;0;;
3363;0;5955176;2;188526;0;1;51116;0;;
3365;0;6161394;2;276682;0;1;543792;0;;
3367;0;6310949;2;291303;0;1;623074;0;;
3369;0;643548;2;299811;0;1;641176;0;;
3371;0;6534986;2;336766;0;1;658718;0;;
3373;0;6634493;2;450801;0;1;683507;0;;
3375;0;6734;2;569901;0;1;752531;0;;
3377;0;6833506;2;681082;0;1;782447;0;;
3379;0;6957226;2;737257;0;1;790862;0;;
3381;0;7078674;2;760012;0;1;79864;0;;
3383;0;7161752;2;764635;0;1;892423;0;;
3385;0;7376102;2;788826;0;1;958224;0;;
3387;0;7449831;2;80916;0;1;965539;0;;
3389;0;7515974;2;814345;0;1;984191;0;;
3391;0;7574714;2;873356;0;2;60561;0;;
3393;0;7834818;2;958227;0;2;122398;0;;
3395;0;7910854;2;968536;0;2;180564;0;;
3397;0;7986889;3;103337;0;2;198374;0;;
3399;0;8070154;3;147233;0;2;227877;0;;
3401;0;8300349;3;160408;0;2;354465;0;;
3403;0;8372777;3;162838;0;2;375893;0;;
3405;0;8445204;3;224081;0;2;410657;0;;
3407;0;8517631;3;346467;0;2;454402;0;;
3409;0;8664462;3;425663;0;2;481367;0;;
3411;0;8822035;3;486427;0;2;517318;0;;
3413;0;8990351;3;514457;0;2;546685;0;;
3415;0;9030262;3;515942;0;2;555703;0;;
3417;0;9070173;3;517428;0;2;572842;0;;
3419;0;9110084;3;518913;0;2;593553;0;;
3421;0;914229;3;519332;0;2;600447;0;;
3423;0;9174497;3;519751;0;2;601868;0;;
3425;0;9206703;3;520169;0;2;601849;0;;
3427;0;9238909;3;520588;0;2;60183;0;;
3429;0;9271115;3;521007;0;2;601812;0;;
3431;0;9303321;3;521426;0;2;606381;0;;
3433;0;9335527;3;521845;0;2;641813;0;;
3435;0;9364203;3;51888;0;2;648482;0;;
3437;0;9389349;3;513587;0;2;654926;0;;
3439;0;9414493;3;508295;0;2;661369;0;;
3441;0;9439638;3;503002;0;2;667813;0;;
3443;0;9464784;3;497709;0;2;674257;0;;
3445;0;9489928;3;492416;0;2;6807;0;;
3447;0;9515074;3;487123;0;2;687144;0;;
3449;0;9540219;3;48183;0;2;697567;0;;
3451;0;9565364;3;476537;0;2;719816;0;;
3453;0;9590509;3;471245;0;2;742065;0;;
3455;0;9615654;3;465952;0;2;751113;0;;
3457;0;9640799;3;460873;0;2;750977;0;;
3459;0;9665944;3;455549;0;2;750841;0;;
3461;0;9691089;3;496342;0;2;750705;0;;
3463;0;9716234;3;528127;0;2;750569;0;;
3465;0;9741379;3;528546;0;2;762136;0;;
3467;0;9766524;3;528964;0;2;781976;0;;
3469;0;9791669;3;538164;0;2;785238;0;;
3471;0;995099;3;570189;0;2;825867;0;;
3473;1;24449;3;571811;0;2;854311;0;;
3475;1;51751;3;573384;0;2;889092;0;;
3477;1;77006;3;574985;0;2;910654;0;;
3479;1;102261;3;576567;0;2;926009;0;;
3481;1;131541;3;618652;0;2;931554;0;;
3483;1;160175;3;734555;0;2;976255;0;;
3485;1;187977;3;836375;0;2;988881;0;;
3487;1;239096;3;901971;0;3;4258;0;;
3489;1;274855;3;967563;0;3;42854;0;;
3491;1;295254;3;997697;0;3;47863;0;;
3493;1;300553;3;997373;0;3;48136;0;;
3495;1;305852;3;99705;0;3;4841;0;;
3497;1;311151;3;996726;0;3;48683;0;;
3499;1;31645;3;996402;0;3;48956;0;;
3501;1;321749;3;996079;0;3;4923;0;;
3503;1;327048;3;995755;0;3;49503;0;;
3505;1;332347;3;995432;0;3;49777;0;;
3507;1;325208;3;986813;0;3;48521;0;;
3509;1;305632;3;961244;0;3;35852;0;;
3511;1;286056;3;881753;0;3;17841;0;;
3513;1;266475;3;879427;0;3;17481;0;;
3515;1;246152;3;847113;0;2;994039;0;;
3517;1;225093;3;802911;0;2;959676;0;;
3519;1;212206;3;740962;0;2;93559;0;;
3521;1;201017;3;669482;0;2;915247;0;;
3523;1;191514;3;65722;0;2;903444;0;;
3525;1;182012;3;644957;0;2;9031;0;;
3527;1;172509;3;632695;0;2;902023;0;;
3529;1;163006;3;620433;0;2;897616;0;;
3531;1;153504;3;608171;0;2;893208;0;;
3533;1;144001;3;595908;0;2;8888;0;;
3535;1;134498;3;583646;0;2;884392;0;;
3537;1;124995;3;571384;0;2;879985;0;;
3539;1;115493;3;560853;0;2;875577;0;;
3541;1;10599;3;556301;0;2;872643;0;;
3543;1;96487;3;551748;0;2;879948;0;;
3545;1;86985;3;547195;0;2;889013;0;;
3547;1;77482;3;542642;0;2;886756;0;;
3549;1;6612;3;502943;0;2;863772;0;;
3551;1;54757;3;487458;0;2;848823;0;;
3553;1;66581;3;474935;0;2;800547;0;;
3555;1;77463;3;371914;0;2;797743;0;;
3557;1;62711;3;373064;0;2;783976;0;;
3559;1;48402;3;356941;0;2;726445;0;;
3561;1;34721;3;275279;0;2;661645;0;;
3563;1;20357;3;84683;0;2;620029;0;;
3565;1;5309;3;59605;0;2;6236;0;;
3567;0;9959278;2;982852;0;2;622411;0;;
3569;0;9890487;2;968452;0;2;613528;0;;
3571;0;9846721;2;948432;0;2;570836;0;;
3573;0;9802955;2;928412;0;2;536824;0;;
3575;0;9759188;2;928016;0;2;526171;0;;
3577;0;9715422;2;930001;0;2;492099;0;;
3579;0;9647442;2;92051;0;2;396776;0;;
3581;0;9581736;2;917651;0;2;388506;0;;
3583;0;9554398;2;923779;0;2;363754;0;;
3585;0;9381566;2;836851;0;2;282799;0;;
3587;0;9335135;2;827712;0;2;25667;0;;
3589;0;9296289;2;818316;0;2;220062;0;;
3591;0;9264846;2;783202;0;2;177633;0;;
3593;0;903204;2;747152;0;2;148167;0;;
3595;0;8983301;2;711668;0;2;1071;0;;
3597;0;8934563;2;652155;0;2;82103;0;;
3599;0;8878596;2;505454;0;2;9461;0;;
3601;0;8675697;2;449426;0;1;997668;0;;
3603;0;8630568;2;369835;0;1;9943;0;;
3605;0;8585438;2;367647;0;1;968444;0;;
3607;0;8540307;2;328349;0;1;893785;0;;
3609;0;8420774;2;320466;0;1;859434;0;;
3611;0;8290498;2;309327;0;1;809638;0;;
3613;0;814948;2;297503;0;1;801857;0;;
3615;0;8136866;2;315776;0;1;780683;0;;
3617;0;8124252;2;302183;0;1;77888;0;;
3619;0;8111638;2;315491;0;1;771821;0;;
3621;0;8106729;2;341911;0;1;785102;0;;
3623;0;810182;2;375145;0;1;820792;0;;
3625;0;8096911;2;373328;0;1;810639;0;;
3627;0;8092002;2;371511;0;1;798519;0;;
3629;0;8087094;2;369693;0;1;798164;0;;
3631;0;8082185;2;367876;0;1;796709;0;;
3633;0;8077276;2;323652;0;1;781833;0;;
3635;0;8075898;2;314058;0;1;761403;0;;
3637;0;8078049;2;31354;0;1;759443;0;;
3639;0;8080202;2;313021;0;1;757484;0;;
3641;0;8082354;2;312502;0;1;755524;0;;
3643;0;8084506;2;303825;0;1;753565;0;;
3645;0;8086659;2;289123;0;1;751605;0;;
3647;0;8088811;2;27442;0;1;749646;0;;
3649;0;8090963;2;268416;0;1;743496;0;;
3651;0;8093115;2;263524;0;1;736646;0;;
3653;0;8095267;2;258633;0;1;736187;0;;
3655;0;809742;2;253741;0;1;735727;0;;
3657;0;8099572;2;246669;0;1;734582;0;;
3659;0;8101724;2;231919;0;1;715424;0;;
3661;0;8103876;2;214598;0;1;714697;0;;
3663;0;8106028;2;202041;0;1;715202;0;;
3665;0;8108181;2;201332;0;1;715706;0;;
3667;0;8110333;2;200624;0;1;689381;0;;
3669;0;8112485;2;199914;0;1;684814;0;;
3671;0;7980462;2;190065;0;1;645928;0;;
3673;0;7714263;2;171075;0;1;570027;0;;
3675;0;7468538;2;131304;0;1;497313;0;;
3677;0;7243286;2;50532;0;1;458862;0;;
3679;0;7018033;2;114;0;1;365147;0;;
3681;0;6752524;1;901913;0;1;290571;0;;
3683;0;6493483;1;751057;0;1;156235;0;;
3685;0;6242765;1;74366;0;1;102605;0;;
3687;0;5758871;1;617864;0;1;45754;0;;
3689;0;5428577;1;399585;0;0;9718496;0;;
3691;0;5251881;1;398261;0;0;971893;0;;
3693;0;5226189;1;390189;0;0;9718323;0;;
3695;0;5200498;1;382118;0;0;969808;0;;
3697;0;5174806;1;374046;0;0;965436;0;;
3699;0;5149114;1;35911;0;0;9610639;0;;
3701;0;5123423;1;340147;0;0;9583717;0;;
3703;0;5097731;1;330166;0;0;9578786;0;;
3705;0;5072039;1;330169;0;0;9573855;0;;
3707;0;5046347;1;330172;0;0;9568924;0;;
3709;0;5020656;1;325616;0;0;9563994;0;;
3711;0;4994964;1;317545;0;0;9559063;0;;
3713;0;4969272;1;309473;0;0;9554132;0;;
3715;0;4943581;1;302709;0;0;9466051;0;;
3717;0;4917889;1;299927;0;0;9454482;0;;
3719;0;4892197;1;297146;0;0;9444802;0;;
3721;0;4866506;1;294364;0;0;9435121;0;;
3723;0;4840814;1;291582;0;0;9425442;0;;
3725;0;4815122;1;288801;0;0;9415762;0;;
3727;0;4789431;1;286019;0;0;93466;0;;
3729;0;4763739;1;283238;0;0;9372416;0;;
3731;0;4738047;1;280456;0;0;9386722;0;;
3733;0;4712356;1;277675;0;0;9377042;0;;
3735;0;4686664;1;274893;0;0;9367362;0;;
3737;0;4660972;1;272111;0;0;9357682;0;;
3739;0;4635281;1;26933;0;0;9348002;0;;
3741;0;4609589;1;266548;0;0;9280851;0;;
3743;0;4583897;1;263767;0;0;9223273;0;;
3745;0;4558206;1;260985;0;0;9213046;0;;
3747;0;4532514;1;258204;0;0;9144232;0;;
3749;0;4506822;1;255422;0;0;9142817;0;;
3751;0;4481131;1;25264;0;0;9141402;0;;
3753;0;4223585;1;229352;0;0;8867038;0;;
3755;0;3960711;1;194252;0;0;7910508;0;;
3757;0;3924363;1;36203;0;0;7348986;0;;
3759;0;389592;1;5037;0;0;694029;0;;
3761;0;3867477;0;8989018;0;0;6548171;0;;
3763;0;3839034;0;8970703;0;0;6474715;0;;
3765;0;3810591;0;8952388;0;0;6237399;0;;
3767;0;3782148;0;8934072;0;0;6124415;0;;
3769;0;3753704;0;8915757;0;0;6050408;0;;
3771;0;3725261;0;8897442;0;0;59764;0;;
3773;0;3696818;0;8879126;0;0;5902392;0;;
3775;0;3668375;0;8860811;0;0;5828385;0;;
3777;0;3639932;0;8842495;0;0;5754377;0;;
3779;0;3611489;0;882418;0;0;5680369;0;;
3781;0;3583046;0;8805864;0;0;5606362;0;;
3783;0;3554603;0;8787549;0;0;5553014;0;;
3785;0;3540381;0;8769234;0;0;5301871;0;;
3787;0;3540381;0;8750919;0;0;5303914;0;;
3789;0;3540381;0;8732603;0;0;5249203;0;;
3791;0;3540381;0;8714288;0;0;5215889;0;;
3793;0;3540381;0;8695973;0;0;5196035;0;;
3795;0;3540381;0;8582079;0;0;5176181;0;;
3797;0;3540381;0;854927;0;0;5156326;0;;
3799;0;3540381;0;8540548;0;0;5136472;0;;
3801;0;3540381;0;8531827;0;0;5107813;0;;
3803;0;3540381;0;8523105;0;0;4832569;0;;
3805;0;3540381;0;8514383;0;0;4802814;0;;
3807;0;3540381;0;8505661;0;0;4777958;0;;
3809;0;3540381;0;849694;0;0;4753102;0;;
3811;0;3540381;0;8224152;0;0;4532498;0;;
3813;0;3540381;0;7427654;0;0;4302239;0;;
3815;0;3540381;0;62711;0;0;3890314;0;;
3817;0;3540381;0;5224023;0;0;3245276;0;;
3819;0;3540381;0;4345965;0;0;3004424;0;;
3821;0;3540381;0;4145722;0;0;2241786;0;;
3823;0;3540381;0;3757448;0;0;2130737;0;;
3825;0;3540381;0;3757448;0;0;2130737;0;;
3827;0;3540381;0;3757448;0;0;2130737;0;;
3829;0;3540381;0;3757448;0;0;2130737;0;;
3831;0;3540381;0;3757448;0;0;2130737;0;;
3833;0;3540381;0;3757448;0;0;2130737;0;;
3835;0;3540381;0;3757448;0;0;2130737;0;;
3837;0;3540381;0;3757448;0;0;2130737;0;;
3839;0;3540381;0;3757448;0;0;2130737;0;;
3841;0;3540381;0;3757448;0;0;2130737;0;;
3843;0;3540381;0;3757448;0;0;2130737;0;;
3845;0;3540381;0;3757448;0;0;2130737;0;;
3847;0;3540381;0;3757448;0;0;2130737;0;;
3849;0;3540381;0;3757448;0;0;2130737;0;;
3851;0;3540381;0;3757448;0;0;2130737;0;;
3853;0;3540381;0;3757448;0;0;2130737;0;;
3855;0;3540381;0;3757448;0;0;2130737;0;;
3857;0;3540381;0;3757448;0;0;2130737;0;;
3859;0;4142618;0;4399422;0;0;3004836;0;;
3861;0;5347092;0;8670204;0;0;5722838;0;;
3863;0;6448565;1;10666;0;0;8403776;0;;
3865;0;6600208;1;376491;0;0;9853574;0;;
3867;0;6780757;1;770802;0;1;187239;0;;
3869;0;7882751;1;8941;0;1;363529;0;;
3871;0;9849383;1;959762;0;1;581633;0;;
3873;1;155282;2;208268;0;1;70818;0;;
3875;1;371096;2;565598;0;1;819445;0;;
3877;1;480777;2;812549;0;1;894534;0;;
3879;1;51159;2;905223;0;2;32061;0;;
3881;1;526209;2;967917;0;2;90771;0;;
3883;1;524636;2;971596;0;2;92118;0;;
3885;1;523062;2;975244;0;2;93465;0;;
3887;1;521488;2;971877;0;2;94811;0;;
3889;1;519915;2;968511;0;2;96159;0;;
3891;1;518341;2;965144;0;2;100624;0;;
3893;1;516767;2;961778;0;2;117848;0;;
3895;1;515193;2;958412;0;2;129679;0;;
3897;1;51362;2;955506;0;2;14159;0;;
3899;1;512046;2;956709;0;2;141338;0;;
3901;1;510472;2;957913;0;2;141086;0;;
3903;1;508899;2;959116;0;2;140834;0;;
3905;1;507325;2;96032;0;2;140582;0;;
3907;1;505751;2;961523;0;2;140331;0;;
3909;1;504177;2;962726;0;2;140079;0;;
3911;1;512939;2;96393;0;2;140086;0;;
3913;1;520673;2;972374;0;2;207085;0;;
3915;1;522052;2;97887;0;2;212451;0;;
3917;1;522361;2;999446;0;2;305592;0;;
3919;1;51947;3;23629;0;2;346823;0;;
3921;1;51795;3;141439;0;2;363;0;;
3923;1;517801;3;190762;0;2;377899;0;;
3925;1;516762;3;327951;0;2;38787;0;;
3927;1;515632;3;384844;0;2;410631;0;;
3929;1;514375;3;389009;0;2;496917;0;;
3931;1;512458;3;415026;0;2;62288;0;;
3933;1;510607;3;466203;0;2;696326;0;;
3935;1;509288;3;548528;0;2;741898;0;;
3937;1;505861;3;549481;0;2;772524;0;;
3939;1;502434;3;550434;0;2;803149;0;;
3941;1;499007;3;551388;0;2;823522;0;;
3943;1;495579;3;552341;0;2;82563;0;;
3945;1;492152;3;553294;0;2;827738;0;;
3947;1;488725;3;554248;0;2;829846;0;;
3949;1;485298;3;555201;0;2;831954;0;;
3951;1;481871;3;556154;0;2;834062;0;;
3953;1;478457;3;557107;0;2;846186;0;;
3955;1;475057;3;615701;0;2;849917;0;;
3957;1;471652;3;676046;0;2;870765;0;;
3959;1;468233;3;689202;0;2;873897;0;;
3961;1;464801;3;690682;0;2;876479;0;;
3963;1;461368;3;692162;0;2;88174;0;;
3965;1;457935;3;693642;0;2;883859;0;;
3967;1;454503;3;695122;0;2;889299;0;;
3969;1;45107;3;696602;0;2;894739;0;;
3971;1;447637;3;698082;0;2;900179;0;;
3973;1;445294;3;731565;0;2;935572;0;;
3975;1;442535;3;760509;0;2;962864;0;;
3977;1;439359;3;770799;0;2;999007;0;;
3979;1;436184;3;81125;0;2;999271;0;;
3981;1;43287;3;882578;0;3;60768;0;;
3983;1;429418;3;883004;0;3;8269;0;;
3985;1;425967;3;883151;0;3;82675;0;;
3987;1;422515;3;883297;0;3;8266;0;;
3989;1;419063;3;883444;0;3;82645;0;;
3991;1;415611;3;883591;0;3;82631;0;;
3993;1;412159;3;883737;0;3;82616;0;;
3995;1;408707;3;883884;0;3;98807;0;;
3997;1;405256;3;884031;0;3;99779;0;;
3999;1;401804;3;884177;0;3;100752;0;;
4001;1;398552;3;884517;0;3;132904;0;;
4003;1;395501;3;884877;0;3;132012;0;;
4005;1;392244;3;885337;0;3;135023;0;;
4007;1;388782;3;885702;0;3;136082;0;;
4009;1;385319;3;888901;0;3;137142;0;;
4011;1;381856;3;892281;0;3;138201;0;;
4013;1;378394;3;945366;0;3;139261;0;;
4015;1;374931;3;94746;0;3;140321;0;;
4017;1;371469;3;949555;0;3;14138;0;;
4019;1;368006;3;95165;0;3;14244;0;;
4021;1;364543;3;953745;0;3;143499;0;;
4023;1;361081;3;95584;0;3;142879;0;;
4025;1;357618;3;957934;0;3;139786;0;;
4027;1;354155;3;960029;0;3;136693;0;;
4029;1;350693;3;964166;0;3;1336;0;;
4031;1;34723;3;970345;0;3;137104;0;;
4033;1;344043;3;972004;0;3;146644;0;;
4035;1;340857;3;97643;0;3;191683;0;;
4037;1;337671;3;983621;0;3;236279;0;;
4039;1;33503;3;983934;0;3;24887;0;;
4041;1;332242;4;10829;0;3;259458;0;;
4043;1;328922;4;48392;0;3;263288;0;;
4045;1;325602;4;52647;0;3;263421;0;;
4047;1;322282;4;56901;0;3;263554;0;;
4049;1;318961;4;61156;0;3;263687;0;;
4051;1;315641;4;6541;0;3;263819;0;;
4053;1;312321;4;69665;0;3;263952;0;;
4055;1;309;4;73919;0;3;264085;0;;
4057;1;305919;4;99144;0;3;271821;0;;
4059;1;243164;3;99894;0;3;259378;0;;
4061;1;121205;3;976388;0;3;220767;0;;
4063;1;8551;3;916378;0;3;132899;0;;
4065;0;9908791;3;84083;0;3;110896;0;;
4067;0;9744533;3;82973;0;3;40841;0;;
4069;0;8616691;3;731931;0;2;953794;0;;
4071;0;662421;3;607871;0;2;892486;0;;
4073;0;489493;3;338797;0;2;804262;0;;
4075;0;271286;3;272952;0;2;798874;0;;
4077;0;1594044;3;119372;0;2;795632;0;;
4079;0;1263909;3;16826;0;2;744326;0;;
4081;0;110431;3;196751;0;2;722019;0;;
4083;0;1106575;3;257278;0;2;723406;0;;
4085;0;1108772;3;319134;0;2;75803;0;;
4087;0;1100334;3;350305;0;2;75806;0;;
4089;0;1091895;3;377798;0;2;757797;0;;
4091;0;1083456;3;385262;0;2;771039;0;;
4093;0;1084107;3;392726;0;2;771839;0;;
4095;0;1103615;3;400191;0;2;772596;0;;
4097;0;1137252;3;40765;0;2;808801;0;;
4099;0;1154337;3;409611;0;2;866918;0;;
4101;0;1168302;3;412127;0;2;871971;0;;
4103;0;1171913;3;475519;0;2;885359;0;;
4105;0;1179522;3;512216;0;2;884736;0;;
4107;0;1177167;3;51779;0;2;925447;0;;
4109;0;1172161;3;523366;0;2;928983;0;;
4111;0;1054391;3;547348;0;2;933918;0;;
4113;0;9468942;3;590943;0;2;926773;0;;
4115;0;9029421;3;632226;0;2;921121;0;;
4117;0;8696943;3;671194;0;2;889082;0;;
4119;0;8732729;3;708911;0;2;889712;0;;
4121;0;8742515;3;625083;0;2;885454;0;;
4123;0;8618318;3;512753;0;2;868781;0;;
4125;0;8632459;3;556585;0;2;876645;0;;
4127;0;8773661;3;504105;0;2;8689;0;;
4129;0;8694316;3;493152;0;2;843523;0;;
4131;0;8679037;3;501298;0;2;855457;0;;
4133;0;8655194;3;501007;0;2;805086;0;;
4135;0;8584224;3;493114;0;2;747853;0;;
4137;0;8731312;3;51195;0;2;75199;0;;
4139;0;8952922;3;647265;0;2;802699;0;;
4141;0;8987731;3;647681;0;2;78696;0;;
4143;0;902254;3;648097;0;2;798393;0;;
4145;0;9057348;3;648513;0;2;819868;0;;
4147;0;9092157;3;64893;0;2;824073;0;;
4149;0;9126966;3;649346;0;2;820743;0;;
4151;0;9161774;3;649762;0;2;817412;0;;
4153;0;919523;3;649953;0;2;8182;0;;
4155;0;9227333;3;558714;0;2;734439;0;;
4157;0;9259939;3;519892;0;2;731251;0;;
4159;0;9489727;3;524691;0;2;730298;0;;
4161;0;9659695;3;529462;0;2;729345;0;;
4163;0;9855052;3;534204;0;2;747942;0;;
4165;0;1015984;3;539718;0;2;766829;0;;
4167;0;1060684;3;644789;0;2;774335;0;;
4169;0;1125249;3;645286;0;2;789086;0;;
4171;0;118808;3;694688;0;2;84922;0;;
4173;0;1236053;3;640899;0;2;871084;0;;
4175;0;1284569;3;625525;0;2;909329;0;;
4177;0;1344138;3;630939;0;2;965385;0;;
4179;0;1405217;3;641417;0;2;959534;0;;
4181;0;147067;3;618202;0;2;955855;0;;
4183;0;1499577;3;606283;0;2;953622;0;;
4185;0;1527642;3;59938;0;2;954875;0;;
4187;0;1557728;3;593418;0;3;10523;0;;
4189;0;1589719;3;587619;0;3;25397;0;;
4191;0;1616509;3;583742;0;3;3977;0;;
4193;0;1642504;3;657172;0;2;9885;0;;
4195;0;1706799;3;710846;0;3;681;0;;
4197;0;1739936;3;825677;0;3;77375;0;;
4199;0;1748101;3;828242;0;3;80142;0;;
4201;0;1754261;3;81681;0;2;984909;0;;
4203;0;1758417;3;786007;0;2;954293;0;;
4205;0;1764631;3;732315;0;2;945193;0;;
4207;0;1772904;3;722396;0;2;942292;0;;
4209;0;1781176;3;712477;0;2;939391;0;;
4211;0;1789448;3;702559;0;2;936491;0;;
4213;0;179772;3;69264;0;2;881817;0;;
4215;0;1805992;3;682721;0;2;873825;0;;
4217;0;1814265;3;672802;0;2;873123;0;;
4219;0;1822537;3;686715;0;2;872422;0;;
4221;0;1830809;3;70126;0;2;868109;0;;
4223;0;1839081;3;713225;0;2;861799;0;;
4225;0;1847353;3;70305;0;2;870319;0;;
4227;0;1860463;3;692874;0;2;889512;0;;
4229;0;1880132;3;679201;0;2;85291;0;;
4231;0;1910675;3;706191;0;2;855414;0;;
4233;0;1938454;3;724293;0;2;857918;0;;
4235;0;1966234;3;739389;0;2;858849;0;;
4237;0;1994013;3;751478;0;2;84774;0;;
4239;0;2016553;3;733427;0;2;84207;0;;
4241;0;2047136;3;71962;0;2;838169;0;;
4243;0;209231;3;716055;0;2;851499;0;;
4245;0;2120148;3;712491;0;2;84983;0;;
4247;0;2147986;3;721049;0;2;848162;0;;
4249;0;2175824;3;730307;0;2;850877;0;;
4251;0;2226984;3;797317;0;2;852447;0;;
4253;0;2301466;3;802002;0;2;843157;0;;
4255;0;2375948;3;806687;0;2;842948;0;;
4257;0;2448043;3;811372;0;2;843153;0;;
4259;0;2514638;3;816057;0;2;838151;0;;
4261;0;2571027;3;820741;0;2;804643;0;;
4263;0;2637379;3;825424;0;2;804782;0;;
4265;0;270373;3;827885;0;2;863801;0;;
4267;0;2728719;3;821956;0;2;809804;0;;
4269;0;2802403;3;837433;0;2;815062;0;;
4271;0;2882645;3;832867;0;2;842057;0;;
4273;0;3200791;3;862769;0;2;909312;0;;
4275;0;3517047;3;817873;0;2;897193;0;;
4277;0;3831412;3;798471;0;2;913276;0;;
4279;0;4134753;3;77849;0;2;916044;0;;
4281;0;4429493;3;782822;0;2;916829;0;;
4283;0;47243;3;787154;0;2;913524;0;;
4285;0;5019176;3;791487;0;2;86551;0;;
4287;0;5324687;3;795467;0;2;841219;0;;
4289;0;5630199;3;799448;0;2;838013;0;;
4291;0;5942027;3;80008;0;2;836239;0;;
4293;0;6244765;3;797155;0;2;829756;0;;
4295;0;6540063;3;783366;0;2;841181;0;;
4297;0;6805677;3;744581;0;2;836312;0;;
4299;0;7093168;3;709386;0;2;860161;0;;
4301;0;7389104;3;72943;0;2;839165;0;;
4303;0;8371032;3;750569;0;2;81934;0;;
4305;0;9348962;3;764164;0;2;874661;0;;
4307;1;33686;3;7518;0;2;875832;0;;
4309;1;136368;3;743388;0;2;899263;0;;
4311;1;149597;3;758404;0;2;944323;0;;
4313;1;151829;3;784715;0;2;975799;0;;
4315;1;153135;3;797906;0;2;981024;0;;
4317;1;156317;3;82146;0;2;987822;0;;
4319;1;15856;3;838548;0;2;985389;0;;
4321;1;162578;3;848465;0;2;941171;0;;
4323;1;165752;3;70839;0;2;975388;0;;
4325;1;167743;3;697878;0;2;967855;0;;
4327;1;167946;3;792772;0;2;963847;0;;
4329;1;168836;3;844695;0;2;976148;0;;
4331;1;168102;3;853764;0;2;951949;0;;
4333;1;167387;3;860544;0;2;953109;0;;
4335;1;166745;3;858643;0;2;974853;0;;
4337;1;16578;3;854652;0;2;978959;0;;
4339;1;164043;3;84988;0;2;97848;0;;
4341;1;164174;3;846536;0;2;978987;0;;
4343;1;164305;3;843193;0;2;979494;0;;
4345;1;164436;3;839849;0;2;980001;0;;
4347;1;164522;3;836173;0;2;976211;0;;
4349;1;164564;3;83215;0;2;996219;0;;
4351;1;164606;3;952154;0;3;43698;0;;
4353;1;170988;3;949087;0;3;94687;0;;
4355;1;171923;4;332226;0;3;160393;0;;
4357;1;172858;4;365298;0;3;148615;0;;
4359;1;171835;4;387187;0;3;203497;0;;
4361;1;171424;4;492319;0;3;188833;0;;
4363;1;169549;4;472333;0;3;106391;0;;
4365;1;166579;4;45313;0;3;102651;0;;
4367;1;162187;4;437074;0;3;84987;0;;
4369;1;155809;4;424073;0;3;18424;0;;
4371;1;149605;4;411071;0;2;951908;0;;
4373;1;143796;4;313406;0;2;941923;0;;
4375;1;13835;4;288245;0;2;922351;0;;
4377;1;132214;4;114118;0;2;906442;0;;
4379;1;125927;3;910266;0;2;89056;0;;
4381;1;119341;3;847378;0;2;874704;0;;
4383;1;116548;3;759018;0;2;854742;0;;
4385;1;113839;3;654068;0;2;841946;0;;
4387;1;110927;3;456902;0;2;836314;0;;
4389;1;107826;3;378991;0;2;829181;0;;
4391;1;105244;3;367885;0;2;808243;0;;
4393;1;102742;3;367143;0;2;793935;0;;
4395;1;9641;3;366401;0;2;762675;0;;
4397;1;93194;3;365648;0;2;722903;0;;
4399;1;92475;3;364882;0;2;706269;0;;
4401;1;91756;3;372739;0;2;703272;0;;
4403;1;91037;3;383261;0;2;717082;0;;
4405;1;90318;3;393783;0;2;707243;0;;
4407;1;89599;3;404305;0;2;698654;0;;
4409;1;8888;3;414826;0;2;697115;0;;
4411;1;88161;3;425348;0;2;695575;0;;
4413;1;87443;3;43587;0;2;68555;0;;
4415;1;86724;3;446392;0;2;671739;0;;
4417;1;86005;3;456914;0;2;664117;0;;
4419;1;85286;3;467436;0;2;663037;0;;
4421;1;84567;3;477957;0;2;661957;0;;
4423;1;83848;3;488479;0;2;660876;0;;
4425;1;83129;3;499006;0;2;657995;0;;
4427;1;81926;3;509913;0;2;658291;0;;
4429;1;80068;3;4463;0;2;64939;0;;
4431;1;77122;3;413654;0;2;648809;0;;
4433;1;74176;3;3824;0;2;648229;0;;
4435;1;75959;3;799453;0;2;760595;0;;
4437;1;75712;3;879603;0;2;823799;0;;
4439;1;73412;3;87588;0;2;853927;0;;
4441;1;70456;3;859841;0;2;872172;0;;
4443;1;66572;3;812992;0;2;902703;0;;
4445;1;64422;3;766144;0;2;913691;0;;
4447;1;62273;3;719296;0;2;921437;0;;
4449;1;60123;3;672447;0;2;930224;0;;
4451;1;55641;3;633589;0;2;926852;0;;
4453;1;48833;3;758235;0;2;940879;0;;
4455;1;44184;3;846173;0;2;96673;0;;
4457;1;4169;3;862209;0;3;674;0;;
4459;1;35812;3;853928;0;3;299;0;;
4461;1;29935;3;845647;0;3;1858;0;;
4463;1;24057;3;837367;0;3;25236;0;;
4465;1;1818;3;696243;0;3;276;0;;
4467;1;11562;3;71226;0;3;22011;0;;
4469;1;3671;3;722974;0;3;37768;0;;
4471;0;9950008;3;726474;0;3;22705;0;;
4473;0;9625406;3;729974;0;2;992156;0;;
4475;0;9300773;3;724198;0;2;979221;0;;
4477;0;8976109;3;720163;0;2;96382;0;;
4479;0;8662469;3;696185;0;2;956161;0;;
4481;0;8348828;3;672207;0;2;947543;0;;
4483;0;8035188;3;648229;0;2;938926;0;;
4485;0;7721547;3;62425;0;2;930308;0;;
4487;0;7407907;3;616845;0;2;921691;0;;
4489;0;7094267;3;618985;0;2;913956;0;;
4491;0;677431;3;622327;0;2;909197;0;;
4493;0;6454354;3;625669;0;2;905321;0;;
4495;0;6122981;3;629011;0;2;902148;0;;
4497;0;5807162;3;632353;0;2;897568;0;;
4499;0;5486019;3;347958;0;2;889635;0;;
4501;0;515955;3;343311;0;2;894194;0;;
4503;0;4157444;3;336836;0;2;844185;0;;
4505;0;3155338;3;283183;0;2;83827;0;;
4507;0;2153232;3;21159;0;2;81351;0;;
4509;0;1114844;3;15868;0;2;761073;0;;
4511;0;9804116;3;80553;0;2;747034;0;;
4513;0;9559451;3;11504;0;2;695883;0;;
4515;0;940738;2;982557;0;2;584713;0;;
4517;0;9067657;2;955561;0;2;432123;0;;
4519;0;8773678;2;951584;0;2;420389;0;;
4521;0;8191112;2;954782;0;2;404176;0;;
4523;0;7689713;2;954187;0;2;332584;0;;
4525;0;732194;2;911118;0;2;329582;0;;
4527;0;7032441;2;911201;0;2;219652;0;;
4529;0;6924842;2;901348;0;2;231193;0;;
4531;0;6973895;2;963782;0;2;207051;0;;
4533;0;7022949;2;933743;0;2;143893;0;;
4535;0;7058659;2;846703;0;2;77524;0;;
4537;0;7119445;2;807337;0;2;62205;0;;
4539;0;7182887;2;767981;0;2;50273;0;;
4541;0;724633;2;854264;0;2;4489;0;;
4543;0;7320411;2;860751;0;2;30138;0;;
4545;0;7781071;2;867579;0;2;36791;0;;
4547;0;8831654;2;873474;0;2;114381;0;;
4549;0;9150176;2;88064;0;2;65078;0;;
4551;0;9467702;2;885072;0;1;99137;0;;
4553;0;9150505;2;752803;0;1;920135;0;;
4555;0;9377953;2;719489;0;1;88782;0;;
4557;0;9848929;2;633965;0;1;909874;0;;
4559;0;1056344;2;686438;0;1;956465;0;;
4561;0;1137604;2;704626;0;2;9977;0;;
4563;0;1210667;2;783344;0;2;48571;0;;
4565;0;1253474;2;847352;0;2;132606;0;;
4567;0;1296281;2;844501;0;2;150844;0;;
4569;0;1339089;2;84165;0;2;159079;0;;
4571;0;1381896;2;840264;0;2;164779;0;;
4573;0;1424703;2;906541;0;2;241734;0;;
4575;0;146751;2;984297;0;2;267091;0;;
4577;0;1510317;2;995616;0;2;297453;0;;
4579;0;1553125;3;28853;0;2;372541;0;;
4581;0;174382;3;30509;0;2;487681;0;;
4583;0;2082403;3;62895;0;2;515801;0;;
4585;0;2420985;3;103431;0;2;619071;0;;
4587;0;275357;3;186246;0;2;636901;0;;
4589;0;3080156;3;267087;0;2;733861;0;;
4591;0;3406742;3;331314;0;2;73904;0;;
4593;0;3718194;3;346662;0;2;787841;0;;
4595;0;4014513;3;411202;0;2;792467;0;;
4597;0;4304857;3;430062;0;2;801734;0;;
4599;0;4595202;3;442281;0;2;813432;0;;
4601;0;4885547;3;454501;0;2;809108;0;;
4603;0;5175891;3;46672;0;2;811008;0;;
4605;0;5466236;3;466571;0;2;815643;0;;
4607;0;575658;3;466189;0;2;863894;0;;
4609;0;6063358;3;465808;0;2;886409;0;;
4611;0;6740196;3;484506;0;2;92248;0;;
4613;0;7787095;3;584962;0;2;948426;0;;
4615;0;8013542;3;649185;0;2;966689;0;;
4617;0;82245;3;663896;0;2;991469;0;;
4619;0;8419972;3;660005;0;3;2108;0;;
4621;0;8615443;3;680212;0;3;6738;0;;
4623;0;8814066;3;726641;0;3;14261;0;;
4625;0;901584;3;751233;0;3;2798;0;;
4627;0;9242805;3;753702;0;3;36632;0;;
4629;0;9469953;3;800942;0;3;39703;0;;
4631;0;9697283;3;82068;0;3;45187;0;;
4633;0;9924613;3;760144;0;3;5163;0;;
4635;1;12078;3;774062;0;2;976796;0;;
4637;1;35339;3;781867;0;2;81114;0;;
4639;1;5742;3;820031;0;2;790501;0;;
4641;1;79501;3;854758;0;2;822625;0;;
4643;1;101582;3;881476;0;2;86225;0;;
4645;1;179416;3;938891;0;2;909581;0;;
4647;1;18659;3;952831;0;2;920629;0;;
4649;1;193763;3;971167;0;2;886372;0;;
4651;1;204628;4;80657;0;2;914463;0;;
4653;1;213072;3;969969;0;2;897369;0;;
4655;1;215613;3;873312;0;2;903487;0;;
4657;1;214674;3;750955;0;2;828369;0;;
4659;1;217119;3;784451;0;2;779742;0;;
4661;1;219563;3;820839;0;2;81867;0;;
4663;1;222733;3;849125;0;2;852209;0;;
4665;1;228182;3;861977;0;2;887697;0;;
4667;1;237499;3;913551;0;2;905232;0;;
4669;1;246223;3;889663;0;2;958296;0;;
4671;1;257633;3;955945;0;3;103008;0;;
4673;1;442806;4;131984;0;3;216687;0;;
4675;1;730682;4;19885;0;3;231874;0;;
4677;1;8917;4;356168;0;3;323103;6.217249E-15;;
4679;1;92586;4;394439;0;3;335017;6.217249E-15;;
4681;1;960248;4;426094;0;3;359726;6.217249E-15;;
4683;1;994367;4;466107;0;3;382297;7.105427E-15;;
4685;2;28218;4;514479;0;3;389379;7.105427E-15;;
4687;2;62068;4;56285;0;3;393181;7.105427E-15;;
4689;2;95919;4;579836;0;3;396982;1.856732E-05;;
4691;2;12977;4;572981;0;3;510398;2.349083E-05;;
4693;2;137984;4;566356;0;3;536021;3.809546E-05;;
4695;2;146199;4;559731;0;3;555315;3.81051E-05;;
4697;2;154413;4;553106;0;3;576821;3.826134E-05;;
4699;2;183307;4;5472;0;3;558074;5.732626E-05;;
4701;2;197743;4;541125;0;3;561011;6.375689E-05;;
4703;2;206333;4;534882;0;3;601543;6.524099E-05;;
4705;2;214923;4;528077;0;3;686158;6.988785E-05;;
4707;2;226473;4;524637;0;3;699501;7.508241E-05;;
4709;2;240983;4;524562;0;3;710314;7.526994E-05;;
4711;2;255445;4;528773;0;3;712618;7.587837E-05;;
4713;2;265995;4;550876;0;3;714923;7.64868E-05;;
4715;2;272635;4;572978;0;3;741786;7.709524E-05;;
4717;2;279185;4;614075;0;3;765449;8.073019E-05;;
4719;2;285734;4;636274;0;3;795845;7.928914E-05;;
4721;2;292284;4;65266;0;3;816796;8.038609E-05;;
4723;2;297875;4;67211;0;3;837646;8.256603E-05;;
4725;2;302819;4;691559;0;3;872439;0;1148306;
4727;2;30759;4;703818;0;3;909078;0;1172702;
4729;2;312186;4;781743;0;3;910296;9.145194E-05;;
4731;2;319258;4;818502;0;3;942494;9.170174E-05;;
4733;2;328728;4;823467;0;3;969709;0;1207681;
4735;2;351076;4;837049;0;3;992039;0;1210083;
4737;2;357837;4;861337;0;3;99852;0;1212486;
4739;2;364597;4;862712;0;3;943971;0;1214889;
4741;2;371358;4;855641;0;3;93094;0;1160225;
4743;2;378012;4;861483;0;3;922383;0;1223117;
4745;2;3808;4;859953;0;3;897456;0;1232364;
4747;2;379257;4;857882;0;3;895743;9.168036E-05;;
4749;2;38508;4;854256;0;3;903812;9.166809E-05;;
4751;2;390912;4;850924;0;3;924765;9.115543E-05;;
4753;2;396933;4;847488;0;3;93863;8.609753E-05;;
4755;2;402024;4;84387;0;3;948914;6.748809E-05;;
4757;2;405318;4;832319;0;3;953593;5.805424E-05;;
4759;2;406633;4;821728;0;3;953722;3.899031E-05;;
4761;2;411218;4;98318;0;3;98028;9.431751E-05;;
4763;2;440075;5;113204;0;3;961974;0;1070313;
4765;2;468274;5;102805;0;3;927269;5.272922E-05;;
4767;2;48346;5;99502;0;3;931836;5.410568E-05;;
4769;2;485632;5;92116;0;3;92458;5.548213E-05;;
4771;2;487804;5;74001;0;3;934348;5.685859E-05;;
4773;2;489977;5;30469;0;3;934571;5.823504E-05;;
4775;2;492149;4;797435;0;3;921314;5.961149E-05;;
4777;2;494321;4;797417;0;3;898149;6.098795E-05;;
4779;2;496493;4;811788;0;3;880146;6.815724E-05;;
4781;2;49819;4;852673;0;3;875519;7.597014E-05;;
4783;2;51509;4;881179;0;3;900157;7.809136E-05;;
4785;2;509886;4;843352;0;3;912755;6.31743E-05;;
4787;2;492184;4;793252;0;3;905118;6.39264E-05;;
4789;2;465158;4;767369;0;3;850211;3.789926E-05;;
4791;2;438133;4;766741;0;3;832776;3.770798E-05;;
4793;2;412621;4;766788;0;3;828423;7.105427E-15;;
4795;2;388622;4;672216;0;3;808219;7.105427E-15;;
4797;2;36522;4;696632;0;3;829292;7.105427E-15;;
4799;2;341818;4;768201;0;3;842734;7.105427E-15;;
4801;2;355141;4;768656;0;3;87066;1.986131E-05;;
4803;2;40257;4;850728;0;3;915029;3.972261E-05;;
4805;2;419406;4;953749;0;3;936669;3.618081E-05;;
4807;2;552595;4;960497;0;3;945312;5.686159E-05;;
4809;2;684139;4;967246;0;3;953497;3.790773E-05;;
4811;2;778678;4;971421;0;3;947202;3.560774E-05;;
4813;2;69893;4;966913;0;3;934049;9.072734E-06;;
4815;2;701226;4;954206;0;3;868756;7.105427E-15;;
4817;2;705071;4;915119;0;3;85336;7.105427E-15;;
4819;2;710466;4;900386;0;3;850188;7.105427E-15;;
4821;2;71586;4;756344;0;3;833664;7.105427E-15;;
4823;2;720939;4;749294;0;3;825392;0;;
4825;2;725703;4;739901;0;3;825042;0;;
4827;2;727947;4;72368;0;3;82548;0;;
4829;2;730174;4;717178;0;3;815316;0;;
4831;2;732382;4;715766;0;3;825824;0;;
4833;2;73459;4;714354;0;3;826371;0;;
4835;2;735185;4;590281;0;3;822793;0;;
4837;2;734166;4;568624;0;3;810656;0;;
4839;2;736358;4;472432;0;3;80143;0;;
4841;2;73855;4;371734;0;3;796375;0;;
4843;2;740742;4;315879;0;3;764546;0;;
4845;2;687182;4;318013;0;3;74993;0;;
4847;2;721618;4;463397;0;3;746811;0;;
4849;2;718838;4;405651;0;3;747287;0;;
4851;2;711404;4;344625;0;3;744204;0;;
4853;2;706386;4;405344;0;3;73069;0;;
4855;2;705109;4;407632;0;3;716599;6.593925E-07;;
4857;2;707786;4;369277;0;3;730071;5.27514E-07;;
4859;2;71199;4;374868;0;3;723243;3.956355E-07;;
4861;2;716195;4;376226;0;3;699541;4.924172E-06;;
4863;2;719674;4;371393;0;3;717298;7.306218E-06;;
4865;2;719525;4;362563;0;3;711197;1.477251E-05;;
4867;2;716393;4;337905;0;3;711243;1.969669E-05;;
4869;2;714472;4;309834;0;3;699036;2.946615E-05;;
4871;2;709987;4;27254;0;3;670797;4.702736E-05;;
4873;2;540629;4;225815;0;3;664297;4.020125E-05;;
4875;2;277365;4;282664;0;3;608391;4.837646E-05;;
4877;2;149755;4;256938;0;3;621469;5.306868E-05;;
4879;2;242156;4;142824;0;3;655153;5.59957E-05;;
4881;2;283549;4;188787;0;3;686443;5.681951E-05;;
4883;2;274428;4;218639;0;3;706294;5.732334E-05;;
4885;2;265576;4;211984;0;3;664562;5.989514E-05;;
4887;2;256723;4;205329;0;3;697187;6.071997E-05;;
4889;2;247871;4;198162;0;3;724954;6.154479E-05;;
4891;2;239372;4;19094;0;3;698628;6.236961E-05;;
4893;2;256454;4;19416;0;3;712456;6.319443E-05;;
4895;2;273785;4;289284;0;3;739483;7.004144E-05;;
4897;2;271828;4;291985;0;3;746552;6.633852E-05;;
4899;2;249189;4;293506;0;3;728211;5.166294E-05;;
4901;2;24101;4;295936;0;3;711089;5.152364E-05;;
4903;2;238677;4;29923;0;3;671965;4.708629E-05;;
4905;2;236343;4;302696;0;3;66878;3.578112E-05;;
4907;2;23135;4;305245;0;3;640039;5.396353E-06;;
4909;2;217442;4;307652;0;3;639203;2.220446E-15;;
4911;2;203395;4;299156;0;3;630018;2.220446E-15;;
4913;2;193259;4;28377;0;3;614932;0;;
4915;2;187033;4;276766;0;3;599846;0;;
4917;2;180897;4;250631;0;3;576103;0;;
4919;2;174762;4;256307;0;3;563419;0;;
4921;2;168627;4;263566;0;3;493326;0;;
4923;2;16345;4;270824;0;3;475248;0;;
4925;2;158273;4;278082;0;3;381096;0;;
4927;2;153096;4;249693;0;3;378452;0;;
4929;2;14792;4;193166;0;3;343525;0;;
4931;2;140345;4;176993;0;3;305909;0;;
4933;2;130373;4;147425;0;3;295521;0;;
4935;2;107522;4;141252;0;3;285134;0;;
4937;2;100259;4;135078;0;3;285455;0;;
4939;2;92996;4;128904;0;3;264099;0;;
4941;2;85733;4;116179;0;3;232544;0;;
4943;2;7847;4;7854;0;3;154322;0;;
4945;2;71207;4;39485;0;3;68424;0;;
4947;2;6242;4;17721;0;3;55469;0;;
4949;2;53633;3;995957;0;3;53811;0;;
4951;2;44847;3;983135;0;3;43296;0;;
4953;2;35879;3;977195;0;2;998548;0;;
4955;2;27841;3;824547;0;2;970924;0;;
4957;2;20227;3;772962;0;2;915581;0;;
4959;2;1575;3;773397;0;2;913764;0;;
4961;2;6048;3;71365;0;2;867394;0;;
4963;1;976959;3;75718;0;2;87824;0;;
4965;1;95103;3;80147;0;2;886636;0;;
4967;1;963416;3;828235;0;2;867954;0;;
4969;1;996129;3;855151;0;2;88686;0;;
4971;2;47754;3;874615;0;2;862472;0;;
4973;2;275547;3;880526;0;2;884851;0;;
4975;2;327063;3;881552;0;2;894829;0;;
4977;2;37858;3;882405;0;2;913683;0;;
4979;2;513239;3;872131;0;2;895346;0;;
4981;2;542556;3;843421;0;2;849004;0;;
4983;2;514742;3;794863;0;2;812384;0;;
4985;2;509254;3;793104;0;2;801064;0;;
4987;2;53654;3;787277;0;2;790615;0;;
4989;2;601837;3;78145;0;2;758901;0;;
4991;2;634523;3;768191;0;2;756672;0;;
4993;2;647759;3;75493;0;2;758226;0;;
4995;2;657761;3;73633;0;2;772477;0;;
4997;2;683281;3;717729;0;2;807664;0;;
4999;2;714721;3;699127;0;2;827025;0;;
5001;2;707211;3;676816;0;2;800241;0;;
5003;2;65731;3;6421;0;2;830689;0;;
5005;2;669661;3;794768;0;2;897335;0;;
5007;2;539396;3;793594;0;2;920997;0;;
5009;2;382584;3;776852;0;2;876413;0;;
5011;2;225773;3;760212;0;2;86404;0;;
5013;2;206244;3;74486;0;2;872047;0;;
5015;2;186714;3;743024;0;2;872269;0;;
5017;2;167184;3;743976;0;2;871478;0;;
5019;2;147654;3;744928;0;2;86593;0;;
5021;2;128124;3;74588;0;2;860382;0;;
5023;2;108595;3;746833;0;2;854834;0;;
5025;2;89065;3;747785;0;2;849286;0;;
5027;2;69535;3;748737;0;2;843738;0;;
5029;2;50005;3;749689;0;2;83819;0;;
5031;2;30476;3;750641;0;2;832642;0;;
5033;2;10946;3;751594;0;2;827094;0;;
5035;1;991416;3;752546;0;2;821546;0;;
5037;1;971887;3;753498;0;2;815998;0;;
5039;1;952357;3;75445;0;2;81045;0;;
5041;1;932827;3;755402;0;2;804903;0;;
5043;1;913297;3;756354;0;2;799355;0;;
5045;1;893767;3;757307;0;2;793807;0;;
5047;1;856901;3;657646;0;2;757753;0;;
5049;1;857251;3;612118;0;2;740899;0;;
5051;1;858564;3;591041;0;2;687157;0;;
5053;1;859876;3;522536;0;2;628996;0;;
5055;1;861188;3;495458;0;2;625358;0;;
5057;1;859874;3;466526;0;2;624943;0;;
5059;1;857032;3;437594;0;2;590537;0;;
5061;1;85419;3;413518;0;2;573459;0;;
5063;1;851348;3;415559;0;2;548924;0;;
5065;1;849854;3;4176;0;2;55122;0;;
5067;1;848216;3;418581;0;2;435404;0;;
5069;1;846578;3;419349;0;2;427842;0;;
5071;1;84494;3;417209;0;2;352309;0;;
5073;1;834413;3;394122;0;2;390203;0;;
5075;1;815089;3;266567;0;2;379622;0;;
5077;1;821481;3;243767;0;2;356066;0;;
5079;1;761099;3;243084;0;2;309661;0;;
5081;1;731331;3;216153;0;2;454264;0;;
5083;1;736825;3;180134;0;2;500783;0;;
5085;1;742985;3;141761;0;2;491122;0;;
5087;1;83576;3;42947;0;2;611467;0;;
5089;1;823882;3;346494;0;2;621062;0;;
5091;1;811651;3;267649;0;2;626649;0;;
5093;1;799475;3;359871;0;2;6164;0;;
5095;1;789436;3;443583;0;2;629189;0;;
5097;1;827391;3;452303;0;2;675017;0;;
5099;1;826294;3;39475;0;2;687334;0;;
5101;1;825497;3;546624;0;2;737101;0;;
5103;1;823838;3;582466;0;2;797401;0;;
5105;1;820307;3;591177;0;2;851497;0;;
5107;1;815648;3;604763;0;2;932792;0;;
5109;1;816617;3;572025;0;2;955131;0;;
5111;1;817673;3;594847;0;2;969967;0;;
5113;1;818728;3;617668;0;2;985241;0;;
5115;1;819784;3;640489;0;2;986002;0;;
5117;1;82084;3;663311;0;2;98505;0;;
5119;1;821877;3;684456;0;2;984102;0;;
5121;1;822896;3;748562;0;3;20855;0;;
5123;1;826126;3;761096;0;3;123905;0;;
5125;1;827362;3;796176;0;3;166127;0;;
5127;1;829189;3;825513;0;3;216563;0;;
5129;1;8302;3;841198;0;3;388234;0;;
5131;1;83388;3;87988;0;3;424156;0;;
5133;1;846869;4;182023;0;3;543744;0;;
5135;1;857529;4;32173;0;3;578955;0;;
5137;1;862556;4;399555;0;3;585252;0;;
5139;1;867582;4;428377;0;3;584546;0;;
5141;1;872608;4;434569;0;3;583841;0;;
5143;1;877635;4;440761;0;3;583135;0;;
5145;1;882661;4;446953;0;3;603383;0;;
5147;1;887688;4;453145;0;3;64109;0;;
5149;1;892714;4;459337;0;3;653393;0;;
5151;1;897741;4;465529;0;3;67766;0;;
5153;1;902767;4;471721;0;3;695662;0;;
5155;1;907794;4;477871;0;3;692654;0;;
5157;1;911757;4;483971;0;3;689646;0;;
5159;1;912129;4;48947;0;3;665124;0;;
5161;2;8631;4;553441;0;3;722159;0;;
5163;2;130283;4;527226;0;3;724383;0;;
5165;2;185302;4;498514;0;3;72762;0;;
5167;2;163431;4;48075;0;3;707456;0;;
5169;2;134247;4;463284;0;3;672362;0;;
5171;2;8615;4;445854;0;3;673044;0;;
5173;1;861885;4;445138;0;3;658527;0;;
5175;1;829284;4;497077;0;3;71766;0;;
5177;1;777561;4;575447;0;3;791085;0;;
5179;1;639847;4;615241;0;3;885422;0;;
5181;1;59192;4;640101;0;3;915428;0;;
5183;1;569481;4;646848;0;3;968072;0;;
5185;1;546243;4;752983;0;3;980397;0;;
5187;1;503329;4;858583;0;4;5;0;;
5189;1;432327;4;818743;0;4;37307;1.332268E-15;;
5191;1;393937;4;754905;0;4;104381;2.571375E-05;;
5193;1;374996;4;819469;0;4;145729;2.423408E-05;;
5195;1;35929;4;846704;0;4;115627;2.173839E-05;;
5197;1;328065;4;860454;0;4;100384;1.92427E-05;;
5199;1;29092;4;859149;0;4;97021;1.715559E-05;;
5201;1;256001;4;890902;0;4;145762;1.551699E-05;;
5203;1;229367;4;861816;0;4;146454;1.432691E-05;;
5205;1;171073;4;832175;0;4;84519;1.350805E-05;;
5207;1;139044;4;829625;0;4;96316;1.776357E-15;;
5209;1;133561;4;872907;0;4;147139;1.776357E-15;;
5211;1;128077;4;879855;0;4;149342;7.293913E-07;;
5213;1;122594;4;888047;0;4;150237;7.323138E-07;;
5215;1;117111;4;896743;0;4;153108;7.352363E-07;;
5217;1;111627;4;915944;0;4;186243;9.970872E-07;;
5219;1;106144;4;91713;0;4;186079;2.991262E-06;;
5221;1;100661;4;918316;0;4;185915;4.985436E-06;;
5223;1;95178;4;919502;0;4;18575;6.979611E-06;;
5225;1;89694;4;920688;0;4;185586;8.973785E-06;;
5227;1;84211;4;921874;0;4;185422;1.096796E-05;;
5229;1;78728;4;923059;0;4;185257;1.280639E-05;;
5231;1;73244;4;924245;0;4;185093;1.278098E-05;;
5233;1;67761;4;925431;0;4;184912;1.275557E-05;;
5235;1;62278;4;928316;0;4;184877;1.273016E-05;;
5237;1;56795;4;932899;0;4;264283;1.270475E-05;;
5239;1;51311;4;937483;0;4;271996;2.574877E-05;;
5241;1;45828;4;94031;0;4;275263;5.149755E-05;;
5243;1;40345;4;941381;0;4;289443;7.344622E-05;;
5245;1;34861;4;942451;0;4;365435;9.027637E-05;;
5247;1;29378;4;963155;0;4;36774;8.998974E-05;;
5249;1;23895;4;977193;0;4;370046;8.970311E-05;;
5251;1;18412;4;99123;0;4;370704;8.941648E-05;;
5253;1;12928;5;43;0;4;368824;8.912986E-05;;
5255;1;7445;4;983233;0;4;37798;8.884323E-05;;
5257;1;1962;4;966759;0;4;380453;8.855659E-05;;
5259;0;9964785;4;974621;0;4;38256;8.826996E-05;;
5261;0;9909952;4;982483;0;4;384672;8.798333E-05;;
5263;0;9855119;4;990345;0;4;416068;8.76967E-05;;
5265;0;9800286;4;998207;0;4;415572;0;1565448;
5267;0;9745454;5;6069;0;4;415075;8.712344E-05;;
5269;0;969062;5;13931;0;4;426941;8.683682E-05;;
5271;0;9635788;5;21793;0;4;414032;8.655018E-05;;
5273;0;9580955;5;29655;0;4;399024;8.626355E-05;;
5275;0;9526122;5;18211;0;4;376246;8.597692E-05;;
5277;0;9126158;5;18792;0;4;361179;7.347473E-05;;
5279;0;8462412;4;900898;0;4;318039;6.281649E-05;;
5281;0;8000333;4;891059;0;4;241827;6.481067E-05;;
5283;0;7693452;4;879491;0;4;197619;7.347976E-05;;
5285;0;7379913;4;863185;0;4;154658;6.879902E-05;;
5287;0;620022;4;782474;0;4;46308;7.079319E-05;;
5289;0;6067057;4;763145;0;4;31213;7.278737E-05;;
5291;0;5933894;4;741101;0;4;13038;7.298004E-05;;
5293;0;5800731;4;721516;0;3;996403;1.128189E-05;;
5295;0;5643708;4;685948;0;3;977418;1.030069E-05;;
5297;0;5199636;4;640976;0;3;951694;9.291368E-06;;
5299;0;5146084;4;615123;0;3;934525;9.004509E-06;;
5301;0;5089537;4;611941;0;3;906021;8.71765E-06;;
5303;0;5041603;4;517286;0;3;804649;7.105427E-15;;
5305;0;5012387;4;507735;0;3;758878;0;;
5307;0;499145;4;471061;0;3;658444;0;;
5309;0;4973784;4;395892;0;3;600585;0;;
5311;0;4957127;4;388319;0;3;592372;0;;
5313;0;494047;4;380745;0;3;580336;0;;
5315;0;4923814;4;373825;0;3;575946;0;;
5317;0;4907157;4;366905;0;3;567962;0;;
5319;0;4890687;4;311831;0;3;559529;0;;
5321;0;4874402;4;320838;0;3;551967;0;;
5323;0;4835994;4;95065;0;3;407221;0;;
5325;0;4835502;4;131726;0;3;414871;0;;
5327;0;4847066;4;166526;0;3;337553;0;;
5329;0;4866793;4;8395;0;3;351543;0;;
5331;0;4850159;3;803719;0;3;316206;0;;
5333;0;4730765;3;788993;0;3;217385;0;;
5335;0;4634664;3;77542;0;3;136783;0;;
5337;0;4594899;3;778224;0;3;166108;0;;
5339;0;4555135;3;781027;0;3;176665;0;;
5341;0;451537;3;785974;0;3;166801;0;;
5343;0;447111;3;80381;0;3;175997;0;;
5345;0;4422355;3;947914;0;3;28044;0;;
5347;0;4373599;3;964397;0;3;269511;0;;
5349;0;4324843;3;988315;0;3;280037;0;;
5351;0;4276087;3;999026;0;3;280569;0;;
5353;0;4227331;3;99213;0;3;282796;0;;
5355;0;4178576;4;15585;0;3;29115;0;;
5357;0;412982;4;3904;0;3;299504;0;;
5359;0;4081064;4;62495;0;3;307858;0;;
5361;0;3080727;4;48886;0;3;313365;0;;
5363;0;1800363;3;998265;0;3;265063;0;;
5365;0;1191555;3;989568;0;3;341885;0;;
5367;0;1127873;4;148019;0;3;345303;0;;
5369;0;1093432;4;238357;0;3;348584;0;;
5371;0;10582;4;252139;0;3;368244;0;;
5373;0;1006169;4;227994;0;3;348454;0;;
5375;0;783472;4;196817;0;3;255373;0;;
5377;0;7519804;4;19905;0;3;168629;0;;
5379;0;764183;4;201025;0;3;144209;0;;
5381;0;8039979;4;107733;0;3;110155;0;;
5383;0;7997245;3;958165;0;3;40876;0;;
5385;0;8012304;3;794875;0;3;18001;0;;
5387;0;8027364;3;666326;0;2;919595;0;;
5389;0;8042423;3;568138;0;2;820828;0;;
5391;0;8057483;3;191413;0;2;698295;0;;
5393;0;8072542;3;121375;0;2;56456;0;;
5395;0;8087601;3;99885;0;2;560034;0;;
5397;0;8102661;3;94318;0;2;474817;0;;
5399;0;811772;3;9308;0;2;314296;0;;
5401;0;8132779;3;96859;0;2;236586;0;;
5403;0;8147838;3;68259;0;2;247211;0;;
5405;0;8162898;2;997044;0;2;261071;0;;
5407;0;8177957;2;988441;0;2;261842;0;;
5409;0;8193016;2;954765;0;2;260178;0;;
5411;0;8208075;2;894831;0;2;204888;0;;
5413;0;8223135;2;833712;0;2;206628;0;;
5415;0;8238194;2;827257;0;2;201835;0;;
5417;0;8253253;2;810929;0;2;173163;0;;
5419;0;8268312;2;812139;0;2;182608;0;;
5421;0;8283372;2;813349;0;2;192054;0;;
5423;0;8298431;2;814558;0;2;201453;0;;
5425;0;831349;2;815768;0;2;204387;0;;
5427;0;832855;2;821906;0;2;20455;0;;
5429;0;8343609;2;832972;0;2;204765;0;;
5431;0;8358669;2;844038;0;2;208175;0;;
5433;0;8373728;2;84781;0;2;219408;0;;
5435;0;8388787;2;850463;0;2;210509;0;;
5437;0;8403847;2;853117;0;2;205625;0;;
5439;0;8418906;2;822834;0;2;176879;0;;
5441;0;8433965;2;805182;0;2;181231;0;;
5443;0;8449024;2;809117;0;2;154652;0;;
5445;0;8464084;2;758719;0;2;156046;0;;
5447;0;8479143;2;80404;0;2;142049;0;;
5449;0;8494202;2;817454;0;2;15205;0;;
5451;0;8509261;2;822797;0;2;160229;0;;
5453;0;8738162;2;87241;0;2;229739;0;;
5455;0;9180906;2;904339;0;2;325456;0;;
5457;0;102303;3;31744;0;2;492174;0;;
5459;0;1089204;3;139907;0;2;540606;0;;
5461;0;1088857;3;132153;0;2;536665;0;;
5463;0;1088511;3;107922;0;2;53717;0;;
5465;0;1088165;3;114063;0;2;536685;0;;
5467;0;1087819;3;116462;0;2;536695;0;;
5469;0;1087473;3;119871;0;2;536705;0;;
5471;0;1087126;3;12808;0;2;537011;0;;
5473;0;108678;3;13629;0;2;537363;0;;
5475;0;1086434;3;1445;0;2;537714;0;;
5477;0;1086088;3;147163;0;2;538065;0;;
5479;0;1085742;3;13398;0;2;538416;0;;
5481;0;1085395;3;98979;0;2;536763;0;;
5483;0;1085049;3;61326;0;2;538176;0;;
5485;0;1084703;3;57254;0;2;539469;0;;
5487;0;1084357;3;53182;0;2;53982;0;;
5489;0;1084011;3;4911;0;2;540171;0;;
5491;0;1083664;3;47786;0;2;540522;0;;
5493;0;1083318;3;47889;0;2;540873;0;;
5495;0;1082972;3;47993;0;2;541224;0;;
5497;0;1082626;3;48098;0;2;541575;0;;
5499;0;1082279;3;48202;0;2;541926;0;;
5501;0;1081933;3;48306;0;2;53686;0;;
5503;0;1081587;3;4841;0;2;526671;0;;
5505;0;1081241;3;48514;0;2;511962;0;;
5507;0;1080895;3;48618;0;2;497254;0;;
5509;0;1080548;3;48722;0;2;489307;0;;
5511;0;1080202;3;48826;0;2;496978;0;;
5513;0;1079856;3;4893;0;2;504648;0;;
5515;0;107951;3;49034;0;2;477287;0;;
5517;0;1079164;2;991358;0;2;464385;0;;
5519;0;1078817;2;935693;0;2;439958;0;;
5521;0;1078471;2;92832;0;2;388758;0;;
5523;0;1078125;2;897452;0;2;34926;0;;
5525;0;1059813;2;887553;0;2;296371;0;;
5527;0;1023535;2;855888;0;2;22641;0;;
5529;0;987257;2;733747;0;2;207968;0;;
5531;0;9606452;2;72373;0;2;147571;0;;
5533;0;9436996;2;659322;0;2;54993;0;;
5535;0;926754;2;643861;0;1;995636;0;;
5537;0;9098085;2;587537;0;1;969944;0;;
5539;0;8928629;2;586352;0;1;958888;0;;
5541;0;8759173;2;584328;0;1;950704;0;;
5543;0;8634675;2;582413;0;1;91583;0;;
5545;0;8555132;2;580235;0;1;863605;0;;
5547;0;848339;2;571391;0;1;853232;0;;
5549;0;8419447;2;565224;0;1;816537;0;;
5551;0;8355504;2;561679;0;1;796901;0;;
5553;0;8291561;2;558133;0;1;775903;0;;
5555;0;8227619;2;593262;0;1;782829;0;;
5557;0;8163676;2;591266;0;1;772885;0;;
5559;0;8099733;2;58927;0;1;771261;0;;
5561;0;8035789;2;587274;0;1;74912;0;;
5563;0;7971847;2;583577;0;1;728047;0;;
5565;0;7907904;2;52439;0;1;649952;0;;
5567;0;7545309;2;407747;0;1;551695;0;;
5569;0;689031;2;276828;0;1;512782;0;;
5571;0;6243219;2;205399;0;1;480139;0;;
5573;0;5764113;2;188707;0;1;450444;0;;
5575;0;5452992;2;126151;0;1;427549;0;;
5577;0;5141871;2;98478;0;1;408865;0;;
5579;0;4675704;2;9472;0;1;493843;0;;
5581;0;4057564;1;965457;0;1;444392;0;;
5583;0;4045322;1;816367;0;1;375887;0;;
5585;0;4033079;1;771703;0;1;356139;0;;
5587;0;4009337;1;778314;0;1;3556;0;;
5589;0;3985595;1;867715;0;1;365945;0;;
5591;0;3961852;1;944336;0;1;461852;0;;
5593;0;393811;1;973695;0;1;518866;0;;
5595;0;3914367;1;970813;0;1;551911;0;;
5597;0;3890625;1;96557;0;1;554273;0;;
5599;0;3866882;1;965437;0;1;558038;0;;
5601;0;384314;1;966544;0;1;544072;0;;
5603;0;3819397;1;967652;0;1;543072;0;;
5605;0;3795655;1;968759;0;1;555284;0;;
5607;0;3771913;1;987483;0;1;545606;0;;
5609;0;374817;2;38733;0;1;543555;0;;
5611;0;3724428;2;34873;0;1;569674;0;;
5613;0;3700686;2;29773;0;1;578194;0;;
5615;0;3693299;2;26417;0;1;562675;0;;
5617;0;3668092;2;21617;0;1;592539;0;;
5619;0;3642885;2;16586;0;1;605447;0;;
5621;0;3617678;2;34191;0;1;604855;0;;
5623;0;3592471;2;87048;0;1;604264;0;;
5625;0;3567264;2;13088;0;1;645274;0;;
5627;0;3542057;2;165609;0;1;698153;0;;
5629;0;351685;2;187397;0;1;688434;0;;
5631;0;3491643;2;209185;0;1;733587;0;;
5633;0;3466436;2;236844;0;1;72805;0;;
5635;0;3441024;2;347057;0;1;731626;0;;
5637;0;3415613;2;389818;0;1;757318;0;;
5639;0;3390202;2;416201;0;1;78819;0;;
5641;0;336479;2;419351;0;1;79265;0;;
5643;0;3339379;2;461718;0;1;811627;0;;
5645;0;3313968;2;568461;0;1;834021;0;;
5647;0;3288556;2;511986;0;1;831077;0;;
5649;0;3263145;2;492963;0;1;841839;0;;
5651;0;3244441;2;473949;0;1;871151;0;;
5653;0;3004824;2;579873;0;1;85978;0;;
5655;0;2551364;2;497462;0;1;798555;0;;
5657;0;1491254;2;220589;0;1;674739;0;;
5659;0;8187996;2;286939;0;1;592466;0;;
5661;0;8115451;2;377183;0;1;653902;0;;
5663;0;8042905;2;407486;0;1;651901;0;;
5665;0;7970359;2;418316;0;1;685887;0;;
5667;0;7897814;2;428496;0;1;715591;0;;
5669;0;7825268;2;437796;0;1;749233;0;;
5671;0;7752724;2;443643;0;1;817469;0;;
5673;0;7680178;2;443526;0;1;850309;0;;
5675;0;7607632;2;493742;0;1;861716;0;;
5677;0;7602265;2;500673;0;1;887332;0;;
5679;0;7572623;2;503877;0;1;904564;0;;
5681;0;7518707;2;521213;0;1;914481;0;;
5683;0;7464792;2;528307;0;1;951072;0;;
5685;0;7410877;2;532933;0;1;975831;0;;
5687;0;7356961;2;53925;0;2;29229;0;;
5689;0;7379532;2;555401;0;2;73065;0;;
5691;0;7306112;2;578911;0;2;71444;0;;
5693;0;7232693;2;602398;0;2;69776;0;;
5695;0;7159272;2;717247;0;2;79284;0;;
5697;0;7085852;2;755557;0;2;88107;0;;
5699;0;7012432;2;793867;0;2;97904;0;;
5701;0;6939012;2;843199;0;2;131413;0;;
5703;0;6865592;2;862297;0;2;185625;0;;
5705;0;6792172;2;871157;0;2;19062;0;;
5707;0;6718241;2;896276;0;2;190447;0;;
5709;0;6644309;2;905319;0;2;217211;0;;
5711;0;6570378;2;957366;0;2;244792;0;;
5713;0;6496446;2;974205;0;2;322877;0;;
5715;0;6422515;2;974294;0;2;357104;0;;
5717;0;6348583;3;12696;0;2;366178;0;;
5719;0;6272989;3;95941;0;2;41711;0;;
5721;0;6197394;3;171674;0;2;470958;0;;
5723;0;61218;3;240066;0;2;550941;0;;
5725;0;6046205;3;278117;0;2;643507;0;;
5727;0;5970645;3;323833;0;2;650362;0;;
5729;0;589512;3;411964;0;2;655616;0;;
5731;0;5819594;3;440115;0;2;728892;0;;
5733;0;5742039;3;432374;0;2;737399;0;;
5735;0;5662455;3;45422;0;2;74571;0;;
5737;0;5607815;3;469458;0;2;761463;0;;
5739;0;5553175;3;481658;0;2;871909;0;;
5741;0;5498535;3;486707;0;2;876065;0;;
5743;0;551937;3;539137;0;2;880185;0;;
5745;0;5540205;3;569737;0;2;945782;0;;
5747;0;5973162;3;593085;0;2;947524;0;;
5749;0;6328123;3;618342;0;2;95339;0;;
5751;0;746837;3;629661;0;2;97344;0;;
5753;0;9393902;3;652325;0;2;998161;0;;
5755;0;1131943;3;661827;0;3;26083;0;;
5757;0;1324497;3;666812;0;3;5746;0;;
5759;0;151705;3;671401;0;3;50714;0;;
5761;0;1549883;3;67619;0;3;49694;0;;
5763;0;1582717;3;680832;0;3;61599;0;;
5765;0;1615551;3;686044;0;3;73284;0;;
5767;0;1654633;3;743269;0;3;92827;0;;
5769;0;1693715;3;761116;0;3;93663;0;;
5771;0;1732797;3;763727;0;3;97355;0;;
5773;0;177188;3;886792;0;3;133291;0;;
5775;0;1810962;3;891469;0;3;135792;0;;
5777;0;1850044;3;895701;0;3;137483;0;;
5779;0;1892198;3;846394;0;3;123019;0;;
5781;0;1934352;3;794772;0;3;127001;0;;
5783;0;1976506;3;759846;0;3;130695;0;;
5785;0;2018659;3;759162;0;3;130996;0;;
5787;0;2072313;3;758551;0;3;124064;0;;
5789;0;2125967;3;7553;0;3;103735;0;;
5791;0;217962;3;644097;0;3;56296;0;;
5793;0;2233274;3;671968;0;3;25362;0;;
5795;0;2286928;3;695731;0;3;47524;0;;
5797;0;2340581;3;716162;0;3;56556;0;;
5799;0;2394235;3;740515;0;3;59443;0;;
5801;0;2447888;3;794565;0;3;88429;0;;
5803;0;4607781;3;85157;0;3;181407;0;;
5805;0;7921303;3;885485;0;3;234867;0;;
5807;0;1238846;3;878126;0;3;285627;0;;
5809;0;1685561;3;870767;0;3;316896;0;;
5811;0;2132276;3;863408;0;3;323325;0;;
5813;0;2578991;3;856049;0;3;331532;0;;
5815;0;4468876;3;845784;0;3;373445;0;;
5817;0;6360543;3;835493;0;3;375248;0;;
5819;0;825221;3;872553;0;3;37705;0;;
5821;0;8422325;3;934811;0;3;378854;0;;
5823;0;8592439;3;981095;0;3;392586;0;;
5825;0;8762553;3;967337;0;3;392555;0;;
5827;0;8932667;3;968289;0;3;392036;0;;
5829;0;9102781;3;967843;0;3;434594;0;;
5831;0;9272895;3;966937;0;3;487775;0;;
5833;0;9443009;3;967862;0;3;533345;0;;
5835;0;9550709;3;970948;0;3;559586;0;;
5837;0;9595973;3;967275;0;3;569629;0;;
5839;0;9641238;3;966364;0;3;543495;0;;
5841;0;9686503;3;990018;0;3;54041;0;;
5843;0;9731768;4;12711;0;3;541658;0;;
5845;0;9777033;4;25908;0;3;497079;0;;
5847;0;9822298;4;39106;0;3;535633;0;;
5849;0;9867563;4;52697;0;3;513585;0;;
5851;0;9872643;4;65178;0;3;505988;0;;
5853;0;987843;4;55243;0;3;508823;0;;
5855;0;9884216;4;47708;0;3;499114;0;;
5857;0;9890003;4;60266;0;3;493449;0;;
5859;0;989579;4;85191;0;3;484391;0;;
5861;0;9901577;4;92258;0;3;477296;0;;
5863;0;9907364;4;110755;0;3;43682;0;;
5865;0;9913151;4;231292;0;3;438636;0;;
5867;0;9918938;4;178959;0;3;443365;0;;
5869;0;9924725;4;170626;0;3;466781;0;;
5871;0;9930512;4;161625;0;3;46033;0;;
5873;0;9936299;4;26814;0;3;444643;0;;
5875;0;9942086;4;26257;0;3;376757;0;;
5877;0;99472;4;213946;0;3;35295;0;;
5879;0;9952558;4;138966;0;3;324629;0;;
5881;0;9958159;4;146743;0;3;329089;0;;
5883;0;9975889;4;131093;0;3;315322;0;;
5885;0;9991308;4;123411;0;3;361706;0;;
5887;0;9992285;4;10529;0;3;365366;0;;
5889;0;9992497;4;55701;0;3;345931;0;;
5891;0;9993669;4;3015;0;3;343255;0;;
5893;0;9994841;4;28965;0;3;344985;0;;
5895;0;9996013;4;18633;0;3;361305;0;;
5897;0;9997185;4;194499;0;3;369448;0;;
5899;0;9998357;4;208496;0;3;370069;0;;
5901;0;9999529;4;215246;0;3;381348;0;;
5903;1;7;4;296093;0;3;38517;0;;
5905;1;64;4;286456;0;3;39102;0;;
5907;1;58;4;227536;0;3;393619;0;;
5909;1;53;4;213357;0;3;40729;0;;
5911;1;47;4;257542;0;3;416203;0;;
5913;1;41;4;145398;0;3;402593;0;;
5915;1;36;4;122697;0;3;40241;0;;
5917;1;3;4;43131;0;3;44316;0;;
5919;1;26;3;946679;0;3;420174;0;;
5921;1;22;3;942896;0;3;408238;0;;
5923;1;18;4;401;0;3;445629;0;;
5925;1;14;4;251227;0;3;441173;0;;
5927;1;1;4;269934;0;3;453273;0;;
5929;1;6;4;294102;0;3;454991;0;;
5931;1;2;4;218928;0;3;527303;0;;
5933;0;9999999;4;156858;0;3;515005;0;;
5935;0;9999999;4;190524;0;3;485204;0;;
5937;0;999975;4;210163;0;3;460857;0;;
5939;0;9999501;4;211316;0;3;471693;0;;
5941;0;9999251;4;209575;0;3;446192;0;;
5943;0;9998246;4;197448;0;3;466211;0;;
5945;0;9997243;4;129721;0;3;410304;0;;
5947;0;9991337;4;78923;0;3;387781;0;;
5949;0;9985432;4;79137;0;3;320444;0;;
5951;0;9971673;4;10355;0;3;334982;0;;
5953;0;9950063;4;201643;0;3;324666;0;;
5955;0;9928451;4;30792;0;3;388203;6.106227E-16;;
5957;0;990684;4;261404;0;3;476442;6.106227E-16;;
5959;0;9885229;4;214828;0;3;478212;2.220446E-16;;
5961;0;987959;4;132;0;3;466434;2.220446E-16;;
5963;0;9873951;4;294415;0;3;478221;2.220446E-16;;
5965;0;9868312;4;257563;0;3;456709;6.106227E-16;;
5967;0;9862673;4;325728;0;3;46476;6.106227E-16;;
5969;0;9857033;4;19972;0;3;481229;2.220446E-16;;
5971;0;9851395;4;161732;0;3;486796;0;;
5973;0;9845756;4;136033;0;3;515889;0;;
5975;0;9840117;4;166706;0;3;57017;2.220446E-16;;
5977;0;9834477;4;307035;0;3;603513;2.220446E-16;;
5979;0;9828838;4;442479;0;3;612692;6.106227E-16;;
5981;0;9823199;4;449339;0;3;620009;6.106227E-16;;
5983;0;981756;4;423543;0;3;614637;6.106227E-16;;
5985;0;9811921;4;434033;0;3;588735;6.106227E-16;;
5987;0;9806282;4;496093;0;3;592318;6.106227E-16;;
5989;0;9800643;4;528366;0;3;607172;6.106227E-16;;
5991;0;9795004;4;515176;0;3;615854;6.106227E-16;;
5993;0;9789364;4;499316;0;3;618022;6.106227E-16;;
5995;0;9783725;4;480716;0;3;629583;6.106227E-16;;
5997;0;9778087;4;462466;0;3;624879;4.440892E-15;;
5999;0;9772447;4;445441;0;3;59982;2.220446E-16;;
6001;0;9766808;4;567372;0;3;587045;6.106227E-16;;
6003;0;9550545;4;560803;0;3;586516;6.106227E-16;;
6005;0;9218919;4;515534;0;3;560959;6.106227E-16;;
6007;0;877193;4;509777;0;3;589013;1.542979E-06;;
6009;0;8324941;4;504047;0;3;578643;1.428684E-06;;
6011;0;7877952;4;498345;0;3;560856;1.314389E-06;;
6013;0;7430964;4;492643;0;3;552026;1.200095E-06;;
6015;0;5539169;4;47565;0;3;588807;4.440892E-15;;
6017;0;3647375;4;459597;0;3;640771;6.106227E-16;;
6019;0;175558;4;436968;0;3;626376;1.776357E-15;;
6021;0;1585339;4;395486;0;3;600854;2.462649E-06;;
6023;0;1415098;4;337572;0;3;663602;4.440892E-15;;
6025;0;1244856;4;388127;0;3;714037;2.376041E-06;;
6027;0;1074615;4;45449;0;3;746272;2.289085E-06;;
6029;0;9043734;4;49191;0;3;709027;4.440892E-15;;
6031;0;734132;4;530868;0;3;715503;4.440892E-15;;
6033;0;5638906;4;52631;0;3;711611;2.016087E-06;;
6035;0;4560841;4;529778;0;3;785359;1.826674E-06;;
6037;0;4109269;4;527366;0;3;783043;1.726282E-06;;
6039;0;3657697;4;524953;0;3;702102;1.706155E-06;;
6041;0;3206126;4;524405;0;3;699894;4.440892E-15;;
6043;0;2755524;4;55322;0;3;745088;1.665901E-06;;
6045;0;2304923;4;570561;0;3;748077;1.645774E-06;;
6047;0;1854322;4;669056;0;3;714711;3.262157E-06;;
6049;0;140372;4;721445;0;3;717167;3.260879E-06;;
6051;0;1351384;4;766517;0;3;715765;3.260251E-06;;
6053;0;1302169;4;814704;0;3;710952;3.259624E-06;;
6055;0;1252954;4;865216;0;3;717746;3.258996E-06;;
6057;0;1203739;4;893026;0;3;695272;3.25693E-06;;
6059;0;1154524;4;837917;0;3;689186;3.240908E-06;;
6061;0;109996;4;813115;0;3;655762;1.436561E-06;;
6063;0;1045395;4;792382;0;3;654784;1.375466E-06;;
6065;0;9908311;4;784484;0;3;713316;3.130317E-06;;
6067;0;9362668;4;799852;0;3;715633;6.000592E-06;;
6069;0;8817024;4;795993;0;3;71978;8.208148E-06;;
6071;0;827138;4;792135;0;3;734978;1.231222E-05;;
6073;0;7924621;4;797484;0;3;737703;3.847311E-05;;
6075;0;7521446;4;889245;0;3;761338;3.847311E-05;;
6077;0;7061857;4;912349;0;3;823074;4.305029E-05;;
6079;0;6602268;4;940493;0;3;80376;3.761234E-05;;
6081;0;6269476;4;968029;0;3;82736;3.70397E-05;;
6083;0;4850497;4;896544;0;3;84555;6.312718E-05;;
6085;0;3624638;4;934439;0;3;87778;3.589453E-05;;
6087;0;380488;4;938508;0;3;880538;8.108227E-05;;
6089;0;3985123;4;921294;0;3;868286;9.118478E-05;;
6091;0;4165366;4;910092;0;3;868429;9.05644E-05;;
6093;0;4345609;4;898904;0;3;868572;8.994401E-05;;
6095;0;4525851;4;904437;0;3;862272;7.483227E-05;;
6097;0;5869139;4;984754;0;3;856239;8.018796E-05;;
6099;0;9195812;4;956344;0;3;836839;8.554365E-05;;
6101;0;1191827;4;902053;0;3;816303;3.298983E-05;;
6103;0;1205314;4;87636;0;3;82134;3.23846E-05;;
6105;0;1231138;4;882143;0;3;812742;3.205542E-05;;
6107;0;1256961;4;88791;0;3;767552;3.172623E-05;;
6109;0;1282784;4;893662;0;3;759916;3.139706E-05;;
6111;0;1308608;4;899574;0;3;784801;3.060274E-05;;
6113;0;1334431;4;905628;0;3;780495;2.963562E-05;;
6115;0;1360254;4;935808;0;3;798666;2.849571E-05;;
6117;0;1386078;4;955088;0;3;798729;3.497865E-05;;
6119;0;1411901;4;912444;0;3;793345;1.748932E-05;;
6121;0;1437724;4;935228;0;3;801164;1.521947E-05;;
6123;0;1463548;4;958758;0;3;766647;1.462443E-05;;
6125;0;1489371;4;977721;0;3;758036;1.391748E-05;;
6127;0;1515194;4;689465;0;3;765931;1.309862E-05;;
6129;0;1541018;4;516539;0;3;708149;1.371277E-05;;
6131;0;1566841;4;52771;0;3;675535;1.088708E-05;;
6133;0;1592664;4;556679;0;3;648597;1.030069E-05;;
6135;0;1618488;4;530015;0;3;641313;9.723429E-06;;
6137;0;1644311;4;478479;0;3;613337;9.291368E-06;;
6139;0;1670134;4;418471;0;3;569751;9.00451E-06;;
6141;0;1695958;4;398395;0;3;57583;8.71765E-06;;
6143;0;1721781;4;413816;0;3;57874;6.572195E-06;;
6145;0;1747604;4;426895;0;3;559981;5.72467E-06;;
6147;0;1773428;4;434415;0;3;512513;6.000592E-06;;
6149;0;1799251;4;435298;0;3;441609;6.217249E-15;;
6151;0;1825074;4;315343;0;3;401457;3.25693E-06;;
6153;0;1855978;4;223917;0;3;395542;3.25693E-06;;
6155;0;1891961;4;254105;0;3;365578;2.664535E-15;;
6157;0;1927944;4;285388;0;3;326911;4.996004E-16;;
6159;0;2002979;4;287077;0;3;278242;2.664535E-15;;
6161;0;2117066;4;126145;0;3;230015;2.664535E-15;;
6163;0;2231153;4;113244;0;3;263474;4.996004E-16;;
6165;0;234524;4;133234;0;3;254154;4.996004E-16;;
6167;0;2459326;4;82876;0;3;249518;0;;
6169;0;2573413;4;60544;0;3;278717;0;;
6171;0;26875;3;945255;0;3;303171;0;;
6173;0;2801587;3;943055;0;3;275286;0;;
6175;0;2915673;3;920845;0;3;346511;0;;
6177;0;3122958;3;89219;0;3;335478;0;;
6179;0;3330243;3;903089;0;3;299425;0;;
6181;0;3537527;3;914065;0;3;319158;0;;
6183;0;3744812;3;922812;0;3;311549;0;;
6185;0;3952096;3;833045;0;3;303941;0;;
6187;0;4195679;3;858489;0;3;301394;0;;
6189;0;4439262;3;895419;0;3;282379;0;;
6191;0;4682844;3;91214;0;3;22722;0;;
6193;0;4926427;3;921828;0;3;230324;0;;
6195;0;5171527;3;920976;0;3;23246;0;;
6197;0;5418144;3;921224;0;3;227705;0;;
6199;0;5927012;3;92145;0;3;218926;0;;
6201;0;6436588;3;921638;0;3;20435;0;;
6203;0;6946871;3;922231;0;3;286173;0;;
6205;0;7458615;3;922624;0;3;271843;0;;
6207;0;7970769;3;914914;0;3;278268;0;;
6209;0;8483335;3;840121;0;3;274703;0;;
6211;0;8996063;3;824674;0;3;256985;0;;
6213;0;9912283;3;832783;0;3;237593;0;;
6215;0;11232;3;811258;0;3;260859;0;;
6217;0;1247788;3;823652;0;3;251747;0;;
6219;0;1372377;3;842209;0;3;237069;0;;
6221;0;1496966;3;864438;0;3;238425;0;;
6223;0;1621974;3;831666;0;3;219792;0;;
6225;0;1736504;3;822414;0;3;229411;0;;
6227;0;1840138;3;822369;0;3;237214;0;;
6229;0;1943771;3;873897;0;3;157505;0;;
6231;0;2047726;3;918175;0;3;200648;0;;
6233;0;2152004;3;851093;0;3;140914;0;;
6235;0;2316796;3;670269;0;3;134021;0;;
6237;0;2480496;3;673076;0;3;1536;0;;
6239;0;2644056;3;796365;0;3;191185;0;;
6241;0;2813873;3;916376;0;3;238623;0;;
6243;0;3023979;3;938393;0;3;250203;0;;
6245;0;3274471;3;950823;0;3;226894;0;;
6247;0;3534948;3;809584;0;3;247226;0;;
6249;0;3792202;3;897144;0;3;236672;0;;
6251;0;4046988;3;873448;0;3;235262;0;;
6253;0;4301462;3;904872;0;3;236672;0;;
6255;0;4949829;4;65156;0;3;313799;0;;
6257;0;5992089;4;211354;0;3;356113;0;;
6259;0;8411006;4;188224;0;3;365487;0;;
6261;1;68;4;140372;0;3;367886;2.664535E-15;;
6263;1;72388;4;6889;0;3;335234;9.992007E-16;;
6265;1;144708;4;4205;0;3;287868;9.992007E-16;;
6267;1;217392;4;17649;0;3;269997;9.992007E-16;;
6269;1;29044;4;34918;0;3;254196;9.992007E-16;;
6271;1;429843;4;10556;0;3;236247;4.996004E-16;;
6273;1;55282;3;969644;0;3;213832;9.992007E-16;;
6275;1;660185;4;44858;0;3;170413;9.992007E-16;;
6277;1;745494;3;988961;0;3;137707;9.992007E-16;;
6279;1;820239;3;942018;0;3;178426;2.664535E-15;;
6281;1;827911;3;941342;0;3;163634;9.992007E-16;;
6283;1;838223;4;2016;0;3;152651;4.996004E-16;;
6285;1;845554;3;914155;0;3;141616;4.996004E-16;;
6287;1;849905;4;58375;0;3;61183;4.996004E-16;;
6289;1;852622;4;44847;0;3;35701;4.996004E-16;;
6291;1;85534;4;44158;0;3;23957;4.996004E-16;;
6293;1;858058;4;42545;0;2;970798;4.996004E-16;;
6295;1;859056;4;6558;0;2;959442;0;;
6297;1;858892;3;972019;0;2;95144;0;;
6299;1;856744;3;894741;0;2;917408;0;;
6301;1;8552;3;895641;0;2;915859;0;;
6303;1;856244;3;892973;0;2;914316;0;;
6305;1;857288;3;890305;0;2;939994;0;;
6307;1;858332;3;887637;0;2;931374;0;;
6309;1;859376;3;884969;0;2;922755;0;;
6311;1;86042;3;882301;0;2;914137;0;;
6313;1;861464;3;877242;0;2;907187;0;;
6315;1;862508;3;856976;0;2;895432;4.440892E-16;;
6317;1;863552;3;87233;0;2;885934;4.440892E-16;;
6319;1;864596;3;845074;0;2;885488;4.996004E-16;;
6321;1;873472;3;842118;0;2;923667;9.992007E-16;;
6323;1;883731;3;853662;0;2;913971;9.992007E-16;;
6325;1;888568;3;868009;0;2;911179;3.552714E-15;;
6327;1;893405;3;879673;0;2;937305;3.552714E-15;;
6329;1;898242;3;889779;0;2;959369;4.996004E-16;;
6331;1;90855;3;892204;0;2;971689;2.664535E-15;;
6333;1;92953;3;896041;0;2;96343;2.664535E-15;;
6335;1;946041;3;89334;0;2;959161;2.664535E-15;;
6337;1;95776;3;892658;0;2;966614;4.440892E-16;;
6339;1;969679;3;892159;0;2;971577;4.440892E-16;;
6341;1;981798;3;890394;0;2;948229;4.440892E-16;;
6343;1;984489;3;888628;0;2;943554;4.440892E-16;;
6345;1;987188;3;886287;0;2;961464;4.440892E-16;;
6347;1;989895;3;876975;0;2;961172;4.440892E-16;;
6349;1;992603;3;875961;0;2;967707;4.440892E-16;;
6351;1;99531;3;884103;0;2;970022;4.440892E-16;;
6353;1;997967;3;892313;0;2;965344;4.440892E-16;;
6355;2;572;3;899363;0;2;964226;4.440892E-16;;
6357;2;3178;3;906549;0;2;973989;4.440892E-16;;
6359;2;23421;3;916385;0;2;97939;4.440892E-16;;
6361;2;35988;3;9226;0;2;975284;4.440892E-16;;
6363;2;45411;3;972758;0;2;976757;4.440892E-16;;
6365;2;51689;4;336644;0;2;976836;4.440892E-16;;
6367;2;57968;4;314472;0;2;977931;4.440892E-16;;
6369;2;62048;4;300654;0;2;977541;4.440892E-16;;
6371;2;6393;4;287494;0;2;974329;0;;
6373;2;65812;4;274989;0;2;968746;0;;
6375;2;67694;4;75833;0;2;957359;0;;
6377;2;68644;3;968698;0;2;950677;0;;
6379;2;69594;3;972718;0;2;937735;0;;
6381;2;70544;3;977828;0;2;918979;0;;
6383;2;71493;3;964998;0;2;922449;0;;
6385;2;72443;3;921886;0;2;924063;0;;
6387;2;75297;3;879482;0;2;904752;0;;
6389;2;80418;3;808096;0;2;903812;0;;
6391;2;85538;3;761731;0;2;901833;0;;
6393;2;90715;3;739132;0;2;903371;0;;
6395;2;95934;3;688699;0;2;927559;0;;
6397;2;101138;3;650383;0;2;88104;0;;
6399;2;104661;3;633239;0;2;879373;0;;
6401;2;109118;3;561775;0;2;88552;0;;
6403;2;116461;3;656188;0;2;88357;0;;
6405;2;127499;3;736957;0;2;875979;0;;
6407;2;142243;3;818762;0;2;94494;0;;
6409;2;15514;3;845504;0;2;947322;0;;
6411;2;163194;3;861001;0;2;972454;0;;
6413;2;162372;3;858678;0;2;97159;0;;
6415;2;157516;3;841158;0;2;97243;0;;
6417;2;153385;3;813591;0;2;94864;0;;
6419;2;149241;3;783285;0;2;947845;0;;
6421;2;147691;3;770888;0;2;947979;0;;
6423;2;1461;3;757711;0;2;948155;0;;
6425;2;145556;3;616333;0;2;939451;0;;
6427;2;160498;3;633198;0;2;948289;0;;
6429;2;173105;3;594708;0;2;955469;0;;
6431;2;183345;3;574796;0;2;975042;0;;
6433;2;227146;3;58765;0;2;982215;2.775558E-17;;
6435;2;223673;3;605753;0;2;961196;2.775558E-17;;
6437;2;221626;3;58394;0;2;951936;2.775558E-17;;
6439;2;218228;3;574653;0;2;927729;2.775558E-17;;
6441;2;212841;3;560678;0;2;939875;2.775558E-17;;
6443;2;208983;3;544307;0;2;936547;0;;
6445;2;211642;3;699983;0;2;982211;0;;
6447;2;202687;3;676187;0;2;998027;0;;
6449;2;19408;3;504443;0;2;97643;0;;
6451;2;185688;3;48653;0;2;95758;0;;
6453;2;185464;3;535237;0;2;979806;0;;
6455;2;15402;3;573066;0;2;991295;0;;
6457;2;80593;3;523762;0;2;968124;0;;
6459;1;869223;3;487392;0;2;888364;0;;
6461;1;76663;3;544699;0;2;9325;0;;
6463;1;725478;3;59908;0;2;946804;2.775558E-17;;
6465;1;680358;3;667015;0;3;56156;3.108624E-15;;
6467;1;630907;3;635164;0;3;65358;3.108624E-15;;
6469;1;577078;3;60246;0;3;5189;3.552714E-15;;
6471;1;4582;3;716733;0;3;32001;3.108624E-15;;
6473;1;36299;3;757993;0;3;56219;3.108624E-15;;
6475;1;262961;3;810104;0;3;38744;3.552714E-15;;
6477;1;185044;3;812391;0;3;6159;5.551115E-15;;
6479;1;117692;3;828402;0;2;988546;5.551115E-15;;
6481;1;117286;3;809195;0;2;977581;3.552714E-15;;
6483;1;114113;3;806754;0;2;96571;3.552714E-15;;
6485;1;114335;3;72258;0;2;969808;9.992007E-16;;
6487;1;117975;3;727335;0;2;991439;2.775558E-17;;
6489;1;123031;3;723761;0;2;997747;2.775558E-17;;
6491;1;13812;3;716463;0;2;991743;2.775558E-17;;
6493;1;196577;3;733238;0;2;979938;0;;
6495;1;25706;3;7852;0;3;3606;3.552714E-15;;
6497;1;322246;3;816245;0;3;55174;9.992007E-16;;
6499;1;388082;3;829929;0;3;110316;9.992007E-16;;
6501;1;448076;3;85384;0;3;174792;6.217249E-15;;
6503;1;506676;3;872795;0;3;203896;6.217249E-15;;
6505;1;564861;3;914783;0;3;227329;6.217249E-15;;
6507;1;611732;3;920081;0;3;242101;6.217249E-15;;
6509;1;647288;3;940906;0;3;253435;6.217249E-15;;
6511;1;682844;3;957269;0;3;298097;6.217249E-15;;
6513;1;719228;3;940416;0;3;340028;7.776143E-06;;
6515;1;75644;4;1352;0;3;391492;1.03944E-05;;
6517;1;793839;4;69029;0;3;414148;5.2451E-06;;
6519;1;831221;4;69717;0;3;429236;5.2451E-06;;
6521;1;860754;3;962845;0;3;47356;1.776357E-15;;
6523;1;888844;3;967325;0;3;448435;5.214995E-06;;
6525;1;915642;3;976284;0;3;494028;5.21197E-06;;
6527;1;934658;3;988838;0;3;451086;1.776357E-15;;
6529;1;946739;4;2295;0;3;449896;9.992007E-16;;
6531;1;95254;4;16041;0;3;441886;9.992007E-16;;
6533;1;94686;4;27802;0;3;448128;0;;
6535;1;945647;3;966876;0;3;449022;9.992007E-16;;
6537;1;949949;3;96598;0;3;458867;2.664535E-15;;
6539;1;954774;3;938577;0;3;443582;2.664535E-15;;
6541;1;959398;3;96605;0;3;420845;2.664535E-15;;
6543;1;982382;3;937684;0;3;494912;2.664535E-15;;
6545;2;6294;4;117596;0;3;577338;0;;
6547;2;84;4;190363;0;3;583918;0;;
6549;2;10505;4;205339;0;3;627932;0;;
6551;2;12611;4;206971;0;3;621597;0;;
6553;2;1306;4;389557;0;3;669226;0;;
6555;2;12739;4;395904;0;3;698181;0;;
6557;2;11648;4;40225;0;3;693046;0;;
6559;1;99253;4;408597;0;3;669534;0;;
6561;1;980577;4;414205;0;3;693391;0;;
6563;1;971647;4;419075;0;3;707354;0;;
6565;1;966539;4;509041;0;3;734188;0;;
6567;1;96143;4;565176;0;3;735526;9.992007E-16;;
6569;1;957913;4;488639;0;3;764488;9.992007E-16;;
6571;1;956594;4;481777;0;3;764191;9.992007E-16;;
6573;1;955275;4;476176;0;3;753991;0;;
6575;1;953956;4;492868;0;3;759607;0;;
6577;1;96349;4;515413;0;3;750054;0;;
6579;1;973427;4;569552;0;3;767457;0;;
6581;1;983769;4;569873;0;3;776828;0;;
6583;1;985423;4;569592;0;3;791933;0;;
6585;1;987077;4;580278;0;3;789366;0;;
6587;1;986464;4;594948;0;3;792307;0;;
6589;1;983532;4;604225;0;3;806226;0;;
6591;1;979782;4;602619;0;3;80941;0;;
6593;1;975157;4;592297;0;3;805355;0;;
6595;1;970364;4;581872;0;3;826705;0;;
6597;1;965571;4;571446;0;3;862074;0;;
6599;1;959836;4;564087;0;3;851016;0;;
6601;1;953161;4;560811;0;3;842234;0;;
6603;1;943592;4;548919;0;3;814832;0;;
6605;1;930313;4;547187;0;3;794151;0;;
6607;1;918612;4;560288;0;3;788661;0;;
6609;1;908642;4;568654;0;3;780074;0;;
6611;1;9034;4;67881;0;3;789879;0;;
6613;1;911693;4;687736;0;3;81632;0;;
6615;1;920166;4;683262;0;3;824188;0;;
6617;1;928832;4;676412;0;3;828147;0;;
6619;1;951079;4;684684;0;3;844086;9.992007E-16;;
6621;1;950366;4;750301;0;3;848108;2.664535E-15;;
6623;1;949546;4;757251;0;3;849088;2.664535E-15;;
6625;1;942727;4;743145;0;3;847514;0;;
6627;1;92151;4;67084;0;3;862608;9.992007E-16;;
6629;1;902629;4;673444;0;3;859498;9.992007E-16;;
6631;1;886099;4;676178;0;3;835876;9.992007E-16;;
6633;1;835976;4;60528;0;3;804964;0;;
6635;1;827075;4;587267;0;3;817478;0;;
6637;1;819617;4;58259;0;3;789479;9.992007E-16;;
6639;1;813524;4;578332;0;3;790841;9.992007E-16;;
6641;1;808794;4;521503;0;3;796893;9.992007E-16;;
6643;1;795263;4;455629;0;3;789851;2.664535E-15;;
6645;1;771171;4;447645;0;3;74595;9.992007E-16;;
6647;1;757691;4;428997;0;3;721904;0;;
6649;1;744103;4;438815;0;3;698787;0;;
6651;1;730515;4;449228;0;3;732733;0;;
6653;1;713301;4;476128;0;3;728567;0;;
6655;1;692579;4;420204;0;3;722842;0;;
6657;1;684015;4;57178;0;3;747458;0;;
6659;1;659929;4;586307;0;3;778715;0;;
6661;1;610044;4;602059;0;3;794143;0;;
6663;1;601521;4;715254;0;3;85904;0;;
6665;1;581871;4;694419;0;3;855684;0;;
6667;1;566188;4;672781;0;3;853162;0;;
6669;1;552466;4;624774;0;3;852432;0;;
6671;1;535494;4;718931;0;3;854406;0;;
6673;1;511107;4;802302;0;3;773834;0;;
6675;1;50707;4;815656;0;3;821251;0;;
6677;1;503033;4;821324;0;3;823138;0;;
6679;1;499129;4;855395;0;3;826893;0;;
6681;1;4944;4;887323;0;3;903514;0;;
6683;1;489512;5;74616;0;3;903147;0;;
6685;1;484142;5;60287;0;3;890709;0;;
6687;1;478373;4;993214;0;3;894613;0;;
6689;1;47282;4;933493;0;3;913318;0;;
6691;1;457368;4;940252;0;3;911038;0;;
6693;1;398424;4;94951;0;3;91857;0;;
6695;1;340257;4;962499;0;3;924591;0;;
6697;1;27846;4;958608;0;3;91413;0;;
6699;1;216012;5;11149;0;3;906329;0;;
6701;1;159407;4;991813;0;3;904321;0;;
6703;1;111437;4;994121;0;3;906394;0;;
6705;1;67727;5;1653;0;3;90259;0;;
6707;1;32181;5;110851;0;3;909897;0;;
6709;1;814;5;61698;0;3;926168;0;;
6711;0;9798799;5;2052;0;3;925796;0;;
6713;0;9465738;4;931986;0;3;929605;0;;
6715;0;9124395;4;861171;0;3;930854;0;;
6717;0;8781185;4;801054;0;3;932103;0;;
6719;0;8438143;4;740138;0;3;93315;0;;
6721;0;8184126;4;699545;0;3;947134;0;;
6723;0;7872725;4;680717;0;3;937258;0;;
6725;0;7570502;4;793299;0;3;938299;0;;
6727;0;7346089;4;641243;0;3;888251;0;;
6729;0;7191243;4;581744;0;3;867683;0;;
6731;0;7044694;4;58207;0;3;868599;0;;
6733;0;6906235;4;58562;0;3;852734;0;;
6735;0;67678;4;585578;0;3;797979;0;;
6737;0;6622136;4;554911;0;3;785264;0;;
6739;0;6469241;4;511642;0;3;779716;0;;
6741;0;6316347;4;41123;0;3;762477;0;;
6743;0;6074144;4;303297;0;3;766143;0;;
6745;0;5822571;4;232118;0;3;744206;0;;
6747;0;5841888;4;212168;0;3;795519;0;;
6749;0;5914112;4;216018;0;3;790525;0;;
6751;0;6047429;4;201605;0;3;798911;0;;
6753;0;6107962;4;193741;0;3;798573;0;;
6755;0;6176192;4;161841;0;3;803848;0;;
6757;0;6280798;4;191821;0;3;797827;0;;
6759;0;6352476;4;195126;0;3;797552;0;;
6761;0;6392428;4;216832;0;3;796905;0;;
6763;0;6431002;4;28057;0;3;815772;0;;
6765;0;6469748;4;334894;0;3;779594;0;;
6767;0;6515431;4;482615;0;3;739516;0;;
6769;0;654517;4;57752;0;3;754251;0;;
6771;0;6552894;4;580556;0;3;76066;0;;
6773;0;6560617;4;578995;0;3;739572;0;;
6775;0;6568341;4;577434;0;3;71492;0;;
6777;0;6483589;4;561333;0;3;705666;0;;
6779;0;6410854;4;546696;0;3;750023;0;;
6781;0;6332003;4;533894;0;3;734417;0;;
6783;0;6319748;4;557588;0;3;73011;0;;
6785;0;6287215;4;592465;0;3;767769;0;;
6787;0;6255561;4;628059;0;3;797172;0;;
6789;0;6224427;4;664013;0;3;766671;0;;
6791;0;6201479;4;70015;0;3;775075;0;;
6793;0;6243261;4;744736;0;3;779145;0;;
6795;0;6282727;4;761648;0;3;789486;0;;
6797;0;6262104;4;739828;0;3;789962;0;;
6799;0;6243215;4;743815;0;3;794822;0;;
6801;0;6225115;4;753055;0;3;809817;0;;
6803;0;6206566;4;762399;0;3;819174;0;;
6805;0;6188083;4;747702;0;3;808412;0;;
6807;0;6116728;4;757623;0;3;804716;0;;
6809;0;6046497;4;788218;0;3;796648;0;;
6811;0;5978116;4;810486;0;3;788823;0;;
6813;0;5822796;4;833457;0;3;732618;0;;
6815;0;5677577;4;876233;0;3;738437;0;;
6817;0;5565102;4;829192;0;3;714477;0;;
6819;0;5303435;4;840274;0;3;660261;0;;
6821;0;5231902;4;798821;0;3;654688;0;;
6823;0;5161445;4;783575;0;3;699886;0;;
6825;0;5140828;4;775291;0;3;668938;0;;
6827;0;5110055;4;785953;0;3;682324;0;;
6829;0;5079283;4;796614;0;3;704966;0;;
6831;0;5048352;4;807275;0;3;727608;0;;
6833;0;5017421;4;81002;0;3;736731;0;;
6835;0;4986491;4;805806;0;3;740022;0;;
6837;0;4927749;4;794859;0;3;755001;0;;
6839;0;4869007;4;784201;0;3;741543;0;;
6841;0;4810265;4;790934;0;3;737815;0;;
6843;0;4784969;4;89803;0;3;734927;0;;
6845;0;4760822;4;965054;0;3;726823;0;;
6847;0;4797438;4;966432;0;3;715916;0;;
6849;0;483767;4;934117;0;3;709659;0;;
6851;0;4880691;4;902193;0;3;731246;0;;
6853;0;4835051;4;850358;0;3;693085;8.881784E-16;;
6855;0;4742948;4;833627;0;3;67549;8.881784E-16;;
6857;0;4555346;4;736684;0;3;674092;8.881784E-16;;
6859;0;4525721;4;712233;0;3;746741;2.664535E-15;;
6861;0;4496689;4;696756;0;3;725421;4.440892E-15;;
6863;0;431234;4;486722;0;3;703612;0;;
6865;0;4278948;4;664078;0;3;728508;0;;
6867;0;4261567;4;610402;0;3;683845;0;;
6869;0;4280735;4;44242;0;3;599793;0;;
6871;0;4293825;4;432937;0;3;609672;0;;
6873;0;4306647;4;447138;0;3;630956;0;;
6875;0;4320853;4;537097;0;3;634255;0;;
6877;0;4335059;4;604507;0;3;634678;0;;
6879;0;4399678;4;605283;0;3;632898;0;;
6881;0;4524302;4;601963;0;3;541661;0;;
6883;0;4607127;4;607118;0;3;476267;0;;
6885;0;4671838;4;611477;0;3;422837;0;;
6887;0;4717382;4;587769;0;3;400559;0;;
6889;0;4762927;4;580143;0;3;475798;0;;
6891;0;4827992;4;580634;0;3;48992;0;;
6893;0;4915141;4;609757;0;3;530931;0;;
6895;0;4975922;4;607591;0;3;484275;0;;
6897;0;5025975;4;56456;0;3;54692;0;;
6899;0;5163202;4;519384;0;3;583652;0;;
6901;0;5197433;4;47199;0;3;643;0;;
6903;0;5140892;4;39262;0;3;674731;0;;
6905;0;5048597;4;339589;0;3;668362;0;;
6907;0;4987801;4;350569;0;3;663761;0;;
6909;0;4926271;4;344304;0;3;656831;0;;
6911;0;4908082;4;294204;0;3;665309;0;;
6913;0;4981433;4;294129;0;3;662006;0;;
6915;0;5030082;4;222127;0;3;698522;3.885781E-16;;
6917;0;5346328;4;426015;0;3;740844;4.440892E-15;;
6919;0;547459;4;492703;0;3;726331;4.440892E-15;;
6921;0;5513996;4;439632;0;3;689607;4.440892E-15;;
6923;0;5566126;4;387671;0;3;637736;2.664535E-15;;
6925;0;5714093;4;380444;0;3;659685;3.552714E-15;;
6927;0;5886085;4;32912;0;3;660602;3.552714E-15;;
6929;0;6081889;4;365543;0;3;662277;2.664535E-15;;
6931;0;6291729;4;37242;0;3;677925;2.664535E-15;;
6933;0;6490857;4;420787;0;3;718469;3.552714E-15;;
6935;0;6679274;4;442168;0;3;721742;3.552714E-15;;
6937;0;6867028;4;469477;0;3;749425;3.552714E-15;;
6939;0;7054782;4;510225;0;3;778859;3.552714E-15;;
6941;0;7242537;4;508069;0;3;786277;3.552714E-15;;
6943;0;747476;4;584324;0;3;786052;8.881784E-16;;
6945;0;7696974;4;527504;0;3;771066;8.881784E-16;;
6947;0;7856272;4;531619;0;3;770025;8.881784E-16;;
6949;0;7979771;4;581551;0;3;758699;8.881784E-16;;
6951;0;8034424;4;578782;0;3;765077;8.881784E-16;;
6953;0;8153574;4;577555;0;3;757267;3.885781E-16;;
6955;0;8272724;4;485557;0;3;72191;0;;
6957;0;90471;4;415905;0;3;726478;3.885781E-16;;
6959;0;986397;4;326315;0;3;729944;0;;
6961;1;164;4;227586;0;3;709268;0;;
6963;1;14189;4;22435;0;3;710549;0;;
6965;1;2752;4;23698;0;3;712391;0;;
6967;1;40157;4;249391;0;3;710495;0;;
6969;1;57297;4;262018;0;3;755749;0;;
6971;1;78941;4;295309;0;3;774467;0;;
6973;1;113488;4;551266;0;3;760892;8.881784E-16;;
6975;1;148029;4;671354;0;3;750097;8.881784E-16;;
6977;1;180958;4;727589;0;3;75924;8.881784E-16;;
6979;1;208352;4;71699;0;3;756671;8.881784E-16;;
6981;1;234927;4;388997;0;3;731102;3.885781E-16;;
6983;1;26353;4;402394;0;3;735419;0;;
6985;1;294161;4;280627;0;3;68094;0;;
6987;1;324704;4;243212;0;3;661873;0;;
6989;1;355247;4;292136;0;3;658725;0;;
6991;1;368191;4;34106;0;3;675158;0;;
6993;1;376022;4;419186;0;3;632374;0;;
6995;1;384738;4;30372;0;3;574398;0;;
6997;1;399463;4;28208;0;3;57149;0;;
6999;1;413362;4;304991;0;3;568557;0;;
7001;1;426529;4;302423;0;3;560771;0;;
7003;1;439742;4;307354;0;3;554872;0;;
7005;1;452948;4;324337;0;3;540719;0;;
7007;1;466154;4;347882;0;3;548573;0;;
7009;1;47936;4;341743;0;3;514511;0;;
7011;1;492493;4;349583;0;3;500483;0;;
7013;1;505627;4;329114;0;3;499422;0;;
7015;1;51757;4;311701;0;3;454291;0;;
7017;1;55221;4;294434;0;3;498907;0;;
7019;1;614355;4;255959;0;3;471907;0;;
7021;1;675033;4;244365;0;3;429986;0;;
7023;1;724377;4;242603;0;3;425517;0;;
7025;1;763404;4;241062;0;3;473156;0;;
7027;1;803447;4;237227;0;3;497962;0;;
7029;1;84349;4;239637;0;3;462677;0;;
7031;1;883533;4;245202;0;3;446176;0;;
7033;2;327286;4;270146;0;3;501877;0;;
7035;2;611697;4;315687;0;3;542127;3.885781E-16;;
7037;2;736766;4;297195;0;3;57038;0;;
7039;2;861834;4;278818;0;3;598185;0;;
7041;2;947252;4;269389;0;3;631137;3.885781E-16;;
7043;2;99291;4;224792;0;3;645852;0;;
7045;3;36739;4;184449;0;3;677444;0;;
7047;3;87349;4;207547;0;3;632803;0;;
7049;3;157756;4;256461;0;3;622368;0;;
7051;3;155069;4;255736;0;3;563666;0;;
7053;3;15659;4;192008;0;3;511867;0;;
7055;3;157984;4;186152;0;3;504644;0;;
7057;3;159397;4;166116;0;3;561612;0;;
7059;3;160879;4;94066;0;3;58601;0;;
7061;3;162283;4;98169;0;3;483599;0;;
7063;3;164961;4;91042;0;3;478743;0;;
7065;3;169072;4;143133;0;3;468529;0;;
7067;3;174401;4;157871;0;3;406174;0;;
7069;3;17713;4;142448;0;3;385568;0;;
7071;3;181224;4;115741;0;3;381161;0;;
7073;3;185436;4;5135;0;3;369056;0;;
7075;3;191992;3;954756;0;3;277736;0;;
7077;3;20343;3;953164;0;3;273135;0;;
7079;3;238945;3;951762;0;3;321308;0;;
7081;3;256059;3;936219;0;3;284455;0;;
7083;3;285548;3;931249;0;3;26465;0;;
7085;3;326269;3;932816;0;3;267293;0;;
7087;3;353554;3;930988;0;3;262548;0;;
7089;3;382966;3;931464;0;3;257655;0;;
7091;3;412421;3;928193;0;3;248548;0;;
7093;3;43979;3;924697;0;3;185271;0;;
7095;3;572598;3;921909;0;3;182009;0;;
7097;3;815269;3;926002;0;3;205237;0;;
7099;4;3844;3;929282;0;3;174666;0;;
7101;4;175461;3;928597;0;3;80925;0;;
7103;4;235939;3;927406;0;3;70956;0;;
7105;4;250316;3;905972;0;3;54553;0;;
7107;4;264484;3;885639;0;3;28625;0;;
7109;4;278327;3;865306;0;2;98679;0;;
7111;4;321383;3;84497;0;2;94004;0;;
7113;4;388079;3;844489;0;2;920888;0;;
7115;4;466929;3;812054;0;2;913007;0;;
7117;4;53581;3;739623;0;2;870724;0;;
7119;4;648635;3;709117;0;2;86937;0;;
7121;4;762884;3;678612;0;2;865104;0;;
7123;4;775187;3;602772;0;2;862144;0;;
7125;4;783703;3;566189;0;2;824483;0;;
7127;4;789816;3;528244;0;2;820875;0;;
7129;4;793528;3;455019;0;2;814062;0;;
7131;4;795815;3;435065;0;2;798938;0;;
7133;4;799173;3;387387;0;2;786357;0;;
7135;4;803602;3;383674;0;2;759605;0;;
7137;4;808097;3;38056;0;2;738816;0;;
7139;4;812593;3;373838;0;2;695903;0;;
7141;4;817088;3;254915;0;2;689969;0;;
7143;4;843983;3;228793;0;2;678314;0;;
7145;5;100964;3;217058;0;2;663789;0;;
7147;5;33994;3;205691;0;2;62315;0;;
7149;5;601975;3;194224;0;2;61114;0;;
7151;5;659636;3;183537;0;2;592278;0;;
7153;5;639338;3;172354;0;2;59096;0;;
7155;5;61904;3;16117;0;2;568036;0;;
7157;5;530353;3;75021;0;2;551938;0;;
7159;5;440708;2;952912;0;2;513452;0;;
7161;5;422276;2;947359;0;2;468966;0;;
7163;5;403845;2;941806;0;2;437414;0;;
7165;5;385413;2;936252;0;2;429146;0;;
7167;5;366982;2;9222;0;2;394058;0;;
7169;5;346249;2;916571;0;2;36891;0;;
7171;5;323214;2;912173;0;2;255527;0;;
7173;5;287276;2;905659;0;2;221112;0;;
7175;5;251344;2;90032;0;2;193292;0;;
7177;5;215417;2;894988;0;2;176508;0;;
7179;5;183422;2;890438;0;2;135717;0;;
7181;5;152452;2;885874;0;2;97262;0;;
7183;5;121483;2;881297;0;2;81321;0;;
7185;5;90514;2;876684;0;2;53736;0;;
7187;5;59545;2;8552;0;2;52408;0;;
7189;5;28575;2;845164;0;2;32292;0;;
7191;5;15205;2;835128;0;2;3041;0;;
7193;5;1293;2;825092;0;2;28529;0;;
7195;4;986838;2;815055;0;2;26647;0;;
7197;4;972383;2;805019;0;2;24766;0;;
7199;4;958581;2;759651;0;2;23086;0;;
7201;4;945432;2;711523;0;2;12033;0;;
7203;4;932282;2;663395;0;2;979;0;;
7205;4;919132;2;615268;0;1;989925;0;;
7207;4;905982;2;56714;0;1;978871;0;;
7209;4;892832;2;544449;0;1;967818;0;;
7211;4;879683;2;53396;0;1;956764;0;;
7213;4;866533;2;527404;0;1;94571;0;;
7215;4;853383;2;520848;0;1;934656;0;;
7217;4;814081;2;514292;0;1;929472;0;;
7219;4;748626;2;507736;0;1;909669;0;;
7221;4;68599;2;504386;0;1;879833;0;;
7223;4;634686;2;501037;0;1;854919;0;;
7225;4;594716;2;497687;0;1;84127;0;;
7227;4;554746;2;466027;0;1;834212;0;;
7229;4;514776;2;461554;0;1;783934;0;;
7231;4;474806;2;433123;0;1;7563;0;;
7233;4;31126;2;38039;0;1;715115;0;;
7235;3;746787;2;325912;0;1;667628;0;;
7237;3;621791;2;275683;0;1;648659;0;;
7239;3;496796;2;221087;0;1;628261;0;;
7241;3;411451;2;183589;0;1;587047;0;;
7243;3;365755;2;163688;0;1;561405;0;;
7245;3;321778;2;1315;0;1;513635;0;;
7247;3;264948;2;80418;0;1;429181;0;;
7249;3;188041;1;98798;0;1;343259;0;;
7251;3;18395;1;983262;0;1;291014;0;;
7253;3;179974;1;979374;0;1;258439;0;;
7255;3;176111;1;960457;0;1;234031;0;;
7257;3;172215;1;924267;0;1;226552;0;;
7259;3;168251;1;921242;0;1;219073;0;;
7261;3;164305;1;893871;0;1;211594;0;;
7263;3;158462;1;78362;0;1;197238;0;;
7265;3;151185;1;783538;0;1;176004;0;;
7267;3;141089;1;777703;0;1;145602;0;;
7269;3;131992;1;696701;0;1;79448;0;;
7271;3;124081;1;620912;0;1;65143;0;;
7273;3;116052;1;600207;0;1;54554;0;;
7275;3;105679;1;592761;0;1;54554;0;;
7277;3;90424;1;585152;0;1;22199;0;;
7279;3;45917;1;562024;0;0;9945397;0;;
7281;3;14637;1;429011;0;0;9863734;0;;
7283;2;975319;1;259403;0;0;9678022;0;;
7285;2;926687;1;142596;0;0;9602287;0;;
7287;2;893408;1;141897;0;0;9522204;0;;
7289;2;858001;1;141073;0;0;928032;0;;
7291;2;820466;1;91496;0;0;9138502;0;;
7293;2;782932;1;7925;0;0;9030957;0;;
7295;2;641513;1;59771;0;0;8787235;0;;
7297;2;390232;1;53692;0;0;8664165;0;;
7299;2;149732;1;50948;0;0;8601979;0;;
7301;2;5682;0;998185;0;0;8262721;0;;
7303;1;94001;0;9618061;0;0;8014947;0;;
7305;1;920171;0;9500336;0;0;7500693;0;;
7307;1;90054;0;94931;0;0;7219782;0;;
7309;1;881119;0;9174017;0;0;7020743;0;;
7311;1;832368;0;8676115;0;0;6364653;0;;
7313;1;755042;0;8350997;0;0;501655;0;;
7315;1;668031;0;8018976;0;0;420625;0;;
7317;1;564232;0;743549;0;0;397826;0;;
7319;1;435284;0;7420218;0;0;3303031;0;;
7321;1;304915;0;7404945;0;0;2780399;0;;
7323;1;281016;0;7392254;0;0;2729909;0;;
7325;1;257118;0;7379563;0;0;2727689;0;;
7327;1;23322;0;7366872;0;0;2685938;0;;
7329;1;209321;0;7354181;0;0;2588329;0;;
7331;1;185423;0;7218454;0;0;2482987;0;;
7333;1;161525;0;7027355;0;0;2482987;0;;
7335;1;137626;0;6836258;0;0;2383592;0;;
7337;1;113728;0;6645159;0;0;2275663;0;;
7339;1;89829;0;6454061;0;0;2167735;0;;
7341;1;65931;0;6264452;0;0;2059806;0;;
7343;1;15186;0;5685493;0;0;1901502;0;;
7345;0;735357;0;4144597;0;0;1642351;0;;
7347;0;4745326;0;3369321;0;0;1514525;0;;
7349;0;1889387;0;183019;0;0;116136;0;;
7351;0;1084947;0;1539775;0;0;9872404;0;;
7353;0;1084947;0;1539775;0;0;9872404;0;;
7355;0;1084947;0;1539775;0;0;9872404;0;;
7357;0;1084947;0;1539775;0;0;9872404;0;;
7359;0;1084947;0;1539775;0;0;9872404;0;;
7361;0;1084947;0;1539775;0;0;9872404;0;;
7363;0;1084947;0;1539775;0;0;9872404;0;;
7365;0;1084947;0;1539775;0;0;9872404;0;;
7367;0;1084947;0;1539775;0;0;9872404;0;;
7369;0;1084947;0;1539775;0;0;9872404;0;;
7371;0;1084947;0;1539775;0;0;9872404;0;;
7373;0;1084947;0;1539775;0;0;9872404;0;;
7375;0;1084947;0;1539775;0;0;9872404;0;;
7377;0;1084947;0;1539775;0;0;9872404;0;;
7379;0;1084947;0;1539775;0;0;9872404;0;;
7381;0;1084947;0;1539775;0;0;9872404;0;;
7383;0;1084947;0;1539775;0;0;9872404;0;;
7385;0;1084947;0;1539775;0;0;9872404;0;;
7387;0;1084947;0;1539775;0;0;9872404;0;;
7389;0;1084947;0;1539775;0;0;9872404;0;;
7391;0;1084947;0;1539775;0;0;9872404;0;;
7393;0;1084947;0;1539775;0;0;9872404;0;;
7395;0;1084947;0;1539775;0;0;9872404;0;;
7397;0;1084947;0;1539775;0;0;9872404;0;;
7399;0;1084947;0;1539775;0;0;9872404;0;;
7401;0;1084947;0;1539775;0;0;9872404;0;;
7403;0;1084947;0;1539775;0;0;9872404;0;;
7405;0;1084947;0;1539775;0;0;9872404;0;;
7407;0;1084947;0;1539775;0;0;9872404;0;;
7409;0;1084947;0;1539775;0;0;9872404;0;;
7411;0;1084947;0;1539775;0;0;9872404;0;;
7413;0;1084947;0;1539775;0;0;9872404;0;;
7415;0;1084947;0;1539775;0;0;9872404;0;;
7417;0;1084947;0;1539775;0;0;9872404;0;;
7419;0;1084947;0;1539775;0;0;9872404;0;;
7421;0;1084947;0;1539775;0;0;9872404;0;;
7423;0;1084947;0;1539775;0;0;9872404;0;;
7425;0;1084947;0;1539775;0;0;9872404;0;;
7427;0;1084947;0;1539775;0;0;9872404;0;;
7429;0;1084947;0;1539775;0;0;9872404;0;;
7431;0;1084947;0;1539775;0;0;9872404;0;;
7433;0;1084947;0;1539775;0;0;9872404;0;;
7435;0;1084947;0;1539775;0;0;9872404;0;;
7437;0;1084947;0;1539775;0;0;9872404;0;;
7439;0;1084947;0;1539775;0;0;9872404;0;;
7441;0;1084947;0;1539775;0;0;9872404;0;;
7443;0;1084947;0;1539775;0;0;9872404;0;;
7445;0;1084947;0;1539775;0;0;9872404;0;;
7447;0;1084947;0;1539775;0;0;9872404;0;;
7449;0;1084947;0;1539775;0;0;9872404;0;;
7451;0;1084947;0;1539775;0;0;9872404;0;;
7453;0;1084947;0;1539775;0;0;9872404;0;;
7455;0;1084947;0;1539775;0;0;9872404;0;;
7457;0;1084947;0;1539775;0;0;9872404;0;;
7459;0;1084947;0;1539775;0;0;9872404;0;;
7461;0;1084947;0;1539775;0;0;9872404;0;;
7463;0;1084947;0;1539775;0;0;9872404;0;;
7465;0;1084947;0;1539775;0;0;9872404;0;;
7467;0;1084947;0;1539775;0;0;9872404;0;;
7469;0;1084947;0;1539775;0;0;9872404;0;;
7471;0;1084947;0;1539775;0;0;9872404;0;;
7473;0;1084947;0;1539775;0;0;9872404;0;;
7475;0;1084947;0;1539775;0;0;9872404;0;;
7477;0;1084947;0;1539775;0;0;9872404;0;;
7479;0;1084947;0;1539775;0;0;9872404;0;;
7481;0;1084947;0;1539775;0;0;9872404;0;;
7483;0;1084947;0;1539775;0;0;9872404;0;;
7485;0;1084947;0;1539775;0;0;9872404;0;;
7487;0;1084947;0;1539775;0;0;9872404;0;;
7489;0;1084947;0;1539775;0;0;9872404;0;;
7491;0;1084947;0;1539775;0;0;9872404;0;;
7493;0;1084947;0;1539775;0;0;9872404;0;;
7495;0;1084947;0;1539775;0;0;9872404;0;;
7497;0;1084947;0;1539775;0;0;9872404;0;;
7499;0;1084947;0;1539775;0;0;9872404;0;;
7501;0;1084947;0;1539775;0;0;9872404;0;;
7503;0;1084947;0;1539775;0;0;9872404;0;;
7505;0;1084947;0;1539775;0;0;9872404;0;;
7507;0;1084947;0;1539775;0;0;9872404;0;;
7509;0;1084947;0;1539775;0;0;9872404;0;;
7511;0;1084947;0;1539775;0;0;9872404;0;;
7513;0;1084947;0;1539775;0;0;9872404;0;;
7515;0;1084947;0;1539775;0;0;9872404;0;;
7517;0;1084947;0;1539775;0;0;9872404;0;;
7519;0;1084947;0;1539775;0;0;9872404;0;;
7521;0;1084947;0;1539775;0;0;9872404;0;;
7523;0;1084947;0;1539775;0;0;9872404;0;;
7525;0;1084947;0;1539775;0;0;9872404;0;;
7527;0;1084947;0;1539775;0;0;9872404;0;;
7529;0;1084947;0;1539775;0;0;9872404;0;;
7531;0;1084947;0;1539775;0;0;9872404;0;;
7533;0;1084947;0;1539775;0;0;9872404;0;;
7535;0;1084947;0;1539775;0;0;9872404;0;;
7537;0;1084947;0;1539775;0;0;9872404;0;;
7539;0;1084947;0;1539775;0;0;9872404;0;;
7541;0;1084947;0;1539775;0;0;9872404;0;;
7543;0;1084947;0;1539775;0;0;9872404;0;;
7545;0;1084947;0;1539775;0;0;9872404;0;;
7547;0;1084947;0;1539775;0;0;9872404;0;;
7549;0;1084947;0;1539775;0;0;9872404;0;;
7551;0;1084947;0;1539775;0;0;9872404;0;;
7553;0;1084947;0;1539775;0;0;9872404;0;;
7555;0;1084947;0;1539775;0;0;9872404;0;;
7557;0;1084947;0;1539775;0;0;9872404;0;;
7559;0;1084947;0;1539775;0;0;9872404;0;;
7561;0;1084947;0;1539775;0;0;9872404;0;;
7563;0;1084947;0;1539775;0;0;9872404;0;;
7565;0;1084947;0;1539775;0;0;9872404;0;;
7567;0;1084947;0;1539775;0;0;9872404;0;;
7569;0;1084947;0;1539775;0;0;9872404;0;;
7571;0;1084947;0;1539775;0;0;9872404;0;;
7573;0;1084947;0;1539775;0;0;9872404;0;;
7575;0;1084947;0;1539775;0;0;9872404;0;;
7577;0;1084947;0;1539775;0;0;9872404;0;;
7579;0;1084947;0;1539775;0;0;9872404;0;;
7581;0;1084947;0;1539775;0;0;9872404;0;;
7583;0;1084947;0;1539775;0;0;9872404;0;;
7585;0;1084947;0;1539775;0;0;9872404;0;;
7587;0;1084947;0;1539775;0;0;9872404;0;;
7589;0;1084947;0;1539775;0;0;9872404;0;;
7591;0;1084947;0;1539775;0;0;9872404;0;;
7593;0;1084947;0;1539775;0;0;9872404;0;;
7595;0;1084947;0;1539775;0;0;9872404;0;;
7597;0;1084947;0;1539775;0;0;9872404;0;;
7599;0;1084947;0;1539775;0;0;9872404;0;;
7601;0;1084947;0;1539775;0;0;9872404;0;;
7603;0;1084947;0;1539775;0;0;9872404;0;;
7605;0;1084947;0;1539775;0;0;9872404;0;;
7607;0;1084947;0;1539775;0;0;9872404;0;;
7609;0;1084947;0;1539775;0;0;9872404;0;;
7611;0;1084947;0;1539775;0;0;9872404;0;;
7613;0;1084947;0;1539775;0;0;9872404;0;;
7615;0;1084947;0;1539775;0;0;9872404;0;;
7617;0;1084947;0;1539775;0;0;9872404;0;;
7619;0;1084947;0;1539775;0;0;9872404;0;;
7621;0;1084947;0;1539775;0;0;9872404;0;;
7623;0;1084947;0;1539775;0;0;9872404;0;;
7625;0;1084947;0;1539775;0;0;9872404;0;;
7627;0;1084947;0;1539775;0;0;9872404;0;;
7629;0;1084947;0;1539775;0;0;9872404;0;;
7631;0;1084947;0;1539775;0;0;9872404;0;;
7633;0;1084947;0;1539775;0;0;9872404;0;;
7635;0;1084947;0;1539775;0;0;9872404;0;;
7637;0;1084947;0;1539775;0;0;9872404;0;;
7639;0;1084947;0;1539775;0;0;9872404;0;;
7641;0;1084947;0;1539775;0;0;9872404;0;;
7643;0;1084947;0;1539775;0;0;9872404;0;;
7645;0;1084947;0;1539775;0;0;9872404;0;;
7647;0;1084947;0;1539775;0;0;9872404;0;;
7649;0;1084947;0;1539775;0;0;9872404;0;;
7651;0;1084947;0;1539775;0;0;9872404;0;;
7653;0;1084947;0;1539775;0;0;9872404;0;;
7655;0;1084947;0;1539775;0;0;9872404;0;;
7657;0;1084947;0;1539775;0;0;9872404;0;;
7659;0;1084947;0;1539775;0;0;9872404;0;;
7661;0;1084947;0;1539775;0;0;9872404;0;;
7663;0;1084947;0;1539775;0;0;9872404;0;;
7665;0;1084947;0;1539775;0;0;9872404;0;;
7667;0;1084947;0;1539775;0;0;9872404;0;;
7669;0;1084947;0;1539775;0;0;9872404;0;;
7671;0;1084947;0;1539775;0;0;9872404;0;;
7673;0;1084947;0;1539775;0;0;9872404;0;;
7675;0;1084947;0;1539775;0;0;9872404;0;;
7677;0;1084947;0;1539775;0;0;9872404;0;;
7679;0;1084947;0;1539775;0;0;9872404;0;;
7681;0;1084947;0;1539775;0;0;9872404;0;;
7683;0;1084947;0;1539775;0;0;9872404;0;;
7685;0;1084947;0;1539775;0;0;9872404;0;;
7687;0;1084947;0;1539775;0;0;9872404;0;;
7689;0;1084947;0;1539775;0;0;9872404;0;;
7691;0;1084947;0;1539775;0;0;9872404;0;;
7693;0;1084947;0;1539775;0;0;9872404;0;;
7695;0;1084947;0;1539775;0;0;9872404;0;;
7697;0;1084947;0;1539775;0;0;9872404;0;;
7699;0;1084947;0;1539775;0;0;9872404;0;;
7701;0;1084947;0;1539775;0;0;9872404;0;;
7703;0;1084947;0;1539775;0;0;9872404;0;;
7705;0;1084947;0;1539775;0;0;9872404;0;;
7707;0;1084947;0;1539775;0;0;9872404;0;;
7709;0;1084947;0;1539775;0;0;9872404;0;;
7711;0;1084947;0;1539775;0;0;9872404;0;;
7713;0;1084947;0;1539775;0;0;9872404;0;;
7715;0;1084947;0;1539775;0;0;9872404;0;;
7717;0;1093261;0;1837334;0;0;1228608;0;;
7719;0;1700845;0;3852676;0;0;1509452;0;;
7721;0;1936927;0;7985942;0;0;1837334;0;;
7723;0;2104369;0;8739298;0;0;2299996;0;;
7725;0;2336172;0;8913158;0;0;3364329;0;;
7727;0;2414673;0;8968775;0;0;4550144;0;;
7729;0;2452367;0;8972282;0;0;5595626;0;;
7731;0;2471457;0;9859695;0;0;6431686;0;;
7733;0;2474596;0;9973311;0;0;7177776;0;;
7735;0;2476335;0;9972335;0;0;8008532;0;;
7737;0;2474798;1;2681;0;0;8037791;0;;
7739;0;2473261;1;2661;0;0;8067049;0;;
7741;0;2471724;1;2641;0;0;8096307;0;;
7743;0;2470187;1;2621;0;0;8125565;0;;
7745;0;246865;1;2601;0;0;8154824;0;;
7747;0;2467113;1;2581;0;0;8184082;0;;
7749;0;2465576;1;2561;0;0;821334;0;;
7751;0;2464039;1;2541;0;0;8242598;0;;
7753;0;2462502;1;2521;0;0;8271856;0;;
7755;0;2460965;1;2501;0;0;8301115;0;;
7757;0;2459428;1;2481;0;0;8330373;0;;
7759;0;2508205;1;19147;0;0;8499582;0;;
7761;0;2525051;1;91467;0;0;8840168;0;;
7763;0;3139822;1;139737;0;0;9135108;0;;
7765;0;5167652;1;229325;0;0;945985;0;;
7767;0;7500224;1;416946;0;1;18799;0;;
7769;0;7800613;1;613615;0;1;209552;0;;
7771;0;8254946;1;864556;0;1;291379;0;;
7773;0;8870099;1;927618;0;1;560892;0;;
7775;0;9429004;2;4159;0;1;634842;0;;
7777;0;9878339;2;205491;0;1;681769;0;;
7779;1;50279;2;370867;0;1;750157;0;;
7781;1;132936;2;547336;0;1;875721;0;;
7783;1;231691;2;64169;0;1;921864;0;;
7785;1;329606;2;722653;0;1;98385;0;;
7787;1;42712;2;801845;0;2;32422;0;;
7789;1;437339;2;840196;0;2;117957;0;;
7791;1;447558;2;839864;0;2;125252;0;;
7793;1;457775;2;839533;0;2;126165;0;;
7795;1;467993;2;845789;0;2;127077;0;;
7797;1;478211;2;86184;0;2;172194;0;;
7799;1;488428;2;866758;0;2;178483;0;;
7801;1;498646;2;893941;0;2;184532;0;;
7803;1;508864;2;909991;0;2;207068;0;;
7805;1;529074;2;931646;0;2;364094;0;;
7807;1;542852;2;967011;0;2;526819;0;;
7809;1;558687;2;984771;0;2;574134;0;;
7811;1;570404;3;1295;0;2;580347;0;;
7813;1;609877;3;21767;0;2;627157;0;;
7815;1;620263;3;38641;0;2;723371;0;;
7817;1;621991;3;198196;0;2;798903;0;;
7819;1;624789;3;317148;0;2;873038;0;;
7821;1;626413;3;322097;0;2;878095;0;;
7823;1;626304;3;331585;0;2;883007;0;;
7825;1;626604;3;357549;0;2;926464;0;;
7827;1;62809;3;396827;0;2;993776;1.776357E-15;;
7829;1;628793;3;714653;0;3;1806;1.776357E-15;;
7831;1;627952;3;719869;0;3;1851;1.776357E-15;;
7833;1;627111;3;749359;0;3;24599;1.776357E-15;;
7835;1;62627;3;796268;0;3;27093;1.776357E-15;;
7837;1;625429;3;800748;0;3;29587;1.776357E-15;;
7839;1;624588;3;805229;0;3;32081;1.776357E-15;;
7841;1;623747;3;809709;0;3;34575;1.776357E-15;;
7843;1;623377;3;817163;0;3;43849;1.776357E-15;;
7845;1;623449;3;826977;0;3;56705;1.776357E-15;;
7847;1;624614;3;900762;0;3;108013;1.776357E-15;;
7849;1;624713;3;982253;0;3;165159;6.661338E-15;;
7851;1;625352;4;600045;0;3;289944;6.661338E-15;;
7853;1;626243;4;645925;0;3;412632;1.421085E-14;;
7855;1;625872;4;706951;0;3;459074;3.293782E-06;;
7857;1;625233;4;715184;0;3;573224;1.006394E-05;;
7859;1;624352;4;72373;0;3;579746;3.019183E-05;;
7861;1;623472;4;732276;0;3;586269;3.359279E-05;;
7863;1;622591;4;740822;0;3;602385;3.292759E-05;;
7865;1;62171;4;749368;0;3;646461;3.226239E-05;;
7867;1;62083;4;765144;0;3;655633;3.446574E-05;;
7869;1;621306;4;773532;0;3;705082;8.91359E-05;;
7871;1;622098;4;782268;0;3;831395;0;1836147;
7873;1;621632;4;783102;0;3;831925;0;1837931;
7875;1;621167;4;783936;0;3;832455;0;1839716;
7877;1;620701;4;78477;0;3;832984;0;1841501;
7879;1;620236;4;785604;0;3;833514;0;1843286;
7881;1;61977;4;786438;0;3;833987;0;1845071;
7883;1;628635;4;787272;0;3;850238;0;1855993;
7885;1;651169;4;787888;0;3;850092;0;1864083;
7887;1;711509;4;788503;0;3;849946;0;193698;
7889;1;713255;4;789118;0;3;8498;0;1936893;
7891;1;715002;4;78994;0;3;849654;0;1936807;
7893;1;716749;4;793211;0;3;849508;0;193672;
7895;1;718495;4;796484;0;3;849362;0;1936634;
7897;1;720242;4;799756;0;3;849216;0;1936547;
7899;1;721989;4;803028;0;3;849069;0;1936461;
7901;1;723735;4;8063;0;3;848923;0;1936374;
7903;1;725482;4;809571;0;3;848777;0;1936288;
7905;1;727229;4;812843;0;3;848631;0;1936201;
7907;1;728976;4;816115;0;3;848485;0;1936115;
7909;1;730722;4;820086;0;3;848339;0;1936028;
7911;1;732469;4;825955;0;3;848193;0;1935941;
7913;1;734215;4;831824;0;3;848047;0;1923958;
7915;1;735962;4;837694;0;3;847901;0;1911408;
7917;1;736878;4;843563;0;3;843575;0;1898858;
7919;1;677866;4;849432;0;3;844105;0;1886308;
7921;1;656004;4;855301;0;3;844634;0;1873758;
7923;1;641007;4;842291;0;3;845164;0;1869388;
7925;1;619573;4;834208;0;3;845693;0;1869522;
7927;1;61347;4;800809;0;3;846223;0;1869655;
7929;1;611447;4;801424;0;3;846752;0;1859868;
7931;1;611285;4;802039;0;3;837315;0;186005;
7933;1;612718;4;802655;0;3;838958;0;1858631;
7935;1;61429;4;803268;0;3;84644;0;1858826;
7937;1;616191;4;803881;0;3;844348;0;185902;
7939;1;618091;4;804492;0;3;843889;0;1859215;
7941;1;619991;4;805105;0;3;845533;0;185941;
7943;1;621892;4;805717;0;3;847177;0;1859604;
7945;1;623792;4;806329;0;3;84882;0;1859799;
7947;1;625693;4;806941;0;3;850464;0;1859993;
7949;1;627593;4;807553;0;3;852048;0;1860188;
7951;1;629493;4;808165;0;3;852577;0;1860383;
7953;1;631394;4;808777;0;3;853107;0;1860577;
7955;1;633294;4;80939;0;3;853637;0;1860772;
7957;1;635194;4;810001;0;3;866205;0;1860967;
7959;1;632064;4;813694;0;3;900153;0;1846498;
7961;1;632127;4;820473;0;3;866429;0;1597075;
7963;1;572398;4;752644;0;3;86692;0;1575978;
7965;1;371363;4;769766;0;3;832823;0;133183;
7967;1;139854;4;804464;0;3;797588;9.258636E-05;;
7969;1;111563;4;813805;0;3;738433;9.209904E-05;;
7971;1;67877;4;757996;0;3;671554;1.203275E-05;;
7973;1;811;4;586413;0;3;610877;1.203275E-05;;
7975;0;9539674;4;429955;0;3;560232;1.285816E-06;;
7977;0;9107818;4;402596;0;3;485748;6.661338E-15;;
7979;0;8500843;4;397935;0;3;41011;3.108624E-15;;
7981;0;7691752;4;208209;0;3;25912;1.776357E-15;;
7983;0;6721684;4;93765;0;3;89609;1.110223E-16;;
7985;0;5760037;4;90943;0;3;239729;1.110223E-16;;
7987;0;4802392;4;77291;0;3;114676;1.776357E-15;;
7989;0;4717687;3;946812;0;3;14631;1.776357E-15;;
7991;0;4632981;4;241333;0;3;275043;1.776357E-15;;
7993;0;4548284;4;253232;0;3;272127;1.776357E-15;;
7995;0;4463586;4;266095;0;3;274445;1.776357E-15;;
7997;0;4378889;4;273644;0;3;276763;1.776357E-15;;
7999;0;4294191;4;281194;0;3;267148;1.776357E-15;;
8001;0;4209494;4;288743;0;3;252152;1.776357E-15;;
8003;0;4124796;4;296293;0;3;237157;1.776357E-15;;
8005;0;3940175;4;232634;0;3;14183;1.776357E-15;;
8007;0;3819873;4;232504;0;3;11546;1.776357E-15;;
8009;0;3679004;4;194082;0;3;58954;0;;
8011;0;3606104;4;175315;0;3;112021;1.110223E-16;;
8013;0;3282535;4;120074;0;3;159384;0;;
8015;0;3248698;4;131355;0;3;14626;0;;
8017;0;3301421;3;975415;0;3;7885;0;;
8019;0;3343452;3;975172;0;3;1898;0;;
8021;0;3397211;3;801283;0;2;972646;0;;
8023;0;3468306;3;6963;0;2;973179;0;;
8025;0;3535312;3;628174;0;2;924028;0;;
8027;0;3590452;3;628109;0;2;892098;0;;
8029;0;3653433;3;580826;0;2;761124;0;;
8031;0;3731847;3;580358;0;2;760175;0;;
8033;0;3810261;3;57989;0;2;759226;0;;
8035;0;3888674;3;579423;0;2;758277;0;;
8037;0;3967088;3;578955;0;2;757328;0;;
8039;0;4045502;3;578487;0;2;756379;0;;
8041;0;4123915;3;578019;0;2;754663;0;;
8043;0;4197621;3;577552;0;2;74752;0;;
8045;0;4266903;3;57701;0;2;753531;0;;
8047;0;4325259;3;379111;0;2;660928;0;;
8049;0;4394278;3;283855;0;2;593604;0;;
8051;0;4457885;3;182585;0;2;524067;0;;
8053;0;451965;3;122915;0;2;33202;0;;
8055;0;459443;3;92662;0;2;324486;0;;
8057;0;4671611;3;78746;0;2;280818;0;;
8059;0;5549394;3;242037;0;2;386395;0;;
8061;0;6148371;3;234548;0;2;52685;0;;
8063;0;6378838;3;472141;0;2;657895;0;;
8065;0;6608902;3;485409;0;2;64905;0;;
8067;0;6838964;3;459872;0;2;604475;0;;
8069;0;7055466;3;4598;0;2;489618;0;;
8071;0;7268805;3;145395;0;2;256449;0;;
8073;0;7494719;3;142427;0;2;261389;0;;
8075;0;7720634;3;139461;0;2;262778;0;;
8077;0;7946548;3;136493;0;2;260102;0;;
8079;0;8172462;3;133526;0;2;261111;0;;
8081;0;8398377;3;105546;0;2;260278;0;;
8083;0;8530985;2;969035;0;2;255214;0;;
8085;0;8526902;2;968989;0;2;193794;0;;
8087;0;8144767;2;969412;0;2;194658;0;;
8089;0;8348559;2;970303;0;2;195739;0;;
8091;0;855235;2;971194;0;2;202541;0;;
8093;0;8756142;2;972085;0;2;209344;0;;
8095;0;8959934;2;972975;0;2;216146;0;;
8097;0;9163726;2;973866;0;2;222949;0;;
8099;0;9367518;2;974757;0;2;229751;0;;
8101;0;957131;2;975648;0;2;233552;0;;
8103;0;9775102;2;976539;0;2;235023;0;;
8105;0;9978894;2;97743;0;2;236493;0;;
8107;1;18269;2;97832;0;2;237963;0;;
8109;1;38648;2;979211;0;2;239434;0;;
8111;1;59027;2;988071;0;2;240904;0;;
8113;1;79406;2;998068;0;2;242374;0;;
8115;1;99785;3;8065;0;2;240959;0;;
8117;1;120165;3;18062;0;2;236792;0;;
8119;1;140544;3;45408;0;2;232625;0;;
8121;1;160982;3;130245;0;2;277508;0;;
8123;1;181358;3;176495;0;2;31527;0;;
8125;1;235729;3;212545;0;2;405077;0;;
8127;1;29223;3;249188;0;2;446147;0;;
8129;1;350855;3;484814;0;2;612686;0;;
8131;1;409478;3;493147;0;2;675317;0;;
8133;1;464887;3;497394;0;2;757882;0;;
8135;1;517083;3;551891;0;2;772959;0;;
8137;1;535984;3;672367;0;2;87962;0;;
8139;1;546987;3;77643;0;2;952945;0;;
8141;1;550092;3;816545;0;2;960664;0;;
8143;1;551874;3;890229;0;2;996606;0;;
8145;1;552321;3;970095;0;3;24833;0;;
8147;1;552767;3;988031;0;3;41869;0;;
8149;1;552621;4;73195;0;3;59246;0;;
8151;1;552464;4;72448;0;3;8055;0;;
8153;1;552304;4;69984;0;3;8714;0;;
8155;1;552143;4;6752;0;3;93729;0;;
8157;1;551983;4;82761;0;3;89212;0;;
8159;1;551822;4;87914;0;3;99685;0;;
8161;1;550192;4;80628;0;3;103518;0;;
8163;1;548562;4;121255;0;3;209392;0;;
8165;1;546933;4;86757;0;3;236351;0;;
8167;1;545301;4;10247;0;3;241821;0;;
8169;1;54367;4;20534;0;3;268093;0;;
8171;1;542038;4;57757;0;3;272442;0;;
8173;1;540407;4;50103;0;3;27679;0;;
8175;1;538776;4;71124;0;3;30842;0;;
8177;1;537145;4;120875;0;3;415529;0;;
8179;1;535513;4;168647;0;3;427946;0;;
8181;1;53593;4;28325;0;3;466417;0;;
8183;1;538396;4;45457;0;3;655257;0;;
8185;1;539201;4;523774;0;3;581359;0;;
8187;1;538381;4;47724;0;3;689594;0;;
8189;1;535935;4;416018;0;3;685853;0;;
8191;1;533491;4;213906;0;3;60101;2.220446E-15;;
8193;1;531047;4;481818;0;3;727204;2.220446E-15;;
8195;1;528602;4;848451;0;3;743822;2.220446E-15;;
8197;1;526156;4;860512;0;3;748736;2.220446E-15;;
8199;1;52371;4;872574;0;3;755624;2.220446E-15;;
8201;1;521265;4;907179;0;3;771892;2.220446E-15;;
8203;1;518819;4;9381;0;3;788406;6.216891E-08;;
8205;1;516374;4;952956;0;3;809838;2.017028E-06;;
8207;1;513928;4;951748;0;3;841505;2.046721E-06;;
8209;1;511482;4;950874;0;3;862535;3.188278E-06;;
8211;1;5069;4;941963;0;3;880563;3.543631E-06;;
8213;1;50017;4;96195;0;3;843867;2.211566E-06;;
8215;1;493555;4;982545;0;3;86618;9.47165E-06;;
8217;1;486303;4;983414;0;3;889403;1.89433E-05;;
8219;1;478413;4;983214;0;3;935364;2.841495E-05;;
8221;1;470523;4;983015;0;3;962245;5.170512E-05;;
8223;1;462634;5;65496;0;3;980416;8.60767E-05;;
8225;1;454744;5;87279;0;4;12305;0;109605;
8227;1;446854;5;238417;0;4;8675;0;1440657;
8229;1;438964;5;247132;0;4;13638;0;1744241;
8231;1;431073;5;243062;0;4;186884;0;1746339;
8233;1;423183;5;24477;0;4;191199;0;1748436;
8235;1;415292;5;246479;0;4;195513;0;202099;
8237;1;407402;5;248187;0;4;199828;0;2087356;
8239;1;399511;5;249896;0;4;210334;0;2093333;
8241;1;391621;5;251605;0;4;22141;0;2099311;
8243;1;38373;5;253313;0;4;221525;0;2105289;
8245;1;37584;5;255022;0;4;217085;0;2111267;
8247;1;367949;5;25673;0;4;221399;0;2117245;
8249;1;360059;5;258439;0;4;225714;0;2123223;
8251;1;352168;5;298114;0;4;234068;0;2122346;
8253;1;344211;5;358246;0;4;260449;0;2341534;
8255;1;336215;5;587814;0;4;325844;0;659677;
8257;1;329607;5;648215;0;4;268701;0;2480183;
8259;1;243018;5;66587;0;4;166082;0;1681052;
8261;1;184564;5;701542;0;4;164655;0;2774555;
8263;1;162107;5;711567;0;4;183596;0;1860387;
8265;1;139844;5;721351;0;4;222664;0;2243874;
8267;1;117734;5;729992;0;4;26836;0;3028259;
8269;1;9566;5;763237;0;4;302247;0;3813786;
8271;1;7357;5;852916;0;4;458816;0;5904312;
8273;1;5143;6;11068;0;4;569208;0;1310829;
8275;1;29372;6;2059;0;4;642282;0;136297;
8277;1;7837;6;27288;0;4;659162;0;1350772;
8279;0;9867464;6;31669;0;4;745442;0;1822948;
8281;0;9775643;6;256362;0;4;767882;0;3091351;
8283;0;9909566;6;340744;0;4;857206;0;5209415;
8285;0;9935949;6;350295;0;4;876092;0;7016865;
8287;1;8818;6;403604;0;5;6421;0;8093012;
8289;1;639;6;526392;0;5;101007;0;7981573;
8291;1;105092;6;547253;0;5;184324;0;973525;
8293;1;278548;6;770567;0;5;261389;0;120567;
8295;1;433056;6;789588;0;5;28662;0;1423437;
8297;1;591536;6;789651;0;5;307093;0;1418157;
8299;1;61101;6;789695;0;5;42037;0;1673326;
8301;1;635535;6;793507;0;5;543138;0;1861834;
8303;1;648805;6;812901;0;5;5708;0;1849588;
8305;1;633855;6;821071;0;5;619536;0;2025005;
8307;1;618906;6;87139;0;5;793703;0;2302907;
8309;1;610251;7;7298;0;5;866862;0;2302681;
8311;1;59007;7;89537;0;5;907628;0;268372;
8313;1;569888;7;94882;0;5;946083;0;2799999;
8315;1;549706;7;108372;0;5;963437;0;2848141;
8317;1;529524;7;121869;0;5;986196;0;3124394;
8319;1;509412;7;136515;0;6;978;0;3459752;
8321;1;489313;7;140547;0;6;29451;0;3985614;
8323;1;469277;7;143333;0;6;35505;0;3835596;
8325;1;415244;7;145132;0;6;25228;0;3685578;
8327;1;359084;7;147448;0;5;985798;0;3163721;
8329;1;302395;7;168482;0;5;997483;0;3217662;
8331;1;243123;7;258002;0;6;5044;0;3202353;
8333;1;186374;7;254274;0;6;4035;0;2979663;
8335;1;132009;7;201404;0;6;34022;0;2616755;
8337;1;110868;7;173767;0;5;985844;0;2767683;
8339;1;97552;7;200768;0;5;981646;0;3493624;
8341;1;92134;7;27959;0;5;952455;0;3755436;
8343;1;8804;7;5355;0;5;927377;0;4017248;
8345;1;8528;6;994271;0;5;931341;0;3294927;
8347;1;83472;6;976514;0;5;828038;0;2881776;
8349;1;82244;6;901717;0;5;754468;0;3224605;
8351;1;81016;6;958657;0;5;81777;0;3051273;
8353;1;79715;6;971592;0;5;839589;0;4495389;
8355;1;78497;7;175637;0;5;853571;0;5226975;
8357;1;77288;7;18545;0;6;1414;0;8443075;
8359;1;7526;7;177658;0;5;907917;0;8403515;
8361;1;74701;7;188171;0;5;931625;0;8785019;
8363;1;74141;7;19495;0;5;968505;0;8703494;
8365;1;73581;7;178528;0;5;989937;0;8379649;
8367;1;73023;7;171671;0;6;3794;0;7988726;
8369;1;72464;7;262296;3.047862E-06;6;14074;0;8283648;
8371;1;71906;7;296716;0;190261;5;998541;0;8609807
8373;1;72051;7;319631;0;1830828;5;979327;0;8935966
8375;1;72901;7;372189;8.664546E-05;5;918587;0;9049997;
8377;1;73751;7;420114;4.49678E-05;5;946516;0;9114304;
8379;1;74608;7;485387;4.64661E-05;5;94535;0;9148549;
8381;1;73406;7;753733;4.740358E-05;5;979748;0;1055281;
8383;1;70149;7;311675;4.834106E-05;6;21463;0;1366572;
8385;1;68551;7;337905;4.927854E-05;6;11384;0;1154089;
8387;1;68579;7;561612;0;2848626;6;14349;0;1359551
8389;1;73885;7;907985;0;2926917;5;974203;0;1324409
8391;1;77906;7;983249;0;7834929;5;966118;0;9539321
8393;1;80642;7;692616;0;7852888;5;92415;0;9312019
8395;1;83384;7;642033;0;7567764;5;921939;0;9343041
8397;1;86179;7;762757;0;7159404;5;974295;0;9410203
8399;1;89017;7;880943;0;6751045;6;265922;0;9911817
8401;1;91854;7;820611;0;2927884;6;91909;0;9227071
8403;1;96284;7;760523;0;2934641;6;81555;0;8007345
8405;1;102307;7;741286;0;2937609;6;9339;0;9293317
8407;1;105192;7;677751;0;2936929;6;106061;0;9945931
8409;1;108077;7;635555;0;2997506;6;62637;0;1009815
8411;1;11042;7;553607;0;2318202;6;5468;0;1030862
8413;1;115412;7;616348;0;179634;6;31426;0;1062256
8415;1;118812;7;68;7.132637E-05;5;959041;0;109365;
8417;1;121251;7;712867;5.533248E-06;5;967091;0;1125044;
8419;1;12433;7;837694;4.01084E-05;6;684;0;1205393;
8421;1;127487;7;788146;5.516976E-06;6;20554;0;1268689;
8423;1;130718;7;750956;5.375474E-06;6;205575;0;1343212;
8425;1;133947;7;725662;5.375474E-06;6;192621;0;1374983;
8427;1;138905;7;590646;0;6;119503;0;1311042;
8429;1;145564;7;619053;0;6;4132;0;1389463;
8431;1;15243;7;661528;0;6;58817;0;1554901;
8433;1;159278;7;697339;5.2451E-06;6;96902;0;1632419;
8435;1;166107;7;711865;5.2451E-06;6;212875;0;1820719;
8437;1;172641;7;711489;5.2451E-06;6;27319;0;1954354;
8439;1;178789;7;715815;1.058637E-05;6;280141;0;2070769;
8441;1;18455;7;724844;3.175911E-05;6;313189;0;2257075;
8443;1;187148;7;724092;7.720782E-05;6;327676;0;2389989;
8445;1;189746;7;724978;0;1226565;6;374883;0;2405763
8447;1;192344;7;727503;0;1681053;6;404783;0;2565813
8449;1;193706;7;729756;0;1681053;6;456312;0;2717601
8451;1;195067;7;723887;0;2085968;6;408692;0;2680781
8453;1;196428;7;717064;0;2598426;6;417674;0;2643962
8455;1;197789;7;552136;0;2638222;6;479642;0;2625534
8457;1;197642;7;518494;0;2659857;6;384237;0;2383517
8459;1;197506;7;772932;0;2629066;6;359093;0;2234631
8461;1;197117;7;859967;0;247545;6;288997;0;2121771
8463;1;197853;7;860909;0;2404176;6;180861;0;2062276
8465;1;198707;7;855817;0;2331578;6;15258;0;1810511
8467;1;198392;7;851185;0;226451;6;122978;0;1707112
8469;1;198042;7;869504;0;2203539;6;117907;0;1611604
8471;1;197708;7;905552;5.211057E-06;6;195507;0;1370032;
8473;1;19697;7;823235;4.4494E-06;6;154874;0;1327905;
8475;1;196151;7;781806;7.105427E-15;6;128844;0;1342534;
8477;1;194807;7;790985;7.105427E-15;6;162589;0;1144911;
8479;1;19303;7;927267;7.105427E-15;6;290254;0;1326752;
8481;1;179379;7;99615;7.105427E-15;6;277406;0;1003729;
8483;1;143189;8;7753;7.105427E-15;6;266728;0;7253541;
8485;1;117754;8;104664;7.105427E-15;6;298714;0;7024941;
8487;1;79565;8;13054;7.105427E-15;6;255093;0;6912889;
8489;1;1349;8;23378;0;6;269055;0;6453438;
8491;0;9370234;7;744661;0;6;290199;0;6153145;
8493;0;7404335;7;585351;0;6;252233;0;5706177;
8495;0;5627894;7;487493;0;6;277958;0;5753596;
8497;0;3811731;7;514223;0;6;439369;0;564665;
8499;0;3385611;7;534254;3.552714E-15;6;357997;0;5510324;
8501;0;2908978;7;439656;0;6;272999;0;5134504;
8503;0;2544581;7;428051;3.552714E-15;6;202245;0;498821;
8505;0;2462375;7;386456;3.552714E-15;6;184726;0;4718065;
8507;0;2380169;7;106826;3.552714E-15;6;158295;0;4513966;
8509;0;2235024;7;109262;3.552714E-15;6;98605;0;4777265;
8511;0;2205143;7;113689;7.105427E-15;6;75297;0;4173588;
8513;0;2175374;7;147395;7.105427E-15;6;19668;0;4009005;
8515;0;2145135;7;129135;3.552714E-15;5;998911;0;376122;
8517;0;2114894;7;33378;3.552714E-15;5;996582;0;3425372;
8519;0;2083948;7;8559;3.552714E-15;5;968856;0;3407921;
8521;0;2052284;7;130754;3.552714E-15;5;957821;0;4377786;
8523;0;2020625;7;137294;3.552714E-15;5;948851;0;4370425;
8525;0;1988967;7;147955;3.552714E-15;5;991844;0;4354417;
8527;0;1957268;7;158993;3.552714E-15;5;99066;0;4337886;
8529;0;1909594;7;166494;3.552714E-15;5;989475;0;4441833;
8531;0;1887783;7;439154;3.552714E-15;5;9958;0;460119;
8533;0;1872876;7;141612;0;6;9808;0;4456966;
8535;0;1866259;7;13253;0;5;91175;0;5007374;
8537;0;1860368;7;142742;0;5;956406;0;5654375;
8539;0;1855219;7;1639;0;5;954731;0;6267115;
8541;0;185016;7;149994;0;6;64208;0;7918817;
8543;0;1845188;7;134426;7.105427E-15;6;88066;0;7860124;
8545;0;1840316;7;209316;3.500056E-06;6;110861;0;6954405;
8547;0;1825869;7;349976;3.465934E-06;6;181624;0;9139121;
8549;0;1811684;7;4279;3.393918E-06;6;26741;0;7587122;
8551;0;1797506;7;634796;3.338066E-06;6;287244;0;8666517;
8553;0;1783963;7;485152;3.303328E-06;6;209877;0;7560167;
8555;0;1769851;7;311963;3.281036E-06;6;277898;0;687108;
8557;0;1755451;7;475002;3.270768E-06;6;284781;0;6479629;
8559;0;1749335;7;46084;3.268505E-06;6;346831;0;7226065;
8561;0;1743327;7;529586;3.267018E-06;6;499333;0;684625;
8563;0;1737953;7;597538;3.266306E-06;6;402956;0;7057818;
8565;0;1732661;7;731619;3.265593E-06;6;393055;0;7062384;
8567;0;1727018;7;722081;3.264881E-06;6;331317;0;7067896;
8569;0;1721478;7;476702;3.262796E-06;6;334376;0;7791832;
8571;0;1717505;7;5502;0;6;295053;0;8682208;
8573;0;1705523;7;712522;3.261358E-06;6;333581;0;9375579;
8575;0;1686394;7;918384;6.990412E-06;6;339946;0;1018293;
8577;0;166657;7;923796;7.007125E-06;6;350887;0;1137675;
8579;0;1646682;7;928144;6.990095E-06;6;406625;0;1192692;
8581;0;162719;7;894811;7.006592E-06;6;393661;0;1192118;
8583;0;1607522;7;819776;3.224724E-06;6;328958;0;98621;
8585;0;1587649;7;796297;3.206786E-06;6;273091;0;1005266;
8587;0;1567776;7;770943;6.81904E-06;6;194205;0;9551166;
8589;0;151121;7;755197;6.716295E-06;6;202982;0;9341464;
8591;0;1467331;7;724949;2.841666E-06;6;113324;0;8080301;
8593;0;1436295;7;404891;2.635865E-06;6;88176;0;8138739;
8595;0;1405222;7;139385;2.505953E-06;6;17653;0;7402413;
8597;0;137362;7;116856;0;5;98432;0;5546509;
8599;0;134159;7;123625;0;5;950919;0;567825;
8601;0;130959;7;164344;0;5;944444;0;6769163;
8603;0;1261648;7;174356;0;5;920311;0;7207551;
8605;0;1198028;6;997629;0;5;897424;0;6704926;
8607;0;1165792;7;176905;0;5;886414;0;6926805;
8609;0;1133543;7;62405;0;5;873068;0;6580539;
8611;0;1102903;7;36944;0;5;889385;0;7470433;
8613;0;1043081;7;128754;0;5;918771;0;7818177;
8615;0;1002788;7;17092;0;5;948051;0;7806853;
8617;0;9855188;7;15124;0;5;961387;0;8318776;
8619;0;9643516;7;118396;0;5;964184;0;6847194;
8621;0;9369523;7;8128;0;5;880555;0;7959339;
8623;0;9095287;7;41367;0;5;907561;0;7423455;
8625;0;881754;6;958794;0;5;89051;0;5655196;
8627;0;8363109;7;101464;0;5;8782;0;5473512;
8629;0;778472;7;187529;0;5;92425;0;4647925;
8631;0;717365;7;179269;0;5;949415;0;5116499;
8633;0;6506543;7;170552;0;5;963075;0;4915265;
8635;0;5841301;7;153551;0;5;954218;0;4819122;
8637;0;5205504;7;63205;3.552714E-15;5;941065;0;4546366;
8639;0;4608377;6;959774;3.552714E-15;5;971859;0;3009901;
8641;0;4138218;6;975828;3.552714E-15;5;984956;0;3009901;
8643;0;4117466;7;229653;3.552714E-15;6;42056;0;4456637;
8645;0;4035451;7;268627;3.552714E-15;6;54409;0;4500083;
8647;0;3837046;7;295203;2.775558E-17;6;78079;0;4473642;
8649;0;3762486;7;47548;2.775558E-17;6;209352;0;914907;
8651;0;3752543;7;629255;2.775558E-17;6;252672;0;9148183;
8653;0;3777659;7;686487;0;6;28452;0;913264;
8655;0;37732;7;877615;0;6;355713;0;9140647;
8657;0;3885689;7;895215;0;6;427927;0;914012;
8659;0;3935583;7;867874;0;6;378458;0;9150925;
8661;0;3991303;7;701105;0;6;333837;0;9150925;
8663;0;4025743;7;648003;0;6;350891;0;9267138;
8665;0;4036926;7;89988;0;6;372064;0;9277371;
8667;0;4149004;8;345407;0;6;502466;0;9149709;
8669;0;426049;8;412151;0;6;48651;0;93165;
8671;0;4469639;8;765429;0;6;492194;0;93165;
8673;0;4807867;8;787672;0;6;503883;0;9313513;
8675;0;495238;8;816037;0;6;503595;0;1149637;
8677;0;5263002;8;834662;0;6;48019;0;1083797;
8679;0;5398944;8;837583;0;6;482093;0;9330658;
8681;0;5601813;8;859897;0;6;516313;0;9335489;
8683;0;5595159;8;854115;0;6;542587;0;933773;
8685;0;5588504;8;83219;0;6;531578;0;9808801;
8687;0;5598668;8;8043;0;6;559613;0;1136725;
8689;0;5625649;8;738389;0;6;60671;0;108428;
8691;0;565263;8;670518;0;6;65957;0;1256922;
8693;0;5679696;8;488433;0;6;824302;0;93404;
8695;0;5882198;8;220593;0;6;947891;0;9332091;
8697;0;5924624;7;991765;2.775558E-17;6;884126;0;7516138;
8699;0;5967186;7;969577;2.775558E-17;6;805017;0;6895996;
8701;0;6009747;7;967179;2.775558E-17;6;832356;0;660131;
8703;0;6152851;7;97538;1.514248E-06;6;795605;0;7290515;
8705;0;6157245;7;976863;1.47503E-06;6;79422;0;7166869;
8707;0;616164;7;978346;0;6;807656;0;6327509;
8709;0;6166034;7;979186;0;6;796255;0;6437652;
8711;0;6170345;7;980409;0;6;788728;0;5989638;
8713;0;6173599;7;982016;0;6;782534;0;4961291;
8715;0;6181612;7;982689;0;6;77874;0;471683;
8717;0;6189625;7;983362;0;6;73972;0;447237;
8719;0;6197638;7;984035;0;6;731626;0;4227909;
8721;0;6205651;7;978468;0;6;727486;0;3612907;
8723;0;6213641;7;972035;0;6;725306;0;3685736;
8725;0;6221607;8;222808;0;6;718345;0;3140374;
8727;0;6229992;8;400877;0;6;660317;0;2682506;
8729;0;6238287;8;201737;0;6;479512;0;1847586;
8731;0;6246696;8;6008;0;6;479135;0;184727;
8733;0;6255106;8;82625;0;6;372088;0;1720743;
8735;0;6395758;7;953218;0;6;366187;0;1635053;
8737;0;6449668;7;924941;0;6;364123;0;1556109;
8739;0;6481289;7;865998;0;6;351564;0;1468437;
8741;0;6489963;7;808307;0;6;323703;0;1424357;
8743;0;6497747;7;716712;0;6;30387;0;6966715;
8745;0;650456;7;618551;0;5;996407;0;6979709;
8747;0;6512015;7;501999;0;5;947297;0;5936867;
8749;0;6518032;7;444343;0;5;788274;0;4680079;
8751;0;652516;7;289389;0;5;567473;0;3580797;
8753;0;6533518;7;4018;0;5;465838;0;3505842;
8755;0;6539258;6;738405;0;5;341726;0;2617126;
8757;0;6547051;6;737134;0;5;234028;0;2638461;
8759;0;6553809;6;796205;0;5;201035;0;3168208;
8761;0;6651866;6;848806;0;5;189209;0;1773828;
8763;0;6742745;6;838808;0;5;199269;0;9837603;
8765;0;6752677;6;78208;0;5;202585;0;903327;
8767;0;6766188;6;697459;0;5;58749;0;6963388;
8769;0;6778702;6;662555;0;5;66554;0;4692233;
8771;0;6832827;6;691208;0;5;59807;0;5679848;
8773;0;6853445;6;189881;0;5;17618;0;1240821;
8775;0;687082;6;17628;0;5;15684;0;2286708;
8777;0;6890897;6;143684;0;4;993318;0;2147959;
8779;0;6918799;6;183362;0;5;424;0;1679627;
8781;0;6921465;6;600825;0;5;299;0;1220436;
8783;0;6925519;6;455672;0;5;15764;0;8316053;
8785;0;6929471;6;236425;0;5;27868;0;3995489;
8787;0;6933424;6;195015;0;5;19781;0;4536906;
8789;0;6938999;6;111867;0;4;985629;0;5892786;
8791;0;6955537;6;114938;0;5;805;0;459213;
8793;0;6961879;6;133445;0;5;25616;0;5714786;
8795;0;6966073;6;163688;0;5;20895;0;7728745;
8797;0;6968667;6;3316;0;5;61436;0;7263913;
8799;0;6971262;6;549651;0;5;108558;0;9653572;
8801;0;697605;7;183748;0;5;181601;0;9196998;
8803;0;698672;7;103889;0;5;178607;0;105011;
8805;0;6996206;7;135251;0;5;187522;0;1310632;
8807;0;7005171;7;113581;0;5;232976;0;1690584;
8809;0;7013021;7;82142;0;5;277785;0;1751221;
8811;0;7005867;6;967553;0;5;267353;0;1838249;
8813;0;6971846;6;779252;0;5;238913;0;1925278;
8815;0;6917141;6;499795;0;5;243452;0;1887278;
8817;0;6792263;6;444354;0;5;288354;0;1692752;
8819;0;6710272;6;369961;0;5;240059;0;2433169;
8821;0;6663339;6;320082;0;5;207191;0;1823906;
8823;0;6609406;6;392967;0;5;190799;0;1220436;
8825;0;6559426;6;818103;0;5;121034;0;7456506;
8827;0;6516742;6;697236;0;5;128613;0;1524733;
8829;0;6425955;6;501623;0;5;103559;0;1525065;
8831;0;6346633;6;638712;0;5;95194;0;1484487;
8833;0;6323986;6;716744;0;5;47647;0;1204695;
8835;0;6301339;6;730192;0;5;37176;0;9249025;
8837;0;6278692;6;713094;0;5;106583;0;6515895;
8839;0;6258682;6;703338;0;5;101997;0;3847558;
8841;0;6158769;6;616671;0;5;124189;0;1778572;
8843;0;5939945;6;710032;0;5;119928;0;1655463;
8845;0;5778326;6;706278;0;5;28728;0;1284791;
8847;0;5737102;6;714002;0;5;44823;0;1152401;
8849;0;5695716;6;649374;0;5;8457;0;1020011;
8851;0;5575254;6;527213;0;5;8769;0;2012012;
8853;0;5415263;6;516421;0;5;127142;0;2459014;
8855;0;5284815;6;455416;0;4;996246;0;2646843;
8857;0;5052308;6;339136;0;4;990998;0;2418013;
8859;0;4897318;6;408503;0;4;956224;0;2599781;
8861;0;4736472;6;298844;0;4;929801;0;2423821;
8863;0;4573722;6;145154;0;4;883137;0;2401983;
8865;0;4406074;6;8013;0;4;807456;0;3527194;
8867;0;4238489;5;999151;0;4;776761;0;3038853;
8869;0;4070302;5;962845;0;4;784345;0;2870714;
8871;0;3810043;5;731293;0;4;550735;0;1072728;
8873;0;3469027;5;687364;0;4;544606;0;5990742;
8875;0;3318704;5;674553;0;4;470932;0;4052403;
8877;0;3002272;5;60272;0;4;496801;0;4515982;
8879;0;2859619;5;518044;0;4;515314;0;4121419;
8881;0;264645;5;300188;0;4;492664;0;3588824;
8883;0;2639261;5;270239;0;4;483903;0;302886;
8885;0;2632072;5;240292;0;4;475142;0;2320454;
8887;0;2624882;5;210344;0;4;466381;0;1419972;
8889;0;2617693;5;150337;0;4;437899;2.849571E-05;;
8891;0;2610504;4;987396;0;4;405244;2.4858E-05;;
8893;0;2603314;4;950226;0;4;290981;2.361016E-05;;
8895;0;2420776;4;948398;0;4;242479;2.236231E-05;;
8897;0;2402142;4;965836;0;4;346849;5.747011E-05;;
8899;0;2649472;5;256341;0;4;392366;9.028929E-05;;
8901;0;2763068;5;222522;0;4;423938;8.981064E-05;;
8903;0;2649818;5;322103;0;4;53197;8.97937E-05;;
8905;0;2672901;5;325107;0;4;541493;8.984671E-05;;
8907;0;2695983;5;328112;0;4;551017;8.989972E-05;;
8909;0;2719066;5;33199;0;4;56054;8.995273E-05;;
8911;0;2742149;5;339694;0;4;578341;9.000574E-05;;
8913;0;2765231;5;337573;0;4;604788;9.005875E-05;;
8915;0;2788314;5;34013;0;4;607213;8.141546E-05;;
8917;0;2812997;5;343135;0;4;60634;7.030996E-05;;
8919;0;2838452;5;373702;0;4;615587;7.068426E-05;;
8921;0;2861869;5;48644;0;4;647801;0;1982765;
8923;0;2885286;5;612507;0;4;720802;0;4160042;
8925;0;2908703;5;855644;0;4;751888;0;6923745;
8927;0;293212;5;859084;0;4;807251;0;8045991;
8929;0;2955536;5;854518;0;4;803716;0;1238504;
8931;0;3128238;5;911946;0;4;895188;0;3151865;
8933;0;3443278;5;911047;0;4;901196;0;2742675;
8935;0;3639874;5;822607;0;4;902199;0;3406415;
8937;0;3947859;5;795808;0;4;959938;0;2826176;
8939;0;4313476;5;857907;0;4;997386;0;2861773;
8941;0;4796944;5;895245;0;5;152931;0;3675653;
8943;0;5279484;5;897913;0;5;235616;0;590422;
8945;0;5704486;5;915404;0;5;283055;0;928433;
8947;0;6088204;5;926545;0;5;329796;0;9216723;
8949;0;6925468;5;92344;0;5;35173;0;8752576;
8951;0;8216278;5;916721;0;5;37099;0;9223226;
8953;0;92242;6;35711;0;5;395777;0;1560128;
8955;0;1016215;6;70558;0;5;432261;0;1580349;
8957;0;1116731;6;117243;0;5;443242;0;1634552;
8959;0;1211634;6;127573;0;5;484356;0;1585798;
8961;0;1282862;6;98869;0;5;469458;0;1110506;
8963;0;134535;6;77893;0;5;425375;0;102542;
8965;0;141585;6;97909;0;5;475723;0;1082185;
8967;0;1487264;6;219161;0;5;482501;0;1194158;
8969;0;1559592;6;235069;0;5;526;0;1278123;
8971;0;1626192;6;375509;0;5;500163;0;1332189;
8973;0;1697107;6;575084;0;5;366529;0;5045925;
8975;0;2242588;6;746767;0;5;348495;0;4261593;
8977;0;2494358;6;837508;0;5;392024;0;1230144;
8979;0;2779612;6;887192;0;5;385419;0;1346685;
8981;0;3041453;6;898406;0;5;407812;0;9770119;
8983;0;3243275;6;898027;0;5;413298;0;8434989;
8985;0;3445325;6;901498;0;5;430467;0;113379;
8987;0;3793625;6;955335;0;5;437418;0;1078872;
8989;0;4044883;6;993539;0;5;51405;0;1204986;
8991;0;4287868;6;9392;0;5;499251;0;1088237;
8993;0;5311439;6;907931;0;5;528656;0;1219492;
8995;0;8039269;6;907186;0;5;582349;0;1584832;
8997;0;9686773;6;831379;0;5;788071;0;1615853;
8999;1;40982;6;852676;0;5;881239;0;1537274;
9001;1;21718;6;822255;0;5;825179;0;1406668;
9003;1;398831;6;84712;0;5;737522;0;1316191;
9005;1;489146;6;870117;0;5;741312;0;140746;
9007;1;500229;6;829865;0;5;745068;0;1135887;
9009;1;511323;6;815472;0;5;750265;0;1223066;
9011;1;522407;6;80108;0;5;75179;0;1310302;
9013;1;533487;6;730697;0;5;753964;0;1397594;
9015;1;544757;6;703228;0;5;698272;0;1737038;
9017;1;556374;6;668162;0;5;583701;0;116787;
9019;1;579022;6;653538;0;5;556387;0;1659529;
9021;1;612408;6;645407;0;5;563382;0;1628802;
9023;1;655105;6;683679;0;5;539849;0;1644685;
9025;1;655623;6;641844;0;5;518744;0;1585912;
9027;1;656105;6;545338;0;5;414669;0;1237597;
9029;1;656608;6;461153;0;5;297175;0;8833291;
9031;1;657116;6;368377;0;5;290202;0;6494814;
9033;1;657636;6;336098;0;5;250972;0;541831;
9035;1;658156;6;303584;0;5;244677;0;491087;
9037;1;658676;6;270836;0;5;238418;0;4913988;
9039;1;65917;6;52921;0;5;163007;0;4917106;
9041;1;65958;6;41288;0;5;155499;0;4833096;
9043;1;659847;5;952629;0;5;50584;0;378069;
9045;1;660156;5;931107;0;5;47409;0;3391393;
9047;1;660424;5;918152;0;5;36355;0;2188722;
9049;1;660693;5;912258;0;5;18474;0;1822273;
9051;1;661105;5;88507;0;4;983207;0;6040411;
9053;1;661563;5;883446;0;4;980186;0;5801876;
9055;1;66202;5;881997;0;4;97246;0;1755718;
9057;1;662477;5;880012;0;4;959634;0;1158835;
9059;1;662935;5;854221;0;4;939506;0;5619515;
9061;1;663392;5;812778;0;4;881256;0;3521432;
9063;1;66381;5;752096;0;4;877027;0;3521432;
9065;1;664238;5;706847;0;4;842193;0;2788545;
9067;1;664672;5;657225;0;4;789584;0;1825051;
9069;1;665118;5;609276;0;4;700576;0;1747198;
9071;1;665507;5;584972;0;4;629358;0;136059;
9073;1;665867;5;580239;0;4;62586;7.776143E-06;;
9075;1;666257;5;672335;0;4;646776;7.069221E-06;;
9077;1;666647;5;671591;0;4;665502;6.362299E-06;;
9079;1;667037;5;670847;0;4;680058;5.655377E-06;;
9081;1;667427;5;670104;0;4;694613;4.948455E-06;;
9083;1;667817;5;66936;0;4;704666;4.241533E-06;;
9085;1;668207;5;668616;0;4;701381;3.53461E-06;;
9087;1;693834;5;712246;0;4;760753;2.827688E-06;;
9089;1;706289;5;791093;0;4;806826;2.120766E-06;;
9091;1;724348;5;794971;0;4;805608;2.831735E-06;;
9093;1;760085;5;943037;0;4;834367;7.263163E-06;;
9095;1;795011;5;966906;0;4;921711;5.951188E-05;;
9097;1;796794;5;944962;0;4;963713;9.769963E-15;;
9099;1;795917;5;908558;0;4;870957;3.687591E-05;;
9101;1;796377;5;953065;0;4;767633;3.687591E-05;;
9103;1;798133;5;779626;0;4;74327;8.881784E-15;;
9105;1;799912;5;810237;0;4;742794;8.881784E-15;;
9107;1;801692;5;764629;0;4;742318;8.881784E-15;;
9109;1;803471;5;749148;0;4;738687;8.881784E-15;;
9111;1;80525;5;749853;0;4;741365;8.881784E-15;;
9113;1;834418;5;782386;0;4;74813;8.881784E-15;;
9115;1;841327;5;872787;0;4;78889;8.881784E-15;;
9117;1;847;5;929226;0;4;816436;8.881784E-15;;
9119;1;851445;5;937693;0;4;798787;8.881784E-15;;
9121;1;858036;5;960216;0;4;846909;9.769963E-15;;
9123;1;8634;5;943954;0;4;823879;9.769963E-15;;
9125;1;865412;5;799525;0;4;791873;8.881784E-15;;
9127;1;867425;5;655678;0;4;743797;3.552714E-15;;
9129;1;869437;5;781388;0;4;710907;9.769963E-15;;
9131;1;874363;5;835562;0;4;664962;9.769963E-15;;
9133;1;875216;5;741423;0;4;75939;8.881784E-15;;
9135;1;874458;5;784264;0;4;667578;8.881784E-15;;
9137;1;871982;5;844125;0;4;533307;8.881784E-15;;
9139;1;869151;5;94102;0;4;634969;8.881784E-15;;
9141;1;865361;5;950576;0;4;554503;3.552714E-15;;
9143;1;861581;5;943937;0;4;529472;8.881784E-15;;
9145;1;858284;5;914152;0;4;504716;3.552714E-15;;
9147;1;855399;5;871394;0;4;512436;3.552714E-15;;
9149;1;847979;5;843404;0;4;521218;3.552714E-15;;
9151;1;836024;5;98077;0;4;506336;8.881784E-16;;
9153;1;827721;5;982361;0;4;497911;8.881784E-16;;
9155;1;82094;5;982273;0;4;544574;8.881784E-16;;
9157;1;81226;5;977271;0;4;536654;0;;
9159;1;804142;5;960422;0;4;547911;0;;
9161;1;800151;5;990695;0;4;616084;0;;
9163;1;793788;5;991951;0;4;620511;0;;
9165;1;788185;5;993165;0;4;623885;0;;
9167;1;781119;5;994642;0;4;634415;0;;
9169;1;773962;5;995274;0;4;59107;0;;
9171;1;766804;5;995994;0;4;556628;0;;
9173;1;759647;5;996714;0;4;569889;0;;
9175;1;704928;5;801512;0;4;620906;0;;
9177;1;679623;5;798744;0;4;638718;0;;
9179;1;65089;5;729907;0;4;490313;0;;
9181;1;624723;5;654873;0;4;399943;0;;
9183;1;604566;5;63468;0;4;378949;0;;
9185;1;584409;5;614485;0;4;350278;0;;
9187;1;549626;5;571032;0;4;23215;0;;
9189;1;524477;5;519176;0;4;19599;0;;
9191;1;499992;5;496888;0;4;195969;0;;
9193;1;397549;5;420712;0;4;164505;0;;
9195;1;124702;5;395527;0;4;83625;0;;
9197;0;9599042;5;50516;0;4;36863;0;;
9199;0;8875519;5;565439;0;4;9683;0;;
9201;0;7112815;5;590804;0;3;989798;0;;
9203;0;5294997;5;583962;0;3;982194;0;;
9205;0;4390417;5;597382;0;3;98176;0;;
9207;0;4278211;5;619025;0;3;985759;0;;
9209;0;4166005;5;59537;0;4;2781;0;;
9211;0;4053799;5;528897;0;4;26896;0;;
9213;0;3941593;5;462423;0;4;85364;0;;
9215;0;3825927;5;315983;0;4;17784;0;;
9217;0;3706801;5;117341;0;4;280473;0;;
9219;0;347693;5;201192;0;4;311989;0;;
9221;0;3141648;5;218942;0;4;304918;0;;
9223;0;2713224;5;110195;0;4;264458;0;;
9225;0;2706574;5;160629;0;4;318899;0;;
9227;0;2699924;5;171434;0;4;317644;0;;
9229;0;2693273;5;182239;0;4;315788;0;;
9231;0;2686623;5;193044;0;4;313933;0;;
9233;0;2679973;5;203848;0;4;300243;0;;
9235;0;2673323;5;214653;0;4;282845;0;;
9237;0;2666672;5;225458;0;4;265446;0;;
9239;0;2660022;5;236263;0;4;248048;0;;
9241;0;2653372;5;247068;0;4;252105;0;;
9243;0;2646722;5;257873;0;4;283944;0;;
9245;0;2640072;5;268678;0;4;291752;0;;
9247;0;2633421;5;279482;0;4;285006;0;;
9249;0;2626771;5;290287;0;4;278259;0;;
9251;0;2620121;5;301092;0;4;271513;0;;
9253;0;263383;5;448449;0;4;266533;0;;
9255;0;2663791;5;499107;0;4;288105;0;;
9257;0;2659984;5;50254;0;4;267884;0;;
9259;0;2656177;5;505972;0;4;27154;0;;
9261;0;265237;5;509404;0;4;275195;0;;
9263;0;2648563;5;512836;0;4;278851;0;;
9265;0;2644756;5;516268;0;4;282506;0;;
9267;0;2640949;5;519701;0;4;286162;0;;
9269;0;2637142;5;523132;0;4;284399;0;;
9271;0;2633335;5;526565;0;4;282448;0;;
9273;0;2629528;5;529997;0;4;280479;0;;
9275;0;2625721;5;45088;0;4;243174;0;;
9277;0;2621914;5;438988;0;4;24607;0;;
9279;0;2618107;5;427096;0;4;248967;0;;
9281;0;26143;5;415204;0;4;229438;0;;
9283;0;2610492;5;405236;0;4;230471;0;;
9285;0;2607464;5;397186;0;4;270682;0;;
9287;0;2352845;5;28649;0;4;301466;0;;
9289;0;2229944;5;202511;0;4;264178;0;;
9291;0;2051004;5;61501;0;4;259058;0;;
9293;0;1695276;4;908853;0;4;245204;0;;
9295;0;1347673;4;905789;0;4;194658;0;;
9297;0;1331124;4;908577;0;4;120826;0;;
9299;0;1314575;4;910921;0;4;120897;0;;
9301;0;1298026;4;912821;0;4;112504;0;;
9303;0;1281477;4;88909;0;4;10801;0;;
9305;0;1304307;4;91542;0;4;1061;0;;
9307;0;1326337;5;34127;0;4;169634;0;;
9309;0;138477;5;50809;0;4;214466;0;;
9311;0;1372681;5;45312;0;4;213112;0;;
9313;0;1086707;5;39816;0;4;206214;0;;
9315;0;1023322;4;992507;0;4;108146;0;;
9317;0;972135;4;975829;0;4;4567;0;;
9319;0;9331463;4;969042;0;4;18483;0;;
9321;0;8729114;4;873388;0;3;991896;0;;
9323;0;8249435;4;874161;0;3;992848;0;;
9325;0;8104887;4;873522;0;3;98278;0;;
9327;0;7960338;4;814207;0;3;973998;0;;
9329;0;781579;4;72675;0;3;928071;0;;
9331;0;7230654;4;686685;0;3;903848;0;;
9333;0;6910451;4;682608;0;3;904589;0;;
9335;0;8002178;4;680583;0;3;947222;0;;
9337;0;9523739;4;738246;0;3;994731;0;;
9339;0;9646405;4;801223;0;4;16763;0;;
9341;0;9769072;4;836668;0;4;20372;0;;
9343;0;9891738;4;884796;0;4;5092;0;;
9345;0;1002367;4;986341;0;4;26107;0;;
9347;0;101556;5;43223;0;4;62771;0;;
9349;0;1028752;5;61529;0;4;6257;0;;
9351;0;1097333;5;125691;0;4;62758;0;;
9353;0;1213068;5;1397;0;4;69598;0;;
9355;0;1429041;5;348196;0;4;60266;0;;
9357;0;1454636;5;401675;0;4;16386;0;;
9359;0;148023;5;312253;0;3;987646;0;;
9361;0;1478979;4;989543;0;3;952853;0;;
9363;0;1510275;4;964808;0;3;883707;0;;
9365;0;1533975;4;931127;0;3;823155;0;;
9367;0;1571388;4;904078;0;3;822717;0;;
9369;0;1745562;4;892026;0;3;840802;0;;
9371;0;2002172;4;879872;0;3;893199;0;;
9373;0;220446;4;867719;0;3;911785;0;;
9375;0;2457246;4;867654;0;3;864346;0;;
9377;0;2759054;4;905903;0;3;886965;0;;
9379;0;3229769;4;966983;0;3;922828;0;;
9381;0;3871376;4;978278;0;3;954026;0;;
9383;0;4192879;4;979261;0;3;930077;0;;
9385;0;4428142;4;949994;0;3;950515;0;;
9387;0;4663405;5;26849;0;3;938918;0;;
9389;0;5140169;5;265424;0;3;927624;0;;
9391;0;5296836;5;201033;0;3;94418;0;;
9393;0;5453805;5;72452;0;3;916405;0;;
9395;0;5611076;4;917484;0;3;933985;0;;
9397;0;5916401;4;941078;0;3;941537;0;;
9399;0;6216753;4;944721;0;3;949987;0;;
9401;0;6512132;4;95808;0;3;956662;0;;
9403;0;6578212;4;860785;0;3;958632;0;;
9405;0;6644796;4;863828;0;3;933179;0;;
9407;0;6711381;4;866843;0;3;838518;0;;
9409;0;6777966;4;869829;0;3;833582;0;;
9411;0;6844551;4;864133;0;3;718592;0;;
9413;0;6911136;4;682065;0;3;588772;0;;
9415;0;7351754;4;54823;0;3;576652;0;;
9417;0;8111532;4;562037;0;3;552741;0;;
9419;0;8782574;4;562752;0;3;544755;0;;
9421;0;9513617;4;637266;0;3;739946;0;;
9423;0;9738382;4;739748;0;3;787363;0;;
9425;0;9962571;4;947502;0;3;832426;0;;
9427;1;63416;4;990446;0;3;855185;0;;
9429;1;99244;5;1;0;3;86743;0;;
9431;1;129921;5;1527;0;3;9129;0;;
9433;1;13445;5;1585;0;3;93132;0;;
9435;1;138978;5;1642;0;3;938828;0;;
9437;1;143507;5;1699;0;3;942218;0;;
9439;1;148036;5;1756;0;3;924036;0;;
9441;1;152564;5;1813;0;3;919885;0;;
9443;1;157093;5;1871;0;3;921282;0;;
9445;1;161622;5;1928;0;3;922679;0;;
9447;1;166151;5;1985;0;3;924076;0;;
9449;1;170679;5;2043;0;3;925472;0;;
9451;1;175208;5;21;0;3;920903;0;;
9453;1;177701;5;2157;0;3;906667;0;;
9455;1;178568;5;2214;0;3;870439;0;;
9457;1;186468;5;4193;0;3;905373;0;;
9459;1;205002;5;57845;0;3;947052;0;;
9461;1;223308;5;123519;0;3;951261;0;;
9463;1;236086;5;165439;0;4;204;0;;
9465;1;248864;5;190546;0;4;39574;0;;
9467;1;259499;5;32547;0;4;63315;0;;
9469;1;27307;5;426456;0;4;66387;0;;
9471;1;288451;5;528294;0;4;107253;0;;
9473;1;310961;5;544459;0;4;150803;0;;
9475;1;326971;5;556234;0;4;222383;4.440892E-16;;
9477;1;372409;5;565748;0;4;274667;4.440892E-16;;
9479;1;447277;5;572313;0;4;309601;4.440892E-16;;
9481;1;87444;5;744898;0;4;389658;6.217249E-15;;
9483;2;23321;5;568141;0;4;467799;6.217249E-15;;
9485;2;45692;5;623148;0;4;584117;7.147791E-07;;
9487;2;68086;5;735539;0;4;505145;6.217249E-15;;
9489;2;8451;5;814732;0;4;484452;8.345995E-07;;
9491;2;94962;5;860715;0;4;562068;8.945097E-07;;
9493;2;108824;5;919264;0;4;587742;6.361339E-06;;
9495;2;12095;5;947379;0;4;585989;6.239529E-06;;
9497;2;133077;5;969692;0;4;584238;6.11772E-06;;
9499;2;145405;5;988144;0;4;614872;1.185629E-05;;
9501;2;159788;5;99507;0;4;644381;1.181652E-05;;
9503;2;176225;5;994718;0;4;652467;1.177675E-05;;
9505;2;202224;5;983441;0;4;644708;2.73164E-05;;
9507;2;211137;5;980811;0;4;643052;3.012853E-05;;
9509;2;21216;5;986999;0;4;64131;2.218019E-05;;
9511;2;220236;6;2002;0;4;639654;2.218019E-05;;
9513;2;228311;6;0;4;658967;2.243949E-05;;;
9515;2;236386;6;0;4;711053;2.666123E-05;;;
9517;2;265497;6;266;0;4;712758;3.791174E-05;;
9519;2;369616;6;63994;0;4;760622;5.731935E-05;;
9521;2;444151;6;76343;0;4;792235;5.987494E-05;;
9523;2;561626;6;103359;0;4;853736;5.981443E-05;;
9525;2;615318;6;151541;0;4;999453;5.975392E-05;;
9527;2;666327;6;244734;0;5;10365;0;1754288;
9529;2;836497;6;285549;0;5;2514;0;2456714;
9531;2;919286;6;290699;0;5;32484;0;3298848;
9533;2;948579;6;292852;0;5;35937;0;4692528;
9535;2;965225;6;295003;0;5;25511;0;4151447;
9537;2;979043;6;106346;0;4;970809;0;238537;
9539;3;685;6;86051;0;4;918149;0;2559574;
9541;3;124533;6;245271;0;4;928497;0;4145142;
9543;3;286303;6;328686;0;4;911669;0;2349033;
9545;3;367124;6;356682;0;4;908991;0;2904674;
9547;3;435134;6;381392;0;4;918194;0;3289086;
9549;3;675066;6;636837;0;4;966601;0;6083476;
9551;3;764777;6;788586;0;5;60974;0;9872597;
9553;3;82747;6;74742;0;5;84052;0;968849;
9555;3;879316;6;681098;0;5;72248;0;6574249;
9557;3;951427;6;636604;0;5;71758;0;6715858;
9559;4;449253;6;623488;0;5;131695;0;6128252;
9561;5;221505;6;68575;0;5;185669;0;1161429;
9563;5;612681;6;783566;0;5;233216;0;1365044;
9565;5;689445;6;775619;0;5;244967;0;1540776;
9567;5;766208;6;739138;0;5;251827;0;1659571;
9569;5;829295;6;745928;0;5;255452;0;1747435;
9571;6;60009;6;759012;0;5;117916;0;1429383;
9573;6;220329;6;754049;0;5;144527;0;1103316;
9575;6;243273;6;743103;0;5;191258;0;6362427;
9577;6;261314;6;747371;0;5;13866;0;5300908;
9579;6;258086;6;223796;0;5;60477;0;2030322;
9581;6;23339;6;257098;0;5;74284;0;2514242;
9583;6;230315;6;258608;0;5;226003;0;2005624;
9585;6;210861;6;250559;0;5;240223;0;1518196;
9587;6;192356;6;240356;0;5;21822;0;2084531;
9589;6;146956;6;71367;0;5;276036;0;2098789;
9591;6;133548;6;195316;0;5;390471;0;1269929;
9593;6;119631;6;513947;0;5;382504;0;1165071;
9595;6;106137;6;690107;0;5;453976;0;205221;
9597;6;76576;6;685543;0;5;448876;0;2735212;
9599;6;47503;6;655689;0;5;443714;0;2888621;
9601;6;18928;6;573045;0;5;438489;0;3042029;
9603;6;13283;6;50764;0;5;371176;0;3195438;
9605;6;7587;6;497692;0;5;345088;0;3348847;
9607;6;1892;6;487743;0;5;319001;0;3522657;
9609;5;996196;6;477794;0;5;292914;0;3655665;
9611;5;9905;6;467845;0;5;298641;0;3809073;
9613;5;984804;6;457896;0;5;262872;0;3962482;
9615;5;941705;6;44764;0;5;227789;0;4115891;
9617;5;86669;6;389652;0;5;127631;0;42693;
9619;5;800548;6;246027;0;4;972108;0;2230529;
9621;5;728407;6;77008;0;4;908283;0;2268343;
9623;5;706893;6;60416;0;4;902334;0;2306157;
9625;5;685438;6;117916;0;4;898048;0;3106551;
9627;5;621054;6;377244;0;5;34789;0;4508043;
9629;5;587993;6;253696;0;4;971427;0;353078;
9631;5;55844;6;5964;0;4;927564;0;2746294;
9633;5;555036;6;73862;0;4;925497;0;2131139;
9635;5;551631;6;90101;0;4;918935;0;1803709;
9637;5;548227;6;106339;0;4;912373;0;1764006;
9639;5;544823;6;122578;0;4;937838;0;1724303;
9641;5;541796;6;14567;0;4;955833;0;16846;
9643;5;540977;6;202544;0;4;978318;0;1850095;
9645;5;53969;6;23748;0;4;990382;0;2280853;
9647;5;538404;6;250475;0;4;990733;0;2197772;
9649;5;537117;6;263471;0;4;991084;0;2114691;
9651;5;535831;6;276467;0;5;3266;0;2031609;
9653;5;534545;6;289463;0;5;6197;0;1948528;
9655;5;533258;6;302459;0;5;8383;0;1865447;
9657;5;528317;6;282824;0;4;999878;0;1366974;
9659;5;512741;6;46423;0;4;965641;0;1041115;
9661;5;514578;6;184477;0;4;998185;0;5438111;
9663;5;539653;6;207363;0;5;12122;0;4189514;
9665;5;560687;6;100969;0;5;80004;0;4731715;
9667;5;55199;6;69146;0;5;10903;0;4777878;
9669;5;540358;6;5104;0;5;1904;0;4824041;
9671;5;526915;6;8551;0;5;1522;0;3483644;
9673;5;506342;5;968704;0;4;985154;0;2922661;
9675;5;492271;5;866642;0;4;983797;0;2519397;
9677;5;448771;5;830083;0;4;982814;0;2419925;
9679;5;375841;5;820843;0;4;950273;8.085692E-05;;
9681;4;950617;5;808638;0;4;900853;8.085692E-05;;
9683;4;803674;5;799233;0;4;876738;8.085692E-05;;
9685;4;78796;5;722936;0;4;880356;0;1315729;
9687;4;77608;5;688493;0;4;919511;0;1173811;
9689;4;763186;5;726926;0;4;926424;3.474589E-05;;
9691;4;756262;5;763293;0;4;899791;3.41693E-05;;
9693;4;745928;5;798232;0;4;852611;4.114624E-06;;
9695;4;749115;5;834808;0;4;850884;3.771735E-06;;
9697;4;783437;5;861616;0;4;820681;1.607459E-06;;
9699;4;807777;5;869877;0;4;895392;1.980986E-06;;
9701;4;840983;5;932486;0;4;898827;1.918774E-07;;
9703;4;883343;5;93965;0;4;890698;1.714421E-06;;
9705;4;89187;5;933957;0;4;885845;2.698882E-05;;
9707;4;904039;5;929191;0;4;893675;1.99909E-05;;
9709;4;89926;5;927864;0;4;897386;2.345848E-05;;
9711;4;894481;5;926538;0;4;90255;2.692607E-05;;
9713;4;889702;5;925211;0;4;912798;3.039365E-05;;
9715;4;884923;5;915513;0;4;884784;3.386124E-05;;
9717;4;859108;5;893688;0;4;822499;1.47868E-05;;
9719;4;758286;5;891003;0;4;7651;1.384213E-06;;
9721;4;687047;5;890437;0;4;611663;1.46583E-06;;
9723;4;598317;5;896382;0;4;650378;0;;
9725;4;548686;5;897391;0;4;64369;0;;
9727;4;501738;5;894647;0;4;576521;0;;
9729;4;335628;5;878456;0;4;520178;0;;
9731;4;256899;5;870397;0;4;524713;0;;
9733;4;231667;5;867788;0;4;533763;0;;
9735;4;206435;5;86518;0;4;564617;0;;
9737;4;210108;5;880397;0;4;595501;6.217249E-15;;
9739;4;204383;5;879595;0;4;636024;1.957525E-06;;
9741;4;99219;5;879483;0;4;660746;1.744424E-06;;
9743;3;940403;5;875431;0;4;672842;6.217249E-15;;
9745;3;862536;5;871378;0;4;694582;6.217249E-15;;
9747;3;79748;5;483395;0;4;656569;0;;
9749;3;560684;5;341634;0;4;552505;0;;
9751;3;468259;5;340375;0;4;501358;0;;
9753;3;397312;5;344258;0;4;516865;0;;
9755;3;360065;5;381066;0;4;563393;0;;
9757;3;302988;5;509585;0;4;583412;0;;
9759;2;820049;5;744842;0;4;55569;1.332268E-15;;
9761;2;45296;5;645074;0;4;66192;1.776357E-15;;
9763;1;651489;5;552341;0;4;613083;5.329071E-15;;
9765;1;572094;5;554929;0;4;577873;5.329071E-15;;
9767;1;4927;5;557518;0;4;506074;5.329071E-15;;
9769;1;413306;5;560106;0;4;434275;5.329071E-15;;
9771;1;158041;5;562182;0;4;316411;1.332268E-15;;
9773;0;9786029;5;50845;0;4;176213;0;;
9775;0;9316389;5;4674;0;4;158813;0;;
9777;0;8846749;5;42402;0;4;154501;0;;
9779;0;8420897;5;382665;0;4;148247;0;;
9781;0;8038834;5;345663;0;4;103617;0;;
9783;0;776066;5;287826;0;4;33538;0;;
9785;0;7732518;5;251579;0;3;988382;0;;
9787;0;7694888;5;216741;0;3;982113;0;;
9789;0;7685409;5;116093;0;3;9309;0;;
9791;0;7676827;4;975519;0;3;894802;0;;
9793;0;767302;4;825948;0;3;868202;0;;
9795;0;7664689;4;675494;0;3;83736;0;;
9797;0;766897;4;628721;0;3;826221;0;;
9799;0;767334;4;629555;0;3;824326;0;;
9801;0;767771;4;630389;0;3;81867;0;;
9803;0;768208;4;631223;0;3;817566;0;;
9805;0;768645;4;632057;0;3;816462;0;;
9807;0;769082;4;63289;0;3;815357;0;;
9809;0;769519;4;633724;0;3;814253;0;;
9811;0;769956;4;641798;0;3;812955;0;;
9813;0;770393;4;780133;0;3;853631;0;;
9815;0;8124788;4;832084;0;3;896696;0;;
9817;0;8192947;4;834263;0;3;897998;0;;
9819;0;8261105;4;836442;0;3;905192;0;;
9821;0;8329265;4;838621;0;3;900602;0;;
9823;0;8397423;4;837697;0;3;901904;0;;
9825;0;8465573;4;781696;0;3;864597;0;;
9827;0;8955861;4;82323;0;3;863222;0;;
9829;0;9070446;4;643112;0;3;786175;0;;
9831;0;920146;4;644375;0;3;808511;0;;
9833;0;9332473;4;674549;0;3;851191;0;;
9835;1;23835;4;821557;0;3;874888;0;;
9837;1;77954;4;993651;0;3;899724;0;;
9839;1;202035;5;231262;0;3;918073;4.440892E-16;;
9841;1;251611;5;227178;0;3;980684;4.440892E-16;;
9843;1;263105;5;265615;0;3;96954;8.881784E-16;;
9845;1;273325;5;379985;0;3;985768;8.881784E-16;;
9847;1;27205;5;392411;0;3;991614;8.881784E-16;;
9849;1;270775;5;404837;0;4;4726;8.881784E-16;;
9851;1;2695;5;417263;0;4;26493;8.881784E-16;;
9853;1;268225;5;418727;0;4;65064;8.881784E-16;;
9855;1;266459;5;391816;0;4;74228;8.881784E-16;;
9857;1;264202;5;361373;0;4;74082;8.881784E-16;;
9859;1;261945;5;324498;0;4;66451;8.881784E-16;;
9861;1;242503;5;236383;0;3;991707;8.881784E-16;;
9863;1;205351;5;132494;0;3;983017;0;;
9865;1;17224;5;3777;0;3;843818;0;;
9867;1;171003;5;3581;0;3;864623;0;;
9869;1;169766;5;3385;0;3;887269;0;;
9871;1;170059;5;153411;0;3;974066;0;;
9873;1;169165;5;199788;0;3;979423;4.440892E-16;;
9875;1;167082;5;183219;0;3;9936;4.440892E-16;;
9877;1;164999;5;16665;0;3;988063;4.440892E-16;;
9879;1;162917;5;160549;0;3;982525;4.440892E-16;;
9881;1;160834;5;15891;0;3;976988;4.440892E-16;;
9883;1;158751;5;157271;0;3;97145;4.440892E-16;;
9885;1;151872;5;131497;0;3;967306;4.440892E-16;;
9887;1;141057;4;999831;0;3;888759;4.440892E-16;;
9889;1;137228;4;919083;0;3;863031;0;;
9891;1;133399;4;904185;0;3;846309;0;;
9893;1;12957;4;889287;0;3;837398;0;;
9895;1;113957;4;86927;0;3;801081;0;;
9897;1;67209;4;803433;0;3;797845;0;;
9899;1;3024;4;76335;0;3;806706;0;;
9901;0;9839501;4;666167;0;3;920481;0;;
9903;0;9253432;4;693321;0;3;935582;0;;
9905;0;8867985;4;60384;0;3;915545;0;;
9907;0;8616835;4;740734;0;3;881134;0;;
9909;0;8576556;4;720507;0;3;90887;0;;
9911;0;853518;4;753931;0;3;894624;0;;
9913;0;8493805;4;760296;0;3;879853;0;;
9915;0;8452429;4;76666;0;3;900193;0;;
9917;0;8411054;4;770099;0;3;897301;0;;
9919;0;8370107;4;793265;0;3;894408;0;;
9921;0;8328722;4;773353;0;3;92342;4.440892E-16;;
9923;0;8032414;4;769749;0;3;917216;0;;
9925;0;7982947;4;768427;0;3;909156;0;;
9927;0;7933481;4;768676;0;3;859647;0;;
9929;0;7884014;4;768924;0;3;856664;0;;
9931;0;7834547;4;769173;0;3;826588;0;;
9933;0;7785081;4;769421;0;3;803293;0;;
9935;0;7735614;4;769669;0;3;765637;0;;
9937;0;739709;4;76836;0;3;574741;0;;
9939;0;715255;4;768081;0;3;552078;0;;
9941;0;7003652;4;767895;0;3;525737;0;;
9943;0;6950393;4;767587;0;3;52181;0;;
9945;0;6897135;4;752856;0;3;517883;0;;
9947;0;6843877;4;738125;0;3;513956;0;;
9949;0;6788797;4;723394;0;3;511058;0;;
9951;0;6736839;4;708663;0;3;505482;0;;
9953;0;6684882;4;693933;0;3;499907;0;;
9955;0;6295938;4;347191;0;3;367196;0;;
9957;0;6105287;4;145814;0;3;332576;0;;
9959;0;5916114;4;103583;0;3;263663;0;;
9961;0;5900818;3;916744;0;3;7735;0;;
9963;0;5886821;3;944751;0;3;76946;0;;
9965;0;5872824;3;972758;0;3;76543;0;;
9967;0;5858828;4;765;0;3;76139;0;;
9969;0;5844831;4;28772;0;3;58623;0;;
9971;0;5830834;4;56779;0;3;48525;0;;
9973;0;5816837;4;65982;0;3;49312;0;;
9975;0;580284;4;65533;0;3;50098;0;;
9977;0;5788843;4;231731;0;3;228046;0;;
9979;0;5774846;4;335682;0;3;274491;0;;
9981;0;5760849;4;468697;0;3;309912;0;;
9983;0;5746852;4;510776;0;3;480245;0;;
9985;0;5732855;4;56828;0;3;597261;0;;
9987;0;5718858;4;68511;0;3;67749;0;;
9989;0;5704861;4;719322;0;3;713136;0;;
9991;0;5690864;4;771648;0;3;757586;0;;
9993;0;5676867;4;892739;0;3;837475;0;;
9995;0;566287;4;900527;0;3;875243;0;;
9997;0;5648873;5;12664;0;3;919916;0;;
9999;0;5634876;5;28646;0;3;931628;0;;
10001;0;562088;5;30311;0;3;931865;0;;
10003;0;5606883;5;31976;0;3;932102;0;;
10005;0;5592886;5;33641;0;3;932339;0;;
10007;0;5578889;5;35306;0;3;932576;0;;
10009;0;5564892;5;36971;0;3;932814;0;;
10011;0;5550895;5;38635;0;3;933051;0;;
10013;0;5536898;4;99918;0;3;916532;0;;
10015;0;5106413;4;730927;0;3;793927;0;;
10017;0;5028627;4;720302;0;3;808461;0;;
10019;0;4950841;4;709677;0;3;819996;0;;
10021;0;4873056;4;699051;0;3;816835;0;;
10023;0;479527;4;688426;0;3;801413;0;;
10025;0;4717484;4;751793;0;3;889826;0;;
10027;0;4199446;4;942914;0;3;946503;0;;
10029;0;4057189;4;92973;0;4;39954;0;;
10031;0;3914933;5;99201;0;4;166871;0;;
10033;0;3772677;5;159932;0;4;174086;0;;
10035;0;2855552;4;970344;0;4;15944;0;;
10037;0;2303126;4;957876;0;4;18218;0;;
10039;0;1051071;4;873597;0;3;929515;0;;
10041;0;5402859;4;775407;0;3;912896;0;;
10043;0;3882536;4;736065;0;3;798305;0;;
10045;0;2536293;4;734105;0;3;76826;0;;
10047;0;2339557;4;733412;0;3;766307;0;;
10049;0;2142821;4;732718;0;3;764574;0;;
10051;0;1946085;4;732026;0;3;753459;0;;
10053;0;1749349;4;731333;0;3;735166;0;;
10055;0;1601717;4;727273;0;3;705517;0;;
10057;0;150319;4;726727;0;3;721141;0;;
10059;0;1404663;4;72618;0;3;724856;0;;
10061;0;1306135;4;688972;0;3;722308;0;;
10063;0;1207608;4;672153;0;3;69454;0;;
10065;0;1109081;4;678089;0;3;653079;0;;
10067;0;1010554;4;684026;0;3;630642;0;;
10069;0;9120266;4;689962;0;3;623342;0;;
10071;0;6604104;4;53057;0;3;601457;0;;
10073;0;5276111;4;647626;0;3;676834;0;;
10075;0;5136288;4;647626;0;3;680264;0;;
10077;0;4996465;4;633114;0;3;683694;0;;
10079;0;4856641;4;618601;0;3;708817;0;;
10081;0;4716818;4;604089;0;3;732484;0;;
10083;0;4576995;4;589577;0;3;740677;0;;
10085;0;4437171;4;575064;0;3;748869;0;;
10087;0;4297348;4;645988;0;3;802068;0;;
10089;0;4157525;4;687019;0;3;883565;0;;
10091;0;4017702;4;766594;0;3;932761;0;;
10093;0;3877878;5;4526;0;3;947956;0;;
10095;0;3738055;5;216679;0;3;98995;0;;
10097;0;3598232;5;230641;0;3;995395;0;;
10099;0;3458408;5;284567;0;3;997564;0;;
10101;0;1719521;5;47105;0;3;917174;0;;
10103;0;1088655;4;82478;0;3;913136;0;;
10105;0;7293454;4;700265;0;3;88305;0;;
10107;0;4653249;4;543369;0;3;838313;0;;
10109;0;3108989;4;52949;0;3;869286;0;;
10111;0;2660674;4;524571;0;3;86489;0;;
10113;0;2212359;4;519652;0;3;862379;0;;
10115;0;1764044;4;560382;0;3;858925;0;;
10117;0;1315729;4;509441;0;3;855471;0;;
10119;4.385764E-05;4;509107;0;3;801843;0;;;
10121;5.329071E-15;4;536582;0;3;742153;0;;;
10123;5.329071E-15;4;566966;0;3;761603;0;;;
10125;5.329071E-15;4;654422;0;3;791026;0;;;
10127;5.329071E-15;4;713255;0;3;901634;0;;;
10129;5.329071E-15;5;78628;0;3;970587;0;;;
10131;5.329071E-15;5;141561;0;3;981285;0;;;
10133;5.329071E-15;5;127152;0;3;995096;0;;;
10135;5.329071E-15;5;108272;0;4;22875;0;;;
10137;5.329071E-15;5;258083;0;4;29596;0;;;
10139;5.329071E-15;5;356803;0;4;57526;0;;;
10141;5.329071E-15;5;357678;0;4;61929;0;;;
10143;5.329071E-15;5;358552;0;4;61939;0;;;
10145;5.329071E-15;5;359427;0;4;63375;0;;;
10147;5.329071E-15;5;350216;0;4;61958;0;;;
10149;5.329071E-15;5;337207;0;4;61968;0;;;
10151;5.329071E-15;5;324198;0;4;60733;0;;;
10153;5.329071E-15;5;31119;0;4;57299;0;;;
10155;5.329071E-15;5;298181;0;4;5698;0;;;
10157;5.329071E-15;5;285172;0;4;62007;0;;;
10159;5.329071E-15;5;272162;0;4;60579;0;;;
10161;5.329071E-15;5;259153;0;4;56221;0;;;
10163;5.329071E-15;5;246144;0;4;57104;0;;;
10165;5.329071E-15;5;233136;0;4;59604;0;;;
10167;5.329071E-15;5;220127;0;4;62057;0;;;
10169;5.329071E-15;5;207118;0;4;62066;0;;;
10171;5.329071E-15;5;194108;0;4;60632;0;;;
10173;5.329071E-15;5;181099;0;4;61514;0;;;
10175;5.329071E-15;5;169713;0;4;62096;0;;;
10177;5.329071E-15;5;69751;0;4;59267;0;;;
10179;5.329071E-15;4;991773;0;3;955071;0;;;
10181;5.329071E-15;4;988214;0;3;934802;0;;;
10183;5.329071E-15;4;914664;0;3;88657;0;;;
10185;5.329071E-15;4;823883;0;3;856478;0;;;
10187;5.329071E-15;4;740085;0;3;738099;0;;;
10189;5.329071E-15;4;525576;0;3;657391;0;;;
10191;5.329071E-15;4;384212;0;3;528845;0;;;
10193;5.329071E-15;4;259402;0;3;333647;0;;;
10195;5.329071E-15;4;182241;0;3;2958;0;;;
10197;5.329071E-15;4;63722;0;3;136514;0;;;
10199;5.329071E-15;4;60038;0;3;98379;0;;;
10201;5.329071E-15;4;5966;0;3;99455;0;;;
10203;5.329071E-15;4;59282;0;3;100532;0;;;
10205;5.329071E-15;4;58905;0;3;101609;0;;;
10207;5.329071E-15;4;58527;0;3;102686;0;;;
10209;5.329071E-15;4;58149;0;3;103762;0;;;
10211;5.329071E-15;4;137128;0;3;11255;0;;;
10213;5.329071E-15;4;190527;0;3;18957;0;;;
10215;5.329071E-15;4;215225;0;3;188401;0;;;
10217;5.329071E-15;4;269478;0;3;187233;0;;;
10219;5.329071E-15;4;348601;0;3;20072;0;;;
10221;5.329071E-15;4;394307;0;3;225308;0;;;
10223;5.329071E-15;4;399958;0;3;225323;0;;;
10225;5.329071E-15;4;348252;0;3;174423;0;;;
10227;5.329071E-15;4;293936;0;3;63185;0;;;
10229;5.329071E-15;4;248511;0;2;945232;0;;;
10231;5.329071E-15;4;133504;0;2;914464;0;;;
10233;5.329071E-15;4;106157;0;2;892409;0;;;
10235;5.329071E-15;4;167288;0;2;864201;0;;;
10237;5.329071E-15;4;248981;0;2;835761;0;;;
10239;5.329071E-15;4;45515;0;2;836102;0;;;
10241;5.329071E-15;4;29012;0;2;813672;0;;;
10243;5.329071E-15;4;13396;0;2;826427;0;;;
10245;5.329071E-15;3;99778;0;2;836866;0;;;
10247;5.329071E-15;3;982164;0;2;837552;0;;;
10249;5.329071E-15;3;966548;0;2;838238;0;;;
10251;5.329071E-15;3;950932;0;2;838923;0;;;
10253;5.329071E-15;3;935315;0;2;839087;0;;;
10255;5.329071E-15;3;919699;0;2;837561;0;;;
10257;5.329071E-15;3;904083;0;2;836035;0;;;
10259;5.329071E-15;3;888467;0;2;841179;0;;;
10261;5.329071E-15;3;872851;0;2;841732;0;;;
10263;5.329071E-15;3;857235;0;2;842286;0;;;
10265;5.329071E-15;3;841618;0;2;842839;0;;;
10267;5.329071E-15;3;827974;0;2;851333;0;;;
10269;5.329071E-15;3;915614;0;2;883276;0;;;
10271;5.329071E-15;3;91804;0;2;940298;0;;;
10273;5.329071E-15;3;877632;0;2;908214;0;;;
10275;5.329071E-15;3;811155;0;2;937245;0;;;
10277;5.329071E-15;3;784327;0;2;932042;0;;;
10279;5.329071E-15;3;783654;0;2;925413;0;;;
10281;5.329071E-15;3;791008;0;2;922767;0;;;
10283;5.329071E-15;3;798362;0;2;929226;0;;;
10285;5.329071E-15;3;840039;0;2;947676;0;;;
10287;5.329071E-15;3;853114;0;2;986624;0;;;
10289;5.329071E-15;3;835556;0;2;957016;0;;;
10291;5.329071E-15;3;770295;0;2;91018;0;;;
10293;5.329071E-15;3;646738;0;2;855306;0;;;
10295;5.329071E-15;3;369952;0;2;83894;0;;;
10297;5.329071E-15;3;300571;0;2;717019;0;;;
10299;5.329071E-15;3;300548;0;2;711909;0;;;
10301;5.329071E-15;3;300524;0;2;714624;0;;;
10303;5.329071E-15;3;300501;0;2;717339;0;;;
10305;5.329071E-15;3;300477;0;2;720054;0;;;
10307;5.329071E-15;3;300453;0;2;722769;0;;;
10309;5.329071E-15;3;30043;0;2;725237;0;;;
10311;5.329071E-15;3;30053;0;2;725466;0;;;
10313;5.329071E-15;3;289041;0;2;698946;0;;;
10315;5.329071E-15;3;243909;0;2;68143;0;;;
10317;5.329071E-15;3;198777;0;2;679461;0;;;
10319;5.329071E-15;3;153645;0;2;677491;0;;;
10321;5.329071E-15;3;108513;0;2;675522;0;;;
10323;5.329071E-15;3;8442;0;2;624106;0;;;
10325;5.329071E-15;3;82815;0;2;541422;0;;;
10327;5.329071E-15;3;79304;0;2;500015;0;;;
10329;5.329071E-15;3;55372;0;2;329283;0;;;
10331;5.329071E-15;2;993227;0;2;239084;0;;;
10333;5.329071E-15;2;977573;0;2;140978;0;;;
10335;5.329071E-15;2;958018;0;2;123405;0;;;
10337;5.329071E-15;2;76843;0;2;59471;0;;;
10339;5.329071E-15;2;73905;0;2;2781;0;;;
10341;5.329071E-15;2;74016;0;2;4309;0;;;
10343;5.329071E-15;2;741268;0;2;1332;0;;;
10345;5.329071E-15;2;742378;0;1;999192;0;;;
10347;5.329071E-15;2;743486;0;1;999208;0;;;
10349;5.329071E-15;2;744596;0;1;999225;0;;;
10351;5.329071E-15;2;745704;0;1;999242;0;;;
10353;5.329071E-15;2;746814;0;1;999259;0;;;
10355;5.329071E-15;2;747923;0;1;999276;0;;;
10357;5.329071E-15;2;749032;0;1;999292;0;;;
10359;5.329071E-15;2;750141;0;1;986745;0;;;
10361;5.329071E-15;2;75125;0;1;974002;0;;;
10363;5.329071E-15;2;752359;0;1;965949;0;;;
10365;5.329071E-15;2;753468;0;1;966275;0;;;
10367;5.329071E-15;2;754577;0;1;966602;0;;;
10369;5.329071E-15;2;755686;0;1;966928;0;;;
10371;5.329071E-15;2;756795;0;1;967254;0;;;
10373;5.329071E-15;2;757904;0;1;967581;0;;;
10375;5.329071E-15;2;759013;0;1;967907;0;;;
10377;5.329071E-15;2;760122;0;1;968234;0;;;
10379;5.329071E-15;2;833389;0;1;994517;0;;;
10381;5.329071E-15;2;847305;0;1;991393;0;;;
10383;5.329071E-15;2;878935;0;2;6344;0;;;
10385;5.329071E-15;2;981888;0;2;40378;0;;;
10387;5.329071E-15;2;919618;0;2;24193;0;;;
10389;5.329071E-15;2;925424;0;2;23463;0;;;
10391;5.329071E-15;2;88478;0;2;27171;0;;;
10393;5.329071E-15;2;872298;0;2;30879;0;;;
10395;5.329071E-15;2;874242;0;2;33236;0;;;
10397;5.329071E-15;2;982585;0;2;134564;0;;;
10399;5.329071E-15;3;132183;0;2;338479;0;;;
10401;5.329071E-15;3;307973;0;2;436491;0;;;
10403;5.329071E-15;3;456661;0;2;506103;0;;;
10405;5.329071E-15;3;47189;0;2;590202;0;;;
10407;5.329071E-15;3;463891;0;2;630416;0;;;
10409;5.329071E-15;3;456765;0;2;629711;0;;;
10411;5.329071E-15;3;396032;0;2;460291;0;;;
10413;5.329071E-15;3;273252;0;2;353556;0;;;
10415;5.329071E-15;3;250322;0;2;324629;0;;;
10417;5.329071E-15;3;135317;0;2;237324;0;;;
10419;5.329071E-15;3;103547;0;2;191925;0;;;
10421;5.329071E-15;3;62413;0;2;195667;0;;;
10423;5.329071E-15;3;61334;0;2;189301;0;;;
10425;5.329071E-15;3;60255;0;2;173848;0;;;
10427;5.329071E-15;3;59176;0;2;156337;0;;;
10429;5.329071E-15;3;58097;0;2;154118;0;;;
10431;5.329071E-15;3;59917;0;2;151899;0;;;
10433;5.329071E-15;3;30194;0;2;150617;0;;;
10435;5.329071E-15;3;19245;0;2;150272;0;;;
10437;5.329071E-15;2;978828;0;2;11028;0;;;
10439;5.329071E-15;2;887951;0;2;58511;0;;;
10441;5.329071E-15;2;882413;0;2;53989;0;;;
10443;5.329071E-15;2;876875;0;2;49467;0;;;
10445;5.329071E-15;2;871337;0;2;44944;0;;;
10447;5.329071E-15;2;865799;0;2;40883;0;;;
10449;5.329071E-15;2;860261;0;2;38902;0;;;
10451;5.329071E-15;2;854723;0;2;34514;0;;;
10453;5.329071E-15;2;849186;0;2;4172;0;;;
10455;5.329071E-15;2;843648;0;2;42742;0;;;
10457;5.329071E-15;2;83811;0;2;45396;0;;;
10459;5.329071E-15;2;832572;0;2;48587;0;;;
10461;5.329071E-15;2;827034;0;2;50496;0;;;
10463;5.329071E-15;2;821496;0;2;53478;0;;;
10465;5.329071E-15;2;863137;0;2;139794;0;;;
10467;5.329071E-15;2;937305;0;2;273574;0;;;
10469;5.329071E-15;2;955215;0;2;304054;0;;;
10471;5.329071E-15;2;855771;0;2;356643;0;;;
10473;5.329071E-15;2;850773;0;2;29697;0;;;
10475;5.329071E-15;2;961018;0;2;309704;0;;;
10477;5.329071E-15;2;961254;0;2;305717;0;;;
10479;5.329071E-15;2;96149;0;2;311209;0;;;
10481;5.329071E-15;2;961726;0;2;290506;0;;;
10483;5.329071E-15;2;961962;0;2;297246;0;;;
10485;5.329071E-15;2;960819;0;2;286665;0;;;
10487;5.329071E-15;2;91191;0;2;27456;0;;;
10489;5.329071E-15;2;929968;0;2;26053;0;;;
10491;5.329071E-15;2;957755;0;2;275475;0;;;
10493;5.329071E-15;2;955934;0;2;280055;0;;;
10495;5.329071E-15;2;941282;0;2;248683;0;;;
10497;5.329071E-15;2;92125;0;2;242015;0;;;
10499;5.329071E-15;2;901218;0;2;232864;0;;;
10501;5.329071E-15;2;881186;0;2;221282;0;;;
10503;5.329071E-15;2;861154;0;2;207169;0;;;
10505;5.329071E-15;2;841122;0;2;201545;0;;;
10507;5.329071E-15;2;82109;0;2;198671;0;;;
10509;5.329071E-15;2;801058;0;2;201544;0;;;
10511;5.329071E-15;2;810157;0;2;201542;0;;;
10513;5.329071E-15;2;834944;0;2;20154;0;;;
10515;5.329071E-15;2;859731;0;2;201538;0;;;
10517;5.329071E-15;2;884518;0;2;203218;0;;;
10519;5.329071E-15;2;909305;0;2;206111;0;;;
10521;5.329071E-15;2;934092;0;2;209004;0;;;
10523;5.329071E-15;2;934655;0;2;215745;0;;;
10525;5.329071E-15;3;172189;0;2;334201;0;;;
10527;5.329071E-15;3;340882;0;2;470817;0;;;
10529;5.329071E-15;3;337115;0;2;581393;0;;;
10531;5.329071E-15;3;339878;0;2;610442;0;;;
10533;5.329071E-15;3;343299;0;2;695465;0;;;
10535;5.329071E-15;3;34567;0;2;754128;0;;;
10537;5.329071E-15;3;348194;0;2;791761;0;;;
10539;5.329071E-15;3;374796;0;2;901071;0;;;
10541;5.329071E-15;3;431649;0;2;936849;0;;;
10543;5.329071E-15;3;43611;0;2;941863;0;;;
10545;5.329071E-15;3;515723;0;2;941753;0;;;
10547;5.329071E-15;3;574455;0;2;949569;0;;;
10549;5.329071E-15;3;618268;0;2;98002;0;;;
10551;5.329071E-15;3;731886;0;3;12151;0;;;
10553;5.329071E-15;3;735229;0;3;10948;0;;;
10555;5.329071E-15;3;76626;0;3;9819;0;;;
10557;5.329071E-15;3;783447;0;3;8542;0;;;
10559;5.329071E-15;3;800634;0;3;13778;0;;;
10561;5.329071E-15;3;832484;0;3;57382;0;;;
10563;5.329071E-15;3;874221;0;3;121692;0;;;
10565;5.329071E-15;3;884124;0;3;135008;0;;;
10567;5.329071E-15;3;892105;0;3;13534;0;;;
10569;5.329071E-15;3;900086;0;3;135672;0;;;
10571;5.329071E-15;3;908067;0;3;136004;0;;;
10573;5.329071E-15;3;916049;0;3;136335;0;;;
10575;5.329071E-15;3;92403;0;3;136667;0;;;
10577;5.329071E-15;3;932011;0;3;136999;0;;;
10579;5.329071E-15;3;875531;0;3;137331;0;;;
10581;5.329071E-15;3;857782;0;3;137956;0;;;
10583;5.329071E-15;3;812559;0;3;12222;0;;;
10585;5.329071E-15;3;801664;0;3;5153;0;;;
10587;5.329071E-15;3;801526;0;3;44442;0;;;
10589;5.329071E-15;3;794636;0;3;26401;0;;;
10591;5.329071E-15;3;785422;0;3;31729;0;;;
10593;5.329071E-15;3;776208;0;3;37057;0;;;
10595;5.329071E-15;3;766995;0;3;42385;0;;;
10597;5.329071E-15;3;747342;0;3;7069;0;;;
10599;5.329071E-15;3;686517;0;2;987934;0;;;
10601;5.329071E-15;3;629096;0;2;944198;0;;;
10603;5.329071E-15;3;575718;0;2;865745;0;;;
10605;5.329071E-15;3;47959;0;2;803684;0;;;
10607;5.329071E-15;3;48841;0;2;764745;0;;;
10609;5.329071E-15;3;499763;0;2;763628;0;;;
10611;5.329071E-15;3;511117;0;2;762512;0;;;
10613;5.329071E-15;3;522471;0;2;761396;0;;;
10615;5.329071E-15;3;533825;0;2;783636;0;;;
10617;5.329071E-15;3;581741;0;2;79879;0;;;
10619;5.329071E-15;3;5827;0;2;813508;0;;;
10621;5.329071E-15;3;585649;0;2;813024;0;;;
10623;5.329071E-15;3;586106;0;2;812927;0;;;
10625;5.329071E-15;3;586563;0;2;859108;0;;;
10627;5.329071E-15;3;834726;0;2;913426;0;;;
10629;5.329071E-15;3;919686;0;2;965393;0;;;
10631;5.329071E-15;4;74302;0;2;977186;0;;;
10633;5.329071E-15;4;77784;0;2;97658;0;;;
10635;5.329071E-15;4;81266;0;2;975974;0;;;
10637;5.329071E-15;4;84748;0;2;975368;0;;;
10639;5.329071E-15;4;8823;0;2;974761;0;;;
10641;5.329071E-15;4;91712;0;2;974155;0;;;
10643;5.329071E-15;4;95193;0;2;973549;0;;;
10645;5.329071E-15;4;98675;0;2;972943;0;;;
10647;5.329071E-15;4;102157;0;2;972337;0;;;
10649;5.329071E-15;4;105639;0;2;971731;0;;;
10651;5.329071E-15;4;109121;0;2;971125;0;;;
10653;5.329071E-15;4;112603;0;2;970519;0;;;
10655;5.329071E-15;4;116085;0;2;969913;0;;;
10657;5.329071E-15;4;119566;0;2;969306;0;;;
10659;5.329071E-15;4;123048;0;2;9687;0;;;
10661;5.329071E-15;4;12653;0;2;968094;0;;;
10663;5.329071E-15;4;16426;0;3;6417;0;;;
10665;5.329071E-15;4;133438;0;3;1334;0;;;
10667;5.329071E-15;3;733236;0;2;98489;0;;;
10669;5.329071E-15;3;746459;0;2;965453;0;;;
10671;5.329071E-15;3;692976;0;2;936479;0;;;
10673;5.329071E-15;3;542136;0;2;88581;0;;;
10675;5.329071E-15;3;507195;0;2;897967;0;;;
10677;5.329071E-15;3;565289;0;2;91326;0;;;
10679;5.329071E-15;3;646366;0;2;948711;0;;;
10681;5.329071E-15;3;653107;0;2;995407;0;;;
10683;5.329071E-15;3;667016;0;3;9203;0;;;
10685;5.329071E-15;3;755443;0;3;22042;0;;;
10687;5.329071E-15;3;761671;0;3;51707;0;;;
10689;5.329071E-15;3;767128;0;3;50088;0;;;
10691;5.329071E-15;3;721661;0;3;11487;0;;;
10693;5.329071E-15;3;683362;0;2;996781;0;;;
10695;5.329071E-15;3;671809;0;2;996781;0;;;
10697;5.329071E-15;3;668576;0;2;996781;0;;;
10699;5.329071E-15;3;671545;0;2;996781;0;;;
10701;5.329071E-15;3;674514;0;2;996781;0;;;
10703;5.329071E-15;3;677483;0;2;996781;0;;;
10705;5.329071E-15;3;680452;0;2;996781;0;;;
10707;5.329071E-15;3;683421;0;2;991014;0;;;
10709;5.329071E-15;3;68639;0;2;990422;0;;;
10711;5.329071E-15;3;849977;0;2;996781;0;;;
10713;5.329071E-15;4;11363;0;2;998874;0;;;
10715;5.329071E-15;4;111776;0;3;77636;0;;;
10717;5.329071E-15;4;106127;0;3;132694;0;;;
10719;5.329071E-15;4;265991;0;3;212046;0;;;
10721;5.329071E-15;4;381275;0;3;348044;0;;;
10723;5.329071E-15;4;37489;0;3;3516;0;;;
10725;5.329071E-15;4;345103;0;3;324806;0;;;
10727;5.329071E-15;4;204726;0;3;3164;0;;;
10729;5.329071E-15;4;211403;0;3;169035;0;;;
10731;5.329071E-15;4;31112;0;3;44273;0;;;
10733;5.329071E-15;4;5665;0;3;0;;;;
10735;5.329071E-15;4;52761;0;2;97172;0;;;
10737;5.329071E-15;3;930695;0;2;908662;0;;;
10739;5.329071E-15;3;833709;0;2;830175;0;;;
10741;5.329071E-15;3;79783;0;2;855814;0;;;
10743;5.329071E-15;3;793596;0;2;856125;0;;;
10745;5.329071E-15;3;789362;0;2;855943;0;;;
10747;5.329071E-15;3;749394;0;2;851519;0;;;
10749;5.329071E-15;3;427672;0;2;804766;0;;;
10751;5.329071E-15;3;402478;0;2;740679;0;;;
10753;5.329071E-15;3;363232;0;2;689126;0;;;
10755;5.329071E-15;3;285434;0;2;688867;0;;;
10757;5.329071E-15;3;289189;0;2;688608;0;;;
10759;5.329071E-15;3;292944;0;2;673508;0;;;
10761;5.329071E-15;3;298398;0;2;671581;0;;;
10763;5.329071E-15;3;29936;0;2;624474;0;;;
10765;5.329071E-15;3;330769;0;2;603438;0;;;
10767;5.329071E-15;3;325691;0;2;610702;0;;;
10769;5.329071E-15;3;425029;0;2;663175;0;;;
10771;5.329071E-15;3;432162;0;2;687282;0;;;
10773;5.329071E-15;3;438574;0;2;701985;0;;;
10775;5.329071E-15;3;579921;0;2;723016;0;;;
10777;5.329071E-15;3;581878;0;2;737904;0;;;
10779;5.329071E-15;3;583836;0;2;735867;0;;;
10781;5.329071E-15;3;586663;0;2;735257;0;;;
10783;5.329071E-15;3;590361;0;2;736076;0;;;
10785;5.329071E-15;3;594059;0;2;736895;0;;;
10787;5.329071E-15;3;597756;0;2;737714;0;;;
10789;5.329071E-15;3;601405;0;2;752198;0;;;
10791;5.329071E-15;3;605683;0;2;770462;0;;;
10793;5.329071E-15;3;76624;0;2;828997;0;;;
10795;5.329071E-15;3;766573;0;2;830144;0;;;
10797;5.329071E-15;3;766907;0;2;831292;0;;;
10799;5.329071E-15;3;767241;0;2;832439;0;;;
10801;5.329071E-15;3;767574;0;2;833586;0;;;
10803;5.329071E-15;3;767908;0;2;834734;0;;;
10805;5.329071E-15;3;768241;0;2;835881;0;;;
10807;5.329071E-15;3;768575;0;2;837029;0;;;
10809;5.329071E-15;3;768909;0;2;838176;0;;;
10811;5.329071E-15;3;769242;0;2;839324;0;;;
10813;5.329071E-15;3;769576;0;2;838947;0;;;
10815;5.329071E-15;3;76991;0;2;826511;0;;;
10817;5.329071E-15;3;770243;0;2;819456;0;;;
10819;5.329071E-15;3;770577;0;2;809711;0;;;
10821;5.329071E-15;3;77091;0;2;80835;0;;;
10823;5.329071E-15;3;771244;0;2;790199;0;;;
10825;5.329071E-15;3;769823;0;2;789916;0;;;
10827;5.329071E-15;3;705997;0;2;719413;0;;;
10829;5.329071E-15;3;668139;0;2;614196;0;;;
10831;5.329071E-15;3;549423;0;2;501744;0;;;
10833;5.329071E-15;3;54708;0;2;528728;0;;;
10835;5.329071E-15;3;560857;0;2;530898;0;;;
10837;5.329071E-15;3;589126;0;2;533068;0;;;
10839;5.329071E-15;3;617213;0;2;541001;0;;;
10841;5.329071E-15;3;649808;0;2;676772;0;;;
10843;5.329071E-15;3;681576;0;2;732304;0;;;
10845;5.329071E-15;3;737532;0;2;839322;0;;;
10847;5.329071E-15;3;88394;0;2;948992;0;;;
10849;5.329071E-15;3;914356;0;2;990985;0;;;
10851;5.329071E-15;3;927838;0;3;1239;0;;;
10853;5.329071E-15;3;931351;0;3;51172;0;;;
10855;5.329071E-15;3;934864;0;3;91559;0;;;
10857;5.329071E-15;3;953955;0;3;171656;0;;;
10859;5.329071E-15;4;18156;0;3;19363;0;;;
10861;5.329071E-15;4;84552;0;3;202846;0;;;
10863;5.329071E-15;3;960453;0;3;199027;0;;;
10865;5.329071E-15;3;967859;0;3;15672;0;;;
10867;5.329071E-15;4;55759;0;3;209636;0;;;
10869;5.329071E-15;4;74608;0;3;217433;0;;;
10871;5.329071E-15;4;73095;0;3;220242;0;;;
10873;5.329071E-15;4;52265;0;3;222691;0;;;
10875;5.329071E-15;4;47018;0;3;211213;0;;;
10877;5.329071E-15;4;4177;0;3;189953;0;;;
10879;5.329071E-15;3;848964;0;3;72572;0;;;
10881;5.329071E-15;3;736394;0;2;994314;0;;;
10883;5.329071E-15;3;87579;0;3;16978;0;;;
10885;5.329071E-15;3;818114;0;3;41969;0;;;
10887;5.329071E-15;3;914611;0;3;37026;0;;;
10889;5.329071E-15;3;911188;0;3;3745;0;;;
10891;5.329071E-15;3;907765;0;3;34737;0;;;
10893;5.329071E-15;3;904342;0;3;32024;0;;;
10895;5.329071E-15;3;900918;0;3;29311;0;;;
10897;5.329071E-15;3;897496;0;3;15597;0;;;
10899;5.329071E-15;3;894073;0;2;995315;0;;;
10901;5.329071E-15;3;890649;0;3;21172;0;;;
10903;5.329071E-15;3;89559;0;3;18147;0;;;
10905;5.329071E-15;3;903931;0;3;15122;0;;;
10907;5.329071E-15;3;912273;0;3;2293;0;;;
10909;5.329071E-15;3;920615;0;3;10017;0;;;
10911;5.329071E-15;3;74511;0;2;975435;0;;;
10913;5.329071E-15;3;757487;0;2;942082;0;;;
10915;5.329071E-15;3;687234;0;2;858151;0;;;
10917;5.329071E-15;3;908556;0;2;879704;0;;;
10919;5.329071E-15;3;879411;0;2;963414;0;;;
10921;5.329071E-15;3;920809;0;2;950639;0;;;
10923;5.329071E-15;3;925966;0;3;9324;0;;;
10925;5.329071E-15;3;957983;0;3;38622;0;;;
10927;5.329071E-15;4;49487;0;3;115241;0;;;
10929;5.329071E-15;4;89913;0;3;83445;0;;;
10931;5.329071E-15;4;93818;0;3;8418;0;;;
10933;5.329071E-15;4;187034;0;3;143572;0;;;
10935;5.329071E-15;4;267013;0;3;222681;0;;;
10937;5.329071E-15;4;296358;0;3;216588;0;;;
10939;5.329071E-15;4;325703;0;3;216581;0;;;
10941;5.329071E-15;4;351271;0;3;216575;0;;;
10943;5.329071E-15;4;352619;0;3;216428;0;;;
10945;5.329071E-15;4;373541;0;3;2164;0;;;
10947;5.329071E-15;4;394463;0;3;216373;0;;;
10949;5.329071E-15;4;415385;0;3;216346;0;;;
10951;5.329071E-15;4;436307;0;3;216319;0;;;
10953;5.329071E-15;4;45723;0;3;216292;0;;;
10955;5.329071E-15;4;483338;0;3;219149;0;;;
10957;5.329071E-15;4;51505;0;3;276254;0;;;
10959;5.329071E-15;4;543673;0;3;381618;0;;;
10961;5.329071E-15;4;567383;0;3;397179;0;;;
10963;5.329071E-15;4;593105;0;3;399051;0;;;
10965;5.329071E-15;4;613311;0;3;428188;0;;;
10967;5.329071E-15;4;622762;0;3;402224;0;;;
10969;5.329071E-15;4;624898;0;3;381202;0;;;
10971;5.329071E-15;4;62501;0;3;373904;0;;;
10973;5.329071E-15;4;719548;0;3;370069;0;;;
10975;5.329071E-15;4;608057;0;3;392387;0;;;
10977;5.329071E-15;4;610986;0;3;429376;0;;;
10979;5.329071E-15;4;607593;0;3;429875;0;;;
10981;5.329071E-15;4;604199;0;3;423933;0;;;
10983;5.329071E-15;4;600806;0;3;430873;0;;;
10985;5.329071E-15;4;597413;0;3;436043;0;;;
10987;5.329071E-15;4;594019;0;3;444095;0;;;
10989;5.329071E-15;4;590626;0;3;452146;0;;;
10991;5.329071E-15;4;548653;0;3;437201;0;;;
10993;5.329071E-15;4;37609;0;3;29729;0;;;
10995;5.329071E-15;4;391935;0;3;318515;0;;;
10997;5.329071E-15;4;40424;0;3;46549;0;;;
10999;5.329071E-15;4;450634;0;3;568854;0;;;
11001;5.329071E-15;4;464634;0;3;587966;0;;;
11003;5.329071E-15;4;48253;0;3;581167;0;;;
11005;5.329071E-15;4;585248;0;3;707588;0;;;
11007;5.329071E-15;4;624981;0;3;786667;0;;;
11009;5.329071E-15;4;731928;0;3;835278;0;;;
11011;5.329071E-15;4;784357;0;3;879666;0;;;
11013;5.329071E-15;4;902096;0;3;917877;0;;;
11015;5.329071E-15;4;992526;0;4;18972;0;;;
11017;5.329071E-15;4;992037;0;4;31476;0;;;
11019;5.329071E-15;5;26005;0;4;38158;0;;;
11021;5.329071E-15;5;53497;0;4;67679;0;;;
11023;5.329071E-15;5;57465;0;4;64333;0;;;
11025;5.329071E-15;4;988561;0;4;18926;0;;;
11027;5.329071E-15;4;98599;0;3;988271;0;;;
11029;5.329071E-15;4;985629;0;3;998229;0;;;
11031;5.329071E-15;4;985912;0;4;18774;0;;;
11033;5.329071E-15;4;985253;0;4;18723;0;;;
11035;5.329071E-15;4;984594;0;4;40405;0;;;
11037;5.329071E-15;4;983938;0;4;49032;0;;;
11039;5.329071E-15;4;959837;0;4;43201;0;;;
11041;5.329071E-15;4;950371;0;4;25459;0;;;
11043;5.329071E-15;4;949011;0;4;13492;0;;;
11045;5.329071E-15;4;94626;0;4;6298;0;;;
11047;5.329071E-15;4;942104;0;3;940364;0;;;
11049;5.329071E-15;4;941436;0;3;897147;0;;;
11051;5.329071E-15;4;939763;0;3;877113;0;;;
11053;5.329071E-15;4;938102;0;3;840322;0;;;
11055;5.329071E-15;4;936442;0;3;835576;0;;;
11057;5.329071E-15;4;91207;0;3;833373;0;;;
11059;5.329071E-15;4;79889;0;3;831169;0;;;
11061;5.329071E-15;4;728159;0;3;827662;0;;;
11063;5.329071E-15;4;660816;0;3;807876;0;;;
11065;5.329071E-15;4;651613;0;3;805853;0;;;
11067;5.329071E-15;4;60182;0;3;781593;0;;;
11069;5.329071E-15;4;666449;0;3;823067;0;;;
11071;5.329071E-15;4;824072;0;3;8067;0;;;
11073;5.329071E-15;4;834876;0;3;869096;0;;;
11075;5.329071E-15;4;82969;0;3;891315;0;;;
11077;5.329071E-15;4;823881;0;3;896134;0;;;
11079;5.329071E-15;4;818394;0;3;914583;0;;;
11081;5.329071E-15;4;903733;0;3;962477;0;;;
11083;5.329071E-15;4;939559;0;3;966271;0;;;
11085;5.329071E-15;4;964491;0;3;998918;0;;;
11087;5.329071E-15;5;15726;0;3;999459;0;;;
11089;5.329071E-15;5;152486;0;4;20677;0;;;
11091;5.329071E-15;5;304722;0;4;137196;0;;;
11093;5.329071E-15;5;301857;0;4;217239;0;;;
11095;5.329071E-15;5;341721;0;4;205164;0;;;
11097;5.329071E-15;5;363443;0;4;20758;0;;;
11099;5.329071E-15;5;367024;0;4;209996;0;;;
11101;5.329071E-15;5;370605;0;4;207051;0;;;
11103;5.329071E-15;5;37492;0;4;192783;0;;;
11105;5.329071E-15;5;379235;0;4;201674;0;;;
11107;5.329071E-15;5;383549;0;4;203643;0;;;
11109;5.329071E-15;5;387864;0;4;189168;0;;;
11111;5.329071E-15;5;392179;0;4;163144;0;;;
11113;5.329071E-15;5;396493;0;4;140628;0;;;
11115;5.329071E-15;5;400807;0;4;134021;0;;;
11117;5.329071E-15;5;399032;0;4;39655;0;;;
11119;5.329071E-15;5;153448;0;4;29299;0;;;
11121;5.329071E-15;5;145717;0;3;997182;0;;;
11123;5.329071E-15;5;135183;0;3;945637;0;;;
11125;5.329071E-15;5;100206;0;3;922084;0;;;
11127;5.329071E-15;5;26547;0;3;89861;0;;;
11129;5.329071E-15;5;13115;0;3;875203;0;;;
11131;5.329071E-15;5;3487;0;3;84537;0;;;
11133;5.329071E-15;5;79148;0;3;817959;0;;;
11135;0;1048318;4;777164;0;3;830288;0;;
11137;0;5094797;4;706483;0;3;915663;0;;
11139;0;3090365;4;71769;0;3;927536;0;;
11141;0;4611963;4;805767;0;3;932177;0;;
11143;0;636198;4;892554;0;3;932263;0;;
11145;0;7361086;4;881718;0;3;931588;0;;
11147;0;7609278;4;866894;0;3;930153;0;;
11149;0;7857471;4;852071;0;3;928719;0;;
11151;0;8105664;4;837247;0;3;927284;0;;
11153;0;8353856;4;822423;0;3;930947;0;;
11155;0;8602048;4;73791;0;3;899334;0;;
11157;0;8850241;4;5464;0;3;824346;0;;
11159;0;9098434;4;483508;0;3;731292;0;;
11161;0;9346627;4;277487;0;3;687731;0;;
11163;0;959482;4;254238;0;3;674141;0;;
11165;0;9843011;4;257354;0;3;662221;0;;
11167;0;100912;4;260929;0;3;652552;0;;
11169;0;1523722;4;273353;0;3;648619;0;;
11171;0;1678861;4;294629;0;3;653906;0;;
11173;0;1834;4;308763;0;3;647111;0;;
11175;0;1989139;4;147285;0;3;514524;0;;
11177;0;2144278;4;23592;0;3;465222;0;;
11179;0;2299417;4;24037;0;3;44513;0;;
11181;0;2454556;4;2382;0;3;477987;0;;
11183;0;2619366;4;41422;0;3;541944;0;;
11185;0;3319072;4;79035;0;3;556285;0;;
11187;0;4140163;4;182171;0;3;750482;0;;
11189;0;5833147;4;28681;0;3;818999;0;;
11191;0;8314381;4;342699;0;3;820245;0;;
11193;0;1550037;4;387886;0;3;830297;0;;
11195;0;1678435;4;374948;0;3;837441;0;;
11197;0;1806833;4;576914;0;3;845271;0;;
11199;0;1992123;4;494477;0;3;845271;0;;
11201;0;2122492;4;444757;0;3;758516;0;;
11203;0;2252861;4;391987;0;3;714896;0;;
11205;0;238323;4;294493;0;3;660884;0;;
11207;0;2513599;4;284733;0;3;60079;0;;
11209;0;2643968;4;178368;0;3;572243;0;;
11211;0;2774337;4;178631;0;3;544451;0;;
11213;0;2904707;4;178895;0;3;45936;0;;
11215;0;3135933;4;188263;0;3;417401;0;;
11217;0;3468016;4;200283;0;3;316122;0;;
11219;0;4581873;4;203668;0;3;187448;0;;
11221;0;4722995;4;21329;0;3;115708;0;;
11223;0;4864118;4;115746;0;3;123505;0;;
11225;0;500524;4;204538;0;3;131301;0;;
11227;0;5146363;4;204828;0;3;139098;0;;
11229;0;5287486;4;28535;0;3;146926;0;;
11231;0;5428609;4;280429;0;3;103005;0;;
11233;0;5569731;4;275784;0;3;12169;0;;
11235;0;5710854;4;236238;0;3;42701;0;;
11237;0;5851976;4;205643;0;3;40544;0;;
11239;0;5993099;4;205925;0;3;39036;0;;
11241;0;6134222;4;206206;0;3;37527;0;;
11243;0;6371218;4;253232;0;3;4316;0;;
11245;0;8259773;4;407513;0;3;114867;0;;
11247;1;86559;4;486248;0;3;315129;0;;
11249;1;125906;4;543891;0;3;482993;0;;
11251;1;136045;4;609265;0;3;628782;0;;
11253;1;150071;4;649678;0;3;754685;0;;
11255;1;162861;4;737717;0;3;753217;0;;
11257;1;178233;4;820081;0;3;817567;0;;
11259;1;183313;4;82111;0;3;840197;0;;
11261;1;183899;4;875494;0;3;910731;0;;
11263;1;184669;4;892859;0;3;915362;0;;
11265;1;185443;4;93016;0;3;906783;0;;
11267;1;186167;4;982909;0;3;924623;0;;
11269;1;187423;4;993089;0;3;979522;0;;
11271;1;187969;4;955774;0;3;977171;0;;
11273;1;188515;4;932132;0;3;925174;0;;
11275;1;189062;4;850223;0;3;821514;0;;
11277;1;189608;4;738544;0;3;637063;0;;
11279;1;190154;4;72365;0;3;577585;0;;
11281;1;1907;4;380942;0;3;457135;0;;
11283;1;191246;4;328352;0;3;352352;0;;
11285;1;191792;4;212981;0;3;332809;0;;
11287;1;192338;4;216106;0;3;340284;0;;
11289;1;192884;4;219008;0;3;288388;0;;
11291;1;19343;4;177896;0;3;275732;0;;
11293;1;193976;4;16828;0;3;241612;0;;
11295;1;194522;4;167683;0;3;252375;0;;
11297;1;195068;4;16854;0;3;261413;0;;
11299;1;195614;4;170582;0;3;291385;0;;
11301;1;19616;4;172625;0;3;292368;0;;
11303;1;20094;4;174667;0;3;293351;0;;
11305;1;209292;4;197501;0;3;396587;0;;
11307;1;217611;4;204905;0;3;451624;0;;
11309;1;238554;4;214976;0;3;514864;0;;
11311;1;263685;4;215291;0;3;598925;0;;
11313;1;311598;4;483541;0;3;802637;0;;
11315;1;390315;4;775562;0;3;857468;0;;
11317;1;778988;4;905293;0;3;907491;0;;
11319;2;177839;4;980453;0;3;909757;0;;
11321;2;298947;4;980585;0;3;979471;0;;
11323;2;368818;4;980742;0;4;0;;;
11325;2;395968;4;984098;0;4;0;;;
11327;2;41881;4;985999;0;4;0;;;
11329;2;441651;4;9879;0;4;0;;;
11331;2;464493;4;989801;0;3;997722;0;;
11333;2;632612;5;17628;0;3;993881;0;;
11335;2;649558;5;8272;0;3;985857;0;;
11337;2;666203;4;962731;0;3;940637;0;;
11339;2;680673;4;952078;0;3;916468;0;;
11341;2;696201;4;940337;0;3;893043;0;;
11343;2;712821;4;88923;0;3;881732;0;;
11345;2;731513;4;810576;0;3;872524;0;;
11347;2;832082;4;794162;0;3;867642;0;;
11349;2;881709;4;777747;0;3;862761;0;;
11351;2;888772;4;761333;0;3;879728;0;;
11353;2;895834;4;744918;0;3;880524;0;;
11355;2;902897;4;728504;0;3;879678;0;;
11357;2;90996;4;712089;0;3;878832;0;;
11359;2;917022;4;695674;0;3;879128;0;;
11361;2;924803;4;722473;0;3;879429;0;;
11363;2;940319;4;737677;0;3;879732;0;;
11365;2;96329;4;775686;0;3;890763;0;;
11367;2;975001;4;795477;0;3;885136;0;;
11369;2;974079;4;797734;0;3;999252;0;;
11371;2;973448;4;821676;0;3;999582;0;;
11373;2;972817;4;809434;0;4;12225;0;;
11375;2;972596;4;814345;0;4;1137;0;;
11377;2;976146;4;826465;0;3;994352;0;;
11379;2;976359;4;911422;0;4;22157;0;;
11381;2;975455;4;940996;0;4;12362;0;;
11383;2;973806;4;939405;0;3;977942;0;;
11385;2;966809;4;826515;0;3;975529;0;;
11387;2;958598;4;813879;0;3;92854;0;;
11389;2;941669;4;75653;0;3;869211;0;;
11391;2;916856;4;588534;0;3;867143;0;;
11393;2;844996;4;595494;0;3;864958;0;;
11395;2;832157;4;572303;0;3;86057;0;;
11397;2;819317;4;599514;0;3;811286;0;;
11399;2;800788;4;599697;0;3;813478;0;;
11401;2;787751;4;599893;0;3;818686;0;;
11403;2;774714;4;60009;0;3;823546;0;;
11405;2;761677;4;600287;0;3;821499;0;;
11407;2;74864;4;603864;0;3;822244;0;;
11409;2;735603;4;606288;0;3;823237;0;;
11411;2;722566;4;604178;0;3;82303;0;;
11413;2;709529;4;602068;0;3;822824;0;;
11415;2;686407;4;599958;0;3;822617;0;;
11417;2;653198;4;597847;0;3;822411;0;;
11419;2;541813;4;57536;0;3;822205;0;;
11421;2;527701;4;573019;0;3;821998;0;;
11423;2;513588;4;570678;0;3;821792;0;;
11425;2;499476;4;568336;0;3;821585;0;;
11427;2;485364;4;565995;0;3;821379;0;;
11429;2;471251;4;563654;0;3;73254;0;;
11431;2;457139;4;561313;0;3;678431;0;;
11433;2;443027;4;558971;0;3;678409;0;;
11435;2;428915;4;55663;0;3;678388;0;;
11437;2;414803;4;554289;0;3;678366;0;;
11439;2;40069;4;551916;0;3;678344;0;;
11441;2;386578;4;549544;0;3;679549;0;;
11443;2;362878;4;291612;0;3;500162;0;;
11445;2;174023;4;137329;0;3;337391;0;;
11447;1;913441;4;35943;0;3;202951;0;;
11449;1;874095;4;385;0;3;159818;0;;
11451;1;863955;3;911824;0;3;40511;0;;
11453;1;849929;3;826473;0;3;5484;0;;
11455;1;837139;3;704524;0;2;987451;0;;
11457;1;821767;3;681135;0;2;951591;0;;
11459;1;816687;3;663156;0;2;930979;0;;
11461;1;816102;3;641356;0;2;913165;0;;
11463;1;815331;3;588115;0;2;857294;0;;
11465;1;814557;3;443169;0;2;793925;0;;
11467;1;813833;3;395859;0;2;736189;0;;
11469;1;812577;3;337198;0;2;689251;0;;
11471;1;812031;3;272401;0;2;692442;0;;
11473;1;811485;3;272174;0;2;696363;0;;
11475;1;810939;3;271947;0;2;700284;0;;
11477;1;810393;3;27172;0;2;7013;0;;
11479;1;809847;3;271494;0;2;674026;0;;
11481;1;8093;3;271267;0;2;674523;0;;
11483;1;808754;3;27104;0;2;675044;0;;
11485;1;808208;3;270813;0;2;675512;0;;
11487;1;807662;3;270587;0;2;675981;0;;
11489;1;807116;3;27036;0;2;676449;0;;
11491;1;80657;3;237774;0;2;673646;0;;
11493;1;806024;3;219089;0;2;674302;0;;
11495;1;805478;3;216576;0;2;674958;0;;
11497;1;804932;3;210785;0;2;655747;0;;
11499;1;804386;3;201259;0;2;654673;0;;
11501;1;80384;3;154787;0;2;653599;0;;
11503;1;79906;3;1112;0;2;644367;0;;
11505;1;790708;3;66346;0;2;56135;0;;
11507;1;782389;2;962516;0;2;42321;0;;
11509;1;761446;2;960279;0;2;264943;0;;
11511;1;736315;2;753528;0;2;156576;0;;
11513;1;688402;2;70295;0;2;88857;0;;
11515;1;609685;2;625558;0;1;939172;0;;
11517;1;221013;2;565441;0;1;912266;0;;
11519;0;8221614;2;546361;0;1;843582;0;;
11521;0;7010534;2;36354;0;1;755256;0;;
11523;0;6311823;2;318199;0;1;627255;0;;
11525;0;604032;2;238784;0;1;621083;0;;
11527;0;5811903;2;293756;0;1;695778;0;;
11529;0;5583487;2;3229;0;1;718325;0;;
11531;0;535507;2;322299;0;1;721517;0;;
11533;0;3673875;2;290838;0;1;724708;0;;
11535;0;3503374;2;291207;0;1;738777;0;;
11537;0;3332872;2;294802;0;1;743698;0;;
11539;0;3162371;2;289029;0;1;750731;0;;
11541;0;2991869;2;279344;0;1;766037;0;;
11543;0;2808167;2;23724;0;1;766587;0;;
11545;0;2611265;2;162716;0;1;761375;0;;
11547;0;1603089;2;136838;0;1;748646;0;;
11549;0;1104333;2;110959;0;1;742994;0;;
11551;0;1031225;2;85081;0;1;743955;0;;
11553;0;9581174;2;59203;0;1;744917;0;;
11555;0;8850095;2;33324;0;1;745878;0;;
11557;0;8119017;2;76795;0;1;764362;0;;
11559;0;7387938;2;113832;0;1;773633;0;;
11561;0;6584997;2;113004;0;1;763504;0;;
11563;0;5008668;2;106352;0;1;746578;0;;
11565;0;2686674;2;17827;0;1;739428;0;;
11567;0;1490814;2;100479;0;1;715842;0;;
11569;0;1068404;2;131262;0;1;681844;0;;
11571;0;9763773;2;200168;0;1;680327;0;;
11573;0;8843506;2;205226;0;1;660943;0;;
11575;0;7512607;2;164271;0;1;640526;0;;
11577;0;2411624;1;972476;0;1;615347;0;;
11579;0;6470627;1;944904;0;1;55698;0;;
11581;5.329071E-15;1;931688;0;1;530466;0;;;
11583;5.329071E-15;1;951735;0;1;547302;0;;;
11585;5.329071E-15;2;28075;0;1;599595;0;;;
11587;5.329071E-15;2;149212;0;1;67931;0;;;
11589;5.329071E-15;2;218777;0;1;688001;0;;;
11591;5.329071E-15;2;239619;0;1;696453;0;;;
11593;5.329071E-15;2;16095;0;1;615439;0;;;
11595;5.329071E-15;2;177268;0;1;596038;0;;;
11597;5.329071E-15;2;241393;0;1;605135;0;;;
11599;5.329071E-15;2;250122;0;1;651701;0;;;
11601;5.329071E-15;2;345735;0;1;678137;0;;;
11603;5.329071E-15;2;41326;0;1;75083;0;;;
11605;5.329071E-15;2;475226;0;1;787192;0;;;
11607;5.329071E-15;2;478826;0;1;766441;0;;;
11609;5.329071E-15;2;475415;0;1;746657;0;;;
11611;5.329071E-15;2;472003;0;1;744297;0;;;
11613;5.329071E-15;2;468592;0;1;741937;0;;;
11615;5.329071E-15;2;499883;0;1;753005;0;;;
11617;5.329071E-15;2;571895;0;1;804449;0;;;
11619;5.329071E-15;2;582462;0;1;840753;0;;;
11621;5.329071E-15;2;586006;0;1;835211;0;;;
11623;5.329071E-15;2;602928;0;1;828608;0;;;
11625;5.329071E-15;2;619673;0;1;90497;0;;;
11627;5.329071E-15;2;681134;0;1;922048;0;;;
11629;5.329071E-15;2;676938;0;1;921617;0;;;
11631;5.329071E-15;2;672742;0;1;921185;0;;;
11633;5.329071E-15;2;668546;0;1;920754;0;;;
11635;5.329071E-15;2;664351;0;1;920975;0;;;
11637;5.329071E-15;2;660155;0;1;922857;0;;;
11639;5.329071E-15;2;65596;0;1;923016;0;;;
11641;5.329071E-15;2;651764;0;1;923175;0;;;
11643;5.329071E-15;2;647568;0;1;923334;0;;;
11645;5.329071E-15;2;643373;0;1;923494;0;;;
11647;5.329071E-15;2;639177;0;1;923653;0;;;
11649;5.329071E-15;2;634982;0;1;923812;0;;;
11651;5.329071E-15;2;631029;0;1;923972;0;;;
11653;5.329071E-15;2;627319;0;1;924131;0;;;
11655;5.329071E-15;2;623609;0;1;92429;0;;;
11657;5.329071E-15;2;619899;0;1;92445;0;;;
11659;5.329071E-15;2;616189;0;1;924609;0;;;
11661;5.329071E-15;2;612479;0;1;924768;0;;;
11663;5.329071E-15;2;608769;0;1;924928;0;;;
11665;5.329071E-15;2;565699;0;1;89209;0;;;
11667;5.329071E-15;2;563545;0;1;892056;0;;;
11669;5.329071E-15;2;56139;0;1;892022;0;;;
11671;5.329071E-15;2;559236;0;1;891868;0;;;
11673;5.329071E-15;2;557082;0;1;886334;0;;;
11675;5.329071E-15;2;554928;0;1;880801;0;;;
11677;5.329071E-15;2;552774;0;1;875267;0;;;
11679;5.329071E-15;2;55062;0;1;869734;0;;;
11681;5.329071E-15;2;548466;0;1;8642;0;;;
11683;5.329071E-15;2;546312;0;1;858667;0;;;
11685;5.329071E-15;2;544158;0;1;853133;0;;;
11687;5.329071E-15;2;542003;0;1;8476;0;;;
11689;5.329071E-15;2;539849;0;1;842066;0;;;
11691;5.329071E-15;2;537695;0;1;836532;0;;;
11693;5.329071E-15;2;535541;0;1;830999;0;;;
11695;5.329071E-15;2;535218;0;1;890394;0;;;
11697;5.329071E-15;2;533695;0;1;891627;0;;;
11699;5.329071E-15;2;533076;0;1;948452;0;;;
11701;5.329071E-15;2;532619;0;1;952824;0;;;
11703;5.329071E-15;2;629299;0;1;957195;0;;;
11705;5.329071E-15;2;730107;0;1;961567;0;;;
11707;5.329071E-15;2;831652;0;1;970303;0;;;
11709;5.329071E-15;2;848644;0;1;975383;0;;;
11711;5.329071E-15;2;848639;0;1;975108;0;;;
11713;5.329071E-15;2;848635;0;1;974833;0;;;
11715;5.329071E-15;2;848223;0;1;974558;0;;;
11717;5.329071E-15;2;847139;0;1;974283;0;;;
11719;5.329071E-15;2;846055;0;1;973965;0;;;
11721;5.329071E-15;2;844971;0;1;97177;0;;;
11723;5.329071E-15;2;843886;0;1;971701;0;;;
11725;5.329071E-15;2;842802;0;1;971632;0;;;
11727;5.329071E-15;2;828848;0;1;965406;0;;;
11729;5.329071E-15;2;592381;0;1;944631;0;;;
11731;5.329071E-15;2;590307;0;1;939431;0;;;
11733;5.329071E-15;2;589532;0;1;934231;0;;;
11735;5.329071E-15;2;591181;0;1;929031;0;;;
11737;5.329071E-15;2;587721;0;1;923831;0;;;
11739;5.329071E-15;2;582012;0;1;918632;0;;;
11741;5.329071E-15;2;579939;0;1;914631;0;;;
11743;5.329071E-15;2;577865;0;1;9124;0;;;
11745;5.329071E-15;2;575792;0;1;90977;0;;;
11747;5.329071E-15;2;573718;0;1;907937;0;;;
11749;5.329071E-15;2;571645;0;1;905706;0;;;
11751;5.329071E-15;2;569571;0;1;898245;0;;;
11753;5.329071E-15;2;567497;0;1;898237;0;;;
11755;5.329071E-15;2;565424;0;1;897258;0;;;
11757;5.329071E-15;2;531096;0;1;817737;0;;;
11759;5.329071E-15;2;504713;0;1;783715;0;;;
11761;5.329071E-15;2;482417;0;1;742201;0;;;
11763;5.329071E-15;2;427842;0;1;737726;0;;;
11765;5.329071E-15;2;359355;0;1;737501;0;;;
11767;5.329071E-15;2;290924;0;1;692688;0;;;
11769;5.329071E-15;2;165336;0;1;659782;0;;;
11771;5.329071E-15;2;12014;0;1;646531;0;;;
11773;5.329071E-15;2;6964;0;1;63258;0;;;
11775;5.329071E-15;2;1913;0;1;610081;0;;;
11777;5.329071E-15;2;19097;0;1;609482;0;;;
11779;5.329071E-15;2;6308;0;1;608883;0;;;
11781;5.329071E-15;2;103006;0;1;56052;0;;;
11783;5.329071E-15;2;21361;0;1;51958;0;;;
11785;5.329071E-15;1;984953;0;1;502538;0;;;
11787;5.329071E-15;1;992236;0;1;487277;0;;;
11789;5.329071E-15;1;895844;0;1;474806;0;;;
11791;5.329071E-15;1;893085;0;1;444943;0;;;
11793;5.329071E-15;1;890326;0;1;431031;0;;;
11795;5.329071E-15;1;887568;0;1;430592;0;;;
11797;5.329071E-15;1;82993;0;1;368326;0;;;
11799;5.329071E-15;1;820318;0;1;330516;0;;;
11801;5.329071E-15;1;808065;0;1;294648;0;;;
11803;5.329071E-15;1;797226;0;1;180513;0;;;
11805;5.329071E-15;1;764256;0;1;127884;0;;;
11807;5.329071E-15;1;739456;0;1;92245;0;;;
11809;5.329071E-15;1;729505;0;1;73752;0;;;
11811;5.329071E-15;1;723111;0;1;44694;0;;;
11813;5.329071E-15;1;716717;0;1;36766;0;;;
11815;5.329071E-15;1;710322;0;1;24391;0;;;
11817;5.329071E-15;1;683007;0;1;0;;;;
11819;5.329071E-15;1;625469;0;0;997914;0;;;
11821;5.329071E-15;1;517068;0;0;9886385;0;;;
11823;5.329071E-15;1;475261;0;0;9681243;0;;;
11825;5.329071E-15;1;466583;0;0;9470394;0;;;
11827;5.329071E-15;1;3415;0;0;8874369;0;;;
11829;5.329071E-15;1;336854;0;0;8851474;0;;;
11831;5.329071E-15;1;332208;0;0;8836666;0;;;
11833;5.329071E-15;1;327562;0;0;8821858;0;;;
11835;5.329071E-15;1;322916;0;0;8772802;0;;;
11837;5.329071E-15;1;31827;0;0;8688403;0;;;
11839;5.329071E-15;1;313625;0;0;8604004;0;;;
11841;5.329071E-15;1;308979;0;0;8536707;0;;;
11843;5.329071E-15;1;304333;0;0;8488469;0;;;
11845;5.329071E-15;1;299687;0;0;8440232;0;;;
11847;5.329071E-15;1;295041;0;0;8391994;0;;;
11849;5.329071E-15;1;290395;0;0;8343756;0;;;
11851;5.329071E-15;1;28575;0;0;8295519;0;;;
11853;5.329071E-15;1;281104;0;0;8247281;0;;;
11855;5.329071E-15;1;276458;0;0;8199044;0;;;
11857;5.329071E-15;1;271812;0;0;8150806;0;;;
11859;5.329071E-15;1;267166;0;0;8102569;0;;;
11861;5.329071E-15;1;262521;0;0;8054332;0;;;
11863;5.329071E-15;1;257875;0;0;8006094;0;;;
11865;5.329071E-15;1;253229;0;0;7957856;0;;;
11867;5.329071E-15;1;248583;0;0;7925459;0;;;
11869;5.329071E-15;1;243937;0;0;790825;0;;;
11871;5.329071E-15;1;239291;0;0;7891042;0;;;
11873;5.329071E-15;1;234646;0;0;7873834;0;;;
11875;5.329071E-15;1;23;0;0;7856627;0;;;
11877;5.329071E-15;1;225354;0;0;7839419;0;;;
11879;5.329071E-15;1;220708;0;0;7822211;0;;;
11881;5.329071E-15;1;216062;0;0;7805003;0;;;
11883;5.329071E-15;1;211416;0;0;7787795;0;;;
11885;5.329071E-15;1;206771;0;0;7770587;0;;;
11887;5.329071E-15;1;202125;0;0;7753379;0;;;
11889;5.329071E-15;1;197479;0;0;7736171;0;;;
11891;5.329071E-15;1;192833;0;0;770568;0;;;
11893;5.329071E-15;1;70842;0;0;7388527;0;;;
11895;5.329071E-15;0;9880522;0;0;6544906;0;;;
11897;5.329071E-15;0;9350507;0;0;5710886;0;;;
11899;5.329071E-15;0;8580168;0;0;4876333;0;;;
11901;5.329071E-15;0;7952768;0;0;4454494;0;;;
11903;5.329071E-15;0;7199448;0;0;4330285;0;;;
11905;5.329071E-15;0;6758822;0;0;3976368;0;;;
11907;5.329071E-15;0;549437;0;0;2078709;0;;;
11909;5.329071E-15;0;4940396;0;0;1711042;0;;;
11911;5.329071E-15;0;4867249;0;0;16665;0;;;
11913;5.329071E-15;0;4794103;0;0;165134;0;;;
11915;5.329071E-15;0;4720957;0;0;163618;0;;;
11917;5.329071E-15;0;4647811;0;0;1486537;0;;;
11919;5.329071E-15;0;4574665;0;0;1441491;0;;;
11921;5.329071E-15;0;4501519;0;0;1396444;0;;;