Position in alignment, Recombination breakpoint number (200nt win), Upper 99% CI, Lower 99% CI, Upper 95% CI, Lower 95% CI
1,0,7759286,1,455502,1,455502,1,016562,1,016562
3,0,8187854,1,491957,0,1,039748,0
5,0,8616421,1,522832,0,1,087773,0
7,0,9109911,1,565267,0,1,107682,0
9,0,9603577,1,60994,0,1,14176,0
11,0,9853225,1,780078,0,1,174961,0
13,0,9858854,1,783931,0,1,192794,0
15,0,9864483,1,787784,0,1,216924,0
17,0,9870112,1,791637,0,1,239533,0
19,0,9888098,1,80189,0,1,285734,0
21,1,001009,1,830704,0,1,357737,4,027028E-06
23,1,008547,1,842399,0,1,366925,6,197841E-06
25,1,016579,1,865346,0,1,428497,6,197841E-06
27,1,021221,1,897961,0,1,44611,2,819315E-05
29,1,022474,1,928152,0,1,456317,3,624833E-05
31,1,023727,1,950136,0,1,485853,4,430351E-05
33,1,02498,1,976784,0,1,492529,9,695738E-05
35,1,026233,2,00307,0,1,503567,0,0001261961
37,1,027486,2,006642,0,1,506402,0,0001261961
39,1,028739,2,010214,0,1,508905,0,0001261961
41,1,029992,2,013785,0,1,511409,0,0001261961
43,1,031245,2,017357,0,1,513912,0,0001261961
45,1,032498,2,020929,0,1,516415,0,0001261961
47,1,033751,2,024501,0,1,525937,0,0001261961
49,1,035004,2,048966,0,1,556141,0,000248931
51,1,036257,2,079703,0,1,594756,0,0002922424
53,1,03751,2,137758,0,1,686829,0,000305835
55,1,038763,2,213196,0,1,708978,0,0003194277
57,1,040016,2,330616,0,1,728914,0,0003330203
59,1,041269,2,372527,0,1,792075,0,000346613
61,1,042522,2,382306,0,1,796909,0,0003602057
63,1,043775,2,392084,0,1,801744,0,0003737984
65,1,045028,2,401863,0,1,806579,0,000387391
67,1,046281,2,413284,0,1,837288,0,0005752001
69,1,050638,2,45898,0,1,863321,0,0005752001
71,1,056885,2,468882,0,1,91447,0,0007161224
73,1,067079,2,479418,0,1,929544,0,0007506714
75,1,077274,2,489996,0,1,979366,0,0007852204
77,1,087469,2,536068,0,1,987134,0,001143921
79,1,097663,2,550506,0,1,994902,0,001287003
81,1,107858,2,559777,0,1,9999,0,00129202
83,1,121531,2,575086,0,2,032691,0,001500102
85,1,137593,2,605843,0,2,080775,0,002062004
87,1,152566,2,635835,0,2,118017,0,002310946
89,1,167538,2,666897,0,2,145919,0,002622233
91,1,238135,2,819041,0,2,210029,0,002963685
93,1,302758,2,923281,0,2,261766,0,003116865
95,1,366735,2,99772,0,2,283087,0,003213197
97,1,430713,3,063171,0,0001178124,2,311644,0,003799964
99,1,488098,3,143266,0,00019461,2,368203,0,004570029
101,1,538891,3,233514,0,0002275131,2,410253,0,005263376
103,1,563663,3,266891,0,0003225974,2,443968,0,006621662
105,1,585457,3,371854,0,0003922456,2,495963,0,006621662
107,1,620497,3,401893,0,0004043269,2,599184,0,007411142
109,1,656207,3,427927,0,0006145607,2,664959,0,007681788
111,1,692466,3,452548,0,0007043089,2,734345,0,00996851
113,1,717952,3,486586,0,0007666982,2,769332,0,01144447
115,1,738441,3,519488,0,0008599399,2,804187,0,01390231
117,1,780903,3,577854,0,001203916,2,861924,0,01646451
119,1,818974,3,667379,0,003857922,2,961081,0,01751149
121,1,855023,3,778472,0,00391875,3,018792,0,01839276
123,1,886278,3,843775,0,003979579,3,066703,0,01952066
125,1,912738,3,881792,0,004040407,3,077556,0,02091846
127,1,939197,3,931447,0,004101236,3,08848,0,02139046
129,1,965657,3,964,0,004162064,3,117743,0,02234693
131,2,081613,3,9848,0,00441926,3,166186,0,02604839
133,2,125829,4,004209,0,005090865,3,197586,0,02707638
135,2,170046,4,014512,0,005197453,3,245839,0,02741703
137,2,217329,4,032534,0,005338349,3,24772,0,02762991
139,2,263691,4,048482,0,00566294,3,273487,0,02825068
141,2,308227,4,154564,0,007209299,3,29882,0,02887513
143,2,350937,4,173776,0,007902891,3,434319,0,03360078
145,2,365797,4,179968,0,007999467,3,450088,0,03594005
147,2,380235,4,287765,0,008050408,3,477762,0,04235778
149,2,394673,4,29938,0,008150565,3,492342,0,04260179
151,2,40911,4,339195,0,008295792,3,503377,0,04409771
153,2,41989,4,373484,0,008389267,3,514521,0,04609745
155,2,427012,4,401198,0,00843423,3,525773,0,04929521
157,2,434134,4,419596,0,008501677,3,537619,0,05074153
159,2,440553,4,448214,0,009328994,3,557683,0,05106077
161,2,44627,4,496368,0,009694064,3,6498,0,05268332
163,2,451986,4,54325,0,009960459,3,616095,0,05152912
165,2,457703,4,585959,0,01003831,3,588811,0,05010636
167,2,463418,4,631127,0,01011718,3,593787,0,04995082
169,2,469133,4,678754,0,01019606,3,598764,0,05005503
171,2,474848,4,726382,0,01027493,3,60374,0,05015924
173,2,480563,4,721298,0,01014966,3,604808,0,04595001
175,2,486277,4,575057,0,009802213,3,581798,0,04446096
177,2,491992,4,550902,0,009845005,3,556192,0,04402759
179,2,540794,4,525852,0,01005398,3,585096,0,04309473
181,2,604712,4,507049,0,01026762,3,597916,0,04317706
183,2,640588,4,537718,0,01047036,3,611045,0,04413317
185,2,676394,4,505172,0,01067228,3,711402,0,04465368
187,2,7122,4,468635,0,01085728,3,772988,0,04501283
189,2,744893,4,407118,0,01127213,3,757532,0,04745786
191,2,62363,4,349329,0,01191541,3,790827,0,05287971
193,2,41632,4,281625,0,01221999,3,726796,0,05399096
195,2,381882,4,276256,0,009758966,3,626952,0,05656372
197,2,720739,4,281827,0,009846756,3,620665,0,05899353
199,2,68834,4,279048,0,009965145,3,586594,0,05331558
201,2,655941,4,280037,0,01004246,3,585354,0,048525
203,2,623542,4,270665,0,01020419,3,593903,0,05141628
205,2,591142,4,281718,0,01033459,3,597129,0,05211705
207,2,552251,4,273715,0,010465,3,590485,0,05281782
209,2,513342,4,272724,0,01055969,3,584347,0,05362906
211,2,498835,4,279476,0,01061868,3,590906,0,05455076
213,2,50873,4,282137,0,01061249,3,605225,0,05547245
215,2,518625,4,276355,0,0105401,3,61649,0,05280012
217,2,528519,4,276018,0,01046772,3,59669,0,05342532
219,2,546657,4,282123,0,0104332,3,567622,0,05509274
221,2,563873,4,300492,0,01085536,3,637591,0,05767014
223,2,58575,4,293379,0,01093787,3,655711,0,05508371
225,2,607133,4,29025,0,01210187,3,661835,0,05326641
227,2,631906,4,284435,0,01290644,3,667888,0,05450979
229,2,660069,4,27806,0,013711,3,659329,0,05677552
231,2,685547,4,270815,0,0142583,3,659776,0,05707171
233,2,708342,4,250958,0,01435832,3,586511,0,06372219
235,2,731137,4,254357,0,01445833,3,590041,0,06646626
237,2,753932,4,246118,0,01455835,3,611112,0,06900579
239,2,776727,4,237877,0,01465836,3,612525,0,07158525
241,2,799521,4,229638,0,01475838,3,614532,0,07416469
243,2,822316,4,243214,0,01485839,3,667514,0,07678713
245,2,845111,4,297596,0,01477347,3,711644,0,08728404
247,2,907711,4,340446,0,01468485,3,747905,0,08578429
249,2,97031,4,410914,0,01514955,3,81122,0,08698533
251,3,03291,4,435234,0,01514345,3,829549,0,09065495
253,3,095509,4,462727,0,01513736,3,84133,0,09113931
255,3,158109,4,476462,0,01513126,3,816108,0,09058845
257,3,220708,4,487323,0,01512516,3,805688,0,09178949
259,3,283308,4,49784,0,01542135,3,838358,0,09299053
261,3,349163,4,493056,0,01595134,3,852716,0,1061802
263,3,418275,4,47171,0,01626661,3,854769,0,1137386
265,3,418214,4,526397,0,01645272,3,887755,0,1129273
267,3,418153,4,536527,0,01663882,3,896772,0,1045345
269,3,414988,4,543298,0,01940013,3,902237,0,1022952
271,3,409933,4,595964,0,01703059,3,900605,0,1086635
273,3,400931,4,608373,0,01714737,3,895774,0,1026422
275,3,391928,4,612157,0,01726107,3,89178,0,1014162
277,3,382926,4,615707,0,01737476,3,887861,0,09752928
279,3,373923,4,619257,0,01748846,3,88104,0,094514
281,3,36492,4,622876,0,01760216,3,882525,0,08808386
283,3,352439,4,64282,0,01785702,3,897666,0,09157918
285,3,337836,4,714995,0,01677687,3,923369,0,1040752
287,3,32459,4,729014,0,0157777,3,983778,0,1129302
289,3,311343,4,71505,0,01671292,4,021091,0,108426
291,3,242473,4,722803,0,01720259,4,027555,0,09984582
293,3,179576,4,732637,0,01809215,4,016236,0,09571788
295,3,117551,4,728271,0,01902353,4,070517,0,0994955
297,3,055526,4,70593,0,01938975,4,072376,0,09913112
299,3,000093,4,774857,0,01593627,4,075773,0,09357406
301,2,951253,4,796868,0,01369778,4,080584,0,08959343
303,2,928443,4,815084,0,01389818,4,052442,0,08777848
305,2,908614,4,825005,0,01393452,4,055383,0,07983699
307,2,875295,4,685242,0,01179306,4,054061,0,07515879
309,2,841305,4,686072,0,01170231,4,027878,0,06967904
311,2,806767,4,659449,0,01161155,3,949473,0,06379524
313,2,783066,4,696067,0,01152079,3,930838,0,06439419
315,2,764328,4,705575,0,01143004,3,939051,0,06458287
317,2,723585,4,642715,0,01133928,3,930727,0,06502073
319,2,687234,4,606438,0,01124852,3,916293,0,06669889
321,2,652903,4,607756,0,01115777,3,819793,0,06764212
323,2,623367,4,597998,0,011019,3,81968,0,06845704
325,2,598627,4,572615,0,01083222,3,794436,0,06950139
327,2,573886,4,547233,0,01064544,3,747751,0,0700391
329,2,549197,4,533051,0,01045866,3,756346,0,07170393
331,2,434986,4,646989,0,01027188,3,772163,0,06846686
333,2,394089,4,67007,0,0100851,3,791169,0,06619886
335,2,354702,4,623153,0,009898316,3,776252,0,06739546
337,2,310436,4,596616,0,009711536,3,733204,0,07030196
339,2,265218,4,633996,0,009524755,3,709766,0,07349303
341,2,221766,4,690234,0,01012448,3,74695,0,05645751
343,2,180148,4,874216,0,01146552,3,724674,0,05441285
345,2,166345,4,854434,0,01158811,3,788746,0,05781053
347,2,15296,4,909144,0,01156703,3,801145,0,06144776
349,2,139591,4,924587,0,01145751,3,817628,0,06534085
351,2,126199,4,915627,0,01123771,3,826833,0,06675764
353,2,116442,4,915655,0,01119613,3,820025,0,06817658
355,2,11037,4,929887,0,01253006,3,810317,0,06959768
357,2,105892,4,87635,0,01268853,3,846827,0,07470567
359,2,103665,4,811084,0,012847,3,887789,0,07580889
361,2,100708,4,77843,0,01317239,3,900392,0,08110607
363,2,096885,4,805079,0,01349778,3,922793,0,0941425
365,2,092197,4,824104,0,01441178,3,941301,0,09511846
367,2,087653,4,819602,0,01455225,3,968544,0,09501567
369,2,083066,4,81871,0,01509263,4,007392,0,09568276
371,2,078453,5,177962,0,01566498,4,06992,0,0964369
373,2,073839,5,174107,0,01720888,4,106192,0,09709158
375,2,069167,5,16678,0,01810708,4,155632,0,09903029
377,2,064436,5,155982,0,01908011,4,171342,0,1035596
379,2,016593,5,171695,0,02022243,4,164469,0,1071805
381,1,953635,5,073749,0,0214832,4,18597,0,09785937
383,1,918739,5,054694,0,02286242,4,174706,0,1111636
385,1,883839,5,049447,0,02471358,4,205312,0,1143431
387,1,850016,5,051095,0,02480378,4,268161,0,1262062
389,1,816969,5,051563,0,02489399,4,296738,0,1288331
391,1,783903,5,075086,0,02498419,4,296344,0,1309991
393,1,75123,5,123259,0,02507771,4,323587,0,1353451
395,1,545519,5,239557,0,02544382,4,376951,0,1341217
397,1,167771,5,230035,0,02548234,4,385814,0,138921
399,1,160588,5,224128,0,02568466,4,413933,0,1386744
401,1,155026,5,220531,0,02577065,4,464004,0,1373898
403,1,148303,5,182191,0,02584914,4,475316,0,1324157
405,1,141567,5,211355,0,02592763,4,562514,0,1301801
407,1,136377,5,214549,0,02600612,4,619678,0,1452838
409,1,136665,5,238065,0,02605451,4,629024,0,1458212
411,1,140087,5,271999,0,0262234,4,638099,0,1463585
413,1,138743,5,343881,0,02651278,4,646904,0,1468958
415,1,138637,5,514701,0,02561434,4,640754,0,1600167
417,1,139213,5,482632,0,02206849,4,633381,0,1745834
419,1,1434,5,440821,0,02257742,4,628981,0,1520597
421,1,127079,5,510386,0,02724869,4,649768,0,1553289
423,1,110759,5,563709,0,02723101,4,660831,0,1534601
425,1,089933,5,618055,0,02722111,4,729186,0,1542839
427,1,069107,5,620947,0,02724278,4,636456,0,1542439
429,1,048281,5,620708,0,02728152,4,627056,0,1519699
431,1,030138,5,576128,0,02718364,4,637076,0,1545353
433,1,014679,5,563472,0,02689114,4,618957,0,1535898
435,0,9992204,5,559408,0,02534077,4,607823,0,1303971
437,0,9837615,5,558624,0,02306558,4,5764,0,129618
439,1,001464,5,564796,0,02316657,4,58406,0,1289117
441,1,00013,5,605474,0,02453123,4,606164,0,1385887
443,0,9992021,5,676625,0,02530203,4,631359,0,1366012
445,1,109858,5,786005,0,02547845,4,621325,0,1348299
447,1,123566,5,823772,0,02565337,4,619182,0,1462465
449,1,10593,5,903073,0,02522937,4,619787,0,1484945
451,1,088295,5,88412,0,02445808,4,527868,0,1405633
453,1,085572,5,976991,0,02585821,4,597096,0,1455015
455,1,097764,5,999975,0,02816742,4,621985,0,1373154
457,1,102333,6,022644,0,02968756,4,656154,0,1438697
459,1,101264,6,054873,0,03001759,4,660529,0,1272107
461,1,0913,6,074003,0,02723971,4,513982,0,1103091
463,1,085977,6,128101,0,02736712,4,618824,0,1086911
465,1,11214,5,789418,0,02469849,4,634769,0,1152568
467,1,138303,5,61259,0,02351166,4,632131,0,1201909
469,1,176014,5,783302,0,02369585,4,614564,0,114089
471,1,216955,5,853255,0,02304349,4,625227,0,1092937
473,1,23807,5,810938,0,0218336,4,623631,0,1224654
475,1,259689,5,769972,0,02153411,4,676207,0,1171969
477,1,285389,5,729072,0,02107081,4,758001,0,1276889
479,1,305404,5,764202,0,0211403,4,826293,0,1451466
481,1,319004,5,847657,0,02190639,4,902655,0,1308272
483,1,329048,5,921419,0,02218685,4,906841,0,1569741
485,1,338971,5,996723,0,02591964,4,901366,0,1798897
487,1,347242,6,088249,0,0305271,4,895568,0,1652696
489,1,355767,6,145227,0,03186252,4,952116,0,1650324
491,1,367488,6,213527,0,03432053,4,954952,0,1648552
493,1,375596,6,264566,0,03677854,4,966257,0,1693375
495,1,383479,6,331661,0,03977581,4,995062,0,1657889
497,1,395212,6,431219,0,04341004,5,026989,0,1633055
499,1,402788,6,493348,0,04585538,5,050075,0,1651131
501,1,412934,6,496388,0,03912205,5,076491,0,1619875
503,1,423619,6,002382,0,03979472,5,09782,0,1653883
505,1,433657,6,020529,0,04051808,5,062552,0,1720012
507,1,442413,6,033981,0,04130318,5,046433,0,1731841
509,1,454102,6,04188,0,04208828,5,072626,0,175439
511,1,463428,6,047351,0,04279808,5,094995,0,1693791
513,1,472673,6,058714,0,0435915,5,093998,0,1630622
515,1,477139,6,065865,0,04438492,5,05904,0,1619062
517,1,481638,6,06732,0,03772404,5,055597,0,1623289
519,1,486137,6,181827,0,03760264,5,119263,0,1665831
521,1,490636,6,320164,0,03760651,5,062329,0,1842103
523,1,495135,6,3656,0,03761037,5,059416,0,1929508
525,1,499634,6,36096,0,03806496,5,053109,0,2082651
527,1,504133,6,356319,0,03897029,5,142238,0,2121629
529,1,547308,6,122169,0,04007502,5,104471,0,2160608
531,1,568853,6,118788,0,03882531,5,078077,0,2200394
533,1,567168,6,092476,0,03979926,5,0498,0,203572
535,1,563972,6,123181,0,04281405,5,035136,0,2056963
537,1,56259,6,176504,0,03923868,5,053355,0,2078206
539,1,564502,6,194475,0,03623356,5,076965,0,2227302
541,1,566472,6,19908,0,03586521,5,077631,0,2215025
543,1,568436,6,066314,0,03551926,5,098704,0,2202748
545,1,570436,6,130466,0,03083203,5,073384,0,2190477
547,1,572438,6,198038,0,02823273,5,101646,0,2178184
549,1,574425,6,142118,0,02563344,5,101513,0,2250531
551,1,576436,6,088494,0,02303415,5,092659,0,2256614
553,1,576903,6,079844,0,0205647,5,08805,0,2292856
555,1,577343,6,077732,0,03277879,5,088567,0,2338005
557,1,576189,6,126288,0,03216631,5,054211,0,2301992
559,1,580475,6,133268,0,0317081,5,052115,0,2184587
561,1,586401,6,085627,0,03165307,5,041007,0,2162012
563,1,595762,6,044744,0,03110056,5,052378,0,2204049
565,1,59812,6,026845,0,03064343,5,038947,0,2116219
567,1,600333,6,015192,0,03001946,5,026848,0,2052861
569,1,60259,6,001993,0,02776063,5,02913,0,1998037
571,1,604874,5,912652,0,02620366,4,951447,0,1835548
573,1,607157,5,912593,0,02508294,4,923688,0,1593178
575,1,633037,5,94373,0,02427513,4,940014,0,1476171
577,1,640487,5,945568,0,02378024,4,855224,0,140049
579,1,647963,5,961315,0,02623175,4,959022,0,1414667
581,1,664356,5,947944,0,0339998,4,979727,0,1450406
583,1,667714,5,946158,0,03848877,4,938506,0,1416032
585,1,671077,5,921221,0,03868143,4,951905,0,1448636
587,1,673363,5,916359,0,03887409,4,936498,0,1464508
589,1,674873,5,917348,0,03906675,4,866322,0,148038
591,1,676401,5,854188,0,03606549,4,828629,0,145452
593,1,710673,5,798998,0,03945207,4,651925,0,1434168
595,1,741808,5,631512,0,04132115,4,631201,0,1403232
597,1,743124,5,441693,0,0408018,4,624487,0,1425637
599,1,74513,5,463939,0,04053046,4,623211,0,1495477
601,1,744943,5,504447,0,04021482,4,592649,0,154314
603,1,94447,5,545899,0,03982085,4,634605,0,1571227
605,2,118284,5,598685,0,03936261,4,610109,0,1536545
607,2,318674,5,651955,0,03883637,4,619061,0,1538038
609,2,423854,5,62641,0,0374846,4,542955,0,1537259
611,2,43961,5,619516,0,03443287,4,593,0,1531277
613,2,448781,5,676711,0,03390391,4,629451,0,1609205
615,2,456963,5,698185,0,03461143,4,594618,0,1671787
617,2,461895,5,705946,0,03531895,4,582404,0,1717566
619,2,451213,5,66785,0,03602647,4,675129,0,1684566
621,2,453407,5,478688,0,03637348,4,722283,0,1691981
623,2,457706,5,455762,0,03656633,4,772346,0,1590169
625,2,478176,5,460935,0,03664282,4,750246,0,1740531
627,2,489627,5,470617,0,03701727,4,757946,0,1710386
629,2,485448,5,404682,0,03737559,4,769021,0,1694688
631,2,498704,5,336067,0,03770813,4,762064,0,168845
633,2,51196,5,328586,0,03804066,4,739119,0,1682211
635,2,525217,5,343661,0,0383732,4,671547,0,1675973
637,2,538473,5,358736,0,03870573,4,650723,0,1669734
639,2,518568,5,373994,0,03899769,4,58574,0,1504599
641,2,517699,5,389219,0,03932005,4,53529,0,1489587
643,2,517463,5,409185,0,04045321,4,547927,0,1510948
645,2,405282,5,433425,0,04119251,4,564555,0,1513353
647,2,349885,5,436428,0,04192723,4,537489,0,1484243
649,2,373216,5,454209,0,04261923,4,479373,0,1469912
651,2,363182,5,473626,0,04326605,4,502186,0,1538263
653,2,322591,5,492999,0,04331132,4,514443,0,1548208
655,2,267086,5,512372,0,04301056,4,518881,0,1558153
657,2,221282,5,531815,0,0427062,4,490478,0,1567606
659,2,183194,5,554813,0,04239353,4,435667,0,1537581
661,2,160416,5,424207,0,04209033,4,44159,0,1754264
663,2,128209,5,382268,0,04178711,4,473997,0,1670352
665,2,139377,5,346559,0,03979232,4,430017,0,160721
667,2,153858,5,3379,0,03931624,4,380184,0,166708
669,2,15784,5,333857,0,0395892,4,352781,0,1654
671,2,173947,5,326223,0,03957915,4,334531,0,1622254
673,2,304944,5,305692,0,04289142,4,290683,0,1593581
675,2,436824,5,291982,0,04527954,4,257636,0,1175995
677,3,18771,5,336765,0,03100836,4,214986,0,1152406
679,3,468243,5,341109,0,02780492,4,188144,0,1144694
681,3,755191,5,331696,0,02776527,4,123876,0,1150462
683,4,014748,5,318902,0,027723,4,200126,0,1166476
685,4,061764,5,305834,0,02768917,4,191326,0,1186999
687,4,087061,5,296195,0,03353162,4,234981,0,1213766
689,4,125749,5,296097,0,04030268,4,319479,0,1474495
691,4,161845,5,334867,0,04243694,4,365877,0,1552562
693,4,195566,5,49658,0,04437436,4,555248,0,1739682
695,4,225812,5,544647,0,04732831,4,604238,0,1782478
697,4,25062,5,566285,0,05031886,4,615222,0,1933727
699,4,284754,5,622408,0,0533094,4,731948,0,2004306
701,4,304861,5,693781,0,05629994,4,785345,0,220685
703,4,305074,5,712125,0,05951865,4,82919,0,2326879
705,4,306613,5,725188,0,06127443,4,857961,0,2408394
707,4,3051,5,544158,0,06133025,4,896241,0,2507678
709,4,300653,5,490474,0,06092403,4,910883,0,2579772
711,4,298572,5,433728,0,06051781,4,925526,0,262247
713,4,296504,5,463736,0,05984319,4,917745,0,2651668
715,4,29925,5,519137,0,05900686,4,929965,0,2678514
717,4,301996,5,573382,0,05472754,4,94701,0,2705359
719,4,304741,5,628279,0,0502439,4,889564,0,2733367
721,4,307487,5,494123,0,04980227,4,878709,0,2759584
723,4,310233,5,581308,0,05088167,4,940896,0,2772664
725,4,312978,5,659595,0,05186653,4,91558,0,2812016
727,4,315724,5,737883,0,04987736,4,901314,0,2815549
729,4,279741,5,744854,0,04866699,4,878995,0,2681641
731,4,265961,5,687931,0,04759409,4,897753,0,2665921
733,4,276222,5,643099,0,04714025,4,892898,0,277244
735,4,284971,5,615481,0,04827715,4,849518,0,2629774
737,4,292944,5,627999,0,05130015,4,844747,0,2530063
739,4,300352,5,626621,0,05354607,4,864282,0,2468174
741,4,352295,5,581694,0,05361539,4,965166,0,2627173
743,4,357783,5,620676,0,05269525,5,013623,0,2719056
745,4,363297,6,014568,0,05152092,5,141583,0,2634675
747,4,370388,5,896582,0,04958689,5,217317,0,2453344
749,4,376119,5,973173,0,04954203,5,223334,0,240852
751,4,381192,5,974362,0,0483677,5,220388,0,2384313
753,4,387831,5,972936,0,04830524,5,21509,0,2384099
755,4,396219,5,971267,0,04824277,5,21018,0,2371889
757,4,40396,5,975585,0,04717803,5,215456,0,2362099
759,4,405115,5,972665,0,04420083,5,206536,0,2352308
761,4,40685,5,971622,0,04359787,5,178128,0,2314888
763,4,405702,5,975436,0,04371079,5,164579,0,2332727
765,4,411118,5,97925,0,0438237,5,160963,0,2341939
767,4,419087,5,985466,0,04393662,5,206858,0,2370154
769,4,427197,6,000379,0,04404953,5,206432,0,2387712
771,4,44418,5,99973,0,04414399,5,276875,0,2425504
773,4,458963,6,003475,0,04475599,5,323704,0,2454517
775,4,443004,5,991931,0,04497509,5,333898,0,2475992
777,4,445531,5,988809,0,04519419,5,304035,0,2497467
779,4,44806,5,985686,0,04539916,5,285795,0,2391737
781,4,44587,6,007243,0,04551845,5,284574,0,2291798
783,4,459678,6,078125,0,04566791,5,290209,0,2237337
785,4,47318,6,135021,0,04591908,5,321784,0,2263785
787,4,485931,6,24628,0,04979041,5,350577,0,24053
789,4,496256,6,27743,0,05480634,5,385727,0,2432426
791,4,504903,6,30969,0,06135285,5,416401,0,2435409
793,4,504887,6,418581,0,07548925,5,562022,0,241382
795,4,483809,6,426149,0,08124054,5,549666,0,2407594
797,4,490077,6,415958,0,07275835,5,573455,0,2281215
799,4,496346,6,417835,0,06878971,5,5758,0,2294234
801,4,503185,6,418035,0,06529616,5,538908,0,2430651
803,4,311473,6,37654,0,06112369,5,610572,0,2391065
805,4,145702,6,406708,0,05802425,5,480764,0,2431432
807,3,9499,6,414342,0,05869273,5,571941,0,2410685
809,3,842989,6,417606,0,06003692,5,486643,0,2407281
811,3,824656,6,430257,0,06242436,5,478944,0,2344445
813,3,820596,6,439226,0,06890179,5,441983,0,228829
815,3,821371,6,447212,0,07395722,5,437126,0,2154786
817,3,815916,6,44865,0,0629597,5,441763,0,2127201
819,3,812985,6,455677,0,06105973,5,448314,0,2167713
821,3,809079,6,452761,0,05847156,5,440753,0,2216762
823,3,812818,6,472303,0,05572092,5,477726,0,222145
825,3,795661,6,501354,0,05589263,5,393085,0,2340167
827,3,776841,6,505679,0,0568422,5,385829,0,2352625
829,3,773652,6,508886,0,05779176,5,364347,0,2368826
831,3,753166,6,503922,0,05878098,5,369979,0,2388696
833,3,732347,6,480562,0,0597702,5,395096,0,2408566
835,3,711193,6,477956,0,06148179,5,41478,0,2460363
837,3,690039,6,479525,0,06319338,5,414834,0,2448306
839,3,668885,6,481094,0,06490497,5,386139,0,2379698
841,3,647731,6,482663,0,06661655,5,399909,0,2374827
843,3,625538,6,483151,0,0663139,5,354344,0,229425
845,3,603707,6,483083,0,06512826,5,3995,0,2222941
847,3,582235,6,483063,0,06394262,5,438393,0,2385426
849,3,513378,6,465209,0,05060995,5,453216,0,2164994
851,3,477886,6,443038,0,05055723,5,439178,0,2106082
853,3,458039,6,428711,0,05050914,5,42762,0,2146801
855,3,438191,6,395759,0,05043831,5,408684,0,2172174
857,3,416265,6,33338,0,05035602,5,376579,0,2166152
859,3,39226,6,22122,0,05027372,5,352183,0,2160131
861,3,358585,6,102946,0,04969306,5,306468,0,2116205
863,3,326442,6,085323,0,04942254,5,264685,0,2106327
865,3,288611,6,068198,0,04915203,5,260336,0,2098323
867,3,247465,6,052074,0,04824751,5,196589,0,2090319
869,3,205271,6,011012,0,04659892,5,14409,0,2082316
871,3,147722,5,930031,0,04661819,5,089131,0,1941435
873,2,99511,5,923252,0,04579793,5,072256,0,192047
875,2,84111,5,914985,0,04494929,5,072568,0,1899506
877,2,064023,5,889404,0,04452566,5,056056,0,1898144
879,1,762974,5,875458,0,04422089,4,989645,0,1874091
881,1,461925,5,861511,0,04391613,4,981697,0,187394
883,1,191823,5,771718,0,03920219,4,946524,0,1873789
885,1,134117,5,718553,0,03825733,4,927663,0,1873639
887,1,099513,5,669655,0,03621475,4,861484,0,1848585
889,1,051266,5,666509,0,02967435,4,722971,0,1733409
891,1,002415,5,537174,0,02426635,4,67958,0,1516152
893,0,9595503,5,273223,0,02219022,4,532382,0,1375476
895,0,9201602,5,253986,0,02056626,4,381281,0,1336352
897,0,8823574,5,248618,0,0189423,4,261955,0,1259834
899,0,8393867,5,236546,0,01731835,4,114196,0,1085943
901,0,8078729,5,170793,0,01126928,3,966601,0,09174749
903,0,7957035,4,866083,0,009205021,3,898052,0,07674582
905,0,7828523,4,856848,0,007680606,3,844871,0,07825474
907,0,7745801,4,843322,0,007385634,3,841272,0,07932778
909,0,7663079,4,844241,0,007261793,3,82099,0,08679659
911,0,7580357,4,846518,0,007137951,3,780709,0,08822265
913,0,7497634,4,844696,0,007014109,3,754292,0,08821005
915,0,7414912,4,829757,0,006890267,3,837028,0,08561569
917,0,733219,4,814479,0,006766425,3,853321,0,08317548
919,0,7249468,4,798631,0,006642583,3,832001,0,06798336
921,0,7166746,4,781162,0,006518741,3,738049,0,0659725
923,0,7084023,4,765007,0,006394899,3,735015,0,06564479
925,0,7001302,4,749872,0,006271057,3,699715,0,0654964
927,0,6918579,4,734737,0,006147215,3,681289,0,07663935
929,0,6835857,4,719603,0,006023373,3,66639,0,07110257
931,0,6747665,4,701088,0,005899531,3,663925,0,06554765
933,0,6635629,4,699296,0,005879829,3,587111,0,0656587
935,0,6538714,4,684242,0,005860127,3,570014,0,06681374
937,0,6449556,4,674294,0,005840425,3,567232,0,06409968
939,0,6351837,4,603801,0,005820723,3,56448,0,06045464
941,0,5808755,4,247743,0,005400987,3,446913,0,04148828
943,0,5730232,4,092013,0,004524554,3,382127,0,0400359
945,0,565145,4,046812,0,00413963,3,247219,0,03869658
947,0,5556897,3,840243,0,003754705,3,090621,0,03105293
949,0,5475943,3,790733,0,002684159,3,020368,0,03091003
951,0,540158,3,786896,0,002668295,2,985847,0,03089631
953,0,5327216,3,78306,0,002652432,2,985426,0,03088259
955,0,5235358,3,779223,0,002636569,2,985965,0,03086886
957,0,5149971,3,775386,0,002620705,2,98554,0,03085514
959,0,5060564,3,758436,0,002604842,2,982491,0,03084142
961,0,4963284,3,756645,0,002588979,2,982272,0,0308277
963,0,4869138,3,754854,0,002573116,2,950285,0,03081397
965,0,4788038,3,753063,0,002557253,2,948002,0,03080025
967,0,4681405,3,702305,0,002541389,2,944395,0,02974189
969,0,4573364,3,607506,0,002495992,2,895984,0,02880518
971,0,4376597,3,561177,0,002282435,2,848351,0,02777836
973,0,4201829,3,525356,0,001986467,2,758285,0,02519874
975,0,4099109,3,489771,0,001859866,2,736179,0,02310964
977,0,3996389,3,454186,0,001733265,2,719244,0,02267395
979,0,3893669,3,418601,0,001636436,2,724094,0,02263718
981,0,3748942,3,355721,0,001565344,2,725111,0,02239674
983,0,3573686,3,280663,0,001565344,2,670652,0,01977049
985,0,3401485,3,267757,0,001565344,2,576025,0,01971131
987,0,3236792,3,198539,0,001565344,2,470002,0,01959886
989,0,3096363,3,122348,0,001565344,2,457915,0,01889992
991,0,297272,3,089851,0,001565344,2,453557,0,01879277
993,0,2604345,3,038886,0,001565344,2,380465,0,01852202
995,0,2479496,2,981505,0,001565344,2,34165,0,01803143
997,0,237093,2,977903,0,001565344,2,335873,0,0178202
999,0,2262363,2,974301,0,001565344,2,298257,0,01760898
1001,0,2153796,2,9707,0,001565344,2,259741,0,01739776
1003,0,204523,2,958495,0,001565344,2,248468,0,01671295
1005,0,1934512,2,885537,0,001565344,2,194772,0,01503676
1007,0,1842877,2,784164,0,001565344,2,177035,0,01249609
1009,0,1759658,2,749198,0,001565344,2,130469,0,01223738
1011,0,165355,2,719724,0,001565344,2,051692,0,01167922
1013,0,1518229,2,684134,0,001565344,2,002191,0,01149108
1015,0,1332065,2,642641,0,001554523,1,962533,0,0107435
1017,0,1233885,2,638958,0,001528565,1,931557,0,01017851
1019,0,1135704,2,635276,0,001502606,1,910715,0,00951375
1021,0,1028809,2,619766,0,001486743,1,877655,0,008684134
1023,0,08243935,2,536017,0,00143144,1,842263,0,005904959
1025,0,07122964,2,467617,0,001359221,1,820676,0,005801241
1027,0,07070205,2,448234,0,001195048,1,800983,0,005801241
1029,0,07017446,2,437695,0,001030876,1,794604,0,005801241
1031,0,0695068,2,42719,0,0008667036,1,769944,0,005801241
1033,0,06917351,2,41681,0,0007392436,1,765477,0,005801241
1035,0,06917462,2,267108,0,0007392436,1,750549,0,005801241
1037,0,06917572,2,252913,0,0007392436,1,684771,0,005801241
1039,0,06917682,2,204745,0,0007392436,1,654733,0,005801241
1041,0,06917793,2,127883,0,0007392436,1,602039,0,005755798
1043,0,06917903,2,115549,0,0007392436,1,514333,0,005546453
1045,0,06918013,1,923324,0,0007392436,1,472077,0,005499277
1047,0,06918123,1,899631,0,0007392436,1,454103,0,005463813
1049,0,06918233,1,815042,0,0007392436,1,433487,0,005463813
1051,0,06918343,1,756049,0,0007392436,1,359327,0,005463813
1053,0,06918453,1,719605,0,0007392436,1,335194,0,005463813
1055,0,06918564,1,722341,0,0007392436,1,331272,0,004977573
1057,0,06918674,1,725076,0,0007392436,1,328283,0,005020047
1059,0,06918784,1,728351,0,0007392436,1,325516,0,005062521
1061,0,06918894,1,731625,0,0007392436,1,324075,0,005018485
1063,0,06919005,1,732225,0,0007392436,1,312735,0,005018485
1065,0,06919115,1,7323,0,0007392436,1,309496,0,005018485
1067,0,06919225,1,732375,0,0007392436,1,310318,0,005018485
1069,0,06919335,1,692012,0,0007392436,1,31114,0,005018485
1071,0,06919445,1,66715,0,0007392436,1,311962,0,005018485
1073,0,06919555,1,6673,0,0007392436,1,312784,0,005018485
1075,0,06919666,1,667449,0,0007392436,1,285731,0,005018485
1077,0,06919776,1,667598,0,0007385173,1,234931,0,005018485
1079,0,06919886,1,661308,0,000710921,1,230941,0,005018485
1081,0,06919996,1,658639,0,0007117665,1,227644,0,004926661
1083,0,06920107,1,656323,0,000712612,1,228019,0,004926661
1085,0,06920216,1,644471,0,0007134575,1,227626,0,004898478
1087,0,06920327,1,622965,0,0007143031,1,225383,0,004761464
1089,0,06920437,1,601081,0,0007151486,1,218978,0,004686512
1091,0,06920547,1,599254,0,0007159942,1,211245,0,004550559
1093,0,06920657,1,597426,0,0007168397,1,207863,0,004550559
1095,0,06920768,1,595598,0,0007176852,1,207217,0,004550559
1097,0,06920878,1,59377,0,0007185307,1,206835,0,004550559
1099,0,06920988,1,591942,0,0007193763,1,206453,0,004550559
1101,0,06921098,1,590114,0,0007202218,1,204905,0,004550559
1103,0,06921208,1,588286,0,0007210673,1,20053,0,00452627
1105,0,06921318,1,57578,0,0007175021,1,192335,0,004222937
1107,0,06921428,1,56157,0,000714302,1,181639,0,00402977
1109,0,06921539,1,519914,0,0007100959,1,161397,0,00402977
1111,0,06921649,1,422879,0,0007028421,1,092302,0,004034045
1113,0,06921759,1,409813,0,0006883947,1,02967,0,004045697
1115,0,0692187,1,379265,0,0006887316,0,9903468,0,004022881
1117,0,0692198,1,346803,0,0006884466,0,9376134,0,004011588
1119,0,0692209,1,247325,0,0006881615,0,906493,0,003803405
1121,0,069222,1,191204,0,0006878764,0,8699975,0,003615288
1123,0,0692231,1,147359,0,0006875914,0,848012,0,003454409
1125,0,0692242,1,119575,0,0006873063,0,8284195,0,003451211
1127,0,0692253,1,070553,0,0006870212,0,8071482,0,003448014
1129,0,06922641,1,040172,0,0006867362,0,8054403,0,003444817
1131,0,06922751,1,041479,0,0006864511,0,7848383,0,00344162
1133,0,06922861,1,042786,0,0006861661,0,7840576,0,003438423
1135,0,06922971,1,044094,0,0006514514,0,7219127,0,003389415
1137,0,06923082,1,04371,0,0005976788,0,6840379,0,003335019
1139,0,06923192,1,037484,0,0005275983,0,6097795,0,00330777
1141,0,06923302,1,037406,0,0004999968,0,6013824,0,003146936
1143,0,06923412,1,037327,0,0004999968,0,5821049,0,003084213
1145,0,06923522,1,033184,0,0004999968,0,5821049,0,002981123
1147,0,06991449,1,031053,0,0004999968,0,5882006,0,002852749
1149,0,07115122,1,033099,0,0004999968,0,6723078,0,002976023
1151,0,07277272,1,058164,0,0004999968,0,8093383,0,003300002
1153,0,07414842,1,128838,0,0006848866,0,8326048,0,003473737
1155,0,07817016,1,128478,0,0007392436,0,8693293,0,003491382
1157,0,0861496,1,1759,0,0007392436,0,8967065,0,003599073
1159,0,0887418,1,264703,0,0007392436,0,9198287,0,003990588
1161,0,09133401,1,273833,0,0007392436,0,9135616,0,00401151
1163,0,09565479,1,31072,0,0007392436,0,9715817,0,00401151
1165,0,1126381,1,294874,0,0007392436,1,017614,0,005201576
1167,0,1279782,1,294078,0,0007392436,1,090734,0,005316969
1169,0,14134,1,402815,0,0007392436,1,106235,0,005659164
1171,0,1612431,1,478587,0,001699083,1,167682,0,007785311
1173,0,1822479,1,5042,0,002129388,1,230051,0,009160212
1175,0,2416938,1,688486,0,002141656,1,28831,0,00953557
1177,0,2624816,1,729687,0,002153924,1,293407,0,009523937
1179,0,2870861,1,765143,0,002166191,1,338563,0,009512303
1181,0,3154504,1,881212,0,002308655,1,419042,0,009569407
1183,0,3823861,1,901122,0,002453166,1,481049,0,009896003
1185,0,4532683,1,932576,0,00246511,1,549594,0,01022861
1187,0,4903005,2,021156,0,002477054,1,586358,0,01039775
1189,0,5352497,2,113775,0,002488998,1,605394,0,0108362
1191,0,5737029,2,137678,0,002500942,1,629675,0,01133547
1193,0,5988446,2,180645,0,002512886,1,646754,0,01167789
1195,0,6239862,2,240314,0,00252483,1,676383,0,01209286
1197,0,6491278,2,24946,0,002536774,1,694673,0,01250783
1199,0,6742695,2,27441,0,002548718,1,724026,0,0129228
1201,0,814683,2,279107,0,002560662,1,781779,0,01333777
1203,0,8505887,2,28942,0,002572606,1,837151,0,01591021
1205,0,8862066,2,305087,0,00258455,1,881846,0,01699594
1207,0,9006731,2,315377,0,002596494,1,914319,0,01802381
1209,0,9151396,2,370111,0,002608438,1,933995,0,01840826
1211,0,9296061,2,473536,0,003235257,1,954884,0,01879272
1213,0,9440726,2,569976,0,003239812,2,017391,0,01917717
1215,0,9585391,2,602862,0,003242208,2,046226,0,01956163
1217,0,9731243,2,677766,0,003243593,2,071003,0,02066937
1219,1,011373,2,767957,0,003252922,2,183163,0,02150828
1221,1,04514,2,887471,0,003261074,2,324071,0,02219945
1223,1,074521,2,94675,0,003270409,2,345001,0,02228715
1225,1,102374,3,095418,0,003285903,2,508787,0,02403259
1227,1,121697,3,206268,0,00327949,2,574596,0,02459116
1229,1,136366,3,263757,0,003283631,2,679061,0,02467775
1231,1,144532,3,310999,0,003283977,2,709407,0,02543328
1233,1,152716,3,392829,0,003290944,2,829685,0,02571375
1235,1,16227,3,471214,0,00330033,2,881025,0,02630529
1237,1,175725,3,549097,0,003300318,2,966492,0,02767545
1239,1,186127,3,627054,0,003306395,3,018262,0,02834895
1241,1,209231,3,702476,0,003302119,3,066442,0,02845493
1243,1,231128,3,810794,0,003297842,3,079847,0,03292036
1245,1,253041,3,909009,0,004098056,3,153324,0,03316716
1247,1,275494,4,004419,0,005164917,3,2565,0,0333358
1249,1,299188,4,020896,0,005175743,3,284321,0,03393435
1251,1,321965,4,092881,0,006469518,3,312485,0,03696315
1253,1,343041,4,111759,0,007952814,3,372633,0,03815536
1255,1,381514,4,162895,0,008420326,3,452087,0,03817039
1257,1,420858,4,16949,0,008585506,3,479184,0,03819694
1259,1,461076,4,177561,0,008750686,3,5083,0,03823501
1261,1,503722,4,196981,0,008915867,3,525355,0,04186851
1263,1,540295,4,384361,0,009081047,3,595139,0,04347045
1265,1,57347,4,402769,0,009246227,3,625813,0,04368385
1267,1,605598,4,430589,0,009411408,3,655821,0,04682556
1269,1,637733,4,526427,0,009576588,3,689238,0,05215863
1271,1,669864,4,536428,0,009741768,3,717837,0,0521709
1273,1,703632,4,546422,0,009906949,3,827322,0,05367899
1275,1,734271,4,555838,0,01007213,3,916972,0,0564729
1277,1,761785,4,56468,0,01023731,4,000198,0,05647568
1279,1,787955,4,573521,0,01040249,4,015418,0,05644609
1281,1,814125,4,582362,0,01056767,4,081182,0,05641651
1283,1,844348,4,591212,0,01073285,4,134993,0,05640948
1285,1,87343,4,598009,0,01089803,4,22507,0,05649845
1287,1,90677,4,604802,0,01106321,4,260067,0,05650613
1289,1,937073,4,617834,0,01122839,4,309344,0,05786844
1291,1,994124,4,683547,0,01147195,4,373111,0,05806551
1293,2,049215,4,771174,0,01211576,4,387285,0,05916035
1295,2,103379,4,854195,0,01280313,4,401351,0,06040403
1297,2,157217,4,922255,0,01371669,4,444553,0,06076141
1299,2,321018,5,173012,0,01455429,4,459383,0,06793789
1301,2,329349,5,236133,0,01870939,4,489991,0,07192221
1303,2,343468,5,348369,0,02337106,4,550268,0,08510093
1305,2,353532,5,414623,0,02494934,4,620506,0,08892546
1307,2,371787,5,418581,0,0249393,4,665016,0,09414268
1309,2,425769,5,423816,0,02489876,4,706755,0,09770478
1311,2,476385,5,451097,0,02658301,4,755067,0,09908856
1313,2,53055,5,478591,0,03121849,4,800494,0,1146022
1315,2,585673,5,49944,0,03287818,4,828884,0,1185168
1317,2,643015,5,578079,0,03638029,4,879878,0,1300866
1319,2,706321,5,718116,0,03661508,4,886923,0,1422402
1321,2,756876,5,749225,0,03708075,4,893893,0,1488313
1323,2,793274,5,788804,0,03776912,4,900863,0,1579248
1325,2,815359,5,811966,0,03833737,4,918056,0,1604568
1327,2,819535,5,887515,0,0385901,4,919432,0,1629878
1329,2,823712,5,926333,0,03884282,4,92097,0,1655188
1331,2,827889,5,931106,0,03909555,4,927502,0,1680499
1333,2,832066,5,935878,0,03934827,4,934033,0,1705809
1335,2,836243,5,940651,0,039601,4,940078,0,1731119
1337,2,84042,5,945424,0,03985373,4,941779,0,1755744
1339,2,844597,5,950196,0,04010645,4,94348,0,1750321
1341,2,848773,5,954968,0,04035918,4,94518,0,1744899
1343,2,860858,5,96849,0,04061206,4,989104,0,1739476
1345,2,872807,5,978502,0,04086525,5,021813,0,1734198
1347,2,890158,5,986822,0,04074577,5,025891,0,1951596
1349,2,908351,5,98129,0,03844117,5,053622,0,1792377
1351,2,921269,5,968184,0,03608861,5,076454,0,1631909
1353,2,937255,6,106586,0,03496239,5,072865,0,1858548
1355,2,941999,6,010819,0,03382001,5,072577,0,1957762
1357,2,938383,6,005756,0,03310392,5,084823,0,2003648
1359,2,940155,6,039649,0,03391947,5,091387,0,2049534
1361,2,941926,5,987703,0,03473503,5,103223,0,2059297
1363,2,942206,6,011732,0,03352235,5,095257,0,2018411
1365,2,929822,6,035584,0,03181203,5,034564,0,1982091
1367,2,919973,6,216338,0,03045385,5,083926,0,1972789
1369,2,90886,6,223537,0,02909567,5,065584,0,1939888
1371,2,891206,6,174234,0,02671441,4,936024,0,1936285
1373,2,872449,6,139041,0,02565702,4,895384,0,1937559
1375,2,815252,6,160799,0,02502113,4,8862,0,1938211
1377,2,796713,6,178849,0,02366295,4,877711,0,1848272
1379,2,776244,6,200183,0,02237912,4,859583,0,1872956
1381,2,749918,6,200305,0,02116964,4,859675,0,1898005
1383,2,685056,6,18758,0,01942239,4,85033,0,1952895
1385,2,615732,6,197348,0,01783639,4,776607,0,197857
1387,2,580609,6,200256,0,01634426,4,767664,0,1788206
1389,2,537689,6,187582,0,01465863,4,755435,0,1599598
1391,2,501235,6,187553,0,01457788,4,752727,0,1586702
1393,2,478018,6,187537,0,01457676,4,75547,0,1577772
1395,2,454749,6,187521,0,01457564,4,756331,0,1568842
1397,2,431569,6,184877,0,01457451,4,736333,0,1559913
1399,2,408765,6,106556,0,01457339,4,721633,0,1550983
1401,2,270108,5,893908,0,01457227,4,692616,0,145248
1403,2,236068,5,712101,0,01457115,4,699972,0,1399548
1405,2,202803,5,678139,0,01456986,4,691185,0,1380582
1407,2,189692,5,674785,0,01456871,4,691898,0,1363419
1409,2,176583,5,67143,0,01456756,4,699351,0,1428833
1411,2,163476,5,650876,0,01456683,4,691936,0,1466815
1413,2,150374,5,650043,0,01456632,4,698978,0,147218
1415,2,137271,5,544316,0,01443834,4,627561,0,149024
1417,2,124294,5,487332,0,01422834,4,652295,0,1528612
1419,2,087555,5,485721,0,01315078,4,637535,0,15547
1421,2,055561,5,472927,0,01207322,4,587056,0,1583819
1423,2,027385,5,446361,0,01224677,4,575994,0,1766208
1425,2,000501,5,42477,0,01224154,4,530158,0,1810666
1427,1,981925,5,378304,0,01241755,4,454373,0,1841237
1429,1,968004,5,363597,0,01320606,4,416388,0,1801444
1431,1,960586,5,360847,0,01400247,4,3941,0,1715907
1433,1,95315,5,290458,0,014801,4,394933,0,1727382
1435,1,944343,5,282095,0,01511588,4,388028,0,168059
1437,1,931635,5,206115,0,01433324,4,378074,0,1648826
1439,1,921981,5,170225,0,01119279,4,377583,0,1622525
1441,1,899626,5,143442,0,01109424,4,302874,0,1602667
1443,1,878476,5,133478,0,0109957,4,270794,0,1561413
1445,1,85731,5,099187,0,01089715,4,253792,0,1337993
1447,1,835903,5,036834,0,0107986,4,221177,0,1335458
1449,1,814024,4,981414,0,0108516,4,289981,0,1338197
1451,1,792727,4,931222,0,01111795,4,259211,0,1151966
1453,1,772478,4,954379,0,01166494,4,233142,0,1199829
1455,1,734833,5,013857,0,01221192,4,165289,0,123471
1457,1,696317,5,024449,0,01274684,4,133113,0,128072
1459,1,656927,5,006252,0,01328175,4,117521,0,1326732
1461,1,615108,5,061364,0,01381666,4,103585,0,137274
1463,1,579433,5,141495,0,01449118,4,083632,0,1290038
1465,1,547878,4,978348,0,01476451,4,124815,0,1180567
1467,1,51736,4,943415,0,01703493,4,100034,0,104632
1469,1,48617,5,002542,0,01746671,4,090796,0,07891153
1471,1,455024,5,149207,0,0185659,4,089545,0,09116644
1473,1,422241,5,098326,0,01970397,4,073903,0,08775324
1475,1,392985,5,100433,0,02084203,4,065724,0,09248169
1477,1,366873,5,080766,0,02198009,4,072479,0,09341738
1479,1,342033,5,102585,0,02305505,4,106312,0,09288995
1481,1,317121,5,194525,0,02406691,4,120956,0,09236252
1483,1,288083,5,270012,0,02428012,4,156456,0,09183452
1485,1,260695,5,25666,0,02449333,4,171091,0,09130705
1487,1,228825,5,122712,0,02479374,4,238659,0,09098779
1489,1,200006,5,00725,0,02461858,4,322821,0,09764326
1491,1,147248,5,092767,0,02828965,4,351179,0,1075414
1493,1,099327,5,231108,0,02762903,4,436755,0,1184804
1495,1,052028,5,208824,0,0240931,4,442321,0,1259749
1497,1,004956,5,495128,0,03087663,4,432542,0,1254868
1499,0,8479668,5,67008,0,03105106,4,535161,0,1293624
1501,0,8464034,5,699235,0,02921432,4,577301,0,142609
1503,0,83901,5,746253,0,02583189,4,606248,0,1370764
1505,0,8356699,5,728971,0,02386357,4,546489,0,1376038
1507,0,8241427,5,293065,0,02418167,4,471652,0,1373769
1509,0,7768194,5,327161,0,02481441,4,487264,0,1384054
1511,0,7327996,5,359811,0,02541662,4,522495,0,143702
1513,0,6852307,5,395921,0,02601879,4,551908,0,1401285
1515,0,636704,5,286668,0,02662104,4,554883,0,1345774
1517,0,5859585,5,454065,0,02730296,4,556119,0,1379806
1519,0,7492899,5,63302,0,03703087,4,652631,0,1708408
1521,0,9253735,5,789456,0,0343159,4,726729,0,185149
1523,1,115612,5,881788,0,03196619,4,799094,0,1852943
1525,1,110657,5,877516,0,03256647,4,762358,0,1860491
1527,1,12361,5,866971,0,03304849,4,785884,0,1880224
1529,1,136564,5,855729,0,03341226,4,791047,0,1920615
1531,1,149519,5,860519,0,03377603,4,793714,0,193434
1533,1,162473,5,87029,0,0341398,4,799865,0,2009291
1535,1,175427,5,880062,0,03450357,4,827788,0,2075461
1537,1,188383,5,889833,0,03486734,4,861054,0,2135182
1539,1,201339,5,899605,0,03523111,4,910614,0,2194902
1541,1,214296,5,909377,0,03559488,4,901741,0,2359595
1543,1,219347,5,921668,0,03595865,5,031268,0,2465275
1545,1,226602,5,855618,0,03632242,5,05709,0,2474313
1547,1,229849,5,875086,0,03668619,5,063549,0,2476839
1549,1,231783,5,906316,0,03471927,5,143134,0,2544236
1551,1,238603,5,929059,0,03594178,5,197464,0,2614049
1553,1,242606,5,973105,0,0377775,5,291729,0,2674526
1555,1,255199,6,011792,0,03814127,5,325189,0,2707908
1557,1,272194,6,037477,0,03850504,5,370701,0,2725418
1559,1,289195,6,271647,0,05952463,5,394535,0,2895772
1561,1,306189,6,398218,0,05788969,5,413654,0,3060109
1563,1,325222,6,403849,0,05625454,5,417656,0,3151428
1565,1,342732,6,412518,0,05463624,5,444995,0,3183607
1567,1,359352,6,420688,0,06038647,5,465109,0,3076418
1569,1,378153,6,430901,0,0765348,5,524089,0,3102233
1571,1,395896,6,444244,0,08112527,5,563016,0,3347393
1573,1,444435,6,459238,0,08453476,5,633789,0,3284715
1575,1,492992,6,472704,0,1064766,5,696067,0,3421541
1577,1,541561,6,482691,0,1132421,5,738861,0,3432472
1579,1,588243,6,526923,0,1170196,5,769812,0,342704
1581,1,637023,6,551772,0,1176592,5,805058,0,3421608
1583,1,685766,6,589936,0,1182988,5,762541,0,3416176
1585,1,735034,6,575995,0,1213782,5,835091,0,3822726
1587,1,784774,6,597943,0,1231631,5,883207,0,3876644
1589,1,89094,6,66233,0,1244597,5,941469,0,3941347
1591,1,99918,6,721774,0,1284773,5,972652,0,3993487
1593,2,107019,6,770761,0,1269451,6,053149,0,4070384
1595,2,169907,6,860888,0,1325431,6,095085,0,415549
1597,2,188361,6,865585,0,1358261,6,115183,0,4429756
1599,2,208179,6,920949,0,1449411,6,157558,0,4400427
1601,2,230179,6,975559,0,1492531,6,179269,0,4393108
1603,2,257971,7,030202,0,1539333,6,182827,0,4479364
1605,2,282017,7,07163,0,1535799,6,194601,0,4557746
1607,2,303848,7,06384,0,1549406,6,205151,0,4640544
1609,2,325676,7,117943,0,1679296,6,210209,0,4691949
1611,2,350316,7,165645,0,1725982,6,259891,0,4735034
1613,2,377763,7,174904,0,1732387,6,274849,0,4441762
1615,2,411779,7,178579,0,1671314,6,288255,0,4714769
1617,2,440608,7,210036,0,1610337,6,293938,0,4701398
1619,2,461038,7,188504,0,1582391,6,249808,0,4681428
1621,2,481207,7,171535,0,1631487,6,195093,0,4694249
1623,2,501942,7,203276,0,1681438,6,1394,0,4628581
1625,2,522891,7,113666,0,1569075,6,104217,0,4702385
1627,2,544173,7,162169,0,1576905,6,109548,0,4939489
1629,2,573011,7,170588,0,1585085,6,131268,0,5075755
1631,2,610328,7,157742,0,1593289,6,147489,0,5092887
1633,2,664924,7,144721,0,1602178,6,151927,0,5106406
1635,2,690503,7,1317,0,1610693,6,168622,0,5119876
1637,2,715302,7,118679,0,1617482,6,183084,0,5287211
1639,2,740101,7,105658,0,1624271,6,200675,0,5323617
1641,2,7649,7,092637,0,163106,6,196891,0,5653511
1643,2,789699,7,100796,0,1637849,6,193108,0,5729418
1645,2,814498,7,126851,0,1644638,6,189451,0,5725049
1647,2,838999,7,150182,0,1635732,6,205796,0,5954878
1649,2,862732,7,116776,0,1628532,6,216776,0,6114759
1651,2,887511,7,033127,0,1605312,6,224122,0,5542379
1653,2,912942,7,045542,0,16133,6,238303,0,5578878
1655,2,938373,7,057957,0,1621287,6,23191,0,562125
1657,2,963804,7,070372,0,1603105,6,156408,0,5736349
1659,2,989234,7,082787,0,1400644,6,10943,0,5851449
1661,3,058694,7,160295,0,1449389,6,101213,0,5756078
1663,3,138275,7,174657,0,1522467,6,186396,0,5915698
1665,3,221499,7,134423,0,1032958,6,115899,0,5881867
1667,3,310356,7,106512,0,108376,6,167951,0,5818362
1669,3,449467,7,096623,0,1395047,6,153358,0,5786188
1671,3,512486,7,094413,0,1352385,6,137874,0,589214
1673,3,528045,7,106738,0,1310221,6,141713,0,577563
1675,3,541575,7,163109,0,1268624,6,14815,0,6099514
1677,3,552436,7,168023,0,1237746,6,137866,0,6216161
1679,3,563368,7,111975,0,1183802,6,085403,0,6166607
1681,3,574373,7,105741,0,1139301,5,97903,0,6013236
1683,3,585451,7,052017,0,109617,6,007638,0,5661572
1685,3,59602,7,012663,0,1053039,5,953988,0,5579931
1687,3,606812,6,984838,0,1009907,5,926846,0,5592518
1689,3,617591,6,97074,0,09667761,5,887882,0,5340145
1691,3,625561,6,890324,0,08755364,5,876954,0,5057663
1693,3,630655,6,777174,0,08738907,5,855942,0,4544775
1695,3,636052,6,643022,0,08667737,5,723702,0,4541708
1697,3,64155,6,501473,0,0835399,5,640388,0,4285377
1699,3,647,6,384701,0,08040242,5,590703,0,3956866
1701,3,652495,6,356206,0,07726495,5,571849,0,4021994
1703,3,826982,6,335598,0,08770116,5,579844,0,4090358
1705,3,835786,6,328224,0,09294718,5,545074,0,4136182
1707,3,844582,6,319618,0,1001677,5,475742,0,4047355
1709,3,853454,6,337685,0,1033753,5,475741,0,3913202
1711,3,86255,6,304413,0,1065853,5,462152,0,3857364
1713,3,867697,6,299648,0,1084094,5,534116,0,3860425
1715,3,868387,6,292143,0,1088489,5,474237,0,376504
1717,3,865477,6,284604,0,1092836,5,447147,0,3549763
1719,3,642526,6,179856,0,08553731,5,375689,0,329172
1721,3,419574,6,119913,0,06530347,5,285955,0,3197444
1723,3,196623,5,929256,0,05424294,5,195912,0,3165783
1725,3,183181,5,78335,0,05408452,5,141551,0,3120844
1727,3,169738,5,76089,0,0541423,5,102713,0,3150444
1729,3,156293,5,738561,0,05441628,5,075406,0,3148178
1731,3,142848,5,719507,0,05469026,5,062696,0,306943
1733,3,129404,5,72615,0,05496423,5,019644,0,2994658
1735,3,11596,5,732793,0,05523821,4,988894,0,2727136
1737,3,102513,5,739437,0,05551219,4,957702,0,2686191
1739,3,089067,5,74608,0,05578617,4,924249,0,2651481
1741,3,07562,5,756791,0,05605422,4,883574,0,2545441
1743,3,062172,5,759475,0,05631875,4,82297,0,2497858
1745,3,046653,5,757519,0,05658953,4,816351,0,2430758
1747,3,029064,5,757877,0,05686351,4,790774,0,2371483
1749,3,011387,5,74513,0,05712449,4,730758,0,2295702
1751,2,993714,5,744115,0,05739127,4,670533,0,2222973
1753,2,976036,5,74009,0,05765012,4,644378,0,2164151
1755,2,958364,5,720596,0,05753029,4,607941,0,2138874
1757,2,941658,5,631131,0,05512016,4,536448,0,2083362
1759,2,941685,5,648255,0,05183639,4,520335,0,1975367
1761,2,955883,5,57952,0,04853261,4,446653,0,1916212
1763,2,951189,5,567075,0,0589988,4,451826,0,1908315
1765,2,948516,5,511231,0,05925902,4,347298,0,1838703
1767,2,942226,5,466232,0,05954919,4,324513,0,1859265
1769,2,934805,5,415998,0,04170861,4,324538,0,1915669
1771,2,928262,5,31707,0,04138416,4,337162,0,1950495
1773,2,888975,5,302216,0,03340643,4,206141,0,1898068
1775,2,847347,5,307523,0,03303884,4,192387,0,1923316
1777,2,812234,5,383553,0,03298763,4,225815,0,1936938
1779,2,792752,5,949831,0,0575795,4,519637,0,2197355
1781,2,769238,5,866037,0,05492096,4,706524,0,2296652
1783,2,732285,5,785384,0,05765374,4,72712,0,2380348
1785,2,693096,5,748024,0,06038298,4,767696,0,2396933
1787,2,650679,5,760601,0,06311143,4,695434,0,2355824
1789,2,551566,5,741636,0,06591026,4,680056,0,2375733
1791,2,449989,5,685038,0,06980959,4,641254,0,2278826
1793,2,348593,5,65764,0,07406527,4,61126,0,2333598
1795,2,292201,5,625247,0,07430654,4,576117,0,2182355
1797,2,280153,5,602739,0,07711983,4,542823,0,219769
1799,2,266365,5,600849,0,07485823,4,55271,0,2231847
1801,2,250977,5,598927,0,06782337,4,586188,0,2271633
1803,2,229687,5,538514,0,06784686,4,547066,0,218771
1805,2,229329,5,64491,0,0679531,4,66994,0,2259029
1807,2,232452,5,692307,0,06811074,4,693078,0,2434243
1809,2,238152,5,675603,0,06347,4,76828,0,2535514
1811,2,246746,5,722627,0,05185504,4,745542,0,2359294
1813,2,252548,5,792467,0,04887477,4,848018,0,2329044
1815,2,252198,5,828835,0,04875714,4,795062,0,2298793
1817,2,259807,5,936905,0,04921877,4,866466,0,2091519
1819,2,270214,5,923086,0,04965395,4,95104,0,2258223
1821,2,28062,5,909268,0,05008829,5,01582,0,2541198
1823,2,290349,5,89166,0,05077937,5,036646,0,2715673
1825,2,311549,5,950235,0,05146684,5,09594,0,2786438
1827,2,355941,6,108743,0,05208693,5,229086,0,2985555
1829,2,429364,6,121418,0,05239981,5,207698,0,3176074
1831,2,507349,6,123791,0,05249897,5,264355,0,3470632
1833,2,56995,6,231194,0,05280065,5,310277,0,3795216
1835,2,662115,6,201265,0,05332083,5,427051,0,3647585
1837,2,652444,6,360193,0,06713256,5,491043,0,3777149
1839,2,641271,6,463712,0,06344485,5,483359,0,4009518
1841,2,62873,6,482048,0,05976011,5,590338,0,403293
1843,2,617205,6,523849,0,06379505,5,62286,0,4168095
1845,2,60647,6,570474,0,06445873,5,620824,0,4335069
1847,2,596303,6,574785,0,06491604,5,641354,0,4416678
1849,2,583398,6,572291,0,06903103,5,638864,0,4511849
1851,2,570268,6,570943,0,07492667,5,71086,0,4690642
1853,2,557588,6,580064,0,07934464,5,738981,0,5045739
1855,2,542579,6,745409,0,08577033,5,873101,0,5199494
1857,2,527128,6,766327,0,09503004,5,833031,0,4928856
1859,2,511677,6,73327,0,09666855,5,848673,0,5092883
1861,2,452198,6,719474,0,09298884,5,737486,0,5286406
1863,2,382525,6,717784,0,08930913,5,737692,0,5420924
1865,2,30849,6,72378,0,08777026,5,733806,0,4817459
1867,2,228953,6,8299,0,09605269,5,725495,0,5337562
1869,2,115119,6,702814,0,09381039,5,73474,0,4990966
1871,2,08467,6,684446,0,09157156,5,760357,0,5275526
1873,2,102923,6,591777,0,09154787,5,714828,0,5124239
1875,2,113399,6,514902,0,09971844,5,639237,0,4985441
1877,2,118948,6,517133,0,1032358,5,677692,0,5107292
1879,2,161581,6,581276,0,1087893,5,760706,0,5147883
1881,2,208212,6,974182,0,1233904,5,950349,0,5228799
1883,2,258995,7,103044,0,1276348,6,005783,0,5309574
1885,2,29812,7,184124,0,1446428,6,077422,0,5389514
1887,2,31789,7,263784,0,1701018,6,126658,0,5468351
1889,2,338887,7,342384,0,1773416,6,146974,0,5547531
1891,2,340452,7,372419,0,1799581,6,150567,0,566137
1893,2,342016,7,402454,0,1825746,6,15416,0,599778
1895,2,343581,7,432489,0,1851911,6,148868,0,5866041
1897,2,345145,7,460537,0,1878076,6,143072,0,585477
1899,2,34671,7,434536,0,1875992,6,157094,0,593158
1901,2,34991,7,408535,0,1866468,6,168534,0,600839
1903,2,1829,7,380519,0,195657,6,121935,0,5161878
1905,2,186135,7,357491,0,1973195,6,111281,0,5019788
1907,2,193913,7,329861,0,2007682,6,12695,0,5031734
1909,2,203653,7,308588,0,2066326,6,129129,0,497382
1911,2,216983,7,339067,0,2124951,6,163715,0,5184069
1913,2,271627,7,423927,0,21783,6,221321,0,5380278
1915,2,295602,7,503231,0,2247927,6,258767,0,5176855
1917,2,321134,7,587476,0,2369743,6,262825,0,5322745
1919,2,344659,7,66549,0,2351673,6,286542,0,5468635
1921,2,388862,7,741143,0,2458299,6,334339,0,5614524
1923,2,453023,7,785772,0,2624559,6,409397,0,5811989
1925,2,49054,7,799713,0,2725525,6,431615,0,601339
1927,2,502186,7,809768,0,2775875,6,463997,0,6097521
1929,2,513831,7,819822,0,2826224,6,489104,0,6096008
1931,2,519913,7,813183,0,286069,6,519062,0,6177748
1933,2,520465,7,789849,0,2966378,6,528057,0,6157168
1935,2,521017,7,766515,0,2943533,6,551588,0,6131116
1937,2,521568,7,743181,0,2920689,6,566968,0,6267401
1939,2,52212,7,741625,0,2897844,6,609875,0,6189104
1941,2,522672,7,778616,0,2875,6,615139,0,6091851
1943,2,523223,7,82864,0,2852155,6,619275,0,6090977
1945,2,524281,7,881973,0,2829646,6,673749,0,6410292
1947,2,526756,8,012602,0,2807783,6,761637,0,6862287
1949,2,529295,8,20858,0,2785403,6,803251,0,7192664
1951,2,529667,8,213238,0,2762536,6,809416,0,7465271
1953,2,530039,8,217896,0,2739669,6,856832,0,7592606
1955,2,530411,8,222553,0,2716802,6,952201,0,7836099
1957,2,529816,8,215735,0,2693652,6,991862,0,8468648
1959,2,512483,8,197959,0,2655823,6,99324,0,8071433
1961,2,480655,8,184881,0,2603354,7,016212,0,8306586
1963,2,488386,8,16113,0,2535439,7,024697,0,8390177
1965,2,476945,7,834804,0,2510654,7,010682,0,8488529
1967,2,46912,7,831357,0,2540831,7,027464,0,8593093
1969,2,463487,7,848178,0,2503983,7,00915,0,8278519
1971,2,46362,7,864575,0,2454201,7,001487,0,8442159
1973,2,471284,7,880092,0,2432148,7,025505,0,8480756
1975,2,484682,7,897414,0,239214,7,02707,0,7941589
1977,2,492275,7,876256,0,2399658,6,98686,0,7693104
1979,2,470077,7,743682,0,2250249,6,80239,0,70224
1981,2,449996,7,596598,0,2122735,6,688184,0,6775887
1983,2,443355,7,541575,0,2139712,6,597863,0,6741061
1985,2,438941,7,536265,0,2157782,6,560878,0,6503322
1987,2,436933,7,537481,0,217006,6,51401,0,6222162
1989,2,435131,7,459989,0,14403,6,455351,0,6213375
1991,2,433712,7,490077,0,1361248,6,490536,0,6204783
1993,2,450752,7,534158,0,133687,6,52455,0,6226308
1995,2,481438,7,561231,0,1333989,6,641745,0,6207338
1997,2,504855,7,572787,0,132045,6,640274,0,6188515
1999,2,513916,7,619858,0,1306911,6,685586,0,6846172
2001,2,516917,7,652874,0,1508204,6,719566,0,7070252
2003,2,515096,7,671824,0,1859302,6,726194,0,7283043
2005,2,495598,7,737304,0,216392,6,687756,0,6894554
2007,2,477804,7,759297,0,170672,6,661128,0,6320328
2009,2,459584,7,65707,0,1378806,6,666175,0,6451464
2011,2,435583,7,710861,0,1452529,6,613359,0,6537194
2013,2,415986,7,710143,0,1526251,6,575503,0,6554432
2015,2,400704,7,709295,0,1601251,6,594779,0,6331135
2017,2,383107,7,373218,0,1941752,6,612089,0,5996869
2019,2,363805,7,388374,0,2357834,6,576738,0,6041445
2021,2,337126,7,352984,0,2600492,6,491849,0,5781556
2023,2,311124,7,159728,0,254039,6,401554,0,5371553
2025,2,273674,7,114669,0,1910011,6,318917,0,5118786
2027,2,212969,7,089682,0,1601912,6,287771,0,4702329
2029,2,115672,6,999693,0,1837656,6,327149,0,4619078
2031,2,00581,7,033863,0,1748949,6,24925,0,5204218
2033,1,893619,6,883244,0,1741461,6,189371,0,4722285
2035,1,780918,6,830911,0,1154832,6,168821,0,4851783
2037,1,827298,6,878036,0,1157705,6,200006,0,5198861
2039,1,923643,7,011025,0,1157888,6,202828,0,5157843
2041,1,995508,7,024322,0,1168444,6,142941,0,500953
2043,2,025728,6,990918,0,1171715,6,114104,0,5311649
2045,2,051476,6,95653,0,1146839,6,13473,0,5287213
2047,2,0428,7,001744,0,1346634,6,114816,0,5296602
2049,2,037064,7,040733,0,1463709,6,09549,0,5411254
2051,2,03071,7,119593,0,1639746,6,092165,0,5395969
2053,2,023631,7,107841,0,1725707,6,111475,0,5263647
2055,2,018881,7,093213,0,1754942,6,057597,0,5050251
2057,2,014573,7,081164,0,1787955,6,051693,0,4907082
2059,2,010265,7,078344,0,1847966,6,038133,0,4935445
2061,2,005957,7,075524,0,1907976,6,008111,0,5130112
2063,2,001649,7,072959,0,1967987,6,018984,0,5107203
2065,1,99758,7,096672,0,1985872,6,084967,0,4844577
2067,1,993243,7,156302,0,2216237,6,098873,0,4767072
2069,1,973449,7,176339,0,2241129,6,087842,0,4915611
2071,1,946294,7,116986,0,1172519,6,100494,0,4795128
2073,1,917823,7,145168,0,1182717,6,166043,0,4791766
2075,1,898802,7,167584,0,1213458,6,144354,0,4862429
2077,1,89055,7,172233,0,1229666,6,137484,0,5082138
2079,1,843985,7,179986,0,1242772,6,209938,0,499076
2081,1,79111,7,181005,0,1262046,6,188937,0,5116162
2083,1,733893,7,192244,0,1284509,6,240407,0,5298953
2085,1,689247,7,265599,0,1403736,6,328449,0,499047
2087,1,66484,7,348212,0,1311844,6,352436,0,4967569
2089,1,639057,7,384223,0,1591858,6,497981,0,549504
2091,1,634755,7,538121,0,1589675,6,634448,0,5726686
2093,1,631749,7,764097,0,2368178,6,779913,0,6218473
2095,1,630479,7,895921,0,2472047,6,828268,0,6711389
2097,1,629188,7,956506,0,3332719,6,843566,0,7038993
2099,1,62706,7,943192,0,3311908,6,850527,0,7023223
2101,1,620612,7,936921,0,3288963,6,887007,0,6989993
2103,1,614412,7,91507,0,3272707,6,899563,0,7072595
2105,1,602497,7,782704,0,3042327,6,977613,0,7094866
2107,1,586041,7,745673,0,2960545,7,01262,0,6839688
2109,1,567618,7,762017,0,2808976,6,913021,0,6549134
2111,1,545442,7,768976,0,2703678,6,827151,0,6179839
2113,1,485901,7,78273,0,2694275,6,779236,0,5938652
2115,1,461487,7,779889,0,271952,6,776269,0,5861067
2117,1,439115,7,7289,0,2744767,6,725906,0,5806121
2119,1,419088,7,761907,0,2770016,6,708478,0,575851
2121,1,378713,7,677156,0,2629173,6,622183,0,5499446
2123,1,318368,7,580542,0,2407179,6,593208,0,5134467
2125,1,287281,7,659834,0,255136,6,653787,0,5065283
2127,1,28858,7,672286,0,2588019,6,771614,0,5120734
2129,1,289724,7,748788,0,3042613,6,776046,0,5137212
2131,1,297396,7,696703,0,3093392,6,661484,0,5241122
2133,1,311792,7,772548,0,2973947,6,694081,0,5124302
2135,1,329793,7,809736,0,2850365,6,709056,0,512439
2137,1,369779,7,853576,0,2727991,6,733708,0,5148345
2139,1,40792,7,840684,0,2606564,6,762795,0,5429664
2141,1,45141,7,847753,0,2622188,6,822898,0,5473011
2143,1,482471,7,910569,0,2678224,6,904422,0,5591099
2145,1,50819,7,836902,0,2508794,6,962899,0,5411792
2147,1,532877,7,877616,0,217917,6,963792,0,5325256
2149,1,54757,7,852071,0,2221006,6,957553,0,5562703
2151,1,568804,7,819665,0,2256097,6,939855,0,5759109
2153,1,594423,7,841172,0,2291189,6,915536,0,5843379
2155,1,633042,8,053812,0,232628,6,947809,0,5889156
2157,1,682386,8,054185,0,2361371,7,069351,0,6552128
2159,1,732001,8,031554,0,2067643,7,070744,0,6522506
2161,1,797647,7,982825,0,1729019,7,046356,0,6906788
2163,1,868383,7,983201,0,1840367,7,060218,0,7374209
2165,1,975128,8,351538,0,1982344,7,06539,0,7574666
2167,2,071985,8,309446,0,2047562,7,07939,0,7813486
2169,2,178429,8,268086,0,2106898,7,08403,0,7790729
2171,2,276212,8,225301,0,2160137,7,080728,0,7879972
2173,2,328734,8,183049,0,2213232,7,117672,0,8014489
2175,2,380414,8,309785,0,2169069,7,128345,0,8124927
2177,2,422241,8,228092,0,2111406,7,209499,0,8251944
2179,2,57542,8,227139,0,2058448,7,233746,0,8510441
2181,2,739764,8,262668,0,2233506,7,287536,0,8684407
2183,2,890326,8,40001,0,2181389,7,288245,0,8866781
2185,3,016086,8,38383,0,2129609,7,330169,0,9073301
2187,3,087049,8,387426,0,2078418,7,351373,0,9225586
2189,3,167656,8,534104,0,1919529,7,347992,0,9392741
2191,3,254039,8,564384,0,1880844,7,370618,0,9237069
2193,3,315382,8,562388,0,1641506,7,387342,0,8759345
2195,3,370622,8,567332,0,1601589,7,380735,0,8770342
2197,3,459602,8,730034,0,1599593,7,324121,0,9178302
2199,3,555022,8,770093,0,1576687,7,354916,0,9161509
2201,3,663774,8,745486,0,164331,7,450506,0,9624743
2203,3,757735,8,708975,0,2864601,7,519566,1,009084
2205,3,851355,8,657122,0,3564075,7,525685,1,035606
2207,3,93391,8,622614,0,3475843,7,578347,1,027146
2209,4,037443,8,695221,0,3393192,7,58531,1,019164
2211,4,171884,8,84271,0,3310557,7,634496,1,017764
2213,4,339292,8,934665,0,3227925,7,651496,1,016022
2215,4,957306,9,013179,0,3145007,7,702648,1,027304
2217,5,294445,9,073667,0,3062209,7,760681,1,026032
2219,5,370459,9,037104,0,297959,7,785471,1,042165
2221,5,441599,9,01913,0,2917547,7,784919,1,061769
2223,5,489053,9,001894,0,2855505,7,761071,1,071636
2225,5,532794,9,210629,0,2996018,7,784397,1,059446
2227,5,574648,9,293991,0,4161266,7,863772,1,053832
2229,5,614855,9,299295,0,5016241,7,908294,1,051138
2231,5,660118,9,266063,0,5370256,7,925107,1,036851
2233,5,717332,9,244616,0,5426301,7,972598,1,02256
2235,5,760425,9,392095,0,5535036,8,015532,1,051596
2237,5,74676,9,287998,0,5482675,8,030266,1,038562
2239,5,687381,9,23656,0,5488948,7,989582,1,04284
2241,5,665333,9,207458,0,5536647,7,956694,1,037492
2243,5,662539,9,197875,0,5531051,7,906543,1,041744
2245,5,656819,9,210928,0,5250755,7,92425,1,052828
2247,5,684489,9,203702,0,5164594,7,950757,1,045216
2249,5,710266,9,233878,0,5139157,7,984045,1,037546
2251,5,719316,9,234773,0,5165031,7,985555,1,035756
2253,5,738441,9,239223,0,5181272,7,989226,1,033977
2255,5,756813,9,228005,0,5515883,7,984103,1,046034
2257,5,772758,9,241242,0,5720732,8,001917,1,077493
2259,5,794828,9,231402,0,5858425,8,048973,1,085291
2261,5,821062,9,251993,0,5913327,8,111101,1,088134
2263,5,839371,9,268502,0,613014,8,134367,1,089671
2265,5,867062,9,21853,0,638519,8,189581,1,089699
2267,5,892231,9,269743,0,633474,8,195087,1,088679
2269,5,91918,9,209406,0,6325749,8,185513,1,090172
2271,5,946269,9,204635,0,6718062,8,193182,1,071543
2273,5,964155,9,212357,0,7225836,8,225944,1,079563
2275,5,988391,9,20327,0,7186298,8,251265,1,08649
2277,6,003968,9,210059,0,7131182,8,251248,1,10121
2279,6,02387,9,308389,0,7172217,8,211375,1,095874
2281,6,023713,9,313157,0,6565233,8,097282,1,07926
2283,6,023743,9,245697,0,6468911,8,047523,1,0693
2285,6,022861,9,1781,0,6018317,8,002313,1,023598
2287,6,021094,9,066913,0,5586165,7,923329,0,9926212
2289,6,019477,8,879964,0,527943,7,745454,0,9261026
2291,6,015811,8,652927,0,4862554,7,669843,0,9003643
2293,6,010849,8,619165,0,4464445,7,51342,0,880114
2295,6,004151,8,547477,0,3591238,7,373082,0,8547018
2297,5,997475,8,400468,0,2762761,7,345987,0,8477049
2299,5,991635,8,346795,0,2731438,7,322166,0,8464825
2301,5,98848,8,266771,0,2700115,7,275861,0,8442302
2303,5,986336,8,230692,0,2638778,7,231237,0,8433706
2305,5,985349,8,225093,0,2635403,7,235972,0,832984
2307,5,984362,8,219494,0,2632028,7,230292,0,8256081
2309,5,983375,8,213896,0,2628652,7,220112,0,8293139
2311,5,982388,8,203648,0,2625277,7,227402,0,8350286
2313,5,981401,8,156085,0,2621902,7,209566,0,8390181
2315,5,980414,8,108522,0,2618526,7,171263,0,8378127
2317,5,979427,8,06096,0,2511176,7,124502,0,8299413
2319,5,978101,8,041368,0,2263283,7,137199,0,8102204
2321,5,978138,8,050316,0,2222767,7,129154,0,7902841
2323,5,980688,8,06706,0,2256315,7,132894,0,8106328
2325,5,993503,8,129318,0,2445173,7,089009,0,7993553
2327,6,005258,8,00278,0,2430467,7,114966,0,775364
2329,6,019363,7,966083,0,2501111,7,157021,0,8483363
2331,6,060411,8,012426,0,3342403,7,174773,0,8549208
2333,6,07325,7,997587,0,3448092,7,15972,0,8574715
2335,6,081364,8,014022,0,3514717,7,213181,0,7945669
2337,6,073392,8,029624,0,3384959,7,202731,0,7990825
2339,6,067487,8,048041,0,3142548,7,153437,0,7949082
2341,6,05828,8,079349,0,3562614,7,103485,0,834013
2343,6,097275,8,042104,0,3553791,7,113643,0,7936683
2345,6,182903,8,035723,0,3011185,7,124258,0,7473338
2347,6,263789,8,026879,0,3026372,7,086473,0,717068
2349,6,318602,8,014273,0,2874466,7,161527,0,7040507
2351,6,333107,7,999601,0,270082,7,008025,0,7240947
2353,6,315879,7,984211,0,2540555,6,960889,0,7421443
2355,6,284479,7,980808,0,2430614,6,866365,0,7636286
2357,6,24209,7,950485,0,2300353,6,790286,0,7383624
2359,6,199431,7,881909,0,2284271,6,710725,0,7248041
2361,6,141072,7,79674,0,218196,6,649383,0,7265155
2363,6,05468,7,737821,0,1838214,6,617773,0,7266962
2365,5,950953,7,627044,0,1720304,6,638174,0,6085728
2367,5,857115,7,589007,0,1594674,6,638249,0,6045448
2369,5,753689,7,568374,0,1475011,6,636426,0,5977643
2371,5,65334,7,550217,0,1361485,6,571651,0,5894296
2373,5,592667,7,518784,0,1222871,6,537308,0,572296
2375,5,529427,7,489685,0,1101576,6,536849,0,5389472
2377,5,475316,7,47177,0,1090483,6,495894,0,5103214
2379,5,324014,7,511976,0,1093722,6,440352,0,5047237
2381,5,163461,7,547236,0,1096961,6,34085,0,4907101
2383,5,01669,7,549039,0,11002,6,282915,0,4124212
2385,4,894721,7,523305,0,1100788,6,263709,0,4025107
2387,4,827548,7,47662,0,1098777,6,206983,0,4022541
2389,4,750677,7,428572,0,1097095,6,177956,0,4019975
2391,4,668065,7,428552,0,1095355,6,105601,0,4017409
2393,4,597553,7,358164,0,1343526,6,046284,0,4487062
2395,4,550542,7,349969,0,135967,6,098649,0,4663282
2397,4,476323,7,467547,0,1354118,6,105766,0,4801033
2399,4,409419,7,506778,0,1355697,6,160221,0,5025714
2401,4,521602,7,320876,0,1299855,6,201059,0,465115
2403,4,576363,7,339566,0,1267761,6,129842,0,4703499
2405,4,543256,7,178702,0,1289243,6,170941,0,4807894
2407,4,467281,7,144538,0,1242334,6,145999,0,467485
2409,4,368177,7,153883,0,1165552,6,195137,0,484101
2411,4,238304,7,152212,0,118098,6,168529,0,519296
2413,4,071483,7,171625,0,1122881,6,214357,0,5178506
2415,3,456188,7,189068,0,1264263,6,24722,0,5127797
2417,3,128065,7,25175,0,1250837,6,37149,0,541449
2419,3,078871,7,318533,0,125587,6,30059,0,5514779
2421,3,018874,7,384069,0,1263042,6,376136,0,5653248
2423,2,978939,7,446414,0,1270117,6,397579,0,5360831
2425,2,943135,7,472465,0,1298468,6,402699,0,5488361
2427,2,909021,7,533556,0,128258,6,333122,0,535475
2429,2,876343,7,46347,0,1289046,6,224235,0,536429
2431,2,838644,7,52559,0,129551,6,191117,0,523644
2433,2,79414,7,583195,0,1301906,6,240662,0,4959125
2435,2,768284,7,572365,0,1308414,6,107782,0,5026971
2437,2,769795,7,615747,0,1314923,6,194183,0,4956414
2439,2,770845,7,711699,0,132425,6,207897,0,4863538
2441,2,761823,7,757524,0,1332375,6,192289,0,5154408
2443,2,855013,7,833232,0,1339845,6,240354,0,5201163
2445,3,07341,7,896014,0,129913,6,217765,0,4858864
2447,3,411201,7,950639,0,1354785,6,275902,0,5109633
2449,3,810403,7,95047,0,137261,6,363535,0,5063529
2451,4,081851,7,956675,0,1396919,6,409445,0,5218984
2453,4,200307,7,935331,0,1416927,6,38516,0,5170101
2455,4,26405,7,916222,0,1475363,6,365909,0,5048625
2457,4,314091,7,896941,0,1471902,6,347964,0,5147427
2459,4,341725,7,877504,0,1449362,6,335968,0,5089231
2461,4,345989,7,786023,0,1429203,6,30142,0,5320621
2463,4,347228,7,851896,0,1409044,6,287638,0,5303879
2465,4,324824,7,837523,0,1407516,6,223999,0,5367824
2467,4,30444,7,817071,0,1405988,6,195169,0,541478
2469,4,282729,7,796912,0,1415859,6,195398,0,5335783
2471,4,261184,7,802454,0,1425729,6,189041,0,5404058
2473,4,248587,7,816699,0,1435599,6,180234,0,5413182
2475,4,229599,7,886824,0,1445469,6,214312,0,5101318
2477,4,216078,7,816024,0,145534,6,246581,0,4959568
2479,4,19946,7,838674,0,1193889,6,200932,0,5051416
2481,4,205216,7,880114,0,1210423,6,15798,0,5125282
2483,4,211955,7,929168,0,1226956,6,32652,0,5136954
2485,4,218267,7,974119,0,1318259,6,370628,0,5220395
2487,4,23377,8,030787,0,1375021,6,413117,0,5701953
2489,4,258056,8,091842,0,1685134,6,501904,0,6063192
2491,4,281845,8,149879,0,1794726,6,52764,0,6114586
2493,4,307531,8,225309,0,2013563,6,541232,0,620483
2495,4,335135,8,374425,0,2232399,6,613747,0,6215318
2497,4,412004,8,461495,0,2627536,6,629327,0,6795934
2499,4,439348,8,459177,0,2635937,6,623555,0,6864161
2501,4,466607,8,455629,0,2644338,6,617782,0,6912693
2503,4,493865,8,452081,0,2652738,6,61201,0,6961224
2505,4,521123,8,448532,0,2661139,6,618219,0,7009755
2507,4,548561,8,444984,0,2669539,6,619863,0,714563
2509,4,580196,8,46406,0,2920722,6,676542,0,7444332
2511,4,609357,8,461024,0,3577894,6,794069,0,753372
2513,4,638519,8,440777,0,3536644,6,783648,0,7623107
2515,4,67232,8,480413,0,3495432,6,788515,0,7753147
2517,4,706429,8,479015,0,3454219,6,837486,0,7849112
2519,4,740847,8,483877,0,3413005,6,979311,0,8029404
2521,4,771268,8,457862,0,3374378,6,95594,0,7978389
2523,4,799187,8,446342,0,3289785,6,911757,0,8040625
2525,4,814227,8,430829,0,3130169,6,923974,0,8031972
2527,4,823812,8,339955,0,2920938,6,87265,0,7648196
2529,4,881195,8,307186,0,3134072,6,904761,0,7582805
2531,4,952664,8,488893,0,3329653,6,903101,0,7552418
2533,5,048866,8,521287,0,3524806,6,909943,0,7561906
2535,5,125628,8,397239,0,3719959,6,891572,0,7817396
2537,5,175933,8,352748,0,3723493,6,84368,0,7810339
2539,5,236065,8,302734,0,3655482,6,824124,0,7810439
2541,5,296401,8,075703,0,3585789,6,821992,0,7550164
2543,5,323224,7,952062,0,3527388,6,81392,0,7657794
2545,5,311047,7,903286,0,3498923,6,920313,0,7755725
2547,5,300578,7,911853,0,3608682,6,884705,0,7850477
2549,5,325912,7,911954,0,3524373,6,841423,0,7988333
2551,5,329814,7,961391,0,3422308,6,763964,0,8109815
2553,5,35813,8,040687,0,3770884,6,717361,0,8017397
2555,5,384685,8,047786,0,3856209,6,713746,0,8163413
2557,5,410495,8,040106,0,4066163,6,726557,0,8290738
2559,5,440261,8,242357,0,4464221,6,792953,0,8267573
2561,5,473982,8,249319,0,4473069,6,802404,0,8103394
2563,5,500096,8,253162,0,4481906,6,866612,0,8038289
2565,5,525823,8,264127,0,4490763,6,909804,0,8422887
2567,5,551158,8,392043,0,453271,6,944308,0,8461189
2569,5,576479,8,422261,0,4604131,6,953658,0,8466136
2571,5,6018,8,452478,0,4606502,6,952559,0,8303623
2573,5,625223,8,497594,0,4606421,6,971345,0,8528821
2575,5,669877,8,613626,0,5025862,6,981073,0,8625959
2577,5,713646,8,744489,0,5192606,7,016088,0,8998513
2579,5,756526,8,744534,0,5368377,7,107409,0,9196838
2581,5,823916,8,751947,0,5652207,7,181065,0,955067
2583,5,964147,8,887056,0,5753227,7,218373,1,0127
2585,6,049484,8,916477,0,575231,7,372666,1,024371
2587,6,124846,8,913536,0,5751306,7,409777,1,016759
2589,6,212973,8,933877,0,6044622,7,435881,1,025489
2591,6,313867,8,938329,0,6422234,7,490852,1,038176
2593,6,415822,8,788903,0,5391357,7,375265,1,038201
2595,6,4778,8,678537,0,4849517,7,246063,0,9801305
2597,6,537933,8,551529,0,4265876,7,132817,0,9658998
2599,6,508776,8,405497,0,4014977,7,105189,0,9135538
2601,6,293261,8,32474,0,4103453,7,111147,0,8812641
2603,6,154779,8,2661,0,4106042,7,068068,0,8839474
2605,6,103191,8,267538,0,4065971,7,087811,0,9007236
2607,6,103562,8,287057,0,4060493,7,150159,0,9113576
2609,6,103932,8,303797,0,4209089,7,146645,0,912694
2611,6,104239,8,294568,0,4597212,7,220992,0,8977443
2613,6,104368,8,3131,0,4556496,7,22459,0,9118872
2615,6,097903,8,333944,0,4537129,7,156885,0,8929713
2617,6,079397,8,336041,0,453911,7,060366,0,9274377
2619,6,050493,8,328771,0,4705182,6,986022,0,8956184
2621,6,055193,8,288427,0,438118,6,963237,0,9018361
2623,6,055125,8,335666,0,4079309,6,963037,0,9021035
2625,6,051136,8,352425,0,4125342,6,975144,0,8719491
2627,6,045726,8,364642,0,4132545,6,955544,0,8762795
2629,6,060518,8,376742,0,4222928,6,96748,0,8983113
2631,6,054823,8,38932,0,4321438,7,085961,0,9177175
2633,6,041912,8,421275,0,4542966,7,149518,0,9362817
2635,6,023349,8,415467,0,4310833,7,157989,0,9452353
2637,5,984135,8,44451,0,4588039,7,128199,0,9301556
2639,5,94905,8,611027,0,4613242,7,130693,0,9081412
2641,5,917103,8,756832,0,4848316,7,254467,0,9346563
2643,5,803826,8,886655,0,493904,7,172339,0,9400727
2645,5,570222,8,903179,0,4688848,7,162693,0,9580829
2647,5,22253,8,845627,0,4537839,7,181462,0,95378
2649,4,814163,8,702498,0,4429048,7,236756,0,9579714
2651,4,550215,8,566553,0,4292555,7,249201,0,964111
2653,4,429462,8,589878,0,4075655,7,28503,0,9902672
2655,4,364173,8,613876,0,3890593,7,302006,0,9773472
2657,4,315012,8,458,0,3490605,7,37284,0,9784632
2659,4,307587,8,58767,0,3892025,7,426464,1,051529
2661,4,304099,8,806952,0,4287263,7,525047,1,099449
2663,4,296262,8,930545,0,4575155,7,493851,1,099541
2665,4,302722,9,077332,0,5000944,7,561365,1,149491
2667,4,338842,9,134927,0,542376,7,637897,1,153616
2669,4,396337,9,141888,0,5798789,7,612087,1,161055
2671,4,515892,9,149196,0,6184231,7,676842,1,201262
2673,4,635503,9,157898,0,6527821,7,702149,1,222771
2675,4,75501,9,163099,0,6874375,7,795581,1,228076
2677,4,792051,9,244558,0,7354069,7,893903,1,230612
2679,4,829324,9,318713,0,7092451,7,938088,1,234739
2681,4,866828,9,390435,0,67068,7,972838,1,251712
2683,4,874993,9,520968,0,6359919,8,01819,1,294754
2685,4,883539,9,53971,0,6006922,8,095314,1,309193
2687,4,88242,9,553661,0,5821556,8,009791,1,321267
2689,4,882624,9,561051,0,6783293,7,991675,1,342794
2691,4,883325,9,567286,0,64513,7,988492,1,346975
2693,4,88213,9,572288,0,6205514,7,970509,1,335557
2695,4,879949,9,577308,0,6575197,7,948866,1,325018
2697,4,825668,9,448885,0,914286,7,92855,1,312544
2699,4,815244,9,569674,0,8998329,8,024364,1,35517
2701,4,804875,9,533056,0,8902389,8,119013,1,367077
2703,4,794419,9,622643,0,8806449,8,303355,1,447473
2705,4,802353,9,768476,0,8710574,8,397504,1,451484
2707,4,782664,9,870895,0,8614751,8,448855,1,451274
2709,4,758776,9,916134,0,8518936,8,394501,1,451125
2711,4,737362,9,880578,0,851993,8,44094,1,42252
2713,4,716506,9,898573,0,8451922,8,438583,1,449169
2715,4,690952,9,843768,0,8193139,8,452059,1,448638
2717,4,665151,9,849936,0,8024279,8,449781,1,429178
2719,4,643099,10,14102,0,7808681,8,447045,1,446804
2721,4,623453,10,17463,0,7772768,8,527219,1,48247
2723,4,603906,10,19664,0,7763976,8,586028,1,5284
2725,4,591945,10,28467,0,776059,8,606594,1,527764
2727,4,579759,10,32067,0,7899645,8,654316,1,551145
2729,4,517159,10,33158,0,8485824,8,670479,1,576376
2731,4,412462,10,34612,0,9653304,8,700356,1,573864
2733,4,30576,10,30649,1,024223,8,711911,1,618399
2735,4,215349,10,28032,1,017245,8,728374,1,598208
2737,4,146072,10,34774,1,016788,8,745317,1,592822
2739,4,061285,10,41028,0,9649254,8,794787,1,620405
2741,3,96877,10,33338,0,8588707,8,787509,1,617477
2743,3,874055,10,2161,0,7935128,8,771459,1,610626
2745,3,776868,10,13146,0,8039688,8,745753,1,611634
2747,3,684694,10,09607,0,8167883,8,83026,1,641531
2749,3,602557,10,08261,0,7939748,8,891293,1,642934
2751,3,57566,10,10886,0,8236347,8,88203,1,657051
2753,3,549548,10,09935,0,7916977,8,927851,1,627964
2755,3,535121,10,22273,0,760166,8,968884,1,612243
2757,3,525206,10,25671,0,7511079,8,95526,1,611403
2759,3,506093,10,27115,0,7531977,8,969691,1,609652
2761,3,472328,10,27319,0,7575315,8,930556,1,60632
2763,3,446173,10,27967,0,7618653,8,879072,1,614374
2765,3,420415,10,30188,0,7661605,8,879899,1,628452
2767,3,405053,10,30075,0,7704113,8,890688,1,653072
2769,3,40898,10,29423,0,8132205,8,917214,1,600069
2771,3,401786,10,27151,0,8874647,8,972007,1,624033
2773,3,379676,10,24693,0,9596303,8,986075,1,612665
2775,3,333162,10,1908,0,9819109,8,999853,1,64017
2777,3,28754,10,16296,1,006042,8,96024,1,629897
2779,3,252545,10,13629,1,014737,8,928045,1,663188
2781,3,190226,10,10914,0,9892041,8,988529,1,677913
2783,3,051366,10,06714,0,9473765,9,001028,1,694921
2785,2,966858,10,05316,0,9248767,9,070046,1,729014
2787,2,898548,10,03588,0,9389132,9,035408,1,769724
2789,2,823702,10,01872,0,954199,9,110943,1,764955
2791,2,741363,10,01726,0,969024,9,093773,1,762533
2793,2,648657,9,978415,1,002636,9,105211,1,727372
2795,2,560775,10,00706,1,022647,9,093929,1,721608
2797,2,45826,10,0843,0,8845035,9,204337,1,710325
2799,2,444978,10,12878,0,8713425,9,204655,1,696507
2801,2,431034,10,16556,0,873498,9,219876,1,679929
2803,2,417091,10,13521,0,875648,9,252315,1,663703
2805,2,404532,10,10295,0,8778411,9,178786,1,629319
2807,2,392036,10,0724,0,8803543,9,117273,1,605336
2809,2,38255,10,12477,0,8829626,9,104454,1,637636
2811,2,371221,10,05083,0,8855706,9,122291,1,619767
2813,2,357789,10,09056,0,8881787,9,087492,1,6225
2815,2,344088,10,12557,0,8908299,9,059658,1,611902
2817,2,33468,10,15912,0,8928239,9,140723,1,610391
2819,2,324524,10,16309,0,8941598,9,085457,1,58147
2821,2,303819,10,16803,0,8892419,9,031177,1,592328
2823,2,291506,10,16087,0,8363041,9,037145,1,579539
2825,2,2827,10,17152,0,8246265,9,050432,1,546103
2827,2,275473,10,19744,0,8387146,9,170952,1,575897
2829,2,249364,10,21067,0,8516073,9,121189,1,549741
2831,2,244319,10,11741,0,8335614,9,078281,1,548969
2833,2,239581,10,18037,0,7483133,9,041682,1,543798
2835,2,235948,10,14866,0,7661572,9,015048,1,545933
2837,2,225899,9,997312,0,8381997,8,972601,1,489736
2839,2,209442,9,999522,0,8251497,8,910387,1,478027
2841,2,188308,9,899554,0,8919777,8,824921,1,464395
2843,2,167531,9,867185,0,8898221,8,76072,1,450958
2845,2,148484,9,862724,0,8884565,8,705407,1,444238
2847,2,124584,9,848224,0,8416368,8,678669,1,394826
2849,2,101626,9,846371,0,800979,8,61652,1,363715
2851,2,078863,9,773504,0,7604164,8,523651,1,371477
2853,2,056226,9,579066,0,7198539,8,408765,1,322518
2855,2,033721,9,451492,0,6827317,8,355347,1,349467
2857,2,01122,9,342108,0,6205945,8,29977,1,316963
2859,1,963279,9,058594,0,6056375,8,032056,1,278051
2861,1,930623,8,897845,0,6057649,7,95682,1,254388
2863,1,912901,8,863068,0,6058923,7,805255,1,259626
2865,1,894905,8,812076,0,6032668,7,834435,1,240173
2867,1,847896,8,639621,0,6010407,7,794525,1,21877
2869,1,77924,8,487917,0,5979179,7,77171,1,213362
2871,1,648239,8,389356,0,5981105,7,749608,1,195021
2873,1,517507,8,261254,0,5975739,7,666278,1,182536
2875,1,386876,8,412323,0,5990323,7,632124,1,167734
2877,1,338937,8,519338,0,598981,7,581094,1,159077
2879,1,29099,8,566088,0,5997757,7,557454,1,146274
2881,1,242812,8,590969,0,5883192,7,515537,1,121536
2883,1,222991,8,40902,0,588906,7,444524,1,072336
2885,1,203216,8,206546,0,5534604,7,382552,0,9977233
2887,1,18469,8,257686,0,55485,7,360757,1,026253
2889,1,156061,8,210688,0,5493661,7,32475,1,002935
2891,1,127435,8,195436,0,5316287,7,306496,0,9768779
2893,1,100735,8,158243,0,507082,7,277259,0,9289561
2895,1,071947,8,072695,0,4939252,7,224132,0,9133025
2897,1,044764,8,191836,0,4925027,7,211209,0,8873413
2899,1,023211,8,072874,0,4763939,7,142789,0,857856
2901,1,001698,7,958488,0,4809304,7,15264,0,8538167
2903,0,9802826,7,923087,0,4789259,7,128635,0,842778
2905,0,9451092,7,916036,0,4550629,7,012455,0,823378
2907,0,9351887,7,910578,0,4766832,6,967168,0,8035125
2909,0,9230749,7,901673,0,4757619,6,897557,0,783843
2911,0,9109604,7,893821,0,3727738,6,876841,0,7643615
2913,0,8982878,7,892389,0,3752078,6,900165,0,7566867
2915,0,8856736,7,88671,0,3851168,6,805876,0,7482116
2917,0,873,7,884293,0,3672156,6,803583,0,7626631
2919,0,8589349,7,812008,0,3633268,6,860357,0,7599977
2921,0,8474376,7,86902,0,3583697,6,900047,0,748724
2923,0,8324159,7,864638,0,3521618,6,773193,0,7743505
2925,0,8098226,7,791593,0,3458903,6,758335,0,7477385
2927,0,7874771,7,693744,0,3184825,6,698693,0,7049816
2929,0,7655664,7,715919,0,3148642,6,675941,0,6679726
2931,0,7438728,7,728616,0,3091353,6,587641,0,6600354
2933,0,7266133,7,553053,0,3445974,6,433725,0,6628924
2935,0,7126483,7,188389,0,3198304,6,487708,0,6700121
2937,0,708221,7,137215,0,2910639,6,484245,0,660357
2939,0,7141071,7,125261,0,2868315,6,453284,0,6175585
2941,0,7202088,7,12944,0,2828067,6,345306,0,6037546
2943,0,7288414,7,135761,0,2833279,6,312178,0,6111579
2945,0,7397183,7,201478,0,2829649,6,219046,0,6085461
2947,0,7358175,7,223106,0,2806712,6,116088,0,5974141
2949,0,7220792,7,201735,0,2773678,6,113415,0,5848631
2951,0,7104679,7,15297,0,2708716,6,104226,0,5666966
2953,0,7010053,7,157876,0,2671041,6,089678,0,561579
2955,0,6827915,7,161314,0,2599485,6,044475,0,5589327
2957,0,6610726,7,162441,0,2542254,5,992457,0,5597507
2959,0,6446533,7,097496,0,2466322,5,988529,0,561202
2961,0,6457218,7,10892,0,2413296,6,059077,0,5750859
2963,0,6411204,7,103484,0,2319256,6,139587,0,5816227
2965,0,6365104,7,062867,0,2261123,6,182429,0,5728751
2967,0,6220583,6,924244,0,2204303,6,084099,0,6114162
2969,0,5885453,6,962194,0,2096952,6,047568,0,6335347
2971,0,5631976,6,98782,0,1994432,5,971055,0,6335243
2973,0,5546637,6,877693,0,1966923,5,927225,0,6291595
2975,0,5493021,6,806679,0,1895009,5,913522,0,6226471
2977,0,5439346,6,781981,0,1802749,5,854129,0,6042067
2979,0,5288293,6,656939,0,1779398,5,81159,0,6026242
2981,0,5165367,6,603363,0,1857218,5,776417,0,5890791
2983,0,5079452,6,564209,0,1811669,5,734601,0,5524322
2985,0,4998944,6,467067,0,1762105,5,609123,0,5527952
2987,0,4856217,6,430716,0,1715016,5,578455,0,5344868
2989,0,4651197,6,364236,0,1688413,5,513368,0,5113435
2991,0,4393438,6,36241,0,16328,5,481098,0,5112478
2993,0,41797,6,408864,0,1514434,5,453819,0,4984135
2995,0,4232339,6,413915,0,158885,5,485631,0,4862098
2997,0,4397735,6,44122,0,1572686,5,484087,0,4627047
2999,0,4543749,6,447537,0,1557515,5,44486,0,4123177
3001,0,4696353,6,452476,0,1546493,5,418773,0,4119673
3003,0,4880674,6,444993,0,1532596,5,447262,0,4398057
3005,0,5096101,6,431507,0,151236,5,447319,0,4205188
3007,0,5310903,6,451241,0,1486299,5,439632,0,4108848
3009,0,5498532,6,337096,0,1469973,5,430166,0,4066809
3011,0,5704192,6,461375,0,1432672,5,370277,0,409911
3013,0,5698282,6,436501,0,1387251,5,302879,0,410114
3015,0,5692372,6,408076,0,1341831,5,276968,0,4092557
3017,0,5693951,6,378164,0,1296264,5,271282,0,4084911
3019,0,5703017,6,317609,0,1250827,5,26651,0,4077266
3021,0,5712062,6,307705,0,1205433,5,26005,0,3818848
3023,0,5721099,6,276525,0,116004,5,231233,0,374296
3025,0,5730118,6,23684,0,1114605,5,2305,0,3569551
3027,0,5739008,6,186619,0,106913,5,156188,0,3493752
3029,0,5736872,6,150123,0,1023538,5,151023,0,3417964
3031,0,5723882,6,11337,0,0977895,5,063246,0,3418331
3033,0,5732831,6,064203,0,09235073,5,022239,0,3373927
3035,0,574162,6,011208,0,09000945,5,00351,0,3285075
3037,0,5750351,5,990892,0,08839995,4,987808,0,3145774
3039,0,5758963,5,956914,0,08806489,4,967707,0,3107152
3041,0,5768892,5,936485,0,08770972,4,956904,0,3091478
3043,0,5780147,5,925683,0,08735456,4,948076,0,3075802
3045,0,5791378,5,914724,0,08658369,4,930751,0,3060125
3047,0,5802743,5,792814,0,08485491,4,897754,0,2902386
3049,0,5814244,5,694268,0,0824436,4,778913,0,2874362
3051,0,5825741,5,688265,0,08207972,4,735287,0,2846339
3053,0,583594,5,687864,0,08186475,4,702755,0,2818316
3055,0,5844842,5,687297,0,0817987,4,655857,0,2738194
3057,0,5853711,5,68633,0,08151708,4,606822,0,2594725
3059,0,5862431,5,641091,0,0813929,4,580289,0,2539719
3061,0,5871001,5,552503,0,08142616,4,556863,0,2437291
3063,0,5883211,5,517102,0,08145943,4,516127,0,2423855
3065,0,5895417,5,474039,0,08139066,4,450745,0,2374445
3067,0,5907617,5,387147,0,07156482,4,38166,0,2377135
3069,0,5919684,5,319808,0,07113736,4,388945,0,2264396
3071,0,5931804,5,259102,0,07070947,4,392033,0,2209401
3073,0,5943968,5,208062,0,07028202,4,178661,0,2143179
3075,0,5956146,5,006508,0,06995185,4,172628,0,1930254
3077,0,5966058,4,953756,0,0696217,4,168615,0,1923031
3079,0,5973745,4,900941,0,06947549,4,14809,0,191503
3081,0,5981423,4,768624,0,06914046,3,991597,0,1884464
3083,0,598911,4,728596,0,06926154,3,908373,0,1858138
3085,0,5996783,4,703692,0,06937184,3,886679,0,1859156
3087,0,599672,4,686646,0,06944991,3,869796,0,180369
3089,0,5996627,4,659624,0,07139671,3,85343,0,1802691
3091,0,5996852,4,803723,0,07120679,3,954208,0,1925716
3093,0,6026005,4,845422,0,07263756,3,944645,0,1889396
3095,0,6020604,4,844059,0,07251189,3,862698,0,1874184
3097,0,6027501,4,453102,0,07238621,3,72393,0,1864188
3099,0,6034784,4,433199,0,0704032,3,675708,0,187103
3101,0,604196,4,434655,0,07213487,3,63306,0,186797
3103,0,6049045,4,449914,0,0720092,3,581362,0,1866841
3105,0,6009805,4,416065,0,07188353,3,559479,0,1867909
3107,0,5992482,4,101094,0,07175785,3,508462,0,1861627
3109,0,5997099,4,031518,0,07163218,3,50878,0,1852014
3111,0,6001722,4,013611,0,07013249,3,494173,0,1839695
3113,0,601581,3,954944,0,06815257,3,46759,0,1781618
3115,0,6019328,3,92583,0,06726991,3,372321,0,1671554
3117,0,6022837,3,895192,0,05954351,3,368855,0,1534064
3119,0,5999674,3,866326,0,05968263,3,334924,0,1456594
3121,0,5949838,3,839231,0,05991977,3,296645,0,1427071
3123,0,593425,3,814355,0,06016484,3,28487,0,1397559
3125,0,5918519,3,793125,0,0604099,3,251008,0,1342097
3127,0,5902567,3,731935,0,0601477,3,187957,0,1274729
3129,0,5886487,3,668401,0,05196521,3,177314,0,1247344
3131,0,5869246,3,677601,0,0488177,3,13532,0,117604
3133,0,5850551,3,687245,0,04839113,3,101447,0,1183347
3135,0,6242107,3,703645,0,04968577,3,096912,0,1236473
3137,0,6933025,3,722008,0,04824218,3,082515,0,1233195
3139,0,6767663,3,711475,0,04682245,3,022216,0,1233871
3141,0,665491,3,671272,0,04492494,2,978577,0,1235695
3143,0,6516267,3,616015,0,0413601,2,947955,0,121531
3145,0,6351917,3,57446,0,03933897,2,902829,0,1138673
3147,0,6311697,3,560287,0,03818991,2,87779,0,1133483
3149,0,6271479,3,542756,0,03683172,2,86279,0,1092315
3151,0,6231259,3,527957,0,03589179,2,862342,0,1051147
3153,0,619104,3,516723,0,03474272,2,866203,0,1009979
3155,0,6150821,3,490331,0,03359366,2,866673,0,09688106
3157,0,6110601,3,473322,0,0324446,2,850677,0,09441143
3159,0,6069989,3,423861,0,03124892,2,755213,0,08921211
3161,0,5961666,3,303595,0,02884069,2,633262,0,07884204
3163,0,5909978,3,265257,0,02889629,2,59198,0,07651249
3165,0,5858381,3,175055,0,02722893,2,530277,0,0695131
3167,0,5805091,3,030537,0,02394946,2,529717,0,06908772
3169,0,5749739,3,006326,0,02230714,2,480005,0,06184987
3171,0,572395,2,989166,0,02375731,2,48008,0,06224089
3173,0,5698178,2,967675,0,02364582,2,479253,0,06282399
3175,0,5672503,2,979205,0,02353434,2,468752,0,06340709
3177,0,5646652,3,043994,0,02352793,2,461139,0,06460058
3179,0,5620748,3,01563,0,02348104,2,44356,0,06470618
3181,0,5594858,2,990806,0,0226391,2,444677,0,06417353
3183,0,5568982,2,969425,0,02152397,2,448051,0,06369196
3185,0,5543216,3,052731,0,02040884,2,470835,0,06437726
3187,0,5516905,3,043855,0,01929372,2,493839,0,06477537
3189,0,5490394,3,021417,0,01883875,2,491894,0,06478161
3191,0,5463883,2,992134,0,01862177,2,477585,0,06442735
3193,0,5434155,2,957242,0,01835704,2,369011,0,06461603
3195,0,5179156,2,837271,0,01740383,2,199359,0,05737284
3197,0,4983544,2,793424,0,01695831,2,146926,0,05380265
3199,0,4813904,2,771609,0,01308416,2,099168,0,05279245
3201,0,4644265,2,750904,0,01229435,2,06443,0,05220984
3203,0,444291,2,738762,0,01226091,2,027631,0,05161509
3205,0,4209836,2,734072,0,01225563,1,985442,0,05102034
3207,0,3976754,2,727156,0,01153108,1,984447,0,05034398
3209,0,3740762,2,716199,0,01139173,1,929423,0,04683041
3211,0,3505152,2,651018,0,01140269,1,853788,0,04256805
3213,0,3499472,2,641144,0,01139719,1,850004,0,0423604
3215,0,3493793,2,631271,0,01139169,1,847378,0,04215275
3217,0,3488114,2,621397,0,01138619,1,844752,0,0419451
3219,0,3482434,2,611524,0,0113807,1,842126,0,04173746
3221,0,3476755,2,602336,0,0113752,1,8395,0,04152981
3223,0,3471076,2,595575,0,0113697,1,836873,0,04132216
3225,0,3465396,2,588814,0,0113642,1,834337,0,04111451
3227,0,3459717,2,582053,0,0113587,1,833056,0,04090686
3229,0,3454038,2,575291,0,0113532,1,830465,0,04109741
3231,0,3448358,2,56853,0,01134771,1,836509,0,04138364
3233,0,3442679,2,561769,0,01134221,1,828481,0,04166986
3235,0,3437,2,555008,0,01133671,1,822691,0,04176872
3237,0,3431312,2,548142,0,01120216,1,81635,0,04102736
3239,0,3425625,2,541266,0,0110693,1,811195,0,040302
3241,0,3419946,2,534499,0,01106717,1,808591,0,04012636
3243,0,3414267,2,527733,0,01106504,1,805987,0,03995073
3245,0,3408588,2,520966,0,01106291,1,803383,0,0397751
3247,0,340291,2,5142,0,01106078,1,800779,0,03959947
3249,0,3397231,2,507433,0,01105865,1,798175,0,03942384
3251,0,3391553,2,500667,0,01105652,1,795572,0,03924821
3253,0,3385874,2,4939,0,01105439,1,792968,0,03907257
3255,0,3380195,2,487134,0,01105226,1,793652,0,03889694
3257,0,3374517,2,480367,0,01105013,1,791975,0,03872131
3259,0,3368838,2,473601,0,011048,1,787473,0,03855425
3261,0,3363159,2,46888,0,01104587,1,78788,0,03852747
3263,0,3357481,2,469469,0,01104374,1,786412,0,0385007
3265,0,3351802,2,470059,0,0110416,1,78382,0,03847393
3267,0,3346123,2,470649,0,01103947,1,781229,0,03844716
3269,0,3340445,2,471238,0,01103734,1,778637,0,03822207
3271,0,3334766,2,471828,0,01103521,1,776046,0,03778204
3273,0,3329087,2,472418,0,01103308,1,773455,0,03734201
3275,0,3323409,2,473007,0,01103095,1,770863,0,03714062
3277,0,331773,2,473597,0,01102882,1,768272,0,03696499
3279,0,3312051,2,474187,0,01102669,1,76568,0,03678935
3281,0,3306373,2,474776,0,01102456,1,763089,0,03661372
3283,0,3300694,2,475366,0,01102243,1,760498,0,03643809
3285,0,3295015,2,475956,0,0110203,1,757906,0,03626246
3287,0,3289337,2,476545,0,01101817,1,755315,0,03608682
3289,0,328365,2,4332,0,01064257,1,745808,0,03446976
3291,0,3277606,2,154623,0,01030261,1,674059,0,03150638
3293,0,3223373,2,081477,0,009721366,1,624195,0,02870953
3295,0,3215249,2,069365,0,009748605,1,566843,0,02824112
3297,0,3207126,2,070661,0,00995068,1,608818,0,02777271
3299,0,3199134,2,082898,0,009728403,1,642707,0,0273043
3301,0,3191039,2,101587,0,009506126,1,647696,0,02716406
3303,0,3182943,2,124051,0,00928385,1,634751,0,02736232
3305,0,3174848,2,136765,0,009061573,1,621842,0,02756058
3307,0,3278374,2,15953,0,009276817,1,66821,0,02993972
3309,0,3485032,2,190483,0,009887577,1,709984,0,03352759
3311,0,368314,2,204394,0,01129034,1,740487,0,03313639
3313,0,3883145,2,215078,0,01225727,1,798364,0,0330569
3315,0,4090842,2,230955,0,01323391,1,85085,0,03357879
3317,0,430234,2,271629,0,01325465,1,890168,0,0370268
3319,0,4362884,2,271108,0,01356597,1,939852,0,03822653
3321,0,4413333,2,330839,0,01348725,1,948316,0,04086371
3323,0,444394,2,332399,0,01378274,1,946945,0,04098088
3325,0,4474548,2,340888,0,01386736,1,945579,0,04071973
3327,0,4505155,2,34969,0,01394245,1,963316,0,04102087
3329,0,4535762,2,358493,0,01401754,1,97978,0,041322
3331,0,456637,2,367295,0,01409263,1,976208,0,04162315
3333,0,4596978,2,369061,0,01408344,1,968946,0,04192428
3335,0,4227079,2,333787,0,0133459,1,934903,0,04225938
3337,0,3456685,2,326904,0,01251836,1,856745,0,03979709
3339,0,3494045,2,321522,0,01269116,1,854755,0,03979321
3341,0,3531405,2,319291,0,01286396,1,864252,0,03978933
3343,0,3568766,2,335991,0,01303677,1,884567,0,03978546
3345,0,3606126,2,362318,0,01320957,1,892911,0,03978159
3347,0,3643486,2,388646,0,01338237,1,888342,0,03977771
3349,0,3689227,2,412277,0,01371029,1,888396,0,03989623
3351,0,373569,2,450289,0,0137312,1,971957,0,04135847
3353,0,3806044,2,589088,0,01375137,2,017517,0,04336706
3355,0,3860758,2,68643,0,01713748,2,058393,0,04465513
3357,0,3923414,2,789803,0,01869279,2,14956,0,04669527
3359,0,4017774,2,870845,0,01974324,2,231256,0,05115722
3361,0,4496142,3,17273,0,02123007,2,2928,0,05913331
3363,0,4881269,3,307616,0,02262118,2,434977,0,06552106
3365,0,5151443,3,620716,0,02391657,2,574412,0,07580273
3367,0,5379001,3,624167,0,02538858,2,606646,0,07720751
3369,0,5592859,3,599658,0,02710271,2,639223,0,0766367
3371,0,5796745,3,62991,0,02882941,2,667863,0,07942793
3373,0,6009784,3,615908,0,0290505,2,737644,0,08347639
3375,0,6214066,3,693807,0,03025634,2,798896,0,08752484
3377,0,6418523,3,771955,0,02920272,2,828135,0,08395262
3379,0,6633916,3,862293,0,0293632,2,885456,0,08580635
3381,0,6847528,3,924611,0,02956734,2,991829,0,1018133
3383,0,7061121,3,993238,0,02979153,3,063818,0,1053551
3385,0,7273292,4,035979,0,0444159,3,140271,0,1164411
3387,0,7474814,4,084126,0,04664149,3,2586,0,12593
3389,0,7676336,4,148722,0,04887134,3,412266,0,1363383
3391,0,7886061,4,200904,0,05288,3,475983,0,14116
3393,0,8094252,4,371525,0,0565821,3,600846,0,1536153
3395,0,8302691,4,423994,0,06125614,3,721978,0,1546382
3397,0,8510008,4,510116,0,0709113,3,775642,0,1584741
3399,0,8724825,4,586042,0,07113124,3,88097,0,1658085
3401,0,8937511,4,642258,0,07225864,3,972434,0,1810668
3403,0,9151387,4,792651,0,07542447,4,056531,0,1921
3405,0,9359512,4,91238,0,08168053,4,135549,0,2047661
3407,0,9570013,5,060446,0,08868668,4,215512,0,2124773
3409,0,9608402,5,146096,0,08892781,4,230792,0,2220366
3411,0,9648676,5,212007,0,08916893,4,26647,0,2309037
3413,0,968671,5,40307,0,08940974,4,289922,0,2386957
3415,0,9721642,5,410868,0,08967122,4,347638,0,2437918
3417,0,9757044,5,418792,0,09667778,4,372118,0,2475408
3419,0,9792917,5,426843,0,1083042,4,396752,0,2473785
3421,0,9823539,5,434613,0,1099099,4,403568,0,2456646
3423,0,9854161,5,442383,0,1115155,4,409561,0,2439508
3425,0,9884782,5,450153,0,1131211,4,41248,0,2453779
3427,0,9915405,5,465553,0,1147268,4,416317,0,2474297
3429,0,9946027,5,490317,0,1163324,4,426474,0,2562837
3431,0,9976649,5,515081,0,1179381,4,436631,0,2628005
3433,1,001061,5,539845,0,1195447,4,446787,0,2621938
3435,1,004438,5,562366,0,1211515,4,456767,0,2615791
3437,1,007475,5,582642,0,1227571,4,466568,0,2609071
3439,1,010511,5,602918,0,1232829,4,48535,0,2685668
3441,1,013548,5,623194,0,1232365,4,504463,0,2701429
3443,1,016585,5,632832,0,12319,4,50823,0,2718404
3445,1,019621,5,638371,0,1231436,4,524008,0,2730179
3447,1,022658,5,643909,0,1230971,4,526282,0,2744555
3449,1,025694,5,649448,0,1230506,4,533551,0,275893
3451,1,028731,5,654987,0,1230042,4,557896,0,2773305
3453,1,031768,5,660526,0,1229577,4,582241,0,278768
3455,1,034805,5,666064,0,1229113,4,604818,0,2802056
3457,1,037995,5,671603,0,1228648,4,617918,0,2816431
3459,1,041251,5,677142,0,1228184,4,632644,0,284332
3461,1,044423,5,682681,0,1227719,4,633551,0,2881621
3463,1,047596,5,68822,0,1227255,4,651859,0,2922127
3465,1,050768,5,693758,0,122679,4,672893,0,2945263
3467,1,05394,5,699297,0,1226326,4,675131,0,2955898
3469,1,057399,5,704836,0,1225861,4,67737,0,2949422
3471,1,060823,5,716893,0,1305246,4,688403,0,2978273
3473,1,064541,5,735469,0,131003,4,740633,0,3024711
3475,1,068332,5,748702,0,1312591,4,766552,0,3159211
3477,1,07197,5,756589,0,1315156,4,812759,0,3205768
3479,1,075606,5,849343,0,1317634,4,851325,0,3266153
3481,1,079303,5,952539,0,1320088,4,959179,0,3382842
3483,1,083041,6,124215,0,1322303,5,024441,0,3479842
3485,1,087024,6,181368,0,1324119,5,063778,0,358332
3487,1,091773,6,292687,0,1326391,5,237738,0,3639874
3489,1,096732,6,369316,0,1328619,5,313497,0,3693408
3491,1,101632,6,408728,0,1330853,5,374113,0,3795685
3493,1,105947,6,408869,0,1332583,5,386688,0,3801398
3495,1,110263,6,40901,0,1334312,5,399264,0,3807112
3497,1,114578,6,409152,0,1336042,5,40487,0,3812825
3499,1,11888,6,409293,0,1337772,5,414877,0,3771491
3501,1,123192,6,409435,0,1339502,5,424909,0,3790044
3503,1,127505,6,409576,0,1341231,5,434941,0,3808597
3505,1,131817,6,409718,0,1342961,5,444973,0,3619686
3507,1,124968,6,348678,0,1344201,5,451806,0,360919
3509,1,107805,6,285292,0,1345249,5,424646,0,3593705
3511,1,091497,6,236592,0,1346594,5,345963,0,3584782
3513,1,074052,6,231629,0,1347938,5,293319,0,3546566
3515,1,056896,6,22867,0,1349005,5,194988,0,3396955
3517,1,03936,6,231022,0,1349794,5,156682,0,3220866
3519,1,036918,6,238536,0,1349787,5,127267,0,3125
3521,1,035487,6,236567,0,1350499,5,11521,0,3123226
3523,1,036039,6,240938,0,1351932,5,098216,0,3134539
3525,1,036592,6,245309,0,1353364,5,081221,0,3145851
3527,1,037145,6,24968,0,1354796,5,072218,0,3157164
3529,1,037697,6,254051,0,1356229,5,067523,0,3168477
3531,1,038249,6,258422,0,1357661,5,070503,0,3179789
3533,1,038802,6,262793,0,1359093,5,073482,0,3168988
3535,1,039355,6,267164,0,1360526,5,076461,0,3084354
3537,1,039907,6,271535,0,1361958,5,084623,0,301346
3539,1,04046,6,275906,0,1363391,5,094097,0,3037455
3541,1,041012,6,280277,0,1364823,5,103571,0,306145
3543,1,041565,6,284648,0,1366255,5,107635,0,3085445
3545,1,042117,6,28902,0,1367688,5,091358,0,3109439
3547,1,04267,6,294888,0,136912,5,094337,0,3133434
3549,1,042384,6,302147,0,1365187,5,073298,0,3083606
3551,1,042027,6,296509,0,1355539,5,032176,0,311289
3553,1,060242,6,290143,0,1291952,5,011155,0,312518
3555,1,101033,6,364433,0,1321578,4,967454,0,331029
3557,1,141083,6,418525,0,1303034,4,990874,0,3385218
3559,1,173505,6,358916,0,126709,4,951059,0,329038
3561,1,167348,6,248122,0,1207285,4,766633,0,3055164
3563,1,170519,6,096718,0,1130344,4,563595,0,2863132
3565,1,185175,5,955691,0,1059497,4,42171,0,269011
3567,1,2041,5,835284,0,1037192,4,37886,0,2639538
3569,1,224387,5,74628,0,1023104,4,350983,0,262816
3571,1,245671,5,687379,0,1017231,4,30727,0,2542577
3573,1,266038,5,626956,0,1011323,4,289,0,2431284
3575,1,287271,5,562008,0,1026013,4,256368,0,232
3577,1,308504,5,518187,0,1018633,4,156218,0,2220272
3579,1,328648,5,443026,0,09828328,4,073083,0,2169182
3581,1,34897,5,322698,0,09077918,4,018446,0,2077828
3583,1,369361,5,224269,0,08474591,3,977872,0,2120094
3585,1,369515,4,990788,0,07870255,3,871765,0,2009602
3587,1,350348,4,967404,0,07340375,3,796696,0,1901321
3589,1,331201,4,935476,0,06882379,3,755781,0,1843009
3591,1,311234,4,924937,0,06422442,3,694339,0,1788173
3593,1,291421,4,886129,0,05918046,3,652794,0,168304
3595,1,271582,4,792242,0,05734054,3,569791,0,1603801
3597,1,251856,4,706802,0,05299015,3,506036,0,1522376
3599,1,23138,4,595737,0,0499983,3,445312,0,1339175
3601,1,211117,4,417826,0,04422661,3,335742,0,1253414
3603,1,190735,4,32751,0,04233038,3,19734,0,118964
3605,1,170928,4,181512,0,0421788,3,126082,0,11205
3607,1,150883,4,076996,0,04200203,3,056424,0,1000786
3609,1,14805,3,971197,0,0365291,3,030097,0,09401358
3611,1,145028,3,899144,0,03203883,2,931436,0,08833715
3613,1,142167,3,78592,0,03176235,2,927897,0,08248719
3615,1,139617,3,801248,0,03148756,2,908772,0,08282469
3617,1,137165,3,728438,0,03121332,2,921849,0,08526503
3619,1,134659,3,724208,0,03093963,2,922572,0,08457595
3621,1,132675,3,755393,0,03066594,2,947518,0,08461932
3623,1,130688,3,775816,0,03150249,3,026382,0,08324052
3625,1,128564,3,77328,0,03145183,3,021714,0,08257204
3627,1,126441,3,770744,0,03140116,3,005884,0,08192077
3629,1,124317,3,768208,0,03135049,2,990054,0,08126951
3631,1,122193,3,765672,0,03129983,2,977228,0,08061825
3633,1,119736,3,693383,0,03124917,2,958393,0,08013238
3635,1,117298,3,631467,0,03119841,2,940175,0,07954947
3637,1,1152,3,626494,0,03099659,2,919569,0,07941154
3639,1,113101,3,613913,0,03058534,2,898963,0,07918189
3641,1,111003,3,587805,0,03017409,2,888493,0,07899811
3643,1,108905,3,561696,0,02976284,2,878442,0,07881432
3645,1,106807,3,535588,0,02935159,2,869238,0,07863054
3647,1,104709,3,509479,0,02894035,2,860896,0,07844675
3649,1,102611,3,483371,0,0285291,2,852555,0,07826296
3651,1,100513,3,46614,0,02811785,2,83824,0,07807917
3653,1,098415,3,459327,0,0277066,2,828189,0,07779647
3655,1,096317,3,452514,0,02729535,2,818138,0,07776827
3657,1,094065,3,442522,0,02679928,2,789449,0,07752781
3659,1,091747,3,436846,0,02638546,2,759713,0,0772803
3661,1,089514,3,430032,0,0259638,2,757833,0,07679576
3663,1,08728,3,423217,0,02554214,2,707548,0,07631122
3665,1,085046,3,416402,0,02512048,2,7066,0,07615499
3667,1,082812,3,409587,0,02476936,2,705652,0,07597732
3669,1,080292,3,402772,0,02451382,2,70295,0,07593846
3671,1,077807,3,393015,0,02425735,2,686518,0,07589906
3673,1,075028,3,333433,0,02400082,2,631552,0,07203149
3675,1,072175,3,290825,0,02374,2,545825,0,07109195
3677,1,069475,3,200752,0,01978854,2,500871,0,06682006
3679,1,066778,3,073903,0,01664693,2,428154,0,06182781
3681,1,06402,3,031791,0,014689,2,355683,0,05646507
3683,1,06122,2,832503,0,0134786,2,218688,0,05283681
3685,1,058176,2,731525,0,01276098,2,077605,0,04655645
3687,1,054366,2,507965,0,01233611,1,99471,0,04255849
3689,1,050345,2,476937,0,0119803,1,893625,0,0383836
3691,1,046384,2,404275,0,01168085,1,834467,0,03647613
3693,1,043007,2,383824,0,01158079,1,828972,0,03619852
3695,1,03963,2,338811,0,01148073,1,810141,0,0359209
3697,1,036254,2,293798,0,01138068,1,790517,0,03564329
3699,1,032877,2,260788,0,01128062,1,782823,0,03536567
3701,1,0295,2,248723,0,01118056,1,774451,0,03508806
3703,1,026124,2,236657,0,0110805,1,76532,0,03481045
3705,1,022747,2,224592,0,01098045,1,761079,0,03453283
3707,1,01937,2,212526,0,01088039,1,756838,0,03425521
3709,1,015993,2,200461,0,01078033,1,753595,0,0339776
3711,1,012617,2,188395,0,01068028,1,748381,0,03369999
3713,1,00924,2,17633,0,01058022,1,744115,0,03342237
3715,1,005863,2,164264,0,01048016,1,739874,0,03326255
3717,1,002487,2,152199,0,0103801,1,735633,0,03327387
3719,0,9991099,2,140133,0,01028005,1,731393,0,03328519
3721,0,9957332,2,128067,0,01017999,1,72644,0,0332965
3723,0,9923565,2,116002,0,01007993,1,708625,0,03330782
3725,0,9889798,2,109112,0,009979876,1,692621,0,03331914
3727,0,985603,2,103377,0,009879819,1,678805,0,03333046
3729,0,9822264,2,097642,0,009779762,1,671695,0,03334178
3731,0,9788496,2,091907,0,009679705,1,664728,0,03335309
3733,0,9754729,2,086172,0,009579647,1,659468,0,03336441
3735,0,9720962,2,080437,0,009479591,1,654208,0,03337573
3737,0,9687195,2,074702,0,009379533,1,648948,0,03330339
3739,0,9653428,2,068967,0,009279476,1,650101,0,0331374
3741,0,9619661,2,063232,0,009179419,1,64541,0,0329714
3743,0,9585894,2,057497,0,009079361,1,639496,0,0328054
3745,0,9552127,2,051762,0,008979305,1,634365,0,0326394
3747,0,9518359,2,046027,0,008879247,1,631516,0,0324734
3749,0,9484592,2,040293,0,00877919,1,630039,0,03230741
3751,0,9450825,2,034558,0,008679133,1,625607,0,03166932
3753,0,9207432,2,029183,0,008579402,1,609296,0,029203
3755,0,875393,1,808971,0,008241976,1,451151,0,02643222
3757,0,8299888,1,738716,0,007893521,1,373288,0,02431772
3759,0,7890266,1,619242,0,007236111,1,334574,0,02314969
3761,0,7482197,1,601983,0,006888612,1,287137,0,0216166
3763,0,7074136,1,58393,0,006841974,1,270361,0,0212948
3765,0,6666075,1,577308,0,006795336,1,253584,0,02122084
3767,0,6258014,1,570685,0,006722566,1,243711,0,02103699
3769,0,5849953,1,547619,0,006655351,1,22977,0,02084379
3771,0,5441892,1,547923,0,006536511,1,211873,0,0204884
3773,0,5033831,1,533219,0,006417671,1,187537,0,0200964
3775,0,462577,1,507596,0,006298831,1,169701,0,01970441
3777,0,4217709,1,481973,0,006179991,1,149186,0,01931241
3779,0,3809648,1,456349,0,006023288,1,132168,0,01892041
3781,0,3401587,1,451139,0,005851197,1,119371,0,01852841
3783,0,2992828,1,45008,0,005629559,1,08963,0,01813641
3785,0,2787766,1,426541,0,005427431,1,071678,0,01630409
3787,0,2787097,1,400415,0,00542722,1,070564,0,0160962
3789,0,2786427,1,350011,0,005427009,1,057091,0,0158883
3791,0,2785758,1,31815,0,005426798,1,046116,0,01570689
3793,0,2785089,1,312152,0,005377079,1,040118,0,01560878
3795,0,278442,1,295911,0,005285519,1,038469,0,01551068
3797,0,2783751,1,289849,0,005193959,1,018286,0,01541257
3799,0,2783082,1,263438,0,005102398,1,007371,0,01531446
3801,0,2782412,1,25896,0,005010838,0,9946502,0,01521635
3803,0,2781743,1,256697,0,004919278,0,9855394,0,01511824
3805,0,2781074,1,254434,0,004827718,0,9865128,0,01505548
3807,0,2780405,1,251482,0,004736158,0,9749155,0,01492202
3809,0,2779736,1,249907,0,004644597,0,9751924,0,0146695
3811,0,2779067,1,174622,0,004553037,0,9468173,0,0143612
3813,0,2779023,1,091054,0,004461477,0,9300011,0,01408743
3815,0,277898,1,048852,0,004369916,0,8767229,0,01381367
3817,0,277748,1,020892,0,004278356,0,8106667,0,01353991
3819,0,2776055,0,9825311,0,00275578,0,7668817,0,01276984
3821,0,2774661,0,9393983,0,002743605,0,6901467,0,01137692
3823,0,2773296,0,8989949,0,002742859,0,6277194,0,009328187
3825,0,2773296,0,8989949,0,002742859,0,6277194,0,009328187
3827,0,2773296,0,8989949,0,002742859,0,6277194,0,009328187
3829,0,2773296,0,8989949,0,002742859,0,6277194,0,009328187
3831,0,2773296,0,8989949,0,002742859,0,6277194,0,009328187
3833,0,2773296,0,8989949,0,002742859,0,6277194,0,009328187
3835,0,2773296,0,8989949,0,002742859,0,6277194,0,009328187
3837,0,2773296,0,8989949,0,002742859,0,6277194,0,009328187
3839,0,2773296,0,8989949,0,002742859,0,6277194,0,009328187
3841,0,2773296,0,8989949,0,002742859,0,6277194,0,009328187
3843,0,2773296,0,8989949,0,002742859,0,6277194,0,009328187
3845,0,2773296,0,8989949,0,002742859,0,6277194,0,009328187
3847,0,2773296,0,8989949,0,002742859,0,6277194,0,009328187
3849,0,2773296,0,8989949,0,002742859,0,6277194,0,009328187
3851,0,2773296,0,8989949,0,002742859,0,6277194,0,009328187
3853,0,2773297,0,8989949,0,002742859,0,6277194,0,009328187
3855,0,2773305,0,8989949,0,002742859,0,6277194,0,009328187
3857,0,2773318,0,8989949,0,002742859,0,6277194,0,009328187
3859,0,2776873,0,8990215,0,002884794,0,6365086,0,009559266
3861,0,2785981,0,9382374,0,002948564,0,6875102,0,01082322
3863,0,2847665,1,299407,0,003474151,0,937842,0,01168947
3865,0,283409,1,595761,0,003756449,1,09555,0,01235405
3867,0,2830853,1,768225,0,004003676,1,248851,0,01374738
3869,0,2837132,1,848471,0,005378683,1,415461,0,01491382
3871,0,2844243,2,130215,0,005565798,1,520895,0,01663386
3873,0,8179683,2,226485,0,006211676,1,675716,0,01764221
3875,0,8238893,2,414692,0,006728254,1,788896,0,02088494
3877,0,8329538,2,536795,0,007898451,1,899129,0,02353035
3879,0,8529751,2,633525,0,009443167,2,080513,0,02419862
3881,0,8788273,2,813367,0,01279387,2,153615,0,02617302
3883,0,8860109,2,824176,0,01280026,2,206568,0,02689644
3885,0,8931946,2,841954,0,01280037,2,210103,0,02761987
3887,0,9003782,2,853324,0,01280048,2,212685,0,02834329
3889,0,9075618,2,866896,0,0128006,2,215268,0,028887
3891,0,9147455,2,88538,0,01280071,2,21785,0,028887
3893,0,9219291,2,903864,0,01280082,2,21875,0,028887
3895,0,9291127,2,922348,0,01280093,2,223016,0,028887
3897,0,9362964,2,940831,0,01280104,2,225598,0,028887
3899,0,9434801,2,959315,0,01280116,2,228181,0,02910449
3901,0,9506637,2,978718,0,01280127,2,230764,0,02969665
3903,0,9578474,3,018607,0,01280138,2,23962,0,03040618
3905,0,965031,3,03582,0,01280149,2,240896,0,03175578
3907,0,9722146,3,048908,0,0128016,2,242172,0,03310537
3909,0,9793983,3,061996,0,01280172,2,243448,0,03445497
3911,0,9867449,3,095647,0,01639262,2,255182,0,03867054
3913,0,9972454,3,169742,0,0174377,2,325518,0,04373997
3915,1,010859,3,231234,0,01917264,2,440095,0,04595816
3917,1,027594,3,319003,0,01991343,2,578794,0,04857283
3919,1,058204,3,393331,0,02067357,2,604909,0,05318648
3921,1,105758,3,463268,0,02177638,2,622043,0,05594399
3923,1,17023,3,508227,0,02443876,2,677331,0,05710995
3925,1,199007,3,51931,0,02726164,2,732078,0,0674566
3927,1,227637,3,529124,0,02885466,2,774043,0,08017424
3929,1,256118,3,589669,0,02970567,2,862207,0,0811687
3931,1,330376,3,696714,0,0300124,2,938814,0,08617691
3933,1,758867,3,80859,0,03111959,2,991665,0,09134592
3935,1,810704,3,884971,0,03303165,3,029171,0,1025142
3937,1,85965,3,929512,0,03494117,3,033575,0,1054346
3939,1,908596,3,974052,0,03685069,3,033677,0,108355
3941,1,957542,4,003944,0,03876021,3,065405,0,1114264
3943,2,006489,4,020378,0,0390485,3,093341,0,1148966
3945,2,055435,4,036812,0,03928705,3,109384,0,1171162
3947,2,104381,4,053246,0,0395256,3,138411,0,1200366
3949,2,153327,4,06968,0,03976415,3,184626,0,1234877
3951,2,202274,4,086113,0,0400027,3,234997,0,1258775
3953,2,25122,4,105996,0,04024125,3,281335,0,1287979
3955,2,260038,4,137619,0,04532941,3,328833,0,1318628
3957,2,268855,4,281211,0,04772165,3,428447,0,1349264
3959,2,278536,4,33777,0,05004704,3,474509,0,1378327
3961,2,28825,4,349092,0,05056642,3,489867,0,1418112
3963,2,297965,4,38413,0,05108579,3,503561,0,1435426
3965,2,307679,4,403299,0,05160516,3,517254,0,1450941
3967,2,317394,4,422469,0,05212453,3,565641,0,1465666
3969,2,327108,4,441638,0,05264391,3,655385,0,1475657
3971,2,336824,4,460808,0,05316348,3,665542,0,1492357
3973,2,382582,4,712882,0,05634373,3,731502,0,1531081
3975,2,463965,4,822865,0,06216224,3,77623,0,1627325
3977,2,580973,4,878067,0,06575161,3,783861,0,1666923
3979,2,703663,4,895546,0,06934098,3,806693,0,1735555
3981,2,828482,4,923413,0,07293035,3,863472,0,1820365
3983,2,955429,5,097825,0,08572116,3,881513,0,1975218
3985,3,03565,5,206082,0,09316194,3,923904,0,1989464
3987,3,115871,5,213708,0,09512628,3,963214,0,2057187
3989,3,196091,5,2221,0,09716048,4,010972,0,2145802
3991,3,242089,5,229695,0,09911041,4,050953,0,2190088
3993,3,288086,5,23729,0,1010603,4,079717,0,2183704
3995,3,334083,5,244885,0,1030103,4,104795,0,2177319
3997,3,380081,5,25248,0,1049602,4,115692,0,2175709
3999,3,426078,5,260075,0,1069101,4,126588,0,2183186
4001,3,593116,5,268381,0,1089932,4,205799,0,2315421
4003,3,715234,5,303617,0,1108459,4,259386,0,2372427
4005,3,796264,5,325275,0,1126754,4,290631,0,2478803
4007,3,836206,5,333354,0,1143638,4,290793,0,251517
4009,3,876148,5,341433,0,1160523,4,290955,0,252712
4011,3,91609,5,349512,0,1177407,4,291117,0,253907
4013,3,956031,5,365723,0,1187126,4,329578,0,2551736
4015,3,995834,5,36954,0,1195413,4,360021,0,2563677
4017,4,035636,5,373358,0,1203701,4,410188,0,2584837
4019,4,075439,5,377176,0,1211988,4,442725,0,2624482
4021,4,115242,5,380994,0,1220275,4,455109,0,2664127
4023,4,155044,5,384811,0,1228563,4,467493,0,2703772
4025,4,194847,5,388629,0,123685,4,479877,0,2743418
4027,4,24839,5,408784,0,1245137,4,498414,0,2756916
4029,4,32812,5,48596,0,1270572,4,518948,0,2764503
4031,4,420299,5,534569,0,1311935,4,535325,0,2772717
4033,4,597369,5,578361,0,135904,4,597265,0,2825199
4035,4,776954,5,648276,0,1383866,4,679739,0,2898774
4037,4,945855,5,712914,0,1403657,4,740856,0,2967035
4039,5,051231,5,776814,0,1423848,4,771565,0,3116818
4041,5,119915,5,838772,0,147311,4,820527,0,3206674
4043,5,151905,5,936301,0,1550215,4,830725,0,3418275
4045,5,183276,5,974377,0,1559094,4,864231,0,3519337
4047,5,214646,5,993442,0,1566989,4,9104,0,3556595
4049,5,246017,6,02949,0,1574883,4,929154,0,3593853
4051,5,277388,6,062163,0,1582778,4,942729,0,3631111
4053,5,308759,6,061308,0,1590672,4,98348,0,366837
4055,5,340129,6,089442,0,1598567,5,035333,0,3705628
4057,5,371499,6,099539,0,1606462,5,112009,0,3742886
4059,5,404135,6,127777,0,1660974,5,116254,0,379337
4061,5,437837,6,156262,0,1730288,5,170421,0,3831528
4063,5,466281,6,111347,0,1673244,5,137875,0,3829319
4065,5,506331,6,055243,0,1645211,5,046686,0,3943574
4067,5,548873,5,935172,0,1543042,5,002898,0,3597644
4069,5,588901,5,872242,0,1634843,4,957405,0,3617856
4071,5,628845,5,899035,0,167254,4,96424,0,339569
4073,5,135954,5,833899,0,1669635,5,004518,0,3415145
4075,5,172348,5,753883,0,1668048,4,845193,0,3325451
4077,5,207517,5,894826,0,1573822,4,847152,0,3446894
4079,5,25172,5,725128,0,1356416,4,916251,0,3445723
4081,5,27629,5,667567,0,1336099,4,931321,0,3547011
4083,5,312294,5,697151,0,1397747,4,974348,0,3686577
4085,5,341062,5,716411,0,1604228,5,045471,0,3744529
4087,5,369495,5,727551,0,1630993,5,053477,0,3846306
4089,5,397467,5,768442,0,1629788,5,061482,0,3938272
4091,5,42498,5,821298,0,1635729,5,069489,0,4043867
4093,5,452507,5,833174,0,1637917,5,10822,0,4103938
4095,5,483304,5,868801,0,1642848,5,116291,0,4164008
4097,5,517369,5,906668,0,1643664,5,192229,0,4224079
4099,5,566175,5,972327,0,1647943,5,265315,0,4525915
4101,5,622285,6,05525,0,1747968,5,291927,0,4662853
4103,5,685701,6,174236,0,1852535,5,333869,0,4833661
4105,5,722182,6,309282,0,1894802,5,431345,0,4943484
4107,5,782745,6,33373,0,1937162,5,44592,0,5046192
4109,5,86739,6,334403,0,1979433,5,469138,0,511956
4111,6,086223,6,45708,0,214831,5,500694,0,5216212
4113,6,205703,6,553919,0,2322307,5,479043,0,527289
4115,6,225872,6,573882,0,23327,5,424328,0,5279671
4117,6,242919,6,139714,0,2344141,5,413272,0,5241001
4119,6,246014,6,113138,0,2357161,5,47311,0,5287862
4121,6,232085,6,636877,0,2367716,5,507687,0,5270122
4123,6,233042,6,655699,0,231122,5,457967,0,5348174
4125,6,251921,6,598106,0,2364156,5,520309,0,5373378
4127,6,263445,6,535388,0,243609,5,54946,0,5341824
4129,6,273713,6,476207,0,2427246,5,529868,0,5428458
4131,6,238204,6,333038,0,2390153,5,483231,0,5463099
4133,5,848462,6,233672,0,238493,5,407817,0,5337325
4135,5,835318,6,205843,0,2397282,5,413581,0,5258375
4137,5,811215,6,194117,0,2431403,5,441092,0,5394083
4139,5,78933,6,19138,0,2491836,5,512885,0,5602545
4141,5,745375,6,18574,0,2502355,5,532578,0,5582781
4143,5,701419,6,26702,0,2534781,5,555928,0,5696039
4145,5,657465,6,348301,0,2567207,5,567481,0,5695326
4147,5,613509,6,338723,0,2599633,5,566282,0,5571154
4149,5,569554,6,276382,0,2632059,5,59729,0,5627845
4151,5,525599,6,214041,0,2535061,5,637188,0,5684537
4153,5,481644,6,1517,0,2412341,5,628109,0,5741228
4155,5,477817,6,165158,0,2351322,5,638891,0,5462899
4157,5,473991,6,141213,0,2353281,5,580096,0,5502065
4159,5,484092,6,262274,0,2702647,5,706026,0,5371317
4161,5,498179,6,344036,0,2826118,5,843592,0,6012151
4163,5,516286,6,469561,0,2989402,5,924958,0,6237764
4165,5,529653,6,641445,0,3201859,5,981739,0,642741
4167,5,540458,6,785669,0,3395243,6,030478,0,6680189
4169,5,548614,6,868088,0,3472561,6,075169,0,6758965
4171,5,557137,6,871375,0,3515267,6,133812,0,686141
4173,5,539489,6,880142,0,3428697,6,096647,0,6985745
4175,5,485449,6,865239,0,3404855,6,099674,0,7040312
4177,5,392292,6,892292,0,3372692,6,069546,0,6952727
4179,5,293832,6,95765,0,2979951,6,070505,0,7231001
4181,5,19363,6,996778,0,274369,6,161633,0,6996337
4183,5,086481,7,062135,0,2693706,6,133728,0,7281359
4185,5,025948,7,126278,0,2736244,6,119111,0,7347409
4187,4,965304,7,156401,0,276996,6,147486,0,7431508
4189,4,908991,7,186907,0,277699,6,080777,0,7434829
4191,4,889415,7,215822,0,2795997,6,084517,0,7454822
4193,4,868066,7,181746,0,2815335,6,088966,0,7650746
4195,4,827953,7,136732,0,2921194,6,123814,0,756035
4197,4,787409,7,084908,0,2998856,6,140327,0,747008
4199,4,746433,7,07888,0,3048323,6,140193,0,74164
4201,4,584417,7,080603,0,3071942,6,099681,0,7289305
4203,4,46732,7,084442,0,3113811,6,0754,0,7245246
4205,4,391312,7,088558,0,3096948,6,071118,0,7215767
4207,4,356391,7,092951,0,3089012,6,072918,0,7186295
4209,4,321471,7,023136,0,3081076,6,074719,0,7156822
4211,4,286551,6,981424,0,307314,6,076519,0,712735
4213,4,25163,6,857709,0,2979368,6,07832,0,7097878
4215,4,216849,6,843663,0,2970428,6,070284,0,7068406
4217,4,182068,6,829618,0,296149,6,028792,0,7038935
4219,4,147287,6,815572,0,2936262,6,021116,0,6947578
4221,4,112506,6,801527,0,2744216,6,015999,0,6857876
4223,4,077725,6,798492,0,2705276,6,010882,0,685775
4225,4,042944,6,796269,0,2738844,6,006393,0,6766
4227,3,994423,6,786087,0,2782177,6,009552,0,6772712
4229,4,267351,6,767469,0,291194,5,966926,0,6742319
4231,4,228132,6,750566,0,2894982,5,950768,0,6650813
4233,4,104021,6,704844,0,2894137,5,883512,0,6377453
4235,3,977396,6,678228,0,2927247,5,88559,0,6324231
4237,3,878876,6,661542,0,2952755,5,790881,0,6299661
4239,3,86232,6,627754,0,2989839,5,783982,0,6216944
4241,4,005706,6,621269,0,3013555,5,766973,0,604252
4243,4,144695,6,651808,0,2999295,5,769459,0,6069757
4245,4,12059,6,648215,0,2974823,5,767388,0,598668
4247,4,096485,6,634899,0,2950281,5,695736,0,5959018
4249,4,072539,6,641029,0,2925739,5,699138,0,5852991
4251,4,048342,6,637436,0,290118,5,702539,0,582436
4253,4,023734,6,631342,0,2876604,5,705942,0,5777177
4255,3,999125,6,607602,0,2652029,5,690755,0,5729992
4257,3,974516,6,583248,0,244512,5,699502,0,5673643
4259,3,948287,6,559957,0,2405338,5,690641,0,5636324
4261,3,920437,6,506873,0,2372292,5,665326,0,532996
4263,3,892587,6,434762,0,2365001,5,653591,0,5373822
4265,3,883021,6,439774,0,2526731,5,628621,0,536372
4267,3,851523,6,355823,0,2468406,5,604691,0,5229748
4269,3,823694,6,285158,0,245984,5,527174,0,5422376
4271,3,799177,6,305691,0,2480294,5,516084,0,5190556
4273,3,779262,6,245068,0,2529745,5,506159,0,5170888
4275,4,153583,6,255037,0,2387435,5,481206,0,4869385
4277,4,28168,6,236425,0,2245776,5,471776,0,459828
4279,4,260822,6,054799,0,2210138,5,418076,0,4317125
4281,4,253767,5,898235,0,2049261,5,349609,0,4105747
4283,4,253947,5,874139,0,1923895,5,334148,0,3871813
4285,4,261362,5,848935,0,1862737,5,346071,0,392969
4287,4,269113,5,860079,0,1833745,5,332249,0,3765875
4289,4,277325,5,849423,0,1821552,5,264735,0,3659447
4291,4,35742,5,852366,0,1814026,5,242195,0,3541125
4293,4,437501,5,858617,0,18065,5,238047,0,3515491
4295,4,413571,5,857138,0,1798974,5,178784,0,3489669
4297,4,386373,5,853984,0,1763462,5,065502,0,3463617
4299,4,347814,5,853269,0,1664841,5,050953,0,3410315
4301,4,305357,5,722456,0,1657065,5,001415,0,3429567
4303,4,251639,5,88138,0,158744,4,992759,0,3503447
4305,4,221322,5,876262,0,1646472,5,026855,0,3419516
4307,4,166636,5,866384,0,1677826,5,017734,0,3440239
4309,4,130237,5,91299,0,1732887,5,026528,0,3407654
4311,3,973695,5,958361,0,1890976,5,078342,0,3375418
4313,3,881374,5,970859,0,187978,5,096899,0,3414859
4315,3,863323,5,977509,0,1863992,5,057188,0,3458287
4317,3,846292,6,002787,0,1847369,5,166982,0,3455811
4319,3,830366,6,010606,0,1829811,5,265867,0,338423
4321,3,818619,6,059438,0,1817633,5,212492,0,3409529
4323,3,798188,6,128584,0,1843397,5,303201,0,3609117
4325,3,820476,6,12824,0,1876914,5,39603,0,3582646
4327,3,82708,6,077128,0,1912002,5,402915,0,3728011
4329,3,833236,6,071148,0,1918083,5,414773,0,3743222
4331,3,83754,6,0446,0,1875682,5,44486,0,3720707
4333,3,842226,6,043124,0,174061,5,450418,0,3698203
4335,3,847288,6,065088,0,1635196,5,496212,0,3775377
4337,3,915835,6,106338,0,1608029,5,49154,0,374844
4339,3,935179,6,103685,0,1601609,5,405237,0,3603229
4341,3,976593,6,104816,0,1608821,5,393164,0,3669475
4343,4,018006,6,187538,0,1523359,5,367548,0,3617566
4345,4,05942,6,270259,0,1533174,5,374405,0,3591682
4347,4,114855,6,251367,0,1542989,5,3838,0,3626811
4349,4,184313,6,299176,0,1552804,5,380687,0,3661914
4351,4,2205,6,322552,0,215232,5,438608,0,3638656
4353,4,247651,6,374328,0,2217075,5,472432,0,3795735
4355,4,263311,6,398238,0,2281835,5,544258,0,3802183
4357,4,278971,6,416805,0,2275086,5,573626,0,3944481
4359,4,27984,6,324307,0,223277,5,501434,0,3845824
4361,4,27669,6,245324,0,2192855,5,425826,0,3649887
4363,4,267191,6,110368,0,1905126,5,28343,0,3597594
4365,4,262433,6,046342,0,1587345,5,139368,0,3522537
4367,4,260235,6,008995,0,1433783,5,11726,0,3442402
4369,4,260686,5,982067,0,1426862,5,085631,0,3299364
4371,4,26077,5,880331,0,1416975,5,01152,0,3172929
4373,4,250982,5,840392,0,1403097,5,002674,0,3107547
4375,4,241961,5,82961,0,1384079,4,945829,0,2968658
4377,4,236434,5,784479,0,1390533,4,881414,0,2818738
4379,4,230525,5,740133,0,1385628,4,85193,0,2800838
4381,4,224231,5,68121,0,1178948,4,793889,0,2768794
4383,4,222755,5,626237,0,1083178,4,732239,0,2667882
4385,4,22139,5,594014,0,1076829,4,691745,0,2577447
4387,4,220135,5,570956,0,1026553,4,672408,0,252472
4389,4,21455,5,539992,0,09725211,4,652158,0,2460901
4391,4,20645,5,508494,0,09184895,4,575202,0,2326081
4393,4,200124,5,484354,0,08644578,4,474795,0,2203278
4395,4,212562,5,465804,0,08566903,4,415084,0,2188833
4397,4,225431,5,449802,0,08069023,4,411013,0,2161062
4399,4,238732,5,436365,0,08018021,4,4018,0,2151617
4401,4,252033,5,422927,0,07967019,4,3922,0,2142172
4403,4,265334,5,40949,0,07916017,4,390039,0,213374
4405,4,278635,5,396052,0,07865015,4,394398,0,213069
4407,4,291935,5,382615,0,07814013,4,383658,0,2113837
4409,4,305236,5,369178,0,07763011,4,356289,0,2104392
4411,4,318537,5,355741,0,07729521,4,344196,0,2094947
4413,4,331838,5,342303,0,07749414,4,334596,0,2085502
4415,4,345139,5,328866,0,07769305,4,324519,0,2076057
4417,4,358439,5,310288,0,07789197,4,309733,0,2066613
4419,4,37174,5,273541,0,07809089,4,274561,0,2057168
4421,4,385041,5,236795,0,07828981,4,264424,0,2047723
4423,4,398342,5,200048,0,07848873,4,254288,0,2038278
4425,4,411643,5,150041,0,07839863,4,212387,0,1991154
4427,4,424943,5,113861,0,07851361,4,181312,0,1969962
4429,4,090607,5,114852,0,07745153,4,146946,0,1974304
4431,4,05597,5,114774,0,07633866,4,120987,0,1978647
4433,4,022024,5,173631,0,08256406,4,163092,0,1992566
4435,3,994803,5,185743,0,08502173,4,277864,0,2000071
4437,3,947074,5,203751,0,08598551,4,255614,0,2015717
4439,3,877765,5,221213,0,08578238,4,232704,0,2053944
4441,3,68502,5,235054,0,08557753,4,257347,0,204358
4443,3,533367,5,255002,0,08466058,4,270724,0,203817
4445,3,545425,5,135368,0,08439495,4,284105,0,2047262
4447,3,557484,5,137424,0,08478065,4,31646,0,2056354
4449,3,569568,5,154917,0,08516669,4,305499,0,2062684
4451,3,58209,5,350336,0,08555806,4,291009,0,2088054
4453,3,595676,5,388999,0,08698362,4,338655,0,2105042
4455,3,612288,5,424726,0,08841073,4,379356,0,2183253
4457,3,631925,5,461744,0,08983725,4,394947,0,2221462
4459,3,642827,5,553064,0,09916648,4,376946,0,2302294
4461,3,653729,5,528095,0,110494,4,324848,0,2389353
4463,3,664631,5,503126,0,1218215,4,370054,0,2401408
4465,3,653168,5,434608,0,133143,4,283566,0,2513093
4467,3,658907,5,424721,0,134017,4,415656,0,2637076
4469,3,661332,5,3905,0,1342373,4,404068,0,2679623
4471,3,660445,5,37615,0,134815,4,399915,0,2618086
4473,3,654959,5,30978,0,1309272,4,384642,0,2318033
4475,3,253575,5,302126,0,09340156,4,32431,0,2210267
4477,3,096497,5,285645,0,09286887,4,300413,0,2169463
4479,3,068382,5,271611,0,09303584,4,284549,0,2160147
4481,3,040266,5,257578,0,09320281,4,258343,0,2223206
4483,3,012151,5,25611,0,09336977,4,226812,0,2218282
4485,2,984035,5,256652,0,09353674,4,226034,0,213733
4487,2,95592,5,257195,0,0937037,4,225255,0,2122881
4489,2,927805,5,257738,0,08640207,4,224477,0,2113565
4491,2,828269,5,258293,0,0839458,4,223122,0,2120824
4493,2,728739,5,264701,0,08153577,4,221797,0,2186305
4495,2,72995,5,259404,0,07912575,4,220443,0,2231694
4497,2,731161,5,259716,0,07671572,4,177054,0,2209894
4499,2,728992,5,254368,0,07430569,4,145588,0,2188093
4501,2,724081,5,25221,0,07186341,4,134387,0,2171538
4503,2,72379,5,247035,0,06940355,4,077968,0,2047772
4505,2,727032,5,239378,0,06759818,4,046331,0,1968282
4507,2,730563,5,229239,0,06644728,4,013825,0,192386
4509,2,691725,5,101124,0,06529639,3,949754,0,181607
4511,2,645417,4,947595,0,06402098,3,912971,0,1716893
4513,2,629317,4,957963,0,06262105,3,87139,0,1703464
4515,2,637289,4,680091,0,06122112,3,791537,0,1667555
4517,2,643845,4,583569,0,0598212,3,726153,0,1660725
4519,2,646832,4,530925,0,05842127,3,674864,0,1591666
4521,2,645462,4,383565,0,05702134,3,592371,0,1492128
4523,2,620715,4,324393,0,05547859,3,52395,0,1358458
4525,2,571917,4,272326,0,05511669,3,387214,0,1313421
4527,2,555925,4,226522,0,0547522,3,407348,0,1255916
4529,2,543318,4,236065,0,05438862,3,50485,0,1232025
4531,2,519497,4,177107,0,05458343,3,511334,0,1236775
4533,2,495294,4,082397,0,05477497,3,490694,0,1117809
4535,2,470771,3,952075,0,05482056,3,442792,0,1104818
4537,2,396612,3,921921,0,05553574,3,341434,0,1096144
4539,2,36944,3,933411,0,05521958,3,307841,0,1072317
4541,2,342267,3,926754,0,05451559,3,287601,0,1055334
4543,2,315094,3,933738,0,05310698,3,309641,0,1038373
4545,2,292184,3,93823,0,05267571,3,302024,0,102145
4547,2,259469,4,015275,0,05200054,3,24534,0,1008137
4549,2,207613,4,085511,0,05119095,3,26909,0,100019
4551,2,195399,3,987964,0,05012519,3,230226,0,09149881
4553,2,198593,3,937944,0,04660653,3,187557,0,0885466
4555,2,214947,4,002087,0,04734556,3,102008,0,08284999
4557,2,242073,4,110236,0,04834755,3,099855,0,09035656
4559,2,274848,4,144185,0,04916641,3,168806,0,09186951
4561,2,302357,4,109514,0,05000791,3,194651,0,09083379
4563,2,330571,4,128015,0,05205692,3,266431,0,1046237
4565,2,357091,4,149896,0,0525902,3,286155,0,1076125
4567,2,385068,4,176364,0,05620386,3,42857,0,1117177
4569,2,419797,4,201842,0,05707313,3,45936,0,1144696
4571,2,461278,4,226308,0,05810619,3,494453,0,1178446
4573,2,491412,4,255749,0,05923879,3,576796,0,1207225
4575,2,510201,4,280921,0,06033534,3,653549,0,1232847
4577,2,528989,4,363504,0,06115122,3,693255,0,1276322
4579,2,536038,4,48481,0,06196356,3,811796,0,1319797
4581,2,544466,4,613322,0,063513,3,893146,0,1365722
4583,2,554282,4,749019,0,06548177,3,909953,0,1414095
4585,2,563872,4,850351,0,06593609,3,936337,0,1454989
4587,2,572675,4,910711,0,0702021,3,972837,0,1515021
4589,2,580693,4,96691,0,07084636,4,0167,0,1649199
4591,2,600985,5,001556,0,07311297,4,098502,0,1683159
4593,2,615688,5,021994,0,07462037,4,206117,0,1734724
4595,2,624796,5,285226,0,07514265,4,346118,0,1766798
4597,2,633029,5,406298,0,07560598,4,355403,0,1797432
4599,2,64001,5,419937,0,07609878,4,35779,0,1817066
4601,2,645738,5,431193,0,07659159,4,356304,0,1826838
4603,2,651467,5,442449,0,07708439,4,354816,0,1870823
4605,2,657196,5,453705,0,07757719,4,35947,0,1905744
4607,2,662926,5,464961,0,07806999,4,367521,0,1923072
4609,2,668829,5,480965,0,0785628,4,367049,0,193236
4611,2,676323,5,52571,0,0790556,4,374411,0,1973026
4613,2,685406,5,584257,0,0795484,4,507936,0,1976764
4615,2,697565,5,612102,0,08861997,4,528007,0,2147832
4617,2,70784,5,730283,0,1000645,4,662499,0,2275194
4619,2,716391,5,766818,0,1014153,4,672238,0,2296096
4621,2,725078,5,803353,0,1022008,4,681734,0,2298367
4623,2,733773,5,833244,0,104884,4,726973,0,2384232
4625,2,742481,5,856493,0,1091674,4,764264,0,2392649
4627,2,750456,5,869033,0,1179434,4,804917,0,2467846
4629,2,758418,5,881454,0,1181509,4,828318,0,2483492
4631,2,766366,5,893757,0,1183584,4,859931,0,253628
4633,2,773624,5,749632,0,1224075,4,86418,0,2505327
4635,2,779156,5,533733,0,1232389,4,808512,0,2567879
4637,2,79276,5,522825,0,1238299,4,807542,0,2654251
4639,2,807512,5,507495,0,1249017,4,801839,0,2721141
4641,2,822073,5,500012,0,1295278,4,807029,0,2674395
4643,2,836919,5,577366,0,1305812,4,806503,0,2782802
4645,2,851969,5,599192,0,1362295,4,829789,0,2903337
4647,2,869723,5,649594,0,1378414,4,835617,0,3031465
4649,2,890127,5,707247,0,1390978,4,840805,0,3133102
4651,2,913115,5,757188,0,1435092,4,883897,0,3128418
4653,2,939312,5,871648,0,1531349,4,930145,0,3130805
4655,2,959838,5,913764,0,1567981,4,958115,0,3151171
4657,2,981771,5,929767,0,1604612,4,949877,0,3352668
4659,3,025955,5,947187,0,1641243,4,946457,0,3417667
4661,3,090567,5,961536,0,1677875,5,033416,0,3418737
4663,3,138402,5,974241,0,1714506,5,08553,0,3920535
4665,3,169152,5,980839,0,1641215,5,166029,0,3951721
4667,3,201201,5,979031,0,1688654,5,196853,0,4266769
4669,3,234472,6,030732,0,173683,5,229467,0,4492207
4671,3,303855,6,097222,0,1783721,5,307601,0,4974484
4673,3,401545,6,089121,0,1830613,5,354138,0,5426243
4675,3,553054,6,257659,0,1895055,5,443077,0,5458086
4677,3,691881,6,265444,0,1933844,5,521432,0,5765345
4679,3,758093,6,284732,0,1961382,5,556718,0,5968183
4681,3,824305,6,302092,0,1978734,5,598011,0,6048598
4683,3,890517,6,33116,0,19909,5,627123,0,6241001
4685,3,956728,6,36004,0,1997881,5,645789,0,6481404
4687,4,02294,6,39507,0,2004861,5,678886,0,6808636
4689,4,089912,6,631408,0,2011842,5,716257,0,6850699
4691,4,157638,6,675256,0,2018822,5,710172,0,689198
4693,4,23764,6,661274,0,1996814,5,720844,0,7066784
4695,4,317642,6,71881,0,2001692,5,770175,0,7216418
4697,4,397644,6,759787,0,200657,5,810489,0,7249189
4699,4,576428,6,727421,0,2020312,5,86527,0,7285314
4701,4,744971,6,773673,0,2039736,5,932631,0,7321237
4703,4,909561,6,804425,0,2072776,6,008485,0,7343587
4705,5,073061,6,829691,0,2167611,6,067742,0,7694869
4707,5,238269,6,85728,0,2281764,6,078475,0,782499
4709,5,405185,6,880289,0,241744,6,092523,0,7919683
4711,5,619846,6,837468,0,2496991,6,101073,0,7770739
4713,5,833841,6,99079,0,2576542,6,12539,0,7790573
4715,6,043256,6,994629,0,2656128,6,259986,0,8096018
4717,6,351417,6,998493,0,2700252,6,316371,0,8359394
4719,6,686545,7,023319,0,274248,6,360049,0,8399865
4721,7,004788,7,112636,0,2782813,6,414138,0,8472927
4723,7,210217,7,284643,0,2978011,6,499338,0,8691599
4725,7,317995,7,175175,0,4444214,6,499088,0,8736274
4727,7,316428,7,286544,0,4691311,6,464626,0,8780703
4729,7,321235,7,332413,0,4872923,6,402921,0,8835958
4731,7,336824,7,415771,0,5089593,6,38853,0,8697168
4733,7,350129,7,432823,0,5178387,6,39938,0,8732036
4735,7,355904,7,500578,0,5174163,6,480922,0,8814365
4737,7,355432,7,572433,0,5141041,6,498796,0,8896694
4739,7,354959,7,602387,0,5107918,6,530011,0,8953978
4741,7,354505,7,657361,0,5074796,6,574803,0,9061353
4743,7,356526,7,656062,0,5116392,6,617344,0,9143682
4745,7,356761,7,656539,0,5172511,6,639849,0,9213792
4747,7,347575,7,617901,0,5111257,6,587551,0,916229
4749,7,343508,7,612511,0,4945281,6,629382,0,9135501
4751,7,333207,7,73501,0,4907151,6,649249,0,8562676
4753,7,317098,7,702032,0,5055747,6,684559,0,9153204
4755,7,300165,7,612488,0,5437166,6,729591,0,8881102
4757,7,273307,7,623744,0,505993,6,741004,0,8706543
4759,7,257023,7,698896,0,4816366,6,641428,0,8708302
4761,7,23089,7,749445,0,4779097,6,620845,0,8451704
4763,7,20443,7,755445,0,4624192,6,705847,0,8620613
4765,7,177748,7,749389,0,4738735,6,739601,0,8662357
4767,7,148663,7,745468,0,4693415,6,71947,0,8803476
4769,7,111876,7,716218,0,4644621,6,639508,0,8925961
4771,7,068338,7,662901,0,4595828,6,634741,0,8993623
4773,7,036147,7,618833,0,4547034,6,567603,0,8893005
4775,7,0153,7,610451,0,4338406,6,55594,0,9196208
4777,6,994454,7,60324,0,4301126,6,546144,0,9051679
4779,6,998714,7,624902,0,4065224,6,482852,0,8902101
4781,7,002365,7,621852,0,3786036,6,459113,0,8603975
4783,7,027851,7,663711,0,3893327,6,512004,0,9167213
4785,7,028173,7,63765,0,3597509,6,459813,0,9328219
4787,7,019669,7,623672,0,3472362,6,459735,0,9273135
4789,7,010322,7,585331,0,3428102,6,443954,0,8478596
4791,6,988498,7,542765,0,3377156,6,440367,0,8178257
4793,6,972058,7,527837,0,3301044,6,431283,0,8016011
4795,6,961213,7,518734,0,3200491,6,401807,0,7914581
4797,6,951243,7,517643,0,3104675,6,401201,0,7985029
4799,6,942527,7,629218,0,3044809,6,408804,0,7989073
4801,6,954273,7,624234,0,3038466,6,429246,0,8100668
4803,6,989274,7,602257,0,3042875,6,449557,0,8268794
4805,6,985349,7,637759,0,3017518,6,459213,0,7989905
4807,6,981406,7,604883,0,2964575,6,450607,0,80801
4809,7,016647,7,790227,0,2913418,6,455495,0,8213735
4811,7,089655,7,90334,0,2837599,6,525011,0,8215528
4813,7,077692,7,890297,0,2683894,6,532185,0,8201191
4815,7,062651,7,876911,0,2129706,6,40915,0,7857079
4817,7,049495,7,808525,0,1988603,6,371076,0,7431622
4819,7,038064,7,760976,0,1908808,6,388705,0,7309921
4821,7,026496,7,712793,0,1866895,6,379861,0,7360219
4823,7,01492,7,647356,0,1811992,6,373009,0,7079311
4825,7,003331,7,654974,0,1762921,6,357257,0,7051485
4827,6,992476,7,662902,0,1754977,6,342669,0,6876757
4829,6,981633,7,678659,0,174375,6,336608,0,6700562
4831,6,971243,7,825431,0,1739356,6,3605,0,6703717
4833,6,960854,7,854669,0,1844012,6,399473,0,6716833
4835,6,945464,7,885797,0,2056484,6,414538,0,6591102
4837,6,925089,7,9393,0,1928464,6,461465,0,6470534
4839,6,906706,7,962179,0,1913647,6,488367,0,6427885
4841,6,888702,7,975532,0,1898829,6,562274,0,6476766
4843,6,869546,8,105155,0,191712,6,514271,0,6357564
4845,6,849875,8,023226,0,1937965,6,564417,0,5827931
4847,6,827194,8,14143,0,1885398,6,619201,0,6039337
4849,6,813066,8,087,0,1884036,6,616805,0,5963699
4851,6,796168,8,016634,0,1902197,6,638306,0,6402518
4853,6,77541,7,987541,0,1916893,6,550812,0,6670388
4855,6,756992,8,058764,0,2024401,6,505072,0,6437808
4857,6,732614,8,068727,0,2099709,6,490211,0,6209179
4859,6,693208,8,078499,0,2119872,6,465754,0,6259246
4861,6,629477,8,075398,0,1941549,6,464488,0,6219753
4863,6,582522,7,990606,0,1975368,6,391377,0,615463
4865,6,552652,7,937758,0,2042794,6,40175,0,6218573
4867,6,523202,7,878394,0,2157547,6,477925,0,6325452
4869,6,599042,7,89767,0,2278895,6,502977,0,6422082
4871,6,744078,7,89188,0,2441903,6,48029,0,6540465
4873,6,860807,7,960952,0,2647169,6,539125,0,6728594
4875,6,817713,7,990465,0,279179,6,641055,0,6577202
4877,6,681297,7,782979,0,3028064,6,652449,0,6543977
4879,6,615485,7,665392,0,3083628,6,585252,0,6808434
4881,6,548528,7,69939,0,3175483,6,560548,0,6940397
4883,6,480424,7,787493,0,3249192,6,544941,0,7074705
4885,6,410777,7,830161,0,3322901,6,590314,0,7256405
4887,6,339694,7,849714,0,3396611,6,585022,0,7215413
4889,6,26785,7,841352,0,3459406,6,57177,0,7132421
4891,6,195057,7,882833,0,351553,6,555486,0,7354301
4893,6,109706,7,919999,0,3552761,6,559128,0,7029942
4895,6,037731,7,942751,0,3632407,6,538487,0,7314872
4897,5,957724,7,918859,0,3688297,6,501737,0,7136341
4899,5,778934,7,868647,0,3679633,6,471037,0,6971955
4901,5,609723,7,815027,0,3650576,6,346746,0,6952626
4903,5,443799,7,763743,0,2793927,6,341761,0,6917567
4905,5,278965,7,730446,0,2770994,6,273047,0,678091
4907,5,112422,7,648962,0,2785794,6,241154,0,6641879
4909,4,97825,7,545047,0,2798333,6,221728,0,6228011
4911,4,76884,7,456003,0,2764371,6,233746,0,6241977
4913,4,541113,7,355876,0,2692223,6,201382,0,6198186
4915,4,315822,7,27579,0,2620075,6,108689,0,6189473
4917,3,992182,7,203263,0,2547927,6,101994,0,6170348
4919,3,644117,7,128615,0,2469506,6,072008,0,5942915
4921,3,313194,7,02955,0,239501,6,002059,0,5907567
4923,3,09534,6,930753,0,2277872,5,770827,0,5626653
4925,2,974245,6,870101,0,2092768,5,595404,0,4949651
4927,2,952874,6,826445,0,2051984,5,591362,0,492507
4929,2,923597,6,747519,0,2023247,5,558773,0,4820426
4931,2,896604,6,686496,0,1935458,5,497679,0,4740656
4933,2,871896,6,552892,0,1868674,5,477481,0,4520991
4935,2,854717,6,220622,0,1854745,5,398199,0,457279
4937,2,843785,6,208313,0,1842383,5,319141,0,4624589
4939,2,832853,6,19626,0,1828172,5,306579,0,4676387
4941,2,821903,6,177207,0,1820818,5,294133,0,4718249
4943,2,808479,6,164966,0,1816715,5,260809,0,4540954
4945,2,792577,6,159537,0,1789872,5,255574,0,4454931
4947,2,781879,6,154694,0,1773288,5,246724,0,4484148
4949,2,771182,6,149849,0,166124,5,17436,0,4348177
4951,2,760346,6,133802,0,1550619,5,134398,0,4389727
4953,2,748947,6,11726,0,1439986,5,075798,0,4144818
4955,2,736703,6,07795,0,1361166,5,026748,0,399087
4957,2,725764,6,031413,0,1315435,4,983029,0,3470021
4959,2,714873,6,029878,0,1307323,4,840878,0,3490024
4961,2,731857,6,167279,0,132356,4,763508,0,3485475
4963,2,750406,6,200303,0,1377953,4,751147,0,3647709
4965,2,781356,6,106237,0,1531076,4,84993,0,3762968
4967,2,823741,6,057995,0,1503006,4,83503,0,3573767
4969,2,86572,6,100838,0,1483511,4,884746,0,3813224
4971,2,904754,6,285309,0,1456301,4,917412,0,3787707
4973,2,937439,6,319792,0,1429671,4,909825,0,3877803
4975,2,968213,6,360966,0,14032,4,910066,0,3863073
4977,2,995557,6,330633,0,1376729,4,925811,0,3851635
4979,3,006103,6,256682,0,1345866,5,09004,0,382413
4981,3,020987,6,488901,0,131647,4,983373,0,3608264
4983,3,008744,6,52763,0,1289693,4,941014,0,3435089
4985,3,017984,6,710106,0,123315,4,966192,0,3698792
4987,3,03426,6,626239,0,1215999,4,958982,0,3714324
4989,3,053078,6,674889,0,1200057,4,989015,0,377015
4991,3,073034,6,672457,0,11791,5,031615,0,3881052
4993,3,077235,6,687286,0,1154421,5,036855,0,3775325
4995,3,081646,6,709407,0,1129281,5,113127,0,382546
4997,3,08597,6,720438,0,1113579,5,258107,0,3814459
4999,3,094114,6,763313,0,1097868,5,269008,0,3909493
5001,3,082273,6,782878,0,1077413,5,309461,0,3808721
5003,3,046594,6,784702,0,1060458,5,309754,0,3875111
5005,3,046523,6,777811,0,1037652,5,314142,0,389153
5007,3,044153,6,753524,0,101603,5,290255,0,3901859
5009,3,000806,6,702654,0,09903231,5,256201,0,3672681
5011,2,918101,6,627676,0,09367943,5,159223,0,3498766
5013,2,918779,6,620621,0,08713996,5,14928,0,3458606
5015,2,919457,6,613565,0,0806005,5,15206,0,3418445
5017,2,920135,6,60651,0,07406104,5,139309,0,3388251
5019,2,920813,6,599454,0,06752158,5,100275,0,3430421
5021,2,92149,6,592399,0,06343564,5,093644,0,347259
5023,2,922168,6,585343,0,0629172,5,08929,0,351476
5025,2,922846,6,578287,0,06239876,5,084935,0,3502294
5027,2,923524,6,571231,0,06188031,5,080581,0,3545968
5029,2,924202,6,500149,0,06136187,5,076226,0,3566194
5031,2,924439,6,400023,0,0611463,5,059735,0,3599297
5033,2,924678,6,224985,0,06093073,5,04327,0,3125295
5035,2,933164,6,227563,0,06071515,5,089076,0,312121
5037,2,932347,6,189477,0,06049958,5,022664,0,3621339
5039,2,931151,6,217521,0,06028401,4,994443,0,351961
5041,2,929952,6,20223,0,06006844,5,044979,0,3494122
5043,2,928211,6,091507,0,0598511,5,042713,0,3354645
5045,2,926825,6,00947,0,05928228,5,063379,0,3172106
5047,2,927621,6,195771,0,08058142,5,038295,0,3148054
5049,2,915029,6,157949,0,08222093,4,999408,0,3050919
5051,2,903671,6,150293,0,09724235,5,143518,0,2830003
5053,2,893511,6,007468,0,102658,5,133593,0,2713037
5055,2,885992,5,878954,0,0987801,5,162727,0,2676189
5057,2,882342,5,803782,0,09490308,5,125777,0,2703879
5059,2,878819,5,734797,0,09669787,5,112768,0,2738797
5061,2,879193,5,688337,0,09462181,5,056047,0,2966883
5063,2,879567,5,676441,0,09254575,5,009528,0,287214
5065,2,879941,5,660658,0,08463702,4,924521,0,2688874
5067,2,879804,5,839162,0,08103072,4,850445,0,2564369
5069,2,770925,5,848948,0,07732923,4,769635,0,2492883
5071,2,594197,5,556271,0,07352332,4,670793,0,2372653
5073,2,373468,5,543417,0,07357173,4,555054,0,2270044
5075,2,260549,5,441512,0,07334714,4,506162,0,2189821
5077,2,247906,5,435284,0,08785311,4,464328,0,2166351
5079,2,235268,5,431386,0,09365492,4,504495,0,2179273
5081,2,224844,5,550313,0,09348735,4,621485,0,2221111
5083,2,216606,5,584657,0,0933223,4,659186,0,2482951
5085,2,210742,5,669793,0,09313897,4,835317,0,2482328
5087,2,20696,5,91167,0,1151842,4,895635,0,2734914
5089,2,202897,5,851356,0,1129209,4,921653,0,2745912
5091,2,198947,5,83832,0,112493,4,928034,0,2766073
5093,2,195276,5,861208,0,1122082,4,93155,0,278554
5095,2,581192,5,960303,0,108031,4,99839,0,2806273
5097,2,580514,5,975307,0,1098829,5,142763,0,2831399
5099,2,576439,5,990445,0,1122351,5,149657,0,283456
5101,2,5725,6,013736,0,1115737,5,160044,0,2866733
5103,2,568502,6,072271,0,1109188,5,223594,0,2903011
5105,2,564374,6,070616,0,1130617,5,218496,0,2924063
5107,2,560246,6,05467,0,11416,5,245492,0,2927577
5109,2,522022,6,015416,0,1154612,5,246445,0,2916126
5111,2,504533,6,038713,0,1163901,5,23668,0,2886075
5113,2,507797,6,062058,0,117319,5,248042,0,2888992
5115,2,511062,6,085403,0,1182479,5,265439,0,2907049
5117,2,514326,6,108747,0,1191768,5,270767,0,2925105
5119,2,517685,6,139565,0,1269748,5,295785,0,2943162
5121,2,521419,6,187796,0,1409143,5,324486,0,2970017
5123,2,525418,6,368086,0,145373,5,364442,0,318416
5125,2,529222,6,368771,0,1549016,5,384502,0,3202215
5127,2,533023,6,369621,0,1621809,5,408303,0,3307294
5129,2,536636,6,438139,0,1662296,5,436648,0,3591007
5131,2,541121,6,599487,0,1834671,5,501729,0,4389704
5133,2,551908,6,726975,0,2147027,5,577977,0,508508
5135,2,569845,6,800747,0,2261707,5,630715,0,5460593
5137,2,581266,6,806384,0,2418215,5,64428,0,546471
5139,2,592686,6,81202,0,2477023,5,675582,0,5698326
5141,2,604102,6,81888,0,2495038,5,700683,0,5875932
5143,2,615518,6,830273,0,261807,5,732881,0,5917934
5145,2,626934,6,892881,0,2748316,5,758018,0,6317917
5147,2,63835,6,996133,0,2815725,5,797954,0,6394328
5149,2,649748,7,023197,0,2863461,5,853095,0,6452689
5151,2,661104,7,051617,0,291203,5,909766,0,6522773
5153,2,672479,7,067109,0,3077226,5,943928,0,6595649
5155,2,683061,7,050579,0,3081652,5,985697,0,6615535
5157,2,691484,7,030018,0,3031887,5,986606,0,6634752
5159,2,683634,7,009868,0,3006345,5,984549,0,6653848
5161,2,663379,7,039128,0,3130255,6,046341,0,688068
5163,2,654474,7,054943,0,3228651,6,06434,0,6790401
5165,2,65944,7,037173,0,316819,6,129344,0,6863543
5167,2,653884,7,050142,0,3102894,6,116014,0,6767964
5169,2,649684,7,062509,0,3071656,6,094779,0,6671568
5171,2,64843,7,04758,0,3071847,6,067121,0,6577173
5173,2,653527,7,010889,0,3036711,6,051927,0,6478776
5175,2,660785,7,023363,0,2984688,6,09052,0,6417276
5177,2,671259,7,054546,0,2948252,6,083689,0,639573
5179,2,790305,7,043991,0,2954852,6,069006,0,6345329
5181,2,89756,6,977031,0,2962407,6,039697,0,6631044
5183,2,971054,7,133588,0,2969864,6,125158,0,6402233
5185,3,016547,7,322221,0,311381,6,162835,0,6261168
5187,3,064619,7,340835,0,3262643,6,223125,0,6737008
5189,3,111793,7,363857,0,3742641,6,444569,0,6855503
5191,3,095138,7,392069,0,3837618,6,424708,0,7390223
5193,3,093065,7,363776,0,3298959,6,458343,0,7412797
5195,3,089484,7,167528,0,3323389,6,18361,0,7114021
5197,3,086077,7,3094,0,3421706,6,284139,0,6584811
5199,3,079032,7,395006,0,3626854,6,232285,0,6703911
5201,3,072986,7,345333,0,4144042,6,225451,0,6662099
5203,3,067217,7,2395,0,4027667,6,124985,0,6532124
5205,3,064765,7,253649,0,4042257,6,037309,0,6464644
5207,3,064628,7,248196,0,4104002,6,012709,0,6551682
5209,3,06644,7,245076,0,4110909,6,056423,0,6712822
5211,3,068714,7,299697,0,411686,6,160979,0,700637
5213,3,07101,7,31052,0,4130437,6,188667,0,7331777
5215,3,079464,7,415618,0,4171927,6,21604,0,7537258
5217,3,098235,7,455146,0,4207782,6,233538,0,7627621
5219,3,100232,7,463317,0,420775,6,232051,0,7649967
5221,3,10223,7,471488,0,4207718,6,230564,0,7672313
5223,3,104228,7,479659,0,4207687,6,220447,0,7694658
5225,3,106225,7,487829,0,4207655,6,22759,0,7717004
5227,3,108223,7,496,0,4207623,6,252818,0,7610708
5229,3,11022,7,504171,0,4207591,6,277845,0,7756562
5231,3,112218,7,512341,0,420756,6,282953,0,7729821
5233,3,114216,7,520514,0,4207528,6,287808,0,7706176
5235,3,104322,7,532238,0,4245684,6,389901,0,7728529
5237,3,10009,7,547515,0,4073167,6,336975,0,7626846
5239,3,108396,7,568127,0,3764792,6,331713,0,7601812
5241,3,115911,7,573987,0,3848668,6,375299,0,772249
5243,3,124042,7,57747,0,3868088,6,365828,0,759477
5245,3,118599,7,602263,0,3949465,6,396066,0,7797568
5247,3,111284,7,550632,0,4020252,6,353861,0,8063031
5249,3,105966,7,563928,0,4069174,6,307945,0,8139208
5251,3,10028,7,49242,0,4149659,6,324578,0,7934339
5253,3,09302,7,428834,0,3969271,6,289583,0,7900578
5255,3,083045,7,40266,0,4039164,6,249297,0,7896589
5257,3,070761,7,413463,0,4109059,6,241576,0,7662714
5259,3,059947,7,425056,0,4178953,6,263451,0,7846721
5261,3,049134,7,486322,0,4239882,6,254935,0,7738833
5263,3,037266,7,480186,0,4258559,6,26432,0,7627725
5265,3,025397,7,489589,0,4234499,6,264755,0,7523212
5267,3,013529,7,443873,0,4203949,6,254421,0,7492682
5269,3,004972,7,325249,0,4157148,6,228118,0,7462152
5271,2,958957,7,229679,0,414758,6,194899,0,7392893
5273,2,956975,7,281136,0,4114591,6,090084,0,7401092
5275,2,95336,7,196562,0,3960839,6,026328,0,705092
5277,2,955184,7,082154,0,3516009,6,008381,0,6748406
5279,2,958722,7,0599,0,3340582,6,015303,0,6417666
5281,2,962318,6,9534,0,31033,5,929128,0,6298317
5283,2,964345,6,905738,0,2590062,5,909972,0,5776711
5285,2,965015,6,87963,0,2413197,5,815493,0,5645177
5287,2,964922,6,643902,0,2361492,5,505064,0,5154178
5289,2,965111,6,550361,0,2258268,5,446156,0,5111728
5291,2,965378,6,527699,0,2202302,5,43807,0,4599684
5293,2,965641,6,359006,0,2182015,5,460759,0,4475329
5295,2,562942,6,291595,0,2120278,5,364231,0,4382369
5297,2,554869,6,288746,0,2052087,5,34913,0,4286543
5299,2,593619,6,268542,0,2032167,5,358437,0,4288044
5301,2,698092,6,296583,0,2009269,5,339745,0,4281359
5303,2,705765,6,276539,0,1993942,5,246829,0,4220016
5305,2,713568,6,23903,0,1985607,5,138111,0,4091316
5307,2,721371,6,159986,0,1943129,5,073034,0,4047916
5309,2,729192,6,161004,0,1954419,5,072365,0,3957102
5311,2,737031,6,164919,0,1966399,5,081643,0,3967149
5313,2,744869,6,168835,0,1962641,5,108553,0,3986071
5315,2,756038,6,172395,0,1952625,5,168607,0,4017019
5317,2,769073,6,207871,0,1946199,5,233473,0,4048627
5319,2,78161,6,297443,0,1939808,5,252301,0,406738
5321,2,793154,6,32973,0,1947084,5,205648,0,4088072
5323,2,843709,6,346176,0,1987337,5,089529,0,3880501
5325,2,9301,6,337906,0,2202854,5,046593,0,3877562
5327,3,019426,6,256819,0,221278,5,07369,0,3986025
5329,3,039656,6,33457,0,2267604,5,037938,0,4374318
5331,3,068871,6,319724,0,2222639,4,961157,0,4178235
5333,3,094293,6,257211,0,2047664,4,927681,0,4274063
5335,3,08103,6,395872,0,1960068,4,849353,0,3929209
5337,3,077026,6,519493,0,19216,4,921756,0,4086897
5339,3,071334,6,623574,0,1890231,4,923212,0,4071609
5341,3,063319,6,71005,0,1776817,4,920555,0,4134607
5343,3,051454,6,769453,0,1652902,4,920141,0,412271
5345,3,035471,6,751673,0,1529597,4,913923,0,419876
5347,3,018757,6,577871,0,1407416,4,914248,0,410478
5349,3,002297,6,374584,0,1346004,4,916453,0,4085929
5351,2,98546,6,358385,0,1343749,4,911602,0,407185
5353,2,970304,6,348338,0,1345282,4,913225,0,4047502
5355,2,955019,6,342008,0,1350905,4,917377,0,4025785
5357,2,939166,6,334318,0,1356581,4,919592,0,3880919
5359,2,923315,6,326628,0,1362268,4,916354,0,3826658
5361,2,907108,6,251335,0,1368055,4,877497,0,372391
5363,2,881261,6,133374,0,137364,4,814089,0,3846386
5365,2,830277,5,822247,0,1387698,4,826333,0,3853171
5367,2,779758,5,830844,0,1400545,4,854156,0,3990458
5369,2,727875,5,939901,0,1411857,4,897792,0,4058468
5371,2,718229,6,029686,0,1423131,4,903365,0,4195188
5373,2,688071,5,843819,0,1434624,4,912811,0,4256746
5375,2,65054,5,696546,0,1442853,4,903338,0,4288534
5377,2,617679,5,581072,0,1446884,4,855322,0,4314194
5379,2,483662,5,652451,0,1460202,4,70474,0,4150324
5381,2,363471,5,696528,0,1476426,4,775999,0,407702
5383,2,265506,5,659767,0,1475778,4,719884,0,4089989
5385,2,188308,5,744717,0,1413701,4,641578,0,3977653
5387,2,106191,5,711889,0,1355563,4,571566,0,3521743
5389,2,024057,5,405146,0,1098047,4,405375,0,3263087
5391,2,004819,5,306107,0,1020956,4,310037,0,3047671
5393,1,986956,5,270792,0,1022209,4,191961,0,2894727
5395,1,970394,5,245041,0,1023258,4,197892,0,2922263
5397,1,953745,5,189991,0,1022822,4,210636,0,2886445
5399,1,936911,5,149014,0,09886695,4,195266,0,2717819
5401,1,919853,5,071063,0,09682969,4,040297,0,2584909
5403,1,903102,5,03589,0,09642087,4,026588,0,2548193
5405,1,886351,5,000717,0,09601204,4,005301,0,2520546
5407,1,869599,4,965544,0,09560321,4,008911,0,2471082
5409,1,85252,4,912601,0,09067955,4,011717,0,2271632
5411,1,853159,4,885088,0,08489469,4,006135,0,2211084
5413,1,874386,5,092319,0,08484022,3,986159,0,2211316
5415,1,885145,5,128684,0,08478576,4,026353,0,220398
5417,1,891189,5,132094,0,08472194,4,048138,0,2205866
5419,1,874803,5,136127,0,08464219,4,022471,0,2207171
5421,1,858418,5,134423,0,08455588,3,994828,0,2208476
5423,1,842033,5,12015,0,08446956,3,999218,0,2209781
5425,1,841633,5,10078,0,08438326,4,012409,0,2189602
5427,1,904048,5,08139,0,08469827,4,018256,0,2162514
5429,1,895767,5,061979,0,08557294,4,031119,0,2203926
5431,1,887486,5,042569,0,08836911,4,037644,0,2165219
5433,1,879205,5,023158,0,08684728,4,038033,0,2138316
5435,1,874567,4,985482,0,08759836,4,044713,0,208498
5437,1,873571,4,946952,0,08838421,4,043179,0,2021362
5439,1,860416,4,883216,0,0866976,4,037935,0,1989596
5441,1,848055,4,834033,0,08349687,4,024044,0,1965127
5443,1,836486,4,814516,0,08119757,3,986279,0,1964368
5445,1,838446,4,774178,0,07687167,3,995668,0,1945266
5447,1,869125,4,772122,0,07312411,3,959387,0,1853387
5449,1,875226,4,741863,0,06908572,3,962006,0,1733593
5451,1,880461,4,687405,0,06881628,3,968894,0,1716266
5453,1,896286,4,702102,0,08533046,3,98506,0,1739161
5455,1,921431,4,839758,0,08515117,4,004142,0,1767321
5457,1,974904,5,163606,0,08503245,3,9994,0,1810982
5459,2,01066,5,230691,0,0848941,4,020229,0,1886106
5461,2,009396,5,222499,0,08467615,3,930816,0,1821824
5463,2,009187,5,217948,0,0844582,3,916499,0,1748884
5465,2,008978,5,213397,0,08424026,3,865003,0,175954
5467,2,008769,5,180465,0,08402231,3,820285,0,177023
5469,2,008683,5,144248,0,08380437,3,789097,0,1766948
5471,2,008598,5,10803,0,08358642,3,769618,0,1725761
5473,2,008479,5,071813,0,08336848,3,659112,0,1724121
5475,2,008189,5,038844,0,08315054,3,646756,0,1722906
5477,2,008185,5,005918,0,08293258,3,632116,0,1712026
5479,2,008476,4,973033,0,08271464,3,618608,0,1682584
5481,2,00764,4,929555,0,0824967,3,605123,0,1608335
5483,2,007331,4,875896,0,08163992,3,591636,0,1603892
5485,2,007551,4,812054,0,07970038,3,588884,0,157529
5487,2,007888,4,789943,0,07803425,3,586011,0,15548
5489,2,008224,4,767831,0,07862491,3,583138,0,1547284
5491,2,00856,4,745719,0,07759409,3,580266,0,1539768
5493,2,008896,4,723608,0,07594121,3,577393,0,1532252
5495,2,009233,4,701496,0,07428832,3,563269,0,1524737
5497,2,009569,4,679385,0,07263543,3,567792,0,1517221
5499,1,966479,4,662819,0,07137304,3,542322,0,1511328
5501,1,85753,4,646169,0,07155477,3,51767,0,1504764
5503,1,845441,4,623888,0,07173649,3,523668,0,1494673
5505,1,833351,4,601608,0,07191822,3,529665,0,149099
5507,1,821261,4,579328,0,07209995,3,531953,0,1479642
5509,1,809172,4,557047,0,06933834,3,52949,0,1472126
5511,1,797082,4,534766,0,0654971,3,528106,0,146461
5513,1,784993,4,512486,0,06165587,3,526183,0,1457094
5515,1,769573,4,493207,0,05781463,3,518883,0,1449579
5517,1,752288,4,409397,0,05585212,3,511626,0,1441772
5519,1,735406,4,309567,0,0543055,3,486739,0,1426729
5521,1,719142,4,119742,0,05107324,3,417617,0,1423814
5523,1,663601,4,023007,0,05104369,3,345515,0,1414542
5525,1,572421,3,899343,0,05093576,3,2711,0,1282147
5527,1,478307,3,814288,0,05074944,3,198269,0,1250528
5529,1,453478,3,790107,0,05055991,3,105977,0,1233236
5531,1,418792,3,72416,0,03666844,3,060441,0,1172019
5533,1,381596,3,615577,0,03457208,2,947679,0,1156646
5535,1,375936,3,597754,0,03442428,2,936733,0,1157459
5537,1,367533,3,54814,0,03417971,2,851241,0,1114836
5539,1,360819,3,500486,0,03388543,2,79481,0,109988
5541,1,356379,3,453338,0,03377778,2,764966,0,1098526
5543,1,355788,3,443107,0,03367012,2,717302,0,1097192
5545,1,395147,3,41878,0,03360423,2,685776,0,1046056
5547,1,443137,3,410126,0,03296245,2,702007,0,1045685
5549,1,459936,3,374949,0,03262847,2,642657,0,1017531
5551,1,47438,3,357791,0,03256053,2,620253,0,1006503
5553,1,487125,3,367399,0,03249259,2,613268,0,09954759
5555,1,582885,3,455399,0,03267336,2,597749,0,09725653
5557,1,6296,3,462124,0,03265968,2,600226,0,09662628
5559,1,721223,3,448739,0,032646,2,632807,0,0971592
5561,1,762272,3,435354,0,04158392,2,665389,0,09658661
5563,1,831781,3,406176,0,04188355,2,626815,0,09233882
5565,1,887148,3,424166,0,04164487,2,651234,0,09083601
5567,1,900061,3,267018,0,04121793,2,581534,0,08943254
5569,1,902984,3,200052,0,03744204,2,577099,0,08957014
5571,1,860242,3,234198,0,03430353,2,592086,0,08632759
5573,1,837796,3,234798,0,03261925,2,587306,0,08809905
5575,1,822262,3,235015,0,03198335,2,539578,0,08664494
5577,1,802274,3,228148,0,03167257,2,513098,0,08562366
5579,1,778311,3,377827,0,03171705,2,51707,0,08323269
5581,1,74768,3,48847,0,03109849,2,534292,0,08627108
5583,1,734449,3,568987,0,0315694,2,592385,0,08202301
5585,1,734966,3,612731,0,0314623,2,592093,0,08109246
5587,1,740315,3,676348,0,03174398,2,593347,0,08156698
5589,1,742299,3,737313,0,03202566,2,653377,0,08225207
5591,1,742611,3,810115,0,03230577,2,691774,0,08266455
5593,1,74495,3,814927,0,03258432,2,702974,0,08441129
5595,1,746909,3,815648,0,03289106,2,72849,0,08700846
5597,1,747486,3,811694,0,03322596,2,72929,0,08714769
5599,1,748063,3,80774,0,03356087,2,712895,0,08728693
5601,1,74864,3,803785,0,03389578,2,690799,0,08546504
5603,1,749217,3,799831,0,03423069,2,686609,0,08585066
5605,1,749794,3,795877,0,0345656,2,689792,0,08623629
5607,1,750372,3,791922,0,03490051,2,688116,0,08627189
5609,1,750949,3,787968,0,03523542,2,679881,0,08533931
5611,1,733347,3,779635,0,03557032,2,671562,0,08513471
5613,1,695134,3,594611,0,03590523,2,647124,0,08347414
5615,1,670819,3,424176,0,03624014,2,659368,0,08254408
5617,1,64081,3,442899,0,03712373,2,705496,0,08164588
5619,1,641141,3,500993,0,03839015,2,697539,0,0803454
5621,1,641472,3,497375,0,03818639,2,71597,0,08093274
5623,1,641803,3,486815,0,03813716,2,713113,0,0815194
5625,1,626166,3,476743,0,03738071,2,718823,0,08211789
5627,1,548227,3,467844,0,03703883,2,732532,0,09174527
5629,1,538251,3,45277,0,03856139,2,731645,0,09139246
5631,1,528276,3,452387,0,03959142,2,738699,0,09114527
5633,1,518232,3,452003,0,04012501,2,746628,0,09239142
5635,1,521024,3,77134,0,04065861,2,757114,0,1002526
5637,1,515115,3,770444,0,04330094,2,773894,0,1031534
5639,1,505552,3,744874,0,04286263,2,815752,0,1033076
5641,1,495876,3,727656,0,04253846,2,835344,0,1038749
5643,1,4862,3,710714,0,04367257,2,87623,0,1094118
5645,1,476524,3,710924,0,04346564,2,894723,0,1102807
5647,1,43813,3,694554,0,04325872,2,903132,0,1042168
5649,1,424306,3,633132,0,04305421,2,918031,0,1055279
5651,1,414937,3,727995,0,04285212,2,951945,0,1103082
5653,1,39037,3,780705,0,03777416,2,977265,0,107751
5655,1,356859,3,78998,0,03793616,2,933552,0,1088626
5657,1,294991,3,794204,0,03809816,2,927777,0,1099742
5659,1,253575,3,798419,0,03465513,2,895213,0,1051504
5661,1,249178,3,829104,0,03511485,2,931485,0,1077044
5663,1,244782,3,859832,0,03557457,2,957871,0,1103846
5665,1,240386,3,896072,0,03603429,3,057607,0,1143967
5667,1,240378,3,922132,0,03649401,3,114777,0,1157528
5669,1,244758,3,911373,0,03695374,3,133883,0,1189984
5671,1,242489,3,981878,0,0376461,3,199647,0,1211127
5673,1,240205,4,091115,0,03822215,3,208586,0,1237817
5675,1,237904,4,11109,0,03868186,3,221346,0,1263964
5677,1,235947,4,125116,0,0394565,3,255275,0,1281953
5679,1,23275,4,13965,0,03958305,3,35464,0,1303891
5681,1,228313,4,153358,0,03971711,3,368774,0,1331575
5683,1,223876,4,168605,0,03985117,3,401987,0,1419557
5685,1,219439,4,213726,0,04471753,3,469674,0,1397655
5687,1,223727,4,322523,0,04985799,3,497075,0,1442512
5689,1,222782,4,375733,0,05391289,3,545778,0,1502204
5691,1,216598,4,397882,0,05752474,3,592545,0,1554749
5693,1,210414,4,415934,0,06114931,3,64864,0,1578057
5695,1,20423,4,44753,0,06938724,3,736588,0,1639056
5697,1,198062,4,483068,0,07265294,3,796257,0,1681125
5699,1,191909,4,521023,0,0740113,3,825755,0,1908195
5701,1,185757,4,557342,0,07456749,3,895766,0,1930478
5703,1,181244,4,620124,0,07842281,3,960665,0,1939466
5705,1,178372,4,640736,0,0797838,3,99366,0,2021205
5707,1,175501,4,742483,0,08115184,4,038905,0,2129827
5709,1,172017,4,831662,0,08257619,4,058646,0,2204895
5711,1,167919,5,008566,0,08405685,4,077972,0,2369577
5713,1,163821,5,037711,0,09027936,4,19154,0,2557851
5715,1,15855,5,055442,0,09037253,4,233192,0,2666958
5717,1,152105,5,071728,0,09046569,4,288252,0,273958
5719,1,14573,5,103202,0,09066638,4,339311,0,2870291
5721,1,138994,5,234999,0,09127875,4,476575,0,296519
5723,1,131899,5,366151,0,09272534,4,536977,0,3159998
5725,1,124803,5,593615,0,09556673,4,588183,0,3205452
5727,1,118071,5,621279,0,09428766,4,690008,0,3265992
5729,1,110531,5,650545,0,09300371,4,694595,0,3302522
5731,1,102991,5,677155,0,09172019,4,748544,0,3355332
5733,1,094862,5,770188,0,09047505,4,836388,0,3451781
5735,1,085791,5,797945,0,09087788,4,902737,0,3598753
5737,1,07672,5,828218,0,09580059,5,080431,0,3752793
5739,1,067648,6,179723,0,1012129,5,184733,0,3794341
5741,1,05863,6,384984,0,1050495,5,239909,0,3843961
5743,1,049566,6,402633,0,1090968,5,257167,0,3862763
5745,1,004672,6,461461,0,1217453,5,21311,0,3889808
5747,0,9518773,6,179127,0,1423832,5,24382,0,4081149
5749,0,9326637,6,386168,0,1750529,5,262928,0,425278
5751,0,914227,6,557646,0,1781285,5,312841,0,4351102
5753,0,8958865,6,555096,0,1814623,5,349626,0,4390994
5755,0,7949623,6,556254,0,1821702,5,372602,0,4458233
5757,0,7437799,6,547831,0,1979023,5,397896,0,4520925
5759,0,6485748,6,644613,0,2221921,5,480765,0,4601619
5761,0,6049346,6,776353,0,2162758,5,473679,0,4699481
5763,0,53053,6,784026,0,2116842,5,499108,0,4776554
5765,0,4701958,6,78739,0,2079531,5,571061,0,4808887
5767,0,4518106,6,794879,0,2075841,5,619145,0,482407
5769,0,4449237,6,802459,0,2074177,5,606348,0,4845952
5771,0,4413843,6,809517,0,2064556,5,594602,0,4877158
5773,0,4379766,6,784972,0,1947175,5,598982,0,4857732
5775,0,4352742,6,782069,0,1969334,5,61244,0,4853277
5777,0,432468,6,763722,0,2002538,5,55378,0,4825712
5779,0,4288181,6,750848,0,1943417,5,54921,0,4846117
5781,0,4246944,6,742224,0,1891991,5,568657,0,4882724
5783,0,4186087,6,708118,0,1846757,5,590535,0,4831134
5785,0,4099168,6,659438,0,1807715,5,621578,0,4799334
5787,0,4013094,6,628009,0,1732267,5,625376,0,4604398
5789,0,3967118,6,618917,0,1686338,5,633286,0,4644644
5791,0,3937856,6,620569,0,1606075,5,668223,0,4654349
5793,0,3893819,6,616436,0,1430811,5,641154,0,4681031
5795,0,3895077,6,656594,0,1421061,5,632881,0,4744038
5797,0,3994342,6,718841,0,1399033,5,647022,0,4837879
5799,0,40587,6,788971,0,1484067,5,721866,0,4984916
5801,0,4102915,6,818205,0,1511496,5,776457,0,5118935
5803,0,421168,6,842605,0,1558726,5,802053,0,5132124
5805,0,4214617,6,856104,0,1573007,5,863407,0,5161939
5807,0,4211038,6,86259,0,1554338,5,872875,0,5160744
5809,0,4207458,6,869077,0,153567,5,876866,0,5187874
5811,0,4203879,6,875563,0,1562185,5,880857,0,5228279
5813,0,4368447,6,88205,0,1598967,5,928574,0,5237749
5815,0,4411155,6,894005,0,1676812,6,054646,0,5142639
5817,0,4419556,6,963199,0,1748136,5,973523,0,5166888
5819,0,4466044,6,99356,0,1834368,6,049242,0,5192454
5821,0,4435626,7,042674,0,1920347,6,097674,0,5218019
5823,0,4407434,7,087601,0,2006421,6,04006,0,5605705
5825,0,4381288,7,128217,0,2092496,6,058308,0,5743564
5827,0,4350455,7,040239,0,2121186,6,108146,0,583253
5829,0,4369089,7,089589,0,2253907,6,112837,0,6112499
5831,0,4413207,7,17057,0,2238805,6,197207,0,637074
5833,0,4441252,7,18642,0,2241815,6,280273,0,5985042
5835,0,4329872,7,231709,0,225966,6,294504,0,6151285
5837,0,4291549,7,262484,0,2257244,6,320307,0,5849788
5839,0,4289774,7,231303,0,2035319,6,328414,0,5894985
5841,0,4303071,7,319933,0,2081638,6,336114,0,5951781
5843,0,4330317,7,265521,0,2122129,6,32881,0,6000764
5845,0,4357777,7,292713,0,2229686,6,325557,0,6049747
5847,0,4515907,7,291292,0,2316302,6,367209,0,6066791
5849,0,4678878,7,362449,0,2381979,6,373536,0,6066921
5851,0,4666802,7,394621,0,2476706,6,366493,0,620587
5853,0,4705766,7,41819,0,2470435,6,359384,0,6262006
5855,0,5002419,7,415988,0,2465871,6,359605,0,6242145
5857,0,5082118,7,418756,0,2166799,6,406608,0,6003199
5859,0,5146344,7,566072,0,1951873,6,426438,0,6326964
5861,0,5197703,7,499504,0,1909757,6,470639,0,6431102
5863,0,5450178,7,558711,0,1943005,6,47059,0,6622752
5865,0,5697446,7,610775,0,1983496,6,398539,0,6858541
5867,0,5732915,7,633405,0,2012245,6,43858,0,6927326
5869,0,5725867,7,647646,0,2042379,6,474851,0,6915675
5871,0,5785306,7,65983,0,2062761,6,477379,0,6726259
5873,0,5851521,7,6674,0,2077074,6,469063,0,6644233
5875,0,5920516,7,631483,0,2094186,6,382606,0,6492675
5877,0,6659698,7,656461,0,2116827,6,390471,0,6544665
5879,0,6844324,7,602746,0,2139688,6,430858,0,6658387
5881,0,7069263,7,49681,0,2354537,6,476991,0,6963875
5883,0,7270242,7,493246,0,2356635,6,528696,0,7075906
5885,0,7722785,7,521435,0,2353919,6,573672,0,6924685
5887,0,8350168,7,570984,0,2579755,6,572464,0,6915842
5889,0,8835203,7,61143,0,2930652,6,56661,0,6883038
5891,0,9177156,7,644284,0,3040031,6,587471,0,6859197
5893,0,9671316,7,681518,0,2695895,6,644951,0,6622466
5895,1,012197,7,662348,0,25639,6,636342,0,6465967
5897,1,04341,7,650825,0,2658716,6,67755,0,6843973
5899,1,071619,7,59948,0,2747769,6,731786,0,676316
5901,1,09779,7,85101,0,278071,6,767875,0,6925255
5903,1,10578,7,81906,0,2798722,6,790385,0,717635
5905,1,12255,7,76495,0,3198717,6,783292,0,7200137
5907,1,16859,7,716044,0,3021476,6,815619,0,671088
5909,1,239221,7,669475,0,2898537,6,771897,0,6634119
5911,1,365792,7,619501,0,2967726,6,760457,0,6732971
5913,1,506351,7,60694,0,3006504,6,793845,0,6620023
5915,1,591299,7,721021,0,3070638,6,785789,0,6543951
5917,1,712724,7,716008,0,3155085,6,73943,0,6072361
5919,1,78249,7,848806,0,3276221,6,681807,0,6359179
5921,1,819054,7,811425,0,3281806,6,592695,0,5996512
5923,1,876174,7,850058,0,3282122,6,60928,0,5961742
5925,1,892834,7,929055,0,3255234,6,555985,0,5705531
5927,1,906959,7,813879,0,3091556,6,546882,0,5493237
5929,1,942322,7,785744,0,2984195,6,567749,0,6019809
5931,1,969644,7,904558,0,2977309,6,573969,0,6435932
5933,1,983486,7,830114,0,2968412,6,626541,0,6183224
5935,1,98849,7,767903,0,2989978,6,545409,0,6329732
5937,1,99356,7,739253,0,3002701,6,512831,0,5981592
5939,1,998693,7,728084,0,3021659,6,481822,0,594767
5941,2,007383,7,726772,0,3008506,6,546929,0,5985957
5943,2,012166,7,635641,0,3110543,6,537005,0,6112799
5945,2,017823,7,548979,0,3070552,6,418464,0,6101288
5947,2,026302,7,716377,0,3129447,6,456923,0,6153252
5949,2,031401,7,642927,0,3278423,6,402728,0,619303
5951,2,037202,7,748783,0,3291306,6,456481,0,6143669
5953,2,053703,7,812694,0,3346527,6,471714,0,6264433
5955,2,065123,7,798513,0,3296643,6,459721,0,6356164
5957,2,073614,7,786877,0,3240769,6,532199,0,6380768
5959,2,076196,7,834583,0,3188785,6,489863,0,6133083
5961,2,077691,7,844911,0,3135701,6,526534,0,5943235
5963,2,079575,7,77126,0,3092417,6,497352,0,6234393
5965,2,083294,7,582177,0,3113145,6,473452,0,634499
5967,2,086411,7,581102,0,3031297,6,4997,0,6423239
5969,2,089563,7,560528,0,3001545,6,492438,0,6412072
5971,2,091706,7,532643,0,2968188,6,444217,0,6485434
5973,2,095104,7,350127,0,2972696,6,494696,0,6658448
5975,2,098433,7,350235,0,301197,6,48437,0,679468
5977,2,100325,7,456264,0,3346461,6,517697,0,6934478
5979,2,102717,7,444707,0,3447168,6,573971,0,7023922
5981,2,104777,7,435034,0,3452047,6,596156,0,7066807
5983,2,107293,7,42495,0,3456928,6,618668,0,713317
5985,2,109789,7,438734,0,3470108,6,637156,0,7371188
5987,2,113262,7,478103,0,3491588,6,635551,0,7551833
5989,2,116449,7,569751,0,3520302,6,642597,0,7612714
5991,2,121892,7,615859,0,3543847,6,62131,0,7679736
5993,2,128918,7,630786,0,3562253,6,583382,0,77057
5995,2,136305,7,616457,0,3582675,6,565003,0,7887273
5997,2,144393,7,576701,0,3603069,6,560881,0,7874492
5999,2,164852,7,530535,0,355031,6,558107,0,7607965
6001,2,199411,7,469434,0,3516915,6,557138,0,7651827
6003,2,229792,7,413464,0,3187334,6,473915,0,7578217
6005,2,269238,7,356126,0,2981155,6,425992,0,7687106
6007,2,311146,7,502361,0,2890563,6,483629,0,7877539
6009,2,364782,7,51006,0,2833116,6,495738,0,8022998
6011,2,427624,7,492046,0,2850672,6,530043,0,8154374
6013,2,483231,7,602915,0,2870451,6,577219,0,8137936
6015,2,604835,7,531759,0,2880781,6,547169,0,7913755
6017,2,789415,7,413606,0,2890913,6,601591,0,8072511
6019,2,881545,7,479783,0,2907718,6,565608,0,8124721
6021,2,980168,7,582889,0,2924494,6,534197,0,8250667
6023,3,077548,7,526353,0,2964204,6,54807,0,8274567
6025,3,174931,7,468333,0,2958047,6,501792,0,813445
6027,3,202863,7,475903,0,2863536,6,558755,0,8258262
6029,3,224195,7,444722,0,2810306,6,538968,0,8094662
6031,3,258324,7,46502,0,2927344,6,507053,0,8263326
6033,3,316098,7,489905,0,3264989,6,535541,0,8537102
6035,3,368737,7,577838,0,3284996,6,638445,0,8534601
6037,3,476319,7,537211,0,3302239,6,666951,0,8641925
6039,3,562214,7,674407,0,3319553,6,704433,0,8749249
6041,3,63867,7,767699,0,3306455,6,702005,0,8856573
6043,3,695044,7,876184,0,3318321,6,719056,0,9370207
6045,3,769603,7,882337,0,3331691,6,731525,0,9342499
6047,3,816057,7,90182,0,3347651,6,684901,0,9397295
6049,3,840595,7,927794,0,3364696,6,651932,0,9019949
6051,3,86852,7,921103,0,3379372,6,646327,0,8803195
6053,3,894239,7,889382,0,3394049,6,639249,0,8690552
6055,3,894188,7,85746,0,3408725,6,590779,0,8460337
6057,3,915833,7,818132,0,3416004,6,560733,0,8504555
6059,3,936204,7,814476,0,3428615,6,594975,0,8653855
6061,3,989431,7,816908,0,3460424,6,572574,0,8635367
6063,4,016375,7,820616,0,2972803,6,541482,0,8591709
6065,4,092448,7,872861,0,2715624,6,536285,0,8773863
6067,4,124074,7,879024,0,2598137,6,518181,0,8834964
6069,4,172938,7,867614,0,2535272,6,514066,0,9144308
6071,4,239176,7,856499,0,2468102,6,508981,0,8991246
6073,4,47435,7,851449,0,240405,6,626631,0,9230468
6075,4,579006,7,920378,0,2343218,6,672516,0,9123275
6077,4,606296,7,977137,0,2209794,6,669427,0,9228632
6079,4,644089,8,115839,0,2112586,6,758752,0,8989788
6081,4,692317,8,208607,0,2157638,6,680684,0,8909532
6083,4,73714,8,268542,0,2237995,6,712939,0,888552
6085,4,720506,8,289147,0,2318228,6,715734,0,8997108
6087,4,672635,8,283196,0,2346416,6,778649,0,9472877
6089,4,643963,8,270741,0,4056637,6,711405,0,9646305
6091,4,622558,8,256034,0,3902499,6,780052,0,9727808
6093,4,585917,8,213489,0,3798326,6,823038,0,9759126
6095,4,593868,8,175427,0,3756738,6,739181,0,9864802
6097,4,589369,8,157182,0,3812657,6,726353,0,9776318
6099,4,58795,8,180647,0,3996802,6,769763,0,9814525
6101,4,588661,8,147515,0,400907,6,805508,0,9847295
6103,4,607148,8,116281,0,4021624,6,839291,0,9813302
6105,4,615221,8,09624,0,4037649,6,870189,0,9811335
6107,4,594301,8,100785,0,4054318,6,832072,0,9701439
6109,4,543705,8,105978,0,407163,6,823731,0,9561526
6111,4,437853,8,111038,0,4088942,6,786289,0,9239379
6113,4,319872,8,054276,0,4070625,6,724819,0,891522
6115,4,256105,7,987216,0,3951032,6,691237,0,8370285
6117,4,15563,7,97719,0,4114352,6,617877,0,8168154
6119,4,105585,8,003859,0,3975006,6,539488,0,7987921
6121,4,088438,8,029489,0,3753065,6,516561,0,7842298
6123,4,051095,7,793396,0,3623615,6,50979,0,7546976
6125,4,054212,7,762372,0,3554222,6,425792,0,7417457
6127,4,060621,7,743743,0,3543823,6,458251,0,7169182
6129,4,043714,7,72168,0,3530575,6,402995,0,7204684
6131,4,031473,7,712918,0,3503462,6,396631,0,7426451
6133,4,033301,7,688972,0,3408412,6,390162,0,7428
6135,4,044911,7,672818,0,3384638,6,378709,0,7366998
6137,4,056731,7,577865,0,3364938,6,372762,0,7269351
6139,4,059,7,435114,0,3350072,6,370027,0,7206321
6141,4,057716,7,312848,0,3226235,6,323697,0,7116704
6143,4,060476,7,302693,0,2872882,6,241483,0,6757635
6145,4,062276,7,20024,0,2877859,6,133871,0,6593071
6147,4,061339,7,122706,0,2510201,6,038364,0,6522697
6149,4,061071,7,095016,0,2406881,6,10242,0,6335819
6151,4,06218,7,070922,0,2348789,5,995442,0,6262262
6153,4,051554,7,039666,0,2360293,5,948919,0,628685
6155,4,04599,7,023221,0,2269251,5,962473,0,600781
6157,4,043233,7,02505,0,2204974,5,986298,0,6151529
6159,4,045059,7,019981,0,2168284,5,972851,0,6146416
6161,4,046983,7,008071,0,2144697,5,967684,0,5776353
6163,4,049532,7,001731,0,2125067,5,920677,0,5688577
6165,4,051138,7,024126,0,2103349,5,815205,0,5556532
6167,4,054967,7,022563,0,2081945,5,768483,0,5417022
6169,4,057469,7,028627,0,2049088,5,827829,0,5248925
6171,4,070841,6,878764,0,2004338,5,840148,0,5106496
6173,4,092817,6,6922,0,1949543,5,82152,0,5096684
6175,4,105978,6,643052,0,1938787,5,800642,0,5017119
6177,4,115621,6,879599,0,1916788,5,780699,0,5113226
6179,4,131606,6,834472,0,1894725,5,765289,0,4942123
6181,4,135312,6,797121,0,1872956,5,661114,0,4799453
6183,4,138561,6,774149,0,1851188,5,642013,0,4679817
6185,4,14183,6,925366,0,1837833,5,669257,0,4562466
6187,4,144913,6,942762,0,183233,5,654944,0,449096
6189,4,147675,6,934145,0,1812569,5,614266,0,44314
6191,4,148213,6,922983,0,1712861,5,574353,0,4373256
6193,4,146618,6,907039,0,1685249,5,569892,0,4324322
6195,4,142491,6,865765,0,1663163,5,550902,0,4264318
6197,4,131225,6,793177,0,1645312,5,546147,0,41933
6199,4,107534,6,719846,0,1798573,5,564538,0,4125654
6201,4,07282,6,64888,0,1796157,5,567837,0,4120981
6203,4,03583,6,580291,0,1791546,5,566114,0,4087839
6205,3,996576,6,506867,0,1744564,5,539661,0,4042677
6207,3,955512,6,507178,0,1623428,5,437744,0,4032445
6209,3,90272,6,437931,0,155912,5,392892,0,3977472
6211,3,840722,6,338059,0,1547054,5,444254,0,3912616
6213,3,770203,6,390095,0,1533718,5,409675,0,3867274
6215,3,636632,6,472744,0,1548389,5,383852,0,3810899
6217,3,44361,6,445513,0,1572958,5,361451,0,3698404
6219,3,349422,6,439095,0,1510668,5,327368,0,380791
6221,3,257755,6,437582,0,1474535,5,385131,0,3771138
6223,3,178136,6,437397,0,1454739,5,275137,0,3743879
6225,3,092332,6,43848,0,1434758,5,379355,0,3826275
6227,3,069976,6,448454,0,1435086,5,354328,0,3890023
6229,3,052006,6,403965,0,1414991,5,318039,0,3876143
6231,3,018691,6,360048,0,1401949,5,335103,0,3884352
6233,2,963406,6,320478,0,1283239,5,271099,0,3947302
6235,2,914364,6,287083,0,127151,5,315894,0,4010251
6237,2,817359,6,275205,0,1257437,5,224265,0,3977349
6239,2,747627,6,256889,0,1242022,5,229389,0,4083687
6241,2,685635,6,248991,0,1182402,5,21212,0,4029711
6243,2,636865,6,196908,0,111882,5,17126,0,398034
6245,2,564426,6,2483,0,1081194,5,186337,0,3964864
6247,2,507024,6,245001,0,1090369,5,166833,0,3983282
6249,2,470832,6,24379,0,1073783,5,168999,0,411293
6251,2,444073,6,294204,0,1066502,5,161862,0,4064076
6253,2,419407,6,30097,0,1123314,5,186891,0,4237286
6255,2,394741,6,327077,0,1155553,5,193328,0,4145999
6257,2,370075,6,370323,0,1177318,5,221319,0,4088713
6259,2,359992,6,410655,0,1201974,5,267523,0,4132473
6261,2,309469,6,446261,0,1200933,5,25974,0,4242848
6263,2,256245,6,466519,0,1206076,5,203762,0,4220687
6265,2,154387,6,424257,0,1204745,5,153058,0,378741
6267,2,113768,6,428557,0,1220286,5,117695,0,3681653
6269,2,055774,6,429379,0,124197,5,086609,0,359686
6271,1,980407,6,392619,0,123391,5,093225,0,3480544
6273,1,735442,6,421336,0,1249151,5,0885,0,3305566
6275,1,620733,6,378376,0,1243402,5,064496,0,333039
6277,1,51607,6,272476,0,1233462,5,007662,0,3167799
6279,1,457599,6,212089,0,1131087,4,962468,0,3049302
6281,1,410264,6,210659,0,1074937,4,872305,0,2897041
6283,1,394359,6,071929,0,105392,4,831375,0,2773948
6285,1,434429,5,933365,0,1042083,4,748404,0,2706885
6287,1,499189,6,063025,0,1034496,4,790303,0,267509
6289,1,561658,6,14656,0,1038101,4,737781,0,2736766
6291,1,636404,6,130159,0,1035534,4,743326,0,276348
6293,1,711162,6,099407,0,1032621,4,710755,0,2780287
6295,1,745677,5,978482,0,1029542,4,681649,0,27967
6297,1,764637,5,895452,0,1026387,4,634109,0,2771577
6299,1,741664,5,778683,0,1015198,4,608358,0,2742548
6301,1,718598,5,655282,0,101395,4,609437,0,2742011
6303,1,694297,5,564068,0,1012703,4,61902,0,2797748
6305,1,66999,5,530145,0,1011455,4,628605,0,279862
6307,1,645315,5,569811,0,1010326,4,635739,0,2781524
6309,1,62634,5,612226,0,1009239,4,644474,0,2780852
6311,1,607295,5,622555,0,100853,4,653796,0,2786321
6313,1,58639,5,579533,0,1008185,4,725113,0,2789518
6315,1,568056,5,573435,0,1008358,4,655684,0,2797264
6317,1,551125,5,552832,0,1008514,4,674018,0,2809481
6319,1,535753,5,539498,0,1013204,4,746066,0,2826427
6321,1,521439,5,55717,0,09946581,4,746525,0,2852515
6323,1,507185,5,696912,0,09761702,4,794419,0,2946525
6325,1,49293,5,752943,0,09576703,4,8111,0,307875
6327,1,477974,5,770458,0,09382565,4,823211,0,3109032
6329,1,466325,5,780655,0,08995166,4,797351,0,3140286
6331,1,458264,5,896702,0,07428268,4,8179,0,3205864
6333,1,450198,5,974509,0,07362235,4,848954,0,3224417
6335,1,442131,6,016084,0,07291657,4,841545,0,3273304
6337,1,433252,6,014948,0,07221885,4,843637,0,3335018
6339,1,432586,5,936142,0,06801672,4,920697,0,3401442
6341,1,431177,5,852298,0,06771275,4,980251,0,3495394
6343,1,429677,5,897747,0,06849203,4,993322,0,3559046
6345,1,428263,5,961224,0,06861295,5,058126,0,3637419
6347,1,426763,5,910067,0,0679867,5,079551,0,3732699
6349,1,425349,5,851344,0,06711409,5,089516,0,3778578
6351,1,423852,5,886036,0,06657796,5,085051,0,3660597
6353,1,424834,5,838021,0,06477042,5,076738,0,3730392
6355,1,427866,5,79154,0,06540723,5,073782,0,3702125
6357,1,430897,5,779612,0,06701611,4,925913,0,3690906
6359,1,434369,5,842705,0,0670981,5,000159,0,3773705
6361,1,43784,6,028998,0,07213466,4,98884,0,3848039
6363,1,441279,6,104141,0,07494201,4,987489,0,3919481
6365,1,444676,6,297103,0,07355665,5,070423,0,3939161
6367,1,440003,6,180853,0,07610951,5,097432,0,4018358
6369,1,436478,6,202969,0,07463269,5,137173,0,4101928
6371,1,423172,6,199261,0,07315588,5,13444,0,3997934
6373,1,400086,6,212382,0,07113818,5,070478,0,4099174
6375,1,385391,6,158028,0,06605319,5,113809,0,4062934
6377,1,375756,6,118372,0,06487258,5,055105,0,4029687
6379,1,360109,6,088757,0,06385453,5,070993,0,3995249
6381,1,357074,6,074516,0,06170078,4,971872,0,3937765
6383,1,354039,6,057341,0,06071495,4,980714,0,3933668
6385,1,35192,6,035293,0,06041272,4,91949,0,3814601
6387,1,349012,5,964517,0,06081064,4,9199,0,3745676
6389,1,346066,5,82428,0,06429213,4,893982,0,3430425
6391,1,343089,5,759397,0,06110461,4,905249,0,3390211
6393,1,340112,5,774918,0,06147224,4,905561,0,3360872
6395,1,335155,5,799965,0,06056982,4,949801,0,3326182
6397,1,328219,5,825043,0,05839511,4,947715,0,3283254
6399,1,323842,5,909107,0,05602683,4,945289,0,3180524
6401,1,317418,5,994339,0,05324493,4,933819,0,2934126
6403,1,319392,6,016139,0,05587807,4,929424,0,2985629
6405,1,321362,6,034695,0,05783605,4,928692,0,2936185
6407,1,319549,6,052686,0,05979403,4,931139,0,293126
6409,1,317736,6,053426,0,05946774,4,901566,0,3026628
6411,1,315922,6,053529,0,05660168,4,918474,0,3040085
6413,1,313051,5,943697,0,05202087,4,916081,0,32724
6415,1,309869,5,96987,0,05095502,4,942772,0,3100962
6417,1,306684,5,994462,0,05012478,4,936576,0,2968579
6419,1,302172,6,011095,0,05024177,4,937315,0,2975952
6421,1,296335,6,032447,0,05037963,4,918632,0,3090068
6423,1,279216,6,031201,0,05088591,4,913131,0,3095431
6425,1,267801,6,015139,0,04550387,4,924072,0,3083112
6427,1,266099,6,018641,0,04654196,4,938309,0,3252247
6429,1,265898,6,020464,0,0483581,4,94327,0,3344375
6431,1,267196,6,007682,0,04931658,4,941357,0,3481486
6433,1,268495,6,018259,0,05081008,5,043707,0,3577933
6435,1,268445,6,00681,0,05201173,5,023919,0,3504969
6437,1,26146,5,965481,0,04645879,4,98833,0,3583931
6439,1,249714,5,932576,0,04652255,4,978466,0,3570631
6441,1,238273,5,923609,0,0471161,5,019945,0,3472994
6443,1,232297,5,918316,0,04761791,4,990902,0,3494389
6445,1,232573,5,940334,0,04749839,5,006594,0,3585588
6447,1,25845,5,934024,0,04737871,5,038573,0,3600673
6449,1,259412,5,929243,0,04765521,5,039146,0,361272
6451,1,267035,5,905655,0,05141968,5,080239,0,3746991
6453,1,272338,5,954773,0,0529235,5,081752,0,374789
6455,1,275323,5,9149,0,05266045,5,097341,0,366946
6457,1,278155,5,867231,0,05668056,5,107525,0,3692938
6459,1,27372,5,912292,0,05710015,5,083652,0,3751578
6461,1,285473,5,92509,0,05929177,5,106104,0,3545187
6463,1,306887,5,924802,0,05939261,5,156535,0,3774767
6465,1,326793,5,994096,0,06663918,5,198457,0,3726166
6467,1,346972,6,09743,0,0702594,5,211747,0,377961
6469,1,355819,6,121469,0,07364479,5,253585,0,388293
6471,1,364435,6,142723,0,07219274,5,188119,0,4056769
6473,1,372801,6,156004,0,07097003,5,248598,0,4093644
6475,1,381288,6,160234,0,07031953,5,243023,0,411323
6477,1,39931,6,243038,0,06977274,5,273473,0,4316094
6479,1,426996,6,296673,0,07197922,5,267463,0,4310643
6481,1,419161,6,333256,0,08034895,5,252073,0,426107
6483,1,385598,6,262127,0,08118106,5,22452,0,4335399
6485,1,328131,6,230894,0,08469318,5,237212,0,4369657
6487,1,246833,6,213328,0,09025743,5,25201,0,4358415
6489,1,171309,6,272981,0,09389525,5,301508,0,4397962
6491,1,099256,6,286653,0,1086439,5,383654,0,438124
6493,1,01991,6,30199,0,1125954,5,402625,0,4448624
6495,0,9488621,6,42155,0,1165522,5,430644,0,4552876
6497,0,9241017,6,493585,0,1204986,5,454894,0,485623
6499,0,9512784,6,562645,0,1244562,5,493294,0,4916578
6501,0,976056,6,630582,0,1285362,5,569889,0,4947875
6503,0,989212,6,673371,0,1327512,5,653937,0,4984758
6505,1,003801,6,67154,0,1369535,5,710512,0,5211523
6507,1,015003,6,658729,0,1493466,5,762897,0,5108297
6509,1,020733,6,638449,0,1611905,5,807506,0,496096
6511,1,026464,6,647156,0,1311333,5,831744,0,4777048
6513,1,036752,6,651281,0,1317311,5,830111,0,4693041
6515,1,050564,6,723398,0,1388124,5,888768,0,4597037
6517,1,062916,6,714387,0,1531316,5,932207,0,4694132
6519,1,121455,6,757802,0,1671328,5,956206,0,4721839
6521,1,177249,6,849174,0,1568836,5,952489,0,4766634
6523,1,221067,6,974525,0,1541027,6,010707,0,4899947
6525,1,28868,7,09471,0,16755,6,077469,0,5081152
6527,1,34639,7,119747,0,1796553,6,202954,0,5149258
6529,1,414502,7,13447,0,1789408,6,177302,0,5226232
6531,1,454916,7,162771,0,1766184,6,158663,0,5572425
6533,1,528597,7,150588,0,1749843,6,12152,0,5417528
6535,1,626927,7,150269,0,1773438,6,154486,0,5603159
6537,1,673679,7,126168,0,1762484,6,109028,0,5556267
6539,1,825333,7,15403,0,1789146,6,046612,0,5506173
6541,1,973096,7,302164,0,183778,6,0854,0,5464411
6543,2,060153,7,357027,0,183872,6,056756,0,5549296
6545,2,148996,7,350828,0,2735827,6,057531,0,5725642
6547,2,227503,7,326302,0,2787881,6,0538,0,5980107
6549,2,29429,7,306942,0,2783877,6,074628,0,6012357
6551,2,34935,7,285444,0,2779872,6,077362,0,596895
6553,2,402246,7,266872,0,2705319,6,125362,0,6096104
6555,2,450787,7,368894,0,2693981,6,131062,0,6082045
6557,2,496513,7,348621,0,2682814,6,145477,0,6101883
6559,2,542907,7,301237,0,2669038,6,090169,0,6121721
6561,2,571747,7,313143,0,2654689,6,044024,0,58446
6563,2,60526,7,32148,0,2639766,6,091849,0,5888627
6565,2,630244,7,324123,0,2624825,6,122709,0,6037514
6567,2,663645,7,327588,0,2609892,6,140714,0,6044813
6569,2,688031,7,30917,0,2641232,6,177503,0,6172044
6571,2,727763,7,278949,0,2738147,6,201934,0,634015
6573,2,746302,7,295482,0,2837247,6,186213,0,6968649
6575,2,754191,7,34964,0,2895364,6,208166,0,6567721
6577,2,759666,7,355397,0,2859246,6,189511,0,674754
6579,2,767248,7,363107,0,2822461,6,228072,0,6924155
6581,2,776937,7,297308,0,2787711,6,24174,0,7097561
6583,2,785907,7,300121,0,2750504,6,30222,0,6923943
6585,2,801085,7,282228,0,2719763,6,288177,0,6756136
6587,2,817519,7,272574,0,2947338,6,320847,0,67915
6589,2,819636,7,281207,0,2944235,6,345829,0,6623502
6591,2,821954,7,359285,0,3122428,6,360187,0,6408959
6593,2,824472,7,486239,0,3481473,6,380985,0,6228222
6595,2,829494,7,612894,0,3476938,6,40167,0,6166791
6597,2,831647,7,735807,0,3414793,6,424266,0,6111169
6599,2,834219,7,729745,0,3356399,6,447982,0,6176836
6601,2,837989,7,669291,0,330457,6,469534,0,6551579
6603,2,833282,7,648187,0,3252539,6,493675,0,6318222
6605,2,83228,7,619541,0,3200853,6,497405,0,6584487
6607,2,837945,7,577444,0,3151326,6,529966,0,7166158
6609,2,839799,7,538196,0,30483,6,562376,0,6479777
6611,2,841639,7,479561,0,3046845,6,478848,0,6794884
6613,2,853763,7,441386,0,298027,6,484401,0,725955
6615,2,862883,7,362038,0,2969786,6,502757,0,7318397
6617,2,86978,7,341609,0,2962468,6,482498,0,734854
6619,2,878173,7,354638,0,2971243,6,513344,0,7996405
6621,2,884865,7,354214,0,2967039,6,517017,0,7955338
6623,2,892347,7,357785,0,2955633,6,521697,0,7713455
6625,2,901482,7,344724,0,2924009,6,503664,0,7333248
6627,2,906861,7,300545,0,2891265,6,490442,0,7047048
6629,2,91011,7,229438,0,2815,6,500405,0,7288885
6631,2,911863,7,122357,0,2824035,6,515305,0,7545124
6633,2,914043,7,115036,0,2799279,6,49564,0,7370037
6635,2,915858,7,224333,0,2774522,6,498205,0,7342083
6637,2,920887,7,22931,0,2676249,6,377537,0,7281943
6639,2,925079,7,233183,0,2699456,6,414631,0,7161652
6641,2,929475,7,341518,0,2708605,6,353118,0,6833486
6643,2,930703,7,369147,0,2691075,6,340861,0,6729766
6645,2,931142,7,324449,0,2673545,6,265682,0,6628299
6647,2,905982,7,265487,0,2656015,6,275189,0,6656788
6649,2,905373,7,269395,0,2638485,6,342464,0,6741176
6651,2,898047,7,26943,0,2620955,6,352521,0,6688817
6653,2,899949,7,315898,0,2655589,6,29455,0,6498468
6655,2,903811,7,380382,0,2603656,6,309779,0,6630908
6657,2,909191,7,389867,0,2580501,6,426726,0,6604769
6659,2,900699,7,388606,0,2564198,6,429434,0,6579471
6661,2,884914,7,373991,0,253063,6,422305,0,6461899
6663,2,874408,7,377053,0,2492222,6,513738,0,6673743
6665,2,866282,7,402332,0,2512101,6,555105,0,6490459
6667,2,861674,7,453503,0,2479897,6,537795,0,6331518
6669,2,86623,7,46061,0,2131946,6,432671,0,6339101
6671,2,868084,7,45421,0,2086838,6,372397,0,6367893
6673,2,880741,7,482724,0,2333635,6,335134,0,6343475
6675,2,889094,7,475194,0,2443826,6,321065,0,6280627
6677,2,883685,7,478541,0,2406546,6,324091,0,6191136
6679,2,869166,7,481881,0,2547583,6,33022,0,6189058
6681,2,880376,7,472568,0,2731276,6,40731,0,6311603
6683,2,876971,7,442136,0,2789964,6,457595,0,6693488
6685,2,870014,7,418349,0,2824175,6,433942,0,6521515
6687,2,867232,7,364352,0,2822139,6,431066,0,650524
6689,2,861233,7,392498,0,2790612,6,400373,0,6519688
6691,2,851425,7,547356,0,2922156,6,425138,0,6244372
6693,2,848748,7,613989,0,2923882,6,418362,0,5966909
6695,2,837113,7,717503,0,2781651,6,417296,0,5630217
6697,2,821451,7,822764,0,2507602,6,433298,0,5659316
6699,2,795526,7,383975,0,2462551,6,379477,0,5538237
6701,2,771937,7,344857,0,2505091,6,347387,0,5341688
6703,2,757831,7,431,0,2496546,6,396382,0,5218079
6705,2,742201,7,354087,0,2737542,6,434345,0,5272954
6707,2,732831,7,390168,0,2935055,6,469246,0,5365971
6709,2,730036,7,432609,0,3047553,6,457367,0,5389588
6711,2,726535,7,498366,0,2980946,6,466535,0,5411645
6713,2,717782,7,538555,0,2952949,6,47751,0,5452622
6715,2,715494,7,639362,0,2910696,6,447744,0,5452133
6717,2,703921,7,815897,0,2823317,6,396119,0,5304607
6719,2,643008,7,849167,0,2814807,6,387648,0,5155341
6721,2,592768,7,838092,0,2823296,6,370021,0,5201329
6723,2,552336,7,820922,0,250428,6,298148,0,5088241
6725,2,487396,7,792521,0,2453915,6,240465,0,4829237
6727,2,430983,7,702524,0,2499396,6,136426,0,4794467
6729,2,361741,7,60996,0,2192083,6,119847,0,4707369
6731,2,317976,7,68639,0,2292369,6,074605,0,4757009
6733,2,239787,7,678117,0,2626658,6,126133,0,4675528
6735,2,136816,7,622048,0,2659256,6,110312,0,4653534
6737,2,085822,7,562746,0,2605977,6,097282,0,4640011
6739,1,931207,7,48831,0,2298895,6,067194,0,4689552
6741,1,781739,7,408526,0,2583407,5,930438,0,4885615
6743,1,693485,7,342214,0,2184974,5,940708,0,5147739
6745,1,604477,7,204379,0,2363345,5,951623,0,4771706
6747,1,524484,7,130114,0,2565919,5,959184,0,4811177
6749,1,455776,7,1472,0,2552102,5,95136,0,513832
6751,1,398265,7,185609,0,2464755,5,991463,0,547872
6753,1,341402,7,237626,0,2192315,5,963354,0,5833805
6755,1,287371,7,318546,0,2032773,5,964966,0,5821068
6757,1,238213,7,328002,0,217591,5,968999,0,6039237
6759,1,188353,7,334768,0,2441146,5,971031,0,6286608
6761,1,156031,7,342465,0,2361024,5,981592,0,6416178
6763,1,125704,7,340674,0,2398102,5,951464,0,6411882
6765,1,098392,7,341192,0,2410242,5,908449,0,6449617
6767,1,068618,7,34639,0,2440627,5,90838,0,6444621
6769,1,055675,7,349369,0,2545119,5,937855,0,6378713
6771,1,019008,7,385191,0,2536248,5,920155,0,6485497
6773,1,003534,7,381746,0,2517634,5,894796,0,6564964
6775,0,99871,7,365067,0,2547715,5,858444,0,6643682
6777,0,9979496,7,330485,0,2561497,5,839318,0,6738985
6779,0,996733,7,325659,0,2547023,5,845309,0,6875414
6781,0,9906173,7,300321,0,2604358,5,87202,0,6910956
6783,0,9852089,7,296734,0,2768357,5,907197,0,6951566
6785,0,9726661,7,293148,0,2930729,5,911077,0,6976735
6787,0,9578484,7,290228,0,3091454,5,907835,0,6988661
6789,0,9573472,7,283866,0,302295,5,912159,0,6977618
6791,0,9566456,7,277511,0,2973922,5,908222,0,7041895
6793,0,9557582,7,274678,0,299899,5,945837,0,7071217
6795,0,9514773,7,254164,0,3058304,5,940307,0,7230216
6797,0,9501293,7,240813,0,3207636,5,92606,0,7346712
6799,0,9491523,7,256763,0,3363477,5,925614,0,7527912
6801,0,9479619,7,249562,0,3528043,5,91139,0,760883
6803,0,9502464,7,307961,0,4076058,5,909097,0,7674752
6805,0,9529095,7,318087,0,4116977,5,917172,0,7552643
6807,0,9526895,7,329033,0,3897988,5,921731,0,7507747
6809,0,9562807,7,343326,0,3697364,6,031871,0,7327068
6811,0,9598964,7,402356,0,3515321,6,080582,0,7696003
6813,0,9571554,7,482156,0,3155754,6,09006,0,7707535
6815,0,9933512,7,49012,0,2978354,6,032235,0,7958288
6817,1,045228,7,456034,0,2979218,6,068265,0,7903662
6819,1,077246,7,452302,0,2965808,6,05099,0,7886167
6821,1,074866,7,45522,0,294869,5,991218,0,7618948
6823,1,071947,7,450585,0,2939572,5,91493,0,7544817
6825,1,067078,7,4656,0,2928807,5,942227,0,7462605
6827,1,061657,7,459421,0,2893006,5,907119,0,7381937
6829,1,056866,7,458272,0,2742234,5,945961,0,7476961
6831,1,052071,7,463426,0,2776145,5,982063,0,7529314
6833,1,046849,7,468579,0,2816838,6,014714,0,7396942
6835,1,043344,7,476348,0,2860202,6,011359,0,7205288
6837,1,037977,7,496078,0,2847588,6,03121,0,7194216
6839,1,032634,7,580425,0,2843691,6,040166,0,751623
6841,1,027071,7,55538,0,2822723,5,922647,0,7150553
6843,1,02771,7,577245,0,2806475,5,935604,0,7175342
6845,1,031384,7,613533,0,2790529,5,90037,0,7547002
6847,1,034749,7,613532,0,2774582,5,831847,0,7332715
6849,1,035933,7,500663,0,2756371,5,804401,0,7017037
6851,1,034628,7,490303,0,274241,5,809224,0,7120534
6853,1,030796,7,488044,0,2732084,5,881734,0,7276518
6855,1,032174,7,562703,0,2707666,6,013269,0,7352917
6857,1,032675,7,633091,0,2682097,6,057544,0,7365628
6859,1,039747,7,703399,0,2618132,6,095984,0,702849
6861,1,046963,7,502051,0,2581284,6,117714,0,7247522
6863,1,048302,7,426302,0,2559865,6,065062,0,7048967
6865,1,048767,7,460648,0,2568204,6,078521,0,734681
6867,1,047042,7,545987,0,2578341,6,081897,0,7642514
6869,1,049088,7,656728,0,2620084,6,089232,0,7495554
6871,1,051162,7,710556,0,2622086,6,07841,0,7605091
6873,1,042731,7,746317,0,2645751,6,081891,0,7457004
6875,1,038558,7,751667,0,2626117,6,064435,0,7326632
6877,1,031986,7,762516,0,2628485,6,037905,0,7214414
6879,1,029546,7,752019,0,25719,6,057234,0,7108156
6881,1,017221,7,697934,0,2546865,5,953817,0,6998786
6883,1,011148,7,665404,0,2544291,5,934245,0,67686
6885,1,01302,7,640954,0,2565556,5,920992,0,6805434
6887,1,015051,7,623525,0,2640698,6,024916,0,6664477
6889,1,016918,7,62987,0,2863469,6,068412,0,6675633
6891,1,019,7,595644,0,292751,6,069088,0,6349252
6893,1,020994,7,623052,0,3054417,6,025328,0,6258839
6895,1,024708,7,633858,0,3224683,5,985536,0,6273213
6897,1,028003,7,520306,0,3333623,5,952769,0,6287588
6899,1,031467,7,361872,0,3315445,5,961892,0,6322763
6901,1,038309,7,381135,0,3282501,5,882277,0,6363103
6903,1,070268,7,396709,0,3342097,5,979041,0,647309
6905,1,105929,7,407506,0,3276194,6,070534,0,6652725
6907,1,128521,7,422687,0,3263184,6,091186,0,6822341
6909,1,143319,7,531833,0,3294905,6,102668,0,6841981
6911,1,152134,7,630709,0,3519885,6,216106,0,6867419
6913,1,151789,7,666005,0,3351969,6,155629,0,6823908
6915,1,143924,7,655303,0,3393041,6,150078,0,6887302
6917,1,149275,7,703592,0,3387327,6,208315,0,6780388
6919,1,179748,7,908808,0,343453,6,322126,0,6728036
6921,1,185537,7,974361,0,3444799,6,251378,0,6744925
6923,1,191573,7,982331,0,3459885,6,305253,0,6882036
6925,1,196914,7,992498,0,3516479,6,29731,0,6951578
6927,1,202912,8,232568,0,3557589,6,371438,0,7087498
6929,1,21203,8,231699,0,3598699,6,309236,0,7038528
6931,1,362645,8,230786,0,3668045,6,320126,0,7402794
6933,1,542852,8,238801,0,3717585,6,311272,0,7423578
6935,1,61334,8,308772,0,3761921,6,285956,0,7575913
6937,1,686811,8,299505,0,3810038,6,286966,0,7726871
6939,1,760218,8,28499,0,3962259,6,312255,0,7703849
6941,1,83305,8,270834,0,4074231,6,325428,0,7741144
6943,1,921859,8,272134,0,4087752,6,353272,0,7847916
6945,2,014717,8,248218,0,4246675,6,293566,0,7706959
6947,2,097686,8,224047,0,4204292,6,283445,0,7621828
6949,2,18653,8,277102,0,4192924,6,28961,0,7445921
6951,2,268604,8,279379,0,4114107,6,32096,0,7489365
6953,2,296548,8,215507,0,3972633,6,290887,0,744608
6955,2,310719,8,114386,0,3837564,6,333181,0,7534619
6957,2,322322,8,054775,0,3722105,6,374547,0,7533096
6959,2,333452,8,039436,0,3641561,6,394548,0,7408422
6961,2,459658,8,008557,0,3672993,6,38674,0,7416209
6963,2,49585,8,034219,0,3625699,6,401209,0,7264636
6965,2,504035,8,068539,0,3555294,6,442342,0,7304185
6967,2,512517,8,036188,0,3496598,6,415796,0,7290484
6969,2,513172,7,977183,0,3045114,6,381191,0,6946714
6971,2,522199,7,937565,0,3038359,6,382532,0,6651157
6973,2,533957,7,904682,0,3031904,6,415252,0,6688929
6975,2,543685,7,91291,0,2999075,6,447478,0,66725
6977,2,549734,7,785949,0,2504364,6,401337,0,6725841
6979,2,553503,7,761059,0,2162527,6,447597,0,7013934
6981,2,558631,7,599228,0,2426687,6,464665,0,7233217
6983,2,562312,7,687835,0,2433559,6,433618,0,681954
6985,2,567406,7,638395,0,2317148,6,419218,0,6864389
6987,2,573514,7,596826,0,2377945,6,448697,0,6921989
6989,2,579618,7,55513,0,2431707,6,472621,0,6979051
6991,2,605589,7,514159,0,248891,6,458387,0,7116874
6993,2,632004,7,489074,0,2546758,6,413653,0,6977521
6995,2,639304,7,451033,0,260436,6,376336,0,6682054
6997,2,647633,7,447384,0,2665512,6,330338,0,650957
6999,2,655956,7,449855,0,2788859,6,308806,0,6442212
7001,2,664077,7,462317,0,2384527,6,290911,0,6370205
7003,2,659898,7,337289,0,2107427,6,268246,0,6254679
7005,2,655419,7,332566,0,2059825,6,236843,0,6192421
7007,2,65094,7,328656,0,2009462,6,207735,0,6106488
7009,2,646645,7,327243,0,2059161,6,201502,0,6172364
7011,2,642338,7,213302,0,2136857,6,196358,0,6026198
7013,2,634104,7,097002,0,2216619,6,103281,0,6151431
7015,2,589794,7,003326,0,229171,6,021423,0,6126922
7017,2,532025,7,053919,0,2366726,5,983839,0,6019569
7019,2,492618,7,110537,0,2239579,5,991298,0,5928158
7021,2,488837,7,169785,0,2086716,6,022146,0,5853153
7023,2,485245,7,114917,0,1933761,5,909126,0,5769876
7025,2,482394,7,061608,0,1801732,5,876909,0,5430589
7027,2,482207,7,059345,0,1721433,5,824262,0,5455074
7029,2,482222,7,049356,0,1630464,5,888772,0,5463526
7031,2,482439,7,030787,0,163255,5,921338,0,5424308
7033,2,482342,7,035501,0,1753777,5,919676,0,5382939
7035,2,486753,7,05619,0,1900621,5,911655,0,5529359
7037,2,495677,7,063879,0,1955322,5,932736,0,5256841
7039,2,496892,7,071024,0,1466263,5,918304,0,5209177
7041,2,498264,7,068088,0,1394176,5,967062,0,5070679
7043,2,496727,7,06993,0,1417435,5,999424,0,4850728
7045,2,490752,7,073235,0,1460729,6,046489,0,4925775
7047,2,484567,6,990819,0,1504969,6,162532,0,484906
7049,2,480642,7,073234,0,1397031,6,19115,0,4581249
7051,2,481095,7,092412,0,1276153,6,155299,0,4614192
7053,2,48134,6,980072,0,1309382,6,145879,0,4621775
7055,2,46904,6,987817,0,133021,5,991928,0,468435
7057,2,459516,6,988217,0,135155,5,965036,0,4926704
7059,2,449965,6,889019,0,1372706,5,807542,0,4951668
7061,2,44025,6,862747,0,1394152,5,800523,0,4808132
7063,2,432235,6,917294,0,1397251,5,858159,0,482979
7065,2,424643,6,896649,0,1399763,5,913831,0,4745868
7067,2,418808,6,879405,0,1402332,5,976842,0,4682517
7069,2,423899,6,856384,0,1404909,5,903801,0,4587373
7071,2,433952,6,792446,0,1408467,5,921966,0,4504007
7073,2,44446,6,98111,0,1410516,5,945537,0,4480271
7075,2,453975,6,976195,0,139263,5,923579,0,4426033
7077,2,473924,6,979729,0,1375387,5,976336,0,4172159
7079,2,493036,6,995425,0,1348705,5,996324,0,4204962
7081,2,728482,7,008906,0,1424369,6,004594,0,4278213
7083,2,929156,6,977314,0,1481765,5,936248,0,4306754
7085,3,11265,6,920898,0,1477748,5,915141,0,4327639
7087,3,321394,6,894519,0,1502754,5,944407,0,4301412
7089,3,622802,6,889202,0,1527635,5,933519,0,427666
7091,4,01684,6,873607,0,1553771,5,925797,0,4252005
7093,4,410963,6,923954,0,1644026,5,910386,0,4199418
7095,4,690282,6,959768,0,1609881,5,905569,0,4278967
7097,4,855769,6,980855,0,1577137,5,897298,0,4290693
7099,5,158576,7,005614,0,1608237,5,907961,0,4457831
7101,5,482999,7,035419,0,1618315,5,884614,0,4533251
7103,5,771208,6,909247,0,1791754,5,858994,0,4771514
7105,5,851597,6,712481,0,1847683,5,84304,0,4522145
7107,5,944209,6,630384,0,1877183,5,832335,0,4738504
7109,5,994201,6,647994,0,1886093,5,78805,0,4476681
7111,6,050966,6,458627,0,1895108,5,772598,0,4248284
7113,6,111617,6,458192,0,1918606,5,732655,0,4395444
7115,6,163877,6,461364,0,1927267,5,702773,0,4589904
7117,6,271454,6,358813,0,192533,5,679379,0,441065
7119,6,333328,6,422094,0,170381,5,520844,0,417266
7121,6,405282,6,382398,0,1721582,5,502409,0,4064996
7123,6,476258,6,352283,0,1760822,5,562547,0,396824
7125,6,531542,6,378784,0,1798307,5,568846,0,3851724
7127,6,570024,6,384485,0,1834035,5,546429,0,3713358
7129,6,565289,6,388509,0,1721247,5,541955,0,3659655
7131,6,421041,6,347127,0,1547171,5,508463,0,3631721
7133,6,248281,6,247672,0,1459708,5,470631,0,351852
7135,6,185376,6,173031,0,123893,5,44085,0,3526954
7137,6,119622,6,068757,0,1208653,5,417741,0,3510758
7139,6,053926,6,06143,0,1201441,5,397254,0,3538019
7141,5,988179,6,115941,0,1214647,5,385404,0,3484139
7143,5,905947,6,156182,0,1209364,5,349048,0,346563
7145,5,818634,6,149902,0,1202773,5,331511,0,3481151
7147,5,746571,6,157885,0,1230862,5,32028,0,3533106
7149,5,702241,6,283306,0,1167315,5,314374,0,3534515
7151,5,689021,6,31848,0,1238123,5,30549,0,343047
7153,5,767682,6,314839,0,1252049,5,277201,0,3203409
7155,5,753428,6,186756,0,1239532,5,290936,0,3139404
7157,5,739619,6,077199,0,1375871,5,295419,0,3122348
7159,5,726319,6,067584,0,1112242,5,262699,0,3105292
7161,5,597958,6,056438,0,1096826,5,185879,0,2973081
7163,5,552942,6,044237,0,1082182,5,15242,0,2945805
7165,5,541448,5,990315,0,1067651,5,112215,0,2912503
7167,5,530226,5,917374,0,1043645,5,079753,0,2886997
7169,5,519014,5,833448,0,1024041,5,065294,0,2849116
7171,5,507808,5,776614,0,1004438,5,047596,0,2831887
7173,5,493872,5,627235,0,09816989,4,968122,0,2815866
7175,5,481966,5,579018,0,09666305,4,91677,0,2795056
7177,5,472088,5,484883,0,09541018,4,895114,0,2741969
7179,5,462842,5,454593,0,0890744,4,877396,0,2626567
7181,5,455028,5,429233,0,086423,4,859161,0,2439331
7183,5,448674,5,402074,0,08429225,4,755395,0,2426954
7185,5,440915,5,379278,0,08218525,4,70852,0,2391256
7187,5,433162,5,356528,0,08140519,4,694358,0,2375004
7189,5,425413,5,333724,0,08120922,4,682235,0,2315897
7191,5,397814,5,307466,0,08099373,4,619233,0,2248061
7193,5,369756,5,299431,0,08075529,4,606797,0,2130354
7195,5,361684,5,286738,0,08049905,4,594361,0,2011742
7197,5,352519,5,253947,0,08010106,4,574054,0,191403
7199,5,343556,5,179372,0,07927392,4,454709,0,1831097
7201,5,334795,5,075713,0,0711161,4,367816,0,1766295
7203,5,334945,5,037074,0,07003392,4,326753,0,17351
7205,5,335091,5,0318,0,06827746,4,28569,0,1706408
7207,5,335244,5,016233,0,0676759,4,244627,0,1670842
7209,5,335204,4,99771,0,06726379,4,202566,0,163892
7211,5,335174,4,986765,0,06677382,4,180377,0,1639569
7213,5,335137,4,954601,0,06542773,4,189745,0,1633153
7215,5,335215,4,889766,0,06408162,4,179771,0,1585478
7217,5,335283,4,860403,0,06251338,4,14853,0,1512453
7219,5,335352,4,849945,0,06123327,4,111915,0,1458317
7221,5,33598,4,877169,0,06012441,4,082844,0,1394158
7223,5,336416,4,854974,0,05909215,4,036655,0,1367887
7225,5,33673,4,8296,0,05816163,4,013007,0,1336707
7227,5,334894,4,804526,0,05753305,3,967769,0,1301579
7229,5,332748,4,788423,0,05665598,3,934106,0,1237959
7231,5,3304,4,750247,0,05599622,3,83776,0,1174879
7233,5,328366,4,72817,0,05533647,3,828268,0,1082195
7235,5,321818,4,704057,0,05382327,3,744912,0,1023763
7237,5,310758,4,620482,0,05145664,3,653604,0,1009827
7239,5,307392,4,496912,0,05040908,3,557342,0,09985223
7241,5,303885,4,418505,0,04929795,3,519045,0,09872406
7243,5,300252,4,386636,0,04701599,3,455666,0,09599181
7245,5,298025,4,307225,0,04478383,3,398642,0,09146985
7247,5,296313,4,165726,0,04200922,3,3375,0,08619685
7249,5,295116,4,15275,0,04048941,3,267447,0,08522415
7251,5,292314,4,131051,0,03909488,3,152806,0,07959297
7253,5,285336,4,039425,0,03570807,3,094655,0,07506211
7255,5,286049,3,940919,0,03382114,3,051055,0,07490393
7257,5,283497,3,918337,0,03193376,3,02142,0,07412329
7259,5,280959,3,805986,0,03001211,2,988926,0,07128524
7261,5,278416,3,532554,0,02576218,2,962419,0,07101374
7263,5,273982,3,499403,0,02440748,2,942386,0,07076894
7265,5,269153,3,46622,0,02329903,2,903259,0,0694097
7267,5,260965,3,433634,0,01973221,2,816539,0,06505654
7269,5,240247,3,413018,0,01755212,2,782384,0,06277373
7271,5,217475,3,393016,0,01570022,2,733467,0,05738974
7273,5,194199,3,371857,0,01365476,2,681214,0,05581396
7275,5,17184,3,367271,0,01323662,2,64228,0,05440129
7277,5,145631,3,324229,0,01285356,2,601808,0,05298806
7279,5,115573,3,259961,0,009989665,2,577053,0,05051953
7281,4,864497,3,187205,0,009471067,2,46098,0,04799939
7283,4,656654,3,15355,0,008952161,2,441511,0,04547925
7285,4,46583,3,098617,0,008429317,2,359078,0,04295911
7287,4,24959,3,043978,0,007663808,2,315429,0,04159816
7289,3,940851,2,923636,0,007079092,2,276876,0,04092516
7291,3,539609,2,808649,0,006675047,2,176016,0,04025216
7293,3,138535,2,770256,0,006270273,2,126605,0,03876076
7295,2,851207,2,752146,0,005866652,2,056917,0,03614648
7297,2,67771,2,747284,0,005662829,1,964378,0,03498303
7299,2,366894,2,743753,0,005413166,1,897925,0,03454773
7301,2,031146,2,735342,0,00516691,1,867284,0,03374835
7303,1,708634,2,716522,0,004914863,1,836925,0,03078327
7305,1,590332,2,68285,0,004664312,1,763442,0,02698445
7307,1,470089,2,532207,0,004554358,1,714108,0,02390473
7309,1,399158,2,466051,0,004444218,1,672777,0,02145712
7311,1,328143,2,413608,0,004334079,1,615524,0,01948472
7313,1,263096,2,363126,0,00424848,1,581039,0,01735156
7315,1,20397,2,32389,0,004187424,1,549882,0,01710582
7317,1,087057,2,278847,0,004059242,1,49443,0,0170511
7319,0,9934809,2,242189,0,003816567,1,456669,0,01582066
7321,0,9061855,2,198758,0,003474088,1,429956,0,01473652
7323,0,8217303,2,149209,0,003529633,1,360869,0,01444843
7325,0,7543758,2,073978,0,003585178,1,323481,0,01410876
7327,0,704122,2,024472,0,003131225,1,303361,0,01293024
7329,0,6959716,1,975396,0,003080644,1,246082,0,01262278
7331,0,6878448,1,943772,0,003056446,1,228084,0,01221117
7333,0,6797985,1,875951,0,002845233,1,206651,0,01193995
7335,0,6717528,1,851029,0,002773691,1,184907,0,01166871
7337,0,663707,1,828192,0,002702148,1,150193,0,01139279
7339,0,6556612,1,783739,0,002630605,1,140209,0,01086031
7341,0,6477247,1,733368,0,002559063,1,129783,0,01039688
7343,0,6397882,1,668354,0,00248752,1,105202,0,00971747
7345,0,6318517,1,588697,0,002247843,1,083159,0,008725117
7347,0,6198751,1,487597,0,001871226,1,042539,0,007761266
7349,0,5747244,1,34239,0,001833536,1,023267,0,006690646
7351,0,5057655,1,275776,0,001413941,0,996448,0,005504159
7353,0,3990311,1,206341,0,001408149,0,9345609,0,004628788
7355,0,3989666,1,132685,0,001408149,0,778436,0,00442428
7357,0,3989662,1,104125,0,001408149,0,6186891,0,00436331
7359,0,3989659,1,102972,0,001408149,0,5976029,0,00436331
7361,0,3989656,1,101819,0,001408149,0,605741,0,00436331
7363,0,3989653,1,100666,0,001408149,0,6101631,0,004342685
7365,0,398965,1,099512,0,001408149,0,6101061,0,004320909
7367,0,3989647,1,098359,0,001376469,0,6100491,0,004299133
7369,0,3989643,1,097206,0,001281361,0,6099921,0,004270504
7371,0,398964,1,096053,0,001186253,0,601719,0,00425558
7373,0,3989637,1,0949,0,001091145,0,6030356,0,004233804
7375,0,3989634,1,093854,0,0009960375,0,60439,0,004090685
7377,0,3989631,1,092519,0,0009818625,0,6056362,0,003907557
7379,0,3989623,1,088225,0,0009761289,0,6039595,0,003808876
7381,0,3989611,1,087987,0,0009703953,0,6052048,0,003794468
7383,0,3989598,1,088008,0,0009646618,0,6064501,0,003720845
7385,0,3989586,1,088029,0,0009589282,0,6076953,0,003563455
7387,0,3989573,1,08805,0,0009185778,0,6083993,0,003395733
7389,0,3989561,1,088071,0,0009185778,0,6005306,0,003395424
7391,0,3989382,1,080768,0,0009185778,0,5748284,0,003368514
7393,0,3989213,1,054976,0,0009185778,0,5744396,0,003341603
7395,0,3989216,1,054948,0,0009185778,0,5740508,0,003314693
7397,0,3989219,1,054941,0,0009185778,0,573662,0,003287782
7399,0,3989222,1,054935,0,0009185778,0,5684811,0,003260872
7401,0,3989225,1,054929,0,0009185778,0,5636033,0,003234383
7403,0,3989149,1,05479,0,0009185778,0,5646452,0,003225919
7405,0,3989118,1,018278,0,0009185778,0,5656914,0,003224625
7407,0,3989011,1,01809,0,0009185778,0,5668573,0,003222681
7409,0,3989014,1,017467,0,0009185778,0,5179783,0,003221826
7411,0,3988909,1,016727,0,0009185778,0,4846912,0,0032211
7413,0,3988875,1,015826,0,0009185778,0,4841848,0,003219277
7415,0,3988761,1,00416,0,0009185778,0,4836761,0,003217381
7417,0,3988739,0,9750824,0,0009185778,0,47962,0,003216415
7419,0,398872,0,7982132,0,0009185778,0,4386132,0,003214092
7421,0,3987855,0,708487,0,0009185778,0,4287434,0,003205902
7423,0,3987048,0,6285045,0,0009185778,0,4352233,0,003180918
7425,0,3985566,0,5760553,0,0009185778,0,4233289,0,003179671
7427,0,3984487,0,5758069,0,0009185778,0,4197447,0,003150702
7429,0,3984487,0,5755584,0,0009185778,0,4231571,0,003150702
7431,0,3984487,0,5753099,0,0009185778,0,4248993,0,003150702
7433,0,3984487,0,5750614,0,0009185778,0,423696,0,003150702
7435,0,3984487,0,5753548,0,0009185778,0,4236627,0,003150702
7437,0,3984487,0,575648,0,0009185778,0,4231951,0,003150702
7439,0,3984487,0,5759413,0,0009185778,0,4221413,0,003150702
7441,0,3984487,0,5738631,0,0009185778,0,4193507,0,003150702
7443,0,3984487,0,5712825,0,0009185778,0,4311447,0,003150702
7445,0,3984487,0,5690331,0,0009185778,0,4424287,0,003178408
7447,0,3984487,0,5700541,0,0009185778,0,4424287,0,003178408
7449,0,3984487,0,5710387,0,0009185778,0,4439915,0,003178408
7451,0,3984487,0,5719871,0,0009185778,0,4432914,0,003178408
7453,0,3984487,0,5729354,0,0009185778,0,4424287,0,003178408
7455,0,3984487,0,5738838,0,0009185778,0,4418912,0,003178408
7457,0,3984487,0,5748321,0,0009185778,0,4411911,0,003178408
7459,0,3984487,0,5744252,0,0009185778,0,4404908,0,003178408
7461,0,3984487,0,5732969,0,0009185778,0,4389935,0,003178408
7463,0,3984487,0,5721732,0,0009185778,0,4368367,0,003178408
7465,0,3984487,0,5710495,0,0009185778,0,4379286,0,003178408
7467,0,3984487,0,5716598,0,0009185778,0,4424287,0,003178408
7469,0,3984487,0,5714313,0,0009185778,0,4424287,0,003178408
7471,0,3984487,0,5712029,0,0009185778,0,4424287,0,003178408
7473,0,3984487,0,5709745,0,0009185778,0,4424287,0,003178408
7475,0,3984487,0,570746,0,0009185778,0,4424287,0,003178408
7477,0,3984487,0,5705175,0,0009185778,0,4424287,0,003178408
7479,0,3984487,0,5702891,0,0009185778,0,4424287,0,003178408
7481,0,3984487,0,5700606,0,0009185778,0,4424287,0,003178408
7483,0,3984487,0,5693058,0,0009185778,0,4424287,0,003178408
7485,0,3984487,0,5677285,0,0009185778,0,4388364,0,003178408
7487,0,3984487,0,5623932,0,0009185778,0,4338437,0,003178408
7489,0,3984487,0,557058,0,0009185778,0,428851,0,003178408
7491,0,3984487,0,5512434,0,0009185778,0,4237802,0,003178408
7493,0,3984487,0,5502016,0,0009185778,0,4257302,0,003178408
7495,0,3984487,0,5566425,0,0009185778,0,432464,0,003178408
7497,0,3984487,0,5654266,0,0009185778,0,4424287,0,003178408
7499,0,3984487,0,5600739,0,0009185778,0,4318791,0,003178408
7501,0,3984487,0,5600411,0,0009185778,0,4338448,0,003178408
7503,0,3984487,0,5611163,0,0009185778,0,4424287,0,003178408
7505,0,3984487,0,5602491,0,0009185778,0,4424287,0,003178408
7507,0,3984487,0,559382,0,0009185778,0,4424287,0,003178408
7509,0,3984487,0,5589424,0,0009185778,0,4433995,0,003178408
7511,0,3984487,0,5588399,0,0009185778,0,4424287,0,003178408
7513,0,3984487,0,5575455,0,0009185778,0,4424287,0,003178408
7515,0,3984487,0,5562962,0,0009185778,0,4455465,0,003178408
7517,0,3984487,0,5550469,0,0009185778,0,4463,0,003178408
7519,0,3984487,0,5539091,0,0009185778,0,4502957,0,003178408
7521,0,3984487,0,5610678,0,0009185778,0,4561365,0,003178408
7523,0,3984487,0,5608155,0,0009185778,0,4547658,0,003178408
7525,0,3984487,0,5605632,0,0009185778,0,4547034,0,003178408
7527,0,3984487,0,5603109,0,0009185778,0,4546409,0,003178408
7529,0,3984487,0,5600586,0,0009185778,0,4545785,0,003178408
7531,0,3984487,0,5598063,0,0009185778,0,4570214,0,003178408
7533,0,3984487,0,5595539,0,0009185778,0,4578941,0,003178408
7535,0,3984487,0,5400345,0,0009185778,0,4512435,0,003178408
7537,0,3984487,0,5423075,0,0009185778,0,4627781,0,003178408
7539,0,3984487,0,5492389,0,0009185778,0,4656182,0,003297358
7541,0,3984487,0,5549699,0,0009185778,0,4669637,0,003297358
7543,0,3984487,0,5626925,0,0009185778,0,4706066,0,003297358
7545,0,3984487,0,5800521,0,0009185778,0,4767807,0,003297358
7547,0,3984487,0,5797768,0,0009185778,0,4765054,0,003297358
7549,0,3984487,0,5825643,0,0009185778,0,4792929,0,003297358
7551,0,3984487,0,5884146,0,0009185778,0,4795171,0,003297358
7553,0,3984487,0,5925736,0,0009185778,0,4794848,0,003297358
7555,0,3984487,0,5855703,0,0009185778,0,4712034,0,003297358
7557,0,3984487,0,5785668,0,0009185778,0,4708819,0,003297358
7559,0,3984487,0,5715635,0,0009185778,0,4716932,0,003297358
7561,0,3984487,0,5623304,0,0009185778,0,4594885,0,003297358
7563,0,3984487,0,5598952,0,0009185778,0,4573446,0,003297358
7565,0,3984487,0,5602129,0,0009185778,0,4577392,0,003297358
7567,0,3984487,0,5605305,0,0009185778,0,4581337,0,003297358
7569,0,3984487,0,5608481,0,0009185778,0,4577089,0,003297358
7571,0,3984487,0,5605753,0,0009185778,0,4564059,0,003297358
7573,0,3984487,0,5603025,0,0009185778,0,4551029,0,003297358
7575,0,3984487,0,559477,0,0009185778,0,4537999,0,003297358
7577,0,3984487,0,5576267,0,0009185778,0,4530898,0,003297358
7579,0,3984487,0,5557765,0,0009185778,0,4529766,0,003297358
7581,0,3984487,0,5539263,0,0009185778,0,4528634,0,003297358
7583,0,3984487,0,552076,0,0009185778,0,4527502,0,003297358
7585,0,3984487,0,5502258,0,0009185778,0,452637,0,003297358
7587,0,3984487,0,5483755,0,0009185778,0,4525239,0,003297358
7589,0,3984487,0,5465253,0,0009185778,0,4524107,0,003297358
7591,0,3984487,0,5446751,0,0009185778,0,4522975,0,003297358
7593,0,3984487,0,5434917,0,0009185778,0,4521843,0,003297358
7595,0,3984487,0,5434353,0,0009185778,0,4520711,0,003297358
7597,0,3984487,0,5433788,0,0009185778,0,4519886,0,003297358
7599,0,3984487,0,5433223,0,0009185778,0,4513717,0,003297358
7601,0,3984487,0,5432658,0,0009185778,0,4503807,0,003297358
7603,0,3984487,0,5427612,0,0009185778,0,4461,0,003297358
7605,0,3984487,0,5422566,0,0009185778,0,4446051,0,003297358
7607,0,3984487,0,541752,0,0009185778,0,4424287,0,003297358
7609,0,3984487,0,5412474,0,0009185778,0,4423975,0,003297358
7611,0,3984487,0,5409884,0,0009185778,0,4416245,0,003297358
7613,0,3984487,0,5407294,0,0009185778,0,4408514,0,003297358
7615,0,3984487,0,5404704,0,0009185778,0,4400784,0,003297358
7617,0,3984487,0,5402114,0,0009185778,0,4381419,0,003297358
7619,0,3984487,0,5399525,0,0009185778,0,436857,0,003297358
7621,0,3984487,0,5396935,0,0009185778,0,4365426,0,003297358
7623,0,3984487,0,5373957,0,0009185778,0,4305307,0,003297358
7625,0,3984487,0,5371998,0,0009185778,0,4293702,0,003297358
7627,0,3984487,0,5370039,0,0009185778,0,4288353,0,003297358
7629,0,3984487,0,5368081,0,0009185778,0,4283005,0,003297358
7631,0,3984487,0,5366122,0,0009185778,0,4282504,0,003297358
7633,0,3984487,0,5364164,0,0009185778,0,4282803,0,003297358
7635,0,3984487,0,5362205,0,0009185778,0,4277053,0,003297358
7637,0,3984487,0,5356908,0,0009185778,0,4270581,0,003297358
7639,0,3984487,0,534973,0,0009185778,0,4264109,0,003297358
7641,0,3984487,0,5321926,0,0009185778,0,4244733,0,003297358
7643,0,3984487,0,5273495,0,0009185778,0,4164049,0,003297358
7645,0,3984487,0,5266752,0,0009185778,0,4036807,0,003297358
7647,0,3984487,0,5252938,0,0009185778,0,4036807,0,003297358
7649,0,3984487,0,5239124,0,0009185778,0,4036807,0,003297358
7651,0,3984487,0,522531,0,0009185778,0,4035104,0,003297358
7653,0,3984487,0,5211496,0,0009185778,0,4035104,0,003297358
7655,0,3984487,0,5197682,0,0009185778,0,4020224,0,003297358
7657,0,3984487,0,5183868,0,0009185778,0,3990946,0,003297358
7659,0,3984487,0,5157982,0,0009185778,0,3990946,0,003297358
7661,0,3984487,0,5080812,0,0009185778,0,3990946,0,003297358
7663,0,3984487,0,5037391,0,0009185778,0,3990946,0,003297358
7665,0,3984487,0,5024771,0,0009185778,0,3990946,0,003297358
7667,0,3984487,0,5006146,0,0009185778,0,3990946,0,003297358
7669,0,3984487,0,4989857,0,0009185778,0,3990946,0,003297358
7671,0,3984487,0,4973569,0,0009185778,0,3990946,0,003297358
7673,0,3984487,0,495728,0,0009185778,0,3990946,0,003297358
7675,0,3984487,0,4948871,0,0009185778,0,3990946,0,003297358
7677,0,3984487,0,4944488,0,0009185778,0,3990946,0,003297358
7679,0,3984487,0,4940106,0,0009185778,0,3990946,0,003297358
7681,0,3984487,0,4935723,0,0009185778,0,3946371,0,003297358
7683,0,3984487,0,4931341,0,0009185778,0,3929103,0,003297358
7685,0,3984487,0,4926958,0,0009185778,0,3932406,0,003297358
7687,0,3984487,0,4922576,0,0009185778,0,3935708,0,003297358
7689,0,3984487,0,4918193,0,0009185778,0,3939011,0,003297358
7691,0,3984487,0,4913811,0,0009185778,0,3928629,0,003297358
7693,0,3984487,0,4890366,0,0009185778,0,3862492,0,003297358
7695,0,3984487,0,486692,0,0009185778,0,3858091,0,003297358
7697,0,3984487,0,4843475,0,0009185778,0,3858091,0,003297358
7699,0,3984487,0,4821562,0,0009185778,0,3838866,0,003297358
7701,0,3984487,0,4761256,0,0009185778,0,3744377,0,003297358
7703,0,3984487,0,4484091,0,0009185778,0,3643781,0,003297358
7705,0,3984487,0,4424287,0,0009185778,0,3637295,0,003297358
7707,0,3984487,0,4424287,0,0009185778,0,3599021,0,003297358
7709,0,3984487,0,4424287,0,0009185778,0,3537753,0,003297358
7711,0,3984487,0,4424287,0,0009185778,0,348903,0,003297358
7713,0,3984487,0,4424287,0,0009185778,0,3465369,0,003297358
7715,0,3984487,0,4424287,0,0009185778,0,3452604,0,003297358
7717,0,3984487,0,4415363,0,0009185778,0,3406757,0,003297358
7719,0,3984487,0,4290553,0,0009185778,0,3406757,0,003297358
7721,0,427538,0,4831311,0,001408149,0,3542131,0,00346827
7723,0,4390602,0,6007358,0,001408149,0,3898365,0,003543392
7725,0,4527779,0,8799286,0,001585826,0,445343,0,003554487
7727,0,458124,0,9952381,0,001585826,0,4908289,0,00369426
7729,0,4717894,1,007731,0,001585826,0,5863984,0,004031752
7731,0,4952514,1,096913,0,001619086,0,6806111,0,004207787
7733,0,5119665,1,119627,0,001858894,0,7417866,0,004702324
7735,0,6306289,1,134172,0,002150002,0,8249968,0,004936706
7737,0,8487918,1,140878,0,002150002,0,9132963,0,005003303
7739,1,514198,1,168387,0,002150002,0,9845348,0,005410371
7741,1,52354,1,168533,0,002150002,0,9951137,0,00555246
7743,1,532882,1,190024,0,002150002,1,006212,0,005595517
7745,1,542225,1,195704,0,002150002,1,006832,0,005638573
7747,1,551567,1,201383,0,002150002,1,007551,0,005696859
7749,1,560909,1,202145,0,002150002,1,007531,0,00583996
7751,1,570252,1,201899,0,002150002,1,009592,0,005944775
7753,1,579594,1,201653,0,002150002,1,013769,0,005997544
7755,1,588936,1,201406,0,002150002,1,017945,0,006050311
7757,1,598279,1,20116,0,002150002,1,021155,0,006184121
7759,1,614631,1,200914,0,002150002,1,027279,0,006209091
7761,1,637988,1,232849,0,002150002,1,030474,0,006234061
7763,1,7091,1,370764,0,003004357,1,12665,0,007444109
7765,1,805166,1,509288,0,003011522,1,183138,0,007988072
7767,2,022119,1,82522,0,003875521,1,261268,0,009924614
7769,2,394777,1,932996,0,003945457,1,361016,0,010365
7771,2,661866,2,033236,0,004050948,1,473807,0,01049871
7773,3,198993,2,157465,0,004625329,1,624756,0,01160109
7775,3,513968,2,339198,0,004645118,1,786122,0,0157791
7777,3,831402,2,389336,0,004665087,1,993104,0,01608888
7779,4,101014,2,584189,0,0046851,2,089344,0,0184408
7781,4,259173,2,662772,0,004705163,2,184872,0,01909895
7783,4,428801,2,807485,0,004724988,2,290753,0,02360518
7785,4,593449,2,825095,0,005419809,2,397832,0,02592683
7787,4,737395,2,915696,0,005418035,2,442666,0,02749623
7789,4,859297,3,088923,0,005442723,2,536404,0,02974591
7791,4,934878,3,192113,0,005627227,2,598116,0,03141725
7793,4,967795,3,333309,0,005973793,2,710014,0,03254434
7795,5,006323,3,37951,0,006158421,2,751751,0,03354748
7797,5,04123,3,430763,0,006399503,2,752076,0,03409187
7799,5,082711,3,461018,0,006665727,2,752401,0,03614474
7801,5,11833,3,462257,0,006810979,2,766008,0,03814695
7803,5,154035,3,463495,0,006956232,2,790867,0,04076282
7805,5,191182,3,464734,0,007101485,2,825935,0,04119896
7807,5,223097,3,478411,0,007234244,2,896026,0,04421789
7809,5,251064,3,612293,0,007457093,2,950802,0,04891372
7811,5,285618,3,733075,0,01186942,3,016248,0,05461461
7813,5,312831,3,742908,0,01402246,3,031248,0,05645299
7815,5,340044,3,75274,0,01427601,3,042173,0,05862869
7817,5,411962,3,906818,0,01452957,3,118508,0,06204436
7819,5,441291,4,004057,0,01517293,3,261045,0,06629077
7821,5,46234,4,102943,0,01557878,3,334288,0,07817488
7823,5,484929,4,183203,0,02321236,3,383974,0,07970423
7825,5,493596,4,213511,0,02345921,3,460793,0,07967857
7827,5,502262,4,243819,0,02370607,3,495601,0,07965291
7829,5,518587,4,276743,0,02411763,3,538204,0,08595925
7831,5,536003,4,377961,0,02454703,3,614229,0,09882864
7833,5,541101,4,513412,0,02474991,3,665806,0,1015668
7835,5,543335,4,560957,0,02496093,3,675357,0,1030258
7837,5,54557,4,597081,0,02517195,3,684908,0,1044847
7839,5,547804,4,633204,0,02538297,3,723435,0,1059437
7841,5,550039,4,669328,0,02559398,3,774743,0,1082582
7843,5,552274,4,705451,0,025805,3,787366,0,1113746
7845,5,554508,4,741575,0,02601602,3,798759,0,114491
7847,5,569324,5,000518,0,02640734,3,960015,0,1157431
7849,5,587061,5,145674,0,0277939,4,120572,0,120145
7851,5,595741,5,311761,0,02930366,4,289105,0,124192
7853,5,60571,5,420132,0,03053756,4,434833,0,1373012
7855,5,626498,5,501475,0,03362021,4,524506,0,1711116
7857,5,660315,5,523561,0,03612978,4,572349,0,1849884
7859,5,680149,5,579882,0,03754647,4,623943,0,1907422
7861,5,686255,5,605271,0,03815969,4,646723,0,1893703
7863,5,692362,5,63066,0,0387729,4,660721,0,1907618
7865,5,698468,5,656048,0,03938612,4,676551,0,1905508
7867,5,704575,5,681437,0,03999933,4,700913,0,201317
7869,5,710681,5,725103,0,04061254,4,707839,0,2057929
7871,5,772764,5,884274,0,04500822,4,785799,0,2108218
7873,5,797069,5,922797,0,04882252,4,928615,0,2197895
7875,5,812048,5,955887,0,05879669,4,994509,0,2244623
7877,5,817275,5,971042,0,06096026,5,004737,0,2254042
7879,5,822502,5,986198,0,06312382,5,014966,0,2280153
7881,5,827728,6,001353,0,06528739,5,025194,0,228163
7883,5,832954,6,016509,0,06745095,5,035423,0,2282315
7885,5,847628,6,043954,0,07564299,5,074464,0,239804
7887,5,887963,6,153129,0,07634317,5,133394,0,2595839
7889,5,972852,6,192908,0,07687084,5,162034,0,2607492
7891,5,979671,6,192221,0,07737489,5,166437,0,2599868
7893,5,986489,6,191535,0,07787894,5,17084,0,2601951
7895,5,993307,6,190848,0,07838299,5,171772,0,2619678
7897,6,000125,6,190161,0,07888705,5,177766,0,2626179
7899,6,006944,6,189475,0,07939109,5,18405,0,2641641
7901,6,028778,6,189394,0,07989515,5,188453,0,2657103
7903,6,040952,6,189207,0,08046845,5,192338,0,2686338
7905,6,057581,6,19583,0,08191464,5,195421,0,2715572
7907,6,069077,6,202512,0,08175304,5,19575,0,2744807
7909,6,085935,6,211903,0,08207656,5,197399,0,2774041
7911,6,109682,6,226315,0,0827643,5,208066,0,282917
7913,6,127485,6,24097,0,08341866,5,243351,0,2900027
7915,6,145969,6,255906,0,08386825,5,257627,0,2920228
7917,6,161461,6,270397,0,08431783,5,261258,0,2947288
7919,6,173245,6,285198,0,09203801,5,26489,0,2945177
7921,6,148077,6,289886,0,0934842,5,264532,0,2925949
7923,6,140477,6,304152,0,0949304,5,30839,0,2927857
7925,6,130681,6,317022,0,0963766,5,383955,0,2929764
7927,6,129256,6,322751,0,09782279,5,261534,0,2931671
7929,6,119512,6,268886,0,0992168,5,253244,0,2933021
7931,6,099972,6,274341,0,1006108,5,247462,0,2901735
7933,6,087178,6,222339,0,1020048,5,240424,0,2891007
7935,5,972437,6,21005,0,1033988,5,24256,0,2883884
7937,5,758196,6,208405,0,08054943,5,244535,0,2886672
7939,5,096712,6,209426,0,07684197,5,245166,0,2873331
7941,5,09129,6,211582,0,07690679,5,245865,0,288449
7943,5,08587,6,213737,0,07697163,5,246564,0,2895648
7945,5,080449,6,215893,0,07705029,5,247263,0,2900574
7947,5,075028,6,218049,0,07803361,5,247962,0,2904205
7949,5,069607,6,220204,0,07875175,5,248661,0,2907836
7951,5,064187,6,227393,0,07946988,5,24936,0,2911401
7953,5,058766,6,236426,0,08018801,5,25006,0,2915098
7955,5,053345,6,245461,0,08090615,5,250759,0,291873
7957,5,047924,6,254494,0,08162428,5,251458,0,2922361
7959,5,035493,6,262422,0,08234242,5,252157,0,2925992
7961,5,696013,6,398049,0,08325347,5,309652,0,3069445
7963,5,845086,6,38443,0,08380613,5,24897,0,2914903
7965,5,969409,6,182688,0,08448637,5,183287,0,2899429
7967,5,812984,6,097242,0,08536767,5,068831,0,2852982
7969,5,491103,6,067559,0,08630808,5,041199,0,2884464
7971,5,24601,6,037328,0,08730858,4,990954,0,2514249
7973,4,728533,5,998096,0,06801175,4,839361,0,2464543
7975,4,433208,5,934963,0,06142949,4,769468,0,2420302
7977,4,1352,5,78188,0,06162746,4,654732,0,2409892
7979,3,884789,5,723546,0,05938649,4,602769,0,2374592
7981,3,745831,5,698564,0,05766018,4,577344,0,2352922
7983,3,595404,5,647073,0,05690268,4,477721,0,2330824
7985,3,449956,5,58762,0,05418565,4,342574,0,209796
7987,3,332811,5,56055,0,05330291,4,364535,0,2023744
7989,3,238797,5,533387,0,05352408,4,30094,0,1818202
7991,3,198193,5,390802,0,05821922,4,213606,0,187512
7993,3,19324,5,316265,0,05867222,4,221617,0,1824261
7995,3,185079,5,354588,0,05907331,4,2974,0,1827527
7997,3,173796,5,331015,0,06313019,4,291798,0,1969863
7999,3,153594,5,299476,0,0626535,4,296773,0,1846492
8001,3,139256,5,270747,0,06217682,4,297149,0,1861998
8003,3,12483,5,242017,0,0615242,4,288168,0,1877503
8005,3,108963,5,213287,0,06031698,4,27399,0,1879925
8007,3,098327,5,180819,0,05910786,4,203932,0,1872049
8009,3,09164,4,927136,0,05893677,4,154412,0,1838418
8011,3,078365,4,808587,0,0588481,4,017223,0,1767084
8013,3,072432,4,790709,0,05886399,3,986627,0,1766222
8015,3,101688,4,848942,0,05888164,4,023834,0,2016901
8017,3,064334,4,86599,0,06881899,4,041115,0,205662
8019,3,072567,4,793651,0,0700112,3,958893,0,2039874
8021,3,076811,4,704648,0,06737129,3,899491,0,1902486
8023,3,079517,4,700438,0,05412936,3,785575,0,1901748
8025,3,096146,4,703437,0,05119622,3,765425,0,1886632
8027,3,112772,4,694282,0,04868405,3,771949,0,1838789
8029,3,121742,4,436566,0,04779438,3,777194,0,1790804
8031,3,129619,4,292043,0,04690813,3,67841,0,1622632
8033,3,149814,4,298597,0,04354547,3,528593,0,1573014
8035,3,172894,4,306437,0,04265154,3,560327,0,1598773
8037,3,197361,4,229289,0,04185201,3,532363,0,1614902
8039,3,223301,4,133246,0,04102003,3,534132,0,16018
8041,3,247932,4,126219,0,04029065,3,528641,0,1586505
8043,3,272547,4,171212,0,03961423,3,50942,0,156919
8045,3,297143,4,211929,0,03918484,3,489773,0,1551815
8047,3,309158,4,188343,0,03853926,3,446917,0,1526702
8049,3,318252,4,094316,0,03643921,3,288422,0,1465018
8051,3,336402,4,00083,0,03376999,3,184813,0,1372822
8053,3,353265,3,891572,0,03230223,3,133137,0,1247772
8055,3,359308,3,781188,0,03201166,3,040621,0,1009865
8057,3,373767,3,651293,0,0318283,2,972044,0,09695309
8059,3,409477,3,632907,0,02820733,2,954839,0,09148298
8061,3,466152,3,723982,0,03164153,3,019845,0,092986
8063,3,57513,3,742549,0,03460927,3,055357,0,09709345
8065,3,602319,3,81045,0,03665856,3,145747,0,09954384
8067,3,62709,3,898934,0,03749628,3,136027,0,1210778
8069,3,643757,3,88851,0,03818371,3,080928,0,1187958
8071,3,60445,3,793828,0,03735801,2,955348,0,1103576
8073,3,602918,3,708316,0,0365309,2,888151,0,1050994
8075,3,610713,3,429313,0,03570397,2,804224,0,1005873
8077,3,628261,3,423411,0,03487894,2,790008,0,1007416
8079,3,645809,3,422817,0,0340539,2,802154,0,1012606
8081,3,663357,3,42583,0,03322886,2,804265,0,1017795
8083,3,680904,3,428842,0,03240383,2,797137,0,1008759
8085,3,689005,3,431338,0,03157879,2,764422,0,1009473
8087,3,671444,3,402768,0,0292556,2,690359,0,0946124
8089,3,609329,3,395891,0,02894673,2,641628,0,08778373
8091,3,625285,3,362743,0,02891218,2,639927,0,08761731
8093,3,641241,3,316867,0,02887765,2,627022,0,08815203
8095,3,657197,3,27099,0,0288431,2,627971,0,08868674
8097,3,673153,3,225114,0,02880856,2,626915,0,08904101
8099,3,689109,3,204808,0,02877402,2,626861,0,08901805
8101,3,690049,3,199774,0,02873948,2,617961,0,08899508
8103,3,70065,3,203605,0,028628,2,626395,0,08807345
8105,3,706795,3,210899,0,02851652,2,631538,0,0880096
8107,3,718073,3,211477,0,02840504,2,627596,0,08827186
8109,3,723989,3,184185,0,02837285,2,615928,0,0865189
8111,3,723017,3,168848,0,02834024,2,587874,0,08348783
8113,3,727988,3,090774,0,0283072,2,570702,0,08061262
8115,3,732278,3,081962,0,02827941,2,509803,0,07543369
8117,3,73956,3,090566,0,02821149,2,512713,0,07543092
8119,3,750551,3,101807,0,02822383,2,516701,0,07314412
8121,3,769404,3,115211,0,02819604,2,521276,0,07304052
8123,3,81917,3,18755,0,02832205,2,567513,0,07833593
8125,3,866739,3,236114,0,02947686,2,688562,0,08020256
8127,3,957406,3,349302,0,03036403,2,765144,0,08396856
8129,4,062805,3,537591,0,03106569,2,820482,0,09156893
8131,4,179686,3,543836,0,0333796,2,891905,0,1002088
8133,4,319488,3,657846,0,03622207,3,023363,0,1069529
8135,4,448235,3,882726,0,03783885,3,050649,0,1120841
8137,4,588881,4,012561,0,03854848,3,106086,0,1213701
8139,4,677855,4,144563,0,03959882,3,231309,0,1258825
8141,4,784823,4,194181,0,04057222,3,371033,0,1268386
8143,4,871711,4,23284,0,04371289,3,404767,0,128734
8145,4,983041,4,272932,0,04964238,3,501279,0,1298141
8147,5,073517,4,313841,0,05006752,3,52056,0,132558
8149,5,172228,4,419023,0,05032279,3,544226,0,1351553
8151,5,268336,4,500679,0,05089258,3,587636,0,137194
8153,5,406978,4,541573,0,05226929,3,619695,0,1372108
8155,5,45367,4,577557,0,05164444,3,650958,0,1372277
8157,5,500362,4,613541,0,05101959,3,68222,0,1392775
8159,5,547054,4,649525,0,05039473,3,698236,0,1393609
8161,4,916037,4,519014,0,05017976,3,594713,0,1396813
8163,4,983866,4,532373,0,04996478,3,683028,0,1456102
8165,5,071702,4,620382,0,04981891,3,832626,0,1536252
8167,5,305154,4,50371,0,04967303,3,856847,0,1656594
8169,5,695264,4,630338,0,04952715,3,867598,0,1686682
8171,5,752148,4,632339,0,04938128,3,873429,0,17445
8173,5,811379,4,634342,0,05254707,3,875483,0,1749854
8175,5,870611,4,636344,0,05663922,3,893027,0,1755209
8177,5,930067,4,638346,0,05633628,3,908629,0,1760563
8179,6,074018,4,736068,0,05609168,3,932761,0,178902
8181,6,244942,4,899465,0,06167981,3,972162,0,21104
8183,6,40738,4,960466,0,06451858,4,115919,0,2188251
8185,6,69276,5,087366,0,06589286,4,142342,0,2439142
8187,6,859008,5,159479,0,06749517,4,144885,0,2485803
8189,6,964547,5,12098,0,05846285,4,196359,0,2529874
8191,6,982037,5,055606,0,05661784,4,110877,0,2532983
8193,7,007,4,984565,0,05888836,4,123753,0,2557627
8195,7,005503,4,980222,0,06575403,4,28236,0,258631
8197,6,997856,5,137527,0,07147952,4,273861,0,2660586
8199,6,990842,5,283976,0,07142377,4,388414,0,2748479
8201,6,981394,5,361906,0,0711901,4,411821,0,2796876
8203,6,973361,5,346317,0,07095492,4,450395,0,2838236
8205,6,969666,5,331623,0,07072189,4,610241,0,2866352
8207,6,971764,5,315811,0,07049192,4,652145,0,2876391
8209,6,978051,5,533554,0,07025523,4,697381,0,2915731
8211,6,982725,5,610263,0,07868681,4,802406,0,2999696
8213,6,980207,5,832778,0,0798497,4,823396,0,2996211
8215,6,941271,5,938171,0,07476916,4,850676,0,2970594
8217,6,923592,6,042045,0,0954298,4,795818,0,2718201
8219,6,939579,6,083276,0,09821085,4,796279,0,2831356
8221,6,964591,6,102179,0,1009901,4,795393,0,283337
8223,6,978867,6,120541,0,1037017,4,849475,0,2839924
8225,6,985758,6,138366,0,1063529,4,956605,0,2889766
8227,6,987305,6,171483,0,1093596,4,97175,0,2931039
8229,6,988668,6,207412,0,1123676,5,142228,0,3012374
8231,6,990108,6,33084,0,1233059,5,160746,0,3261225
8233,6,98803,6,353583,0,1246985,5,169062,0,3276255
8235,6,977911,6,367325,0,1245027,5,155289,0,3184007
8237,6,958387,6,372063,0,1319238,5,139334,0,3247237
8239,6,937388,6,376803,0,1399625,5,123412,0,3310467
8241,6,917698,6,381896,0,1370243,5,111376,0,3302596
8243,6,898025,6,386989,0,1386117,5,157536,0,3289836
8245,6,878371,6,392083,0,1403152,5,20393,0,3328708
8247,6,858716,6,397177,0,1420187,5,250323,0,3338639
8249,6,839062,6,402271,0,1437221,5,296717,0,3345132
8251,6,820128,6,41225,0,1454256,5,323443,0,3348836
8253,6,801389,6,425025,0,1529716,5,328572,0,3289712
8255,6,782273,6,43379,0,1663601,5,339123,0,336338
8257,6,745909,6,444108,0,1568264,5,341926,0,3383611
8259,6,722271,6,396778,0,1394479,5,328162,0,3616025
8261,6,705541,6,503709,0,1333272,5,27076,0,3840583
8263,6,604906,6,479458,0,1888281,5,284198,0,383645
8265,6,585782,6,456284,0,2129625,5,296099,0,3998112
8267,6,563114,6,514604,0,2046425,5,320779,0,4103287
8269,6,54852,6,630007,0,2064541,5,336857,0,4201457
8271,6,533926,6,745411,0,2087654,5,453507,0,4389808
8273,6,541081,6,807395,0,2189426,5,546851,0,452001
8275,6,527985,6,823894,0,2381007,5,608489,0,4747963
8277,6,514942,6,84059,0,2584326,5,621587,0,4869829
8279,6,504439,6,856918,0,2595811,5,609397,0,5008429
8281,6,491828,6,885216,0,2598642,5,677559,0,5298689
8283,6,476562,6,952322,0,2859614,5,765528,0,5480264
8285,6,458092,7,092858,0,2859583,5,791881,0,6143649
8287,6,443412,7,284685,0,3522503,5,838131,0,6380932
8289,6,433792,7,305779,0,3578197,5,968454,0,658168
8291,6,419337,7,32483,0,3579293,6,097723,0,6897403
8293,6,417064,7,339549,0,3586586,6,09514,0,687828
8295,6,417341,7,351095,0,359566,6,251434,0,707009
8297,6,405228,7,454844,0,3606497,6,305541,0,7235488
8299,6,386107,7,553701,0,4103085,6,46455,0,7495206
8301,6,36689,7,636409,0,4140641,6,48138,0,7732725
8303,6,347537,7,637635,0,4145398,6,536793,0,7900379
8305,6,339157,7,673282,0,4155915,6,570513,0,8058699
8307,6,331315,7,864051,0,4182618,6,609091,0,8212091
8309,6,318867,7,975937,0,4198436,6,715849,0,8400618
8311,6,311817,8,041149,0,4457832,6,806473,0,8950747
8313,6,295707,8,054594,0,4724255,6,852355,0,918103
8315,6,279128,8,080588,0,4736058,6,898897,0,9342034
8317,6,262573,8,119852,0,4839649,6,954438,0,9436473
8319,6,24823,8,181852,0,5031282,7,081538,0,9963948
8321,6,236074,8,299874,0,5152425,7,083778,1,001818
8323,6,192619,8,269655,0,5184047,7,05525,1,006915
8325,6,152761,8,304612,0,5251157,7,014555,1,016296
8327,6,071176,8,381802,0,5279962,6,982387,1,012899
8329,5,971911,8,300075,0,4960975,6,963517,1,003116
8331,5,861683,8,214258,0,4713081,6,940814,1,007266
8333,5,721914,8,2673,0,4952437,6,912358,1,016758
8335,5,593231,8,434311,0,4774235,6,988972,1,026555
8337,5,452363,8,328381,0,5484837,6,982616,1,035166
8339,5,362864,8,308852,0,5120409,6,941752,1,06501
8341,5,260216,8,322399,0,5183941,6,960254,1,077758
8343,5,176005,8,346857,0,5227259,6,995398,0,9622582
8345,5,065711,8,356973,0,5237604,7,003589,0,9577338
8347,4,977029,8,341481,0,5246398,7,037166,0,9563299
8349,4,883277,8,315479,0,533926,7,02198,0,9546463
8351,4,795226,8,359666,0,5482536,7,034827,0,9497069
8353,4,661856,8,337155,0,5562005,7,038781,0,9513318
8355,4,620511,8,34536,0,5557759,7,063229,0,9577919
8357,4,579935,8,399961,0,5560445,7,148961,0,9772885
8359,4,535227,8,404247,0,556471,7,217619,0,987628
8361,4,491589,8,440439,0,5667505,7,307847,0,9944761
8363,4,216107,8,477167,0,562721,7,325082,0,9961235
8365,3,925207,8,4203,0,5800313,7,335237,0,9606159
8367,3,648534,8,376267,0,5771328,7,382905,0,9894912
8369,3,224937,8,395141,0,5636642,7,39946,0,9676494
8371,3,163382,8,515634,0,5781343,7,457999,0,9900999
8373,3,098807,8,579916,0,5841449,7,544124,0,9950997
8375,3,031283,8,581517,0,5899652,7,570185,0,9740514
8377,2,965412,8,5804,0,5906428,7,564076,0,9744347
8379,2,815271,8,571942,0,588118,7,529167,0,9838098
8381,2,638157,8,566321,0,5851954,7,504763,0,9951118
8383,2,472531,8,569682,0,5818239,7,572993,0,9994602
8385,2,183395,8,529881,0,5469544,7,621276,0,9951122
8387,2,005051,8,338986,0,5627629,7,637575,0,9881712
8389,1,899284,8,295778,0,5566005,7,601799,0,999957
8391,1,881185,8,30619,0,5264829,7,605778,1,011445
8393,1,849494,8,470913,0,4700808,7,603865,1,013892
8395,1,837433,8,473428,0,4791478,7,548146,0,9893351
8397,1,840831,8,455329,0,5017554,7,47288,0,9914572
8399,1,848505,8,44848,0,5185715,7,421463,1,003343
8401,1,864379,8,482621,0,5447972,7,438837,1,021569
8403,1,872279,8,526958,0,5464203,7,491925,1,024317
8405,1,871236,8,601102,0,5469216,7,439703,1,000885
8407,1,868544,8,638582,0,5509309,7,488447,0,9958555
8409,1,856613,8,663955,0,5487385,7,448829,0,9959843
8411,1,841245,8,640265,0,5575926,7,428706,0,9978722
8413,1,839332,8,672091,0,532751,7,469475,1,017167
8415,1,835716,8,685258,0,5045399,7,487782,1,016891
8417,1,83274,8,656352,0,48308,7,560483,1,0128
8419,1,789352,8,616065,0,4595535,7,569908,1,016364
8421,1,752741,8,697577,0,460912,7,553019,1,022798
8423,1,7304,8,757091,0,4908259,7,573631,1,004598
8425,1,714509,8,700105,0,479887,7,446862,0,995428
8427,1,701532,8,681721,0,4655583,7,508597,0,9778015
8429,1,686304,8,661688,0,4420577,7,560676,0,9753754
8431,1,67545,8,627683,0,439834,7,571323,0,9434277
8433,1,673269,8,669127,0,4376964,7,526644,0,9259744
8435,1,683284,8,684253,0,435645,7,548167,0,9331926
8437,1,707902,8,701992,0,4346649,7,538865,0,9536769
8439,1,726079,8,723131,0,4336115,7,532543,0,9752218
8441,1,737818,8,81848,0,4338426,7,532803,0,967122
8443,1,748803,8,971435,0,433385,7,542981,0,990626
8445,1,756349,8,998735,0,4320292,7,66821,1,014046
8447,1,760454,9,17752,0,4329357,7,734861,1,02649
8449,1,763714,9,402102,0,4331551,7,782257,1,042311
8451,1,766327,9,488194,0,4297349,7,782587,1,05782
8453,1,767076,9,567952,0,4249688,7,744084,1,06846
8455,1,768346,9,684831,0,4215862,7,832041,1,092038
8457,1,82043,9,800038,0,4251933,7,927711,1,115027
8459,1,817693,9,771363,0,443744,7,904947,1,108923
8461,1,797324,9,636827,0,4635333,7,913119,1,068919
8463,1,816007,9,192472,0,3923862,7,869612,1,025694
8465,1,842417,9,219568,0,3861558,7,880998,1,031729
8467,1,871815,9,231594,0,3810743,7,900778,1,069923
8469,1,895744,9,346201,0,3758212,7,920526,1,052541
8471,1,914178,9,460823,0,3705158,7,940367,1,055068
8473,1,909449,9,573841,0,356345,7,945002,1,028125
8475,1,940742,9,374583,0,3533575,7,926715,1,020732
8477,1,987754,9,308829,0,3529979,7,874391,1,045817
8479,2,035281,9,435006,0,352886,7,846355,1,046018
8481,2,087827,9,561691,0,3532854,7,843635,1,03584
8483,2,145938,9,586416,0,330023,7,775876,1,047031
8485,2,208198,9,492259,0,3428023,7,703792,1,029228
8487,2,242829,9,111678,0,256997,7,687411,1,021723
8489,2,248562,8,923805,0,2647254,7,750175,1,028568
8491,2,258829,8,86692,0,2553025,7,712972,1,006341
8493,2,256522,8,857288,0,2307582,7,659196,1,017586
8495,2,251276,8,519414,0,2134594,7,623671,1,044887
8497,2,258516,8,563376,0,1988255,7,615284,1,041855
8499,2,284402,8,614591,0,2102742,7,639582,1,039876
8501,2,321767,8,647636,0,2233562,7,607844,1,047212
8503,2,346841,8,753187,0,2321438,7,597888,1,057331
8505,2,356051,8,702341,0,2376045,7,539125,1,041764
8507,2,359833,8,624156,0,239741,7,493533,1,019807
8509,2,365421,8,569077,0,2419893,7,453617,1,01125
8511,2,364244,8,476503,0,2441778,7,417975,0,9765792
8513,2,370759,8,451122,0,2464242,7,43566,0,9937049
8515,2,376577,8,410392,0,2865411,7,354828,0,989315
8517,2,377718,8,421596,0,2835854,7,402149,0,9770899
8519,2,371995,8,398873,0,2796723,7,380531,0,9215989
8521,2,364086,8,351098,0,2783835,7,296312,0,8934563
8523,2,356563,8,361118,0,2764759,7,287727,0,8613107
8525,2,347639,8,34927,0,2747729,7,388765,0,8642969
8527,2,337545,8,33791,0,2731414,7,49659,0,8740783
8529,2,331616,8,234361,0,2812712,7,515536,0,8930528
8531,2,326387,8,180604,0,2903828,7,49935,0,9131297
8533,2,32939,8,328692,0,2877186,7,378677,0,910939
8535,2,332414,8,371518,0,3107084,7,402774,0,935345
8537,2,334054,8,354367,0,3216651,7,386744,0,9541143
8539,2,336053,8,308688,0,3251702,7,373155,0,8826771
8541,2,333805,8,334308,0,3285593,7,306828,0,8625467
8543,2,333638,8,488686,0,3318466,7,321911,0,8678744
8545,2,335184,8,495594,0,345502,7,454051,0,9179675
8547,2,335928,8,571156,0,3661447,7,527536,0,9052167
8549,2,333462,8,60156,0,3991233,7,638327,0,9090036
8551,2,327936,8,620929,0,4186257,7,649343,0,9269639
8553,2,324369,8,923984,0,5239209,7,653904,1,023365
8555,2,319899,8,914139,0,5290723,7,58011,1,015354
8557,2,314658,8,916533,0,5216038,7,605537,0,9498925
8559,2,324842,8,776481,0,5179533,7,699459,0,9988201
8561,2,336285,8,677278,0,5194386,7,69674,1,017708
8563,2,34119,8,79781,0,536494,7,718008,1,027278
8565,2,341234,8,854565,0,5384517,7,752482,1,056688
8567,2,341223,8,848595,0,5370721,7,798881,1,079939
8569,2,379619,8,894485,0,536596,7,805123,1,085651
8571,2,387349,8,895388,0,5361098,7,839338,1,10681
8573,2,397761,8,912622,0,5355728,7,861364,1,13512
8575,2,415823,8,926362,0,5384581,7,892685,1,121937
8577,2,427556,8,940593,0,5594319,7,948579,1,135866
8579,2,437225,8,973524,0,6107512,8,023987,1,172022
8581,2,426023,8,972507,0,6729882,8,080669,1,17143
8583,2,412097,8,988134,0,6911807,8,085098,1,171177
8585,2,399013,8,96041,0,6763037,8,001181,1,20745
8587,2,385552,9,126275,0,7466715,7,923151,1,202595
8589,2,359046,9,300245,0,7346091,7,867939,1,205274
8591,2,325747,9,250467,0,6600339,7,877859,1,221787
8593,2,304492,9,193369,0,6597036,7,838921,1,196129
8595,2,287473,9,1861,0,6540489,7,844839,1,186959
8597,2,267691,9,246864,0,649543,7,797352,1,17406
8599,2,245344,9,305371,0,6329806,7,799121,1,166014
8601,2,217233,9,180532,0,6222224,7,74115,1,173917
8603,2,195681,9,021681,0,5960613,7,627684,1,162068
8605,2,179405,8,937961,0,5435677,7,633062,1,150785
8607,2,158985,8,945075,0,5459578,7,57538,1,169509
8609,2,143615,8,961513,0,5479559,7,605299,1,165778
8611,2,133242,8,993985,0,5497558,7,674056,1,186316
8613,2,116604,8,904263,0,5474128,7,649687,1,156718
8615,2,102901,8,919476,0,545401,7,684875,1,152873
8617,2,090559,8,830401,0,5419807,7,781209,1,157761
8619,2,081374,8,770933,0,5417081,7,719086,1,160566
8621,2,068061,8,746304,0,5399492,7,744503,1,175758
8623,2,050515,8,679321,0,5359851,7,708857,1,180836
8625,2,033902,8,646055,0,5360227,7,594664,1,190798
8627,2,019722,8,749791,0,5330057,7,558033,1,165444
8629,2,00983,8,768297,0,533866,7,524574,1,161533
8631,1,994658,8,791912,0,534632,7,530359,1,154162
8633,1,973496,8,842098,0,5356472,7,55266,1,148162
8635,1,949039,8,867923,0,5243088,7,55502,1,145734
8637,1,917731,8,882522,0,5131348,7,539182,1,140018
8639,1,892595,8,839785,0,5197107,7,533758,1,099766
8641,1,873625,8,739979,0,5362607,7,539985,1,09852
8643,1,855255,8,7034,0,5293024,7,521225,1,073121
8645,1,84017,8,715173,0,5359543,7,476325,1,040153
8647,1,828959,8,745041,0,5429723,7,476449,1,042785
8649,1,818486,8,813952,0,5500365,7,466055,1,044403
8651,1,807834,8,829708,0,5570439,7,460601,1,028626
8653,1,798408,8,572651,0,5644299,7,472505,1,032591
8655,1,78925,8,562326,0,5717205,7,437861,0,9943854
8657,1,725488,8,547743,0,4754947,7,410205,0,9876376
8659,1,696555,8,55146,0,419927,7,444547,1,01032
8661,1,674821,8,544577,0,3673114,7,470874,1,00581
8663,1,645053,8,505831,0,3307134,7,437172,1,010666
8665,1,609475,8,698613,0,3443681,7,443285,1,01814
8667,1,575479,8,733068,0,3706224,7,43201,1,032546
8669,1,545981,8,740672,0,4010775,7,593341,1,051092
8671,1,522,8,768168,0,4065189,7,606788,1,023653
8673,1,499419,8,797259,0,4340341,7,705047,1,022846
8675,1,461052,8,810869,0,4329768,7,863161,1,023753
8677,1,408977,8,826182,0,4218977,7,875216,1,02168
8679,1,353762,8,913657,0,3964972,7,800438,1,035304
8681,1,295554,8,894993,0,3832419,7,769866,1,023061
8683,1,238078,8,863389,0,3808416,7,780652,1,071019
8685,1,175658,8,932428,0,3864516,7,766688,1,073547
8687,1,135247,8,848403,0,3891049,7,702757,1,073345
8689,1,118675,8,960897,0,3894252,7,691144,1,072437
8691,1,102404,9,091286,0,3784277,7,683569,1,06713
8693,1,086523,9,172203,0,3749756,7,678076,1,031485
8695,1,149062,9,288274,0,3955409,7,70524,1,164493
8697,1,13211,9,548458,0,4196439,7,710682,1,093907
8699,1,105415,9,616543,0,4114478,7,758384,1,041825
8701,1,065993,9,614406,0,4007227,7,763979,1,040118
8703,1,038998,9,571765,0,3935728,7,757474,1,038416
8705,1,016327,9,582616,0,386044,7,738651,1,03842
8707,0,9965566,9,553549,0,3815576,7,695578,1,037513
8709,0,9795853,9,523405,0,3805619,7,687957,1,036317
8711,0,9639814,9,503048,0,3807358,7,659025,1,011643
8713,0,9497448,9,492505,0,3810293,7,618728,1,007069
8715,0,9366761,9,467398,0,3813122,7,57979,1,01076
8717,0,928259,9,457423,0,3815649,7,570925,1,014605
8719,0,9244932,9,457005,0,3818433,7,562301,1,018619
8721,0,9207275,9,392441,0,3891941,7,553676,1,022634
8723,0,9169618,9,270942,0,3898503,7,532168,1,026662
8725,0,913196,9,144623,0,3907506,7,477715,1,025486
8727,0,9092298,9,055498,0,3891758,7,490541,1,025043
8729,0,9040458,8,977399,0,384106,7,517162,1,038435
8731,0,9026613,8,947485,0,382143,7,545222,1,065888
8733,0,9047834,8,948982,0,3841532,7,650633,1,103331
8735,0,9069557,9,009368,0,3861916,7,699029,1,109289
8737,0,9107986,9,079862,0,388284,7,83105,1,118412
8739,0,9026011,9,177386,0,4496083,7,917595,1,060692
8741,0,8930386,9,169443,0,4941027,7,928785,1,042435
8743,0,8830367,9,149186,0,5008698,7,809666,1,026989
8745,0,8729637,9,136115,0,4986356,7,729625,1,028295
8747,0,8629348,9,1127,0,4823387,7,711881,1,049913
8749,0,8529498,9,103677,0,4827182,7,629219,1,071268
8751,0,8429274,9,044247,0,4103066,7,458285,1,028688
8753,0,8337322,8,860347,0,4066208,7,423733,1,043127
8755,0,8253641,8,800066,0,402993,7,37711,1,030034
8757,0,8169959,8,575592,0,3863524,7,335064,1,026466
8759,0,7973366,8,452229,0,3856417,7,259273,1,027709
8761,0,7731041,8,270558,0,3846759,7,222429,1,014046
8763,0,7522709,8,285959,0,3846675,7,154401,0,979157
8765,0,7361074,8,263178,0,3850474,7,061934,0,9717386
8767,0,7160614,8,211033,0,3643236,7,043218,0,95543
8769,0,657627,8,101567,0,3670457,6,908872,0,9398332
8771,0,6298203,7,955288,0,3693838,6,81448,0,8912371
8773,0,6023523,7,854827,0,3716975,6,781931,0,8367586
8775,0,5742023,7,813826,0,3720831,6,785079,0,8393351
8777,0,5547437,7,798748,0,3737616,6,72011,0,8265837
8779,0,5296799,7,840845,0,3642415,6,687631,0,8884047
8781,0,5254869,7,896724,0,356159,6,636592,0,8805308
8783,0,5210176,7,895219,0,3476817,6,629506,0,8806374
8785,0,5215343,7,893763,0,3484403,6,610818,0,8856174
8787,0,520158,7,89324,0,3476667,6,603512,0,8678929
8789,0,5181236,7,842124,0,3548096,6,556976,0,8552944
8791,0,5161838,7,83801,0,3381309,6,527173,0,8105045
8793,0,5145618,7,911671,0,3388691,6,528043,0,8367424
8795,0,512367,7,901346,0,3390271,6,541032,0,8468599
8797,0,5103667,7,856977,0,3401283,6,557554,0,8568295
8799,0,5090809,7,814591,0,3428635,6,57923,0,8545842
8801,0,5085098,7,852995,0,3472327,6,616701,0,8587199
8803,0,5078537,7,882302,0,3818651,6,639175,0,9070626
8805,0,5063919,7,892961,0,4067769,6,708845,0,8753024
8807,0,5047966,7,897403,0,3880818,6,838453,0,8530757
8809,0,5014768,8,017582,0,3698479,6,884443,0,8545379
8811,0,4982108,8,120486,0,3642111,6,938697,0,8504013
8813,0,4949449,7,941231,0,3493105,6,978511,0,8231797
8815,0,4916789,7,818898,0,337231,6,905975,0,8364931
8817,0,4876638,7,844333,0,3309203,6,865225,0,8744415
8819,0,4848493,7,808134,0,3286191,6,883359,0,8746504
8821,0,4809681,7,830704,0,3311023,6,954789,0,8793212
8823,0,4777752,7,94779,0,3414046,7,028218,0,8899406
8825,0,4745717,7,972294,0,3532214,7,019709,0,8963732
8827,0,4715354,7,995611,0,365658,6,996552,0,8685346
8829,0,4666137,8,02467,0,35331,7,025258,0,856407
8831,0,4624941,8,037347,0,3361928,6,892591,0,8687574
8833,0,4591359,8,048708,0,3430688,6,81301,0,908978
8835,0,454927,8,06694,0,3218057,6,838115,0,8874946
8837,0,4510187,8,058043,0,2972278,6,855964,0,875164
8839,0,4472496,8,042454,0,2858962,6,876239,0,8610482
8841,0,4437924,8,008408,0,2705248,6,887152,0,8786595
8843,0,4405297,8,044246,0,2634642,6,969096,0,8641116
8845,0,4377863,8,041318,0,2627253,7,029283,0,8888983
8847,0,4349481,8,081675,0,2973898,6,95201,0,8334633
8849,0,432191,8,131154,0,3933202,6,978344,0,8343511
8851,0,4308198,8,113209,0,3762817,7,073476,0,7980923
8853,0,4301824,8,162004,0,3644878,7,121545,0,7800528
8855,0,429415,8,147099,0,3529134,7,133653,0,8021131
8857,0,4282376,8,132541,0,3332243,7,046974,0,8094774
8859,0,4270602,8,108164,0,3197026,7,040369,0,8153299
8861,0,4221702,7,994773,0,3047565,7,016606,0,8005152
8863,0,4203072,8,014207,0,3019135,7,062574,0,7327964
8865,0,4192479,8,139897,0,3259374,7,012496,0,7520258
8867,0,4195795,8,005509,0,3253235,7,002897,0,7638543
8869,0,4207149,8,207895,0,3299389,6,874075,0,7409045
8871,0,4218284,8,400826,0,3248319,6,82825,0,6994256
8873,0,4229562,8,457403,0,3229467,6,809848,0,692634
8875,0,4195532,8,231515,0,3224597,6,744063,0,6813899
8877,0,414087,8,018847,0,3190255,6,77981,0,6780579
8879,0,4087045,7,872921,0,3102331,6,705923,0,6775479
8881,0,4034055,7,861028,0,308432,6,668797,0,6655093
8883,0,394463,7,846896,0,2822544,6,594533,0,6582792
8885,0,3895216,7,840207,0,2652076,6,588917,0,6378235
8887,0,3864082,7,838059,0,2667922,6,576392,0,6194994
8889,0,3832947,7,861849,0,2683768,6,563866,0,6011754
8891,0,3801813,7,90375,0,2699613,6,548367,0,5828514
8893,0,3770678,7,920052,0,2708109,6,52605,0,5638269
8895,0,2959256,7,796237,0,2804945,6,39688,0,5609007
8897,0,2941788,7,78091,0,2601404,6,368589,0,5487559
8899,0,3302815,7,46751,0,2450086,6,343779,0,5611227
8901,0,3995671,7,479881,0,2422172,6,334321,0,6033669
8903,0,5006858,7,501915,0,2807277,6,443161,0,6306973
8905,0,6020212,7,405608,0,2563059,6,446181,0,6490367
8907,0,6659374,7,410617,0,2670084,6,505995,0,6907496
8909,0,6904731,7,388133,0,2690354,6,494134,0,6945081
8911,0,7150089,7,366106,0,2710624,6,45099,0,6982665
8913,0,7395445,7,380467,0,2730894,6,453956,0,7020249
8915,0,7640802,7,394829,0,2751164,6,499738,0,6932937
8917,0,7886159,7,382738,0,2771434,6,486079,0,6969009
8919,0,8131517,7,36892,0,2791705,6,470987,0,7075094
8921,0,8519039,7,36723,0,2827453,6,471342,0,7282217
8923,0,9047745,7,444904,0,3154593,6,53321,0,7765849
8925,0,9448394,7,529541,0,3519817,6,57206,0,7933246
8927,0,9720277,7,660374,0,3648097,6,664356,0,7987536
8929,0,9991848,7,723916,0,3688339,6,754012,0,8110669
8931,1,064252,7,811085,0,385662,6,768218,0,8269593
8933,1,175079,7,833173,0,3876809,6,869552,0,8354129
8935,1,204658,7,81483,0,3810496,6,817935,0,8203918
8937,1,231423,7,840464,0,3456707,6,875644,0,8244726
8939,1,267517,7,862402,0,2979276,6,696859,0,8213642
8941,1,291581,7,794459,0,2539039,6,629805,0,8140613
8943,1,302913,7,767439,0,2631152,6,708061,0,8364919
8945,1,314273,7,78932,0,2754297,6,826581,0,8538595
8947,1,325429,7,864805,0,2839675,6,815035,0,866323
8949,1,334341,7,880514,0,2864926,6,872364,0,861862
8951,1,341009,7,896203,0,2874845,6,892586,0,8803259
8953,1,348854,7,901533,0,2937012,6,912808,0,886245
8955,1,356487,7,92944,0,3205429,7,015151,0,9040337
8957,1,363922,7,991512,0,3560334,7,033821,0,9174167
8959,1,371283,8,099495,0,3535391,7,127025,0,9263782
8961,1,383754,8,217483,0,3519393,7,180251,0,926041
8963,1,401251,8,312687,0,3566517,7,173679,0,9402647
8965,1,40528,8,370013,0,3708051,7,047401,0,9161185
8967,1,413265,8,38504,0,396215,7,047919,0,9274654
8969,1,42125,8,351543,0,4189124,7,047837,0,9205401
8971,1,429397,8,308435,0,4587282,7,191316,0,9153851
8973,1,445201,8,265369,0,4252581,7,205459,0,9459543
8975,1,464842,8,281593,0,4069335,7,117822,0,9308503
8977,1,480467,8,225482,0,3809481,7,133632,0,862834
8979,1,580588,8,224769,0,4145824,7,246621,0,8581054
8981,1,672213,8,307725,0,4369439,7,246522,0,9998812
8983,1,767353,8,356344,0,4439534,7,329248,1,015737
8985,1,77876,8,456427,0,4561239,7,332928,1,030587
8987,1,792976,8,48738,0,4620776,7,36382,1,013058
8989,1,808883,8,57023,0,4732226,7,535779,1,045559
8991,1,825743,8,649782,0,4724864,7,609965,1,071662
8993,1,841732,8,713903,0,4639436,7,605988,1,070592
8995,1,863829,8,812933,0,4659776,7,60811,1,076908
8997,1,88599,9,099583,0,4658575,7,645075,1,064949
8999,1,931413,9,194503,0,4687173,7,617776,1,043338
9001,1,939092,9,294585,0,4786521,7,682592,1,009615
9003,1,946106,9,077679,0,5116771,7,841038,1,084321
9005,1,95216,8,884548,0,4793804,7,814214,1,083019
9007,1,955709,8,961014,0,4845837,7,808566,1,093571
9009,1,959566,8,672458,0,4455789,7,817563,1,033231
9011,1,961807,8,583375,0,4415236,7,816828,1,021133
9013,1,964048,8,567036,0,4376145,7,811255,1,000087
9015,1,966288,8,538135,0,4331473,7,745652,0,991078
9017,1,967922,8,523747,0,4286491,7,723446,0,9944768
9019,1,969007,8,51627,0,4340629,7,711734,0,9898697
9021,1,971751,8,464582,0,4398898,7,645031,0,9851181
9023,1,974973,8,545362,0,4206935,7,516845,0,981716
9025,1,977963,8,559392,0,400774,7,523609,0,9530137
9027,1,979768,8,706476,0,3898886,7,495444,0,9582953
9029,1,980236,8,701422,0,3843386,7,469833,0,9552976
9031,1,980735,8,695089,0,3787793,7,480038,0,946556
9033,1,981304,8,621737,0,3722371,7,50711,0,9270045
9035,1,981842,8,581902,0,3700815,7,459769,0,917102
9037,1,982095,8,593116,0,3705131,7,517985,0,9087914
9039,1,982477,8,593387,0,3703929,7,472378,0,8970632
9041,1,982819,8,582777,0,3543676,7,434878,0,885286
9043,1,983121,8,464757,0,3503356,7,334428,0,8734597
9045,1,983057,8,467557,0,3462285,7,252967,0,8565698
9047,1,982655,8,373487,0,3424124,7,202111,0,8322001
9049,1,982279,8,189525,0,3386483,7,12303,0,7805576
9051,1,980623,8,113822,0,335769,7,050611,0,7580425
9053,1,978675,7,955411,0,3262593,6,989234,0,6806667
9055,1,976447,7,840744,0,2237928,6,913209,0,7438797
9057,1,974649,7,819042,0,2119877,6,938748,0,7679756
9059,1,973149,7,800956,0,2127903,6,862517,0,7746277
9061,1,970921,7,770112,0,2136187,6,818265,0,7778848
9063,1,966251,7,726565,0,2144471,6,813216,0,7811167
9065,1,959138,7,671735,0,2152287,6,806861,0,7735505
9067,1,952025,7,612121,0,2159688,6,753576,0,6840669
9069,1,945109,7,536327,0,2166705,6,738929,0,6688966
9071,1,938192,7,435502,0,2175898,6,722297,0,669167
9073,1,931199,7,428372,0,2185421,6,587434,0,6696048
9075,1,928739,7,470325,0,2469094,6,531421,0,6492683
9077,1,92671,7,557521,0,2365207,6,538739,0,6535105
9079,1,925122,7,597027,0,2341643,6,533157,0,6545193
9081,1,923534,7,636534,0,231808,6,548392,0,6555282
9083,1,921946,7,669644,0,2294517,6,563626,0,656537
9085,1,920358,7,659461,0,2270953,6,568002,0,6519971
9087,1,91877,7,681116,0,2252477,6,578067,0,6507486
9089,1,917182,7,753524,0,2266412,6,633943,0,6643711
9091,1,916406,7,759862,0,2265457,6,639713,0,6952429
9093,1,915035,7,788532,0,2287033,6,697253,0,7029111
9095,1,913613,7,827693,0,2313345,6,747637,0,7348825
9097,1,912516,7,828191,0,232918,6,781108,0,8343433
9099,1,871626,7,675318,0,2376701,6,837161,0,7910614
9101,1,798897,7,568005,0,2353459,6,77229,0,8082016
9103,1,694762,7,755334,0,331062,6,763665,0,8314465
9105,1,590258,7,578928,0,3460278,6,74222,0,7673563
9107,1,5251,7,5885,0,3494776,6,74486,0,76686
9109,1,499323,7,619881,0,3500748,6,730583,0,7648862
9111,1,473545,7,651263,0,350672,6,734799,0,7764089
9113,1,447768,7,682644,0,3512692,6,739017,0,7728439
9115,1,422016,7,714046,0,3518665,6,770898,0,7859579
9117,1,40646,7,78873,0,3519447,6,791277,0,7835135
9119,1,401074,7,790043,0,2828606,6,797431,0,7836788
9121,1,382328,7,609198,0,3017541,6,781113,0,7747512
9123,1,349158,7,431399,0,3429298,6,7963,0,7662264
9125,1,32832,7,351428,0,3389035,6,754505,0,7469562
9127,1,337442,7,380901,0,2525457,6,709033,0,727231
9129,1,346596,7,385337,0,2591777,6,677361,0,7035426
9131,1,312806,7,341784,0,263802,6,526671,0,6952846
9133,1,222666,7,293706,0,2833773,6,438806,0,6423963
9135,1,199519,7,274811,0,2983902,6,522475,0,6513067
9137,1,165034,7,377411,0,2689857,6,551732,0,6623978
9139,1,141161,7,481266,0,2875859,6,648911,0,6731445
9141,1,130468,7,583465,0,3304436,6,600788,0,6630526
9143,1,13289,7,492033,0,3441491,6,598056,0,6496687
9145,1,141169,7,468365,0,3357652,6,538205,0,6602577
9147,1,153189,7,483841,0,3530349,6,523167,0,6839285
9149,1,170991,7,528054,0,3751571,6,484914,0,6744
9151,1,189189,7,604007,0,4267056,6,53568,0,6919843
9153,1,204167,7,837598,0,4114973,6,566481,0,7436576
9155,1,2181,7,881534,0,3966689,6,547019,0,7202795
9157,1,250885,7,809609,0,4142146,6,516524,0,7278176
9159,1,271012,7,90246,0,4046538,6,521595,0,7542492
9161,1,273389,7,932057,0,3296464,6,549953,0,7401444
9163,1,28121,7,74586,0,2774182,6,569149,0,7131116
9165,1,29114,7,783907,0,2855068,6,561832,0,7005577
9167,1,301593,7,800838,0,3552057,6,584853,0,7226711
9169,1,322405,7,871313,0,3746004,6,602413,0,717599
9171,1,325348,7,834498,0,3974305,6,577759,0,7114827
9173,1,318394,7,82472,0,4017192,6,590042,0,6976889
9175,1,303585,7,818391,0,3967835,6,585794,0,6946914
9177,1,291623,7,782229,0,3840342,6,606529,0,6926986
9179,1,205682,7,714334,0,3832673,6,579221,0,673173
9181,1,127132,7,543245,0,3741032,6,606375,0,6101875
9183,1,045067,7,521979,0,3446749,6,51182,0,5666759
9185,1,042867,7,384028,0,3350435,6,41035,0,5573149
9187,1,042138,7,235301,0,350094,6,361611,0,5461407
9189,1,040464,7,109735,0,3243242,6,379558,0,5200034
9191,1,048094,7,077631,0,272948,6,252958,0,5146652
9193,1,079849,7,145223,0,2717595,6,275599,0,5268639
9195,1,080514,7,111443,0,2631944,6,268671,0,5215926
9197,1,078041,7,037413,0,2620124,6,244117,0,5163529
9199,1,048909,6,956323,0,2846791,6,13339,0,5033452
9201,1,057136,6,805213,0,2611683,6,031047,0,4926768
9203,1,066444,6,786333,0,2380803,5,91229,0,4471253
9205,1,075966,6,89286,0,2325202,5,909951,0,4487056
9207,1,084663,6,945627,0,2340026,5,829113,0,4456407
9209,1,092667,6,912399,0,2342824,5,897817,0,4506758
9211,1,107019,6,97859,0,2373823,5,92252,0,4780221
9213,1,125595,7,137032,0,2423356,5,967891,0,5021617
9215,1,148029,7,251447,0,2528994,6,029201,0,5002148
9217,1,162754,7,24867,0,2558177,6,184811,0,5143678
9219,1,177916,7,243692,0,2534964,6,223093,0,5098357
9221,1,19716,7,239563,0,2519547,6,231786,0,509089
9223,1,216824,7,267584,0,2385491,6,313513,0,4806854
9225,1,230402,7,332512,0,2307797,6,289728,0,4842782
9227,1,238671,7,229296,0,2309067,6,39157,0,4894012
9229,1,241699,7,227936,0,231016,6,343432,0,4950325
9231,1,244728,7,226576,0,2311252,6,351137,0,4980949
9233,1,247756,7,225216,0,2312344,6,330703,0,4983962
9235,1,250784,7,223857,0,2313437,6,308017,0,5015094
9237,1,254066,7,220413,0,2314529,6,328488,0,5046227
9239,1,257348,7,193815,0,2315622,6,307886,0,507736
9241,1,26063,7,188233,0,2316714,6,304654,0,5108492
9243,1,263913,7,182652,0,2317807,6,294543,0,5139625
9245,1,267195,7,17707,0,2318899,6,244488,0,5170758
9247,1,270477,7,171489,0,2319992,6,189581,0,520189
9249,1,273759,7,165907,0,2321084,6,208503,0,5233023
9251,1,277041,7,160326,0,2322176,6,230341,0,5264156
9253,1,280323,7,154744,0,2323269,6,243988,0,5188526
9255,1,305918,7,11686,0,2330118,6,208164,0,5125573
9257,1,344771,7,26966,0,2525506,6,265543,0,5250729
9259,1,346265,7,272259,0,2585823,6,235435,0,5171148
9261,1,348487,7,324447,0,2577311,6,227463,0,5070771
9263,1,350709,7,376635,0,2568798,6,198277,0,5038041
9265,1,352931,7,428822,0,2560286,6,169091,0,4991083
9267,1,355153,7,455107,0,2551774,6,13628,0,4963124
9269,1,357375,7,452632,0,2543262,6,104236,0,4935164
9271,1,359598,7,450157,0,2534717,6,112102,0,4903227
9273,1,361897,7,447681,0,2525685,6,105289,0,4820368
9275,1,364207,7,445206,0,2512371,6,080399,0,4781601
9277,1,366088,7,427349,0,2433756,6,106331,0,4694431
9279,1,367527,7,417504,0,2425373,6,111715,0,4712138
9281,1,368966,7,407659,0,2434293,6,070461,0,4729844
9283,1,370405,7,397814,0,2443214,6,029207,0,4747551
9285,1,371843,7,387969,0,2450228,5,964036,0,4765258
9287,1,377165,7,404018,0,2484619,6,01247,0,5110517
9289,1,381985,7,405896,0,2624665,6,159224,0,5587151
9291,1,384899,7,5385,0,266981,6,093074,0,5372502
9293,1,387021,7,53232,0,253297,6,015727,0,5335188
9295,1,389193,7,123721,0,2549465,5,89374,0,5353548
9297,1,391041,6,760357,0,2562484,5,794549,0,5009471
9299,1,392935,6,684241,0,2514835,5,804889,0,4496592
9301,1,39483,6,664882,0,2516204,5,746592,0,4320464
9303,1,396298,6,668895,0,2516314,5,603304,0,4318312
9305,1,398486,6,704663,0,2510055,5,587875,0,4297424
9307,1,418763,6,7394,0,2520048,5,60738,0,4455634
9309,1,433661,6,783494,0,2510618,5,631044,0,4845289
9311,1,449936,7,262082,0,2501413,5,816828,0,52249
9313,1,453482,7,246538,0,2492196,5,830691,0,5155206
9315,1,457003,7,20525,0,2482786,5,844542,0,4905606
9317,1,450328,7,101516,0,2471877,5,795493,0,4856552
9319,1,433482,7,019964,0,2118803,5,683525,0,4775106
9321,1,415781,6,999434,0,1323322,5,62802,0,4605869
9323,1,398384,6,98059,0,1285548,5,565843,0,4304781
9325,1,381463,6,980546,0,1295327,5,571478,0,4006747
9327,1,347456,6,935882,0,1304535,5,526169,0,3952018
9329,1,31345,6,891218,0,1313744,5,388084,0,3897703
9331,1,27946,6,84303,0,1322952,5,319904,0,3685618
9333,1,250942,6,780585,0,1332078,5,279746,0,3632572
9335,1,236575,6,738751,0,1340868,5,232556,0,3444046
9337,1,24938,6,710578,0,1348692,5,243595,0,3411359
9339,1,278298,6,721453,0,1356357,5,297744,0,3574691
9341,1,311207,6,701474,0,1580297,5,275001,0,3557487
9343,1,308326,6,537209,0,1492045,5,255942,0,3264996
9345,1,299559,6,517228,0,1416081,5,229014,0,3242095
9347,1,287256,6,252892,0,1340165,5,224675,0,3160276
9349,1,271414,6,246371,0,1259502,5,164253,0,3061382
9351,1,261589,5,969042,0,1178483,5,122981,0,3044176
9353,1,266101,5,824219,0,114085,5,122047,0,2996516
9355,1,264091,5,830811,0,1247073,5,048642,0,3003408
9357,1,251998,5,614328,0,1291457,5,00804,0,2996801
9359,1,241995,5,633131,0,1273432,5,034533,0,3149962
9361,1,240474,5,599823,0,1254024,4,985153,0,313207
9363,1,228308,5,566411,0,1236146,4,896776,0,302802
9365,1,222902,5,543128,0,1216578,4,862551,0,2957267
9367,1,216972,5,523482,0,1199357,4,82759,0,2826949
9369,1,213327,5,501825,0,1189661,4,828681,0,2723496
9371,1,242903,5,5642,0,1188318,4,825776,0,2872461
9373,1,285038,5,554547,0,1261148,4,863675,0,326913
9375,1,314261,5,535512,0,1287173,4,888053,0,3545936
9377,1,328551,5,608863,0,1266685,4,898117,0,3510295
9379,1,323845,5,899405,0,1268752,4,924439,0,3479515
9381,1,317111,6,025525,0,1280799,4,943791,0,3493137
9383,1,307245,6,157247,0,1238884,4,996346,0,3415406
9385,1,295974,6,162,0,123882,5,020485,0,3364313
9387,1,283162,6,202507,0,1274908,5,000762,0,3513137
9389,1,270078,6,347511,0,1488976,4,976067,0,357683
9391,1,246688,6,466939,0,1679606,5,016111,0,3611786
9393,1,20154,6,587725,0,1219187,5,031089,0,3468741
9395,1,182563,6,590231,0,1559227,5,108278,0,3225193
9397,1,168946,6,605883,0,148753,5,131234,0,3184753
9399,1,161288,6,631588,0,1424516,5,151962,0,3216676
9401,1,156578,6,645744,0,1318223,5,161633,0,324896
9403,1,1571,6,567868,0,1254937,5,159708,0,3395073
9405,1,156798,6,623317,0,1323426,5,248483,0,348889
9407,1,164279,6,625895,0,1452093,5,323686,0,3408368
9409,1,157419,6,626425,0,1537694,5,242078,0,3367442
9411,1,145826,6,638905,0,1622133,5,198811,0,3299187
9413,1,130009,6,655819,0,1640321,5,193937,0,3229179
9415,1,110334,6,678184,0,1646383,5,176858,0,3205001
9417,1,098368,6,603168,0,1345315,5,173092,0,3068037
9419,1,118744,6,476455,0,1251409,5,158356,0,3253101
9421,1,111404,6,480375,0,1530122,5,239138,0,3106159
9423,1,110807,6,565849,0,1706122,5,233446,0,3260397
9425,1,12442,6,563135,0,1493993,5,262682,0,3176863
9427,1,133338,6,531652,0,139789,5,326235,0,3273577
9429,1,151689,6,507156,0,1424475,5,466428,0,3433869
9431,1,17008,6,493876,0,1527824,5,584736,0,3522128
9433,1,196272,6,566148,0,1600589,5,73094,0,3536928
9435,1,203897,6,682665,0,1643379,5,834271,0,4008622
9437,1,221746,6,720596,0,1654276,5,895997,0,4095362
9439,1,219494,6,725321,0,1659053,5,886465,0,4085879
9441,1,217259,6,729095,0,166383,5,889959,0,4076396
9443,1,215025,6,732869,0,1668607,5,897179,0,4084458
9445,1,212791,6,736643,0,1596841,5,914342,0,4098841
9447,1,210557,6,740417,0,1535039,5,925073,0,4113223
9449,1,208322,6,74419,0,1542891,5,955744,0,4127606
9451,1,206088,6,747964,0,1573391,5,986416,0,4141988
9453,1,203854,6,751738,0,1558573,5,993599,0,4151636
9455,1,179308,6,67896,0,1562937,5,972064,0,4161193
9457,1,141072,6,66648,0,1565476,5,928505,0,4105052
9459,1,139897,6,687317,0,1573152,5,93678,0,4180338
9461,1,179643,6,723888,0,1744581,6,016256,0,4262216
9463,1,199788,6,765038,0,1778036,6,059128,0,481525
9465,1,211693,6,828279,0,1778884,6,06039,0,4732897
9467,1,227404,6,876478,0,1852259,6,09508,0,499826
9469,1,233407,6,911034,0,1933029,6,172532,0,507162
9471,1,241712,6,932467,0,2031827,6,19968,0,5270707
9473,1,247626,6,952269,0,1999509,6,217253,0,5461046
9475,1,271456,7,214191,0,2195648,6,359863,0,5662163
9477,1,284188,7,424257,0,2445863,6,479061,0,6183454
9479,1,293602,7,444449,0,2521701,6,494277,0,6315663
9481,1,317544,7,464827,0,2674494,6,550377,0,6435461
9483,1,333628,7,486302,0,2745189,6,581306,0,6828249
9485,1,362095,7,508894,0,2749209,6,64141,0,6919963
9487,1,399925,7,678877,0,2402278,6,713483,0,7329202
9489,1,402658,7,688625,0,2570461,6,659016,0,7314236
9491,1,406692,7,694646,0,2622803,6,68884,0,7299531
9493,1,418516,7,986591,0,2677023,6,805681,0,7399596
9495,1,43463,8,058373,0,2736493,6,860364,0,7486391
9497,1,449451,8,122894,0,2761675,6,891636,0,7609888
9499,1,46806,8,13504,0,3012231,6,950046,0,7702336
9501,1,486982,8,146536,0,314708,6,982604,0,795066
9503,1,502872,8,157382,0,3212801,7,03403,0,7984353
9505,1,519773,8,351433,0,3308689,7,028876,0,7991677
9507,1,551065,8,598756,0,3312609,7,022189,0,7884119
9509,1,616489,8,616556,0,2693547,7,078961,0,7989984
9511,1,642945,8,599075,0,2285686,6,973203,0,7909486
9513,1,68213,8,56916,0,2359265,6,929425,0,7887973
9515,1,721314,8,539246,0,2432843,6,915378,0,7889674
9517,1,76347,8,500815,0,2506422,7,030077,0,7908729
9519,1,812712,8,45205,0,2580061,7,059788,0,7968694
9521,1,857695,8,401625,0,2811737,7,116543,0,8085997
9523,1,922209,8,390327,0,3689362,7,216729,0,876413
9525,1,998781,8,469971,0,3688798,7,271637,0,883724
9527,2,070851,8,584089,0,3685611,7,284072,0,9317709
9529,2,156446,8,689947,0,3681475,7,353997,0,9328766
9531,2,303226,8,712265,0,3675744,7,363143,1,003942
9533,2,5091,8,722499,0,3687111,7,417914,1,022501
9535,2,553384,8,767272,0,3678705,7,414526,1,028943
9537,2,584648,8,810278,0,3657028,7,300376,0,9951758
9539,2,591842,8,747638,0,3639307,7,250229,0,949191
9541,2,594662,8,721506,0,354255,7,261642,0,9392743
9543,2,632891,8,738765,0,3522943,7,277926,0,9468184
9545,3,075236,8,968952,0,3520167,7,352501,0,9491861
9547,3,240655,9,027191,0,3560948,7,422735,0,9579106
9549,3,27117,9,088914,0,3589473,7,518514,0,9610855
9551,3,304351,9,174792,0,3615482,7,500675,1,011522
9553,3,350173,9,20644,0,3665653,7,717978,1,072499
9555,3,379979,9,223763,0,3732366,7,650602,1,076927
9557,3,382074,9,216307,0,3721285,7,527534,1,021057
9559,3,394812,9,205452,0,3700439,7,458819,0,9586143
9561,3,411707,9,202065,0,3676115,7,486879,1,073828
9563,3,568916,9,259446,0,3855215,7,619598,1,10882
9565,4,006262,9,363725,0,3865826,7,729355,1,159025
9567,4,278549,9,383221,0,3881114,7,723459,1,177914
9569,4,392512,9,430379,0,3832738,7,69197,1,181667
9571,4,490963,9,410315,0,3735694,7,639378,1,175703
9573,4,579094,9,287825,0,3594696,7,556683,1,194815
9575,5,073093,9,139125,0,3669905,7,634326,1,255754
9577,5,177079,9,059489,0,4027957,7,595668,1,263191
9579,5,297213,9,049604,0,4012572,7,491629,1,219601
9581,5,491819,8,985723,0,3995478,7,403644,1,249223
9583,5,62887,8,837931,0,3961099,7,371233,1,231087
9585,5,832069,8,701356,0,3814137,7,364639,1,219153
9587,6,015436,8,502102,0,366641,7,309778,1,21616
9589,6,13619,8,379164,0,3519888,7,299636,1,182321
9591,6,473372,8,291064,0,3841894,7,314154,1,140487
9593,6,953343,8,285493,0,4388285,7,3998,1,144027
9595,7,4423,8,381495,0,4370199,7,425674,1,139869
9597,7,823059,8,395528,0,4332918,7,562166,1,151539
9599,8,307183,8,379623,0,4352421,7,519686,1,157637
9601,8,319564,8,342292,0,3265396,7,48448,1,155799
9603,8,326382,8,303619,0,3102139,7,356286,1,11014
9605,8,334901,8,176423,0,3083819,7,334137,1,103644
9607,8,339103,8,166519,0,3069572,7,303648,1,102468
9609,8,359756,8,157077,0,3059487,7,267421,1,109865
9611,8,380408,8,147635,0,3049402,7,249065,1,104484
9613,8,401062,8,138193,0,3039317,7,23071,1,105125
9615,8,421715,8,130528,0,3029204,7,212353,1,093717
9617,8,442369,8,085937,0,3019118,7,193997,1,088286
9619,8,430184,7,990676,0,2903185,7,067342,0,9800033
9621,8,474005,7,886878,0,2872493,7,023694,0,9406599
9623,8,497413,7,74718,0,2811393,6,978997,0,8962923
9625,8,497998,7,747604,0,2792527,6,914243,0,8788092
9627,8,503189,7,746032,0,2781717,6,868305,0,8596694
9629,8,605377,7,846127,0,2830917,6,922935,0,8402107
9631,8,618841,7,828831,0,2746369,6,923653,0,8225443
9633,8,610275,7,821833,0,2621061,6,782253,0,7994016
9635,8,604825,7,819623,0,2576001,6,665005,0,763249
9637,8,589152,7,821663,0,2601255,6,641913,0,7406573
9639,8,59358,7,832883,0,2630271,6,635408,0,7379953
9641,8,59799,7,844103,0,2659287,6,634584,0,7353332
9643,8,607273,7,856303,0,2789585,6,675143,0,7553604
9645,8,655353,7,871149,0,2854722,6,747256,0,7708681
9647,8,691212,7,887658,0,287024,6,801699,0,7911635
9649,8,694046,7,897751,0,2887208,6,813253,0,7990129
9651,8,696881,7,907845,0,2904175,6,810984,0,7927424
9653,8,699716,7,917939,0,2921142,6,797247,0,786472
9655,8,702551,7,928032,0,2938109,6,783511,0,8051243
9657,8,705386,7,938126,0,2955077,6,793121,0,7965118
9659,8,70822,7,948219,0,2972044,6,802831,0,7744213
9661,8,676715,7,799688,0,3007715,6,767627,0,7950603
9663,8,696821,7,806453,0,2957029,6,739528,0,8016033
9665,8,7345,7,802344,0,2873609,6,79176,0,7955893
9667,8,775254,8,050963,0,2841966,6,82725,0,8065218
9669,8,816176,8,059753,0,2799942,6,786975,0,795459
9671,8,841167,8,053562,0,2674815,6,7491,0,7841312
9673,8,86855,8,043975,0,2686884,6,72104,0,7654584
9675,8,878016,7,961427,0,2599083,6,670294,0,7303723
9677,8,898581,7,889275,0,2543878,6,555985,0,7218195
9679,8,922463,7,811778,0,2512772,6,51196,0,7051955
9681,8,931817,7,759774,0,2491022,6,462173,0,6865152
9683,8,94903,7,718241,0,2471358,6,407368,0,6765232
9685,8,953858,7,620331,0,1954538,6,39623,0,6360204
9687,8,945443,7,440463,0,1910016,6,385229,0,5964897
9689,8,994828,7,347168,0,1897601,6,351131,0,5660259
9691,9,025454,7,382491,0,1767273,6,258551,0,5752938
9693,9,047025,7,423466,0,1768508,6,259052,0,5443019
9695,9,064306,7,443257,0,1771777,6,203341,0,5521631
9697,9,083075,7,403077,0,1839751,6,207297,0,5332653
9699,9,101636,7,430707,0,1866273,6,149241,0,5356418
9701,9,122638,7,467516,0,1866507,6,253633,0,5363045
9703,9,13486,7,274983,0,1867558,6,470737,0,5574818
9705,9,144003,7,469999,0,1862401,6,48127,0,5583479
9707,9,116264,7,691927,0,1721458,6,328518,0,6279715
9709,9,046372,7,712327,0,1721562,6,417592,0,6101579
9711,9,013252,7,823651,0,1559612,6,487,0,634752
9713,8,980022,7,820757,0,1559717,6,524836,0,6287752
9715,8,946793,7,817864,0,1559822,6,521655,0,6227983
9717,8,910592,7,814969,0,1559989,6,538681,0,6168266
9719,8,867305,7,785254,0,1328932,6,542299,0,5740012
9721,8,828277,7,737003,0,1249117,6,528164,0,5662328
9723,8,769716,7,594384,0,1227747,6,520336,0,5509068
9725,8,701063,7,655739,0,1208143,6,477983,0,5316638
9727,8,718016,7,735891,0,1391664,6,510437,0,5472053
9729,8,639346,7,795174,0,1449126,6,493578,0,5532755
9731,8,499493,7,836701,0,1400829,6,386752,0,538688
9733,8,300545,7,813154,0,1369145,6,280276,0,5282919
9735,8,263187,7,788214,0,1355786,6,270721,0,5306444
9737,8,22583,7,763275,0,1342427,6,244925,0,5329969
9739,8,190394,7,911924,0,1494069,6,312862,0,5405352
9741,8,158011,7,963363,0,1427979,6,403131,0,5578204
9743,8,122079,8,049182,0,1549293,6,465278,0,5698836
9745,7,680261,8,040514,0,1576415,6,396792,0,5624131
9747,7,515368,7,976997,0,1573721,6,323947,0,5530103
9749,7,48538,7,801229,0,15635,6,136228,0,5210768
9751,7,448609,7,667539,0,1524088,6,068326,0,5020979
9753,7,464206,7,109408,0,1485592,5,940326,0,491571
9755,7,580848,7,079787,0,1447502,5,862744,0,4222754
9757,7,774749,7,26338,0,1744755,5,949551,0,4418146
9759,7,908821,7,271664,0,180563,5,858842,0,4969988
9761,7,922996,7,402576,0,2163542,5,893234,0,5282816
9763,7,777947,7,347807,0,186354,6,007739,0,5447057
9765,7,334039,7,290139,0,1863646,6,020691,0,5207053
9767,7,050735,7,163377,0,1842639,6,001646,0,5163211
9769,6,91311,7,144136,0,1834677,5,98009,0,5074111
9771,6,775485,7,124896,0,1826715,5,973674,0,5075527
9773,6,63786,7,105655,0,1818753,5,967262,0,464558
9775,6,107278,7,080296,0,1810794,5,838031,0,4443642
9777,5,978796,7,060156,0,181523,5,820062,0,4429954
9779,5,850313,7,040017,0,1819665,5,802093,0,4407098
9781,5,65049,6,822938,0,1746964,5,768796,0,3930372
9783,5,511355,6,819001,0,1741727,5,752003,0,3896247
9785,5,306081,6,815063,0,1734994,5,729104,0,3862121
9787,5,121689,6,810848,0,1727206,5,714259,0,381103
9789,5,000529,6,806722,0,1719958,5,672088,0,3796967
9791,4,662966,6,78839,0,1004824,5,532755,0,3347933
9793,4,181484,6,485856,0,06549651,5,318875,0,3317217
9795,3,690579,6,373308,0,06680058,5,232584,0,3220779
9797,3,305903,6,317668,0,05210108,5,02774,0,3081428
9799,2,814518,6,256358,0,04851442,4,858171,0,3011696
9801,2,791213,6,251228,0,04785949,4,849282,0,3032916
9803,2,767473,6,246099,0,04720457,4,825804,0,304165
9805,2,743733,6,24097,0,04654964,4,829544,0,302817
9807,2,719993,6,23584,0,04589472,4,839281,0,2976938
9809,2,696577,6,230711,0,0452398,4,845297,0,2910553
9811,2,673209,6,225582,0,04458487,4,858833,0,2875243
9813,2,649453,6,220452,0,04392995,4,863728,0,2876347
9815,2,625696,6,218571,0,04327506,4,874495,0,2952
9817,2,609047,6,366871,0,04415999,5,124587,0,292547
9819,2,589504,6,349975,0,0439614,5,219468,0,2997895
9821,2,533726,6,352436,0,04332925,5,22753,0,2991146
9823,2,490732,6,354897,0,04373216,5,209306,0,2990846
9825,2,462677,6,357359,0,04463506,5,196145,0,3037353
9827,2,44104,6,359821,0,04553654,5,253896,0,308386
9829,2,319947,6,217062,0,05834408,5,263726,0,3040675
9831,2,288502,6,221792,0,08149591,5,184727,0,3097624
9833,2,270034,6,167367,0,09448621,5,168289,0,3061706
9835,2,26686,6,101269,0,1166221,5,180947,0,300831
9837,2,26417,6,161945,0,1306186,5,206375,0,2956233
9839,2,261544,6,261819,0,1299879,5,231732,0,3105015
9841,2,25869,6,307914,0,138683,5,255121,0,3140809
9843,2,250729,6,334348,0,1382973,5,303503,0,3173961
9845,2,204047,6,376987,0,141033,5,409996,0,3508258
9847,2,170178,6,460782,0,1482605,5,446254,0,3829173
9849,2,170142,6,460536,0,1588825,5,472242,0,3805567
9851,2,170863,6,532008,0,1659332,5,480543,0,3862833
9853,2,168749,6,538138,0,1656899,5,534435,0,3754911
9855,2,166635,6,54427,0,1647459,5,590396,0,3729582
9857,2,16476,6,63748,0,1592685,5,665416,0,3904404
9859,2,162595,6,64275,0,1526083,5,630203,0,3895919
9861,2,153851,6,510911,0,1561952,5,597399,0,3878903
9863,2,113095,6,419905,0,1545267,5,565077,0,3843166
9865,2,063007,6,390484,0,1436851,5,448049,0,3503585
9867,2,006038,6,285772,0,1370376,5,116602,0,3189151
9869,1,958608,6,202677,0,1358761,5,148353,0,2971611
9871,1,926634,6,192613,0,1346539,5,180339,0,3009346
9873,1,89396,6,247391,0,1344948,5,223387,0,3047484
9875,1,862254,6,313052,0,1332592,5,272815,0,3233809
9877,1,828325,6,298038,0,13168,5,285819,0,3218664
9879,1,794395,6,298338,0,1301009,5,300036,0,3203518
9881,1,760466,6,294101,0,1285218,5,264721,0,3188373
9883,1,726536,6,289864,0,1269427,5,25572,0,3173227
9885,1,692606,6,287431,0,1253635,5,273335,0,3148109
9887,1,658677,6,287385,0,1232398,5,233251,0,3116807
9889,1,602544,6,286628,0,1108142,5,270939,0,2971655
9891,1,564964,6,2865,0,09839082,5,137112,0,2856259
9893,1,530036,6,286371,0,08596743,5,125535,0,2852282
9895,1,495108,6,286243,0,07354404,5,133932,0,2865394
9897,1,459985,6,264807,0,06120893,5,111009,0,2874251
9899,1,422835,6,19664,0,06172691,5,125046,0,2641045
9901,1,38331,6,199275,0,07711034,5,209491,0,2514472
9903,1,355536,6,184728,0,0670618,5,23644,0,2496513
9905,1,328836,6,19334,0,07008408,5,256163,0,2462322
9907,1,30479,6,033832,0,08974505,5,240633,0,2484692
9909,1,293458,5,937548,0,09579252,5,150054,0,2600002
9911,1,283388,5,953443,0,1061632,5,045137,0,2877163
9913,1,272694,5,960476,0,1050852,5,018509,0,2929917
9915,1,262,5,967508,0,1040072,5,013769,0,290462
9917,1,251306,5,974541,0,1029292,5,010789,0,2904945
9919,1,240612,5,982981,0,101899,5,025442,0,2914206
9921,1,230501,6,116685,0,09543452,5,079451,0,2893938
9923,1,219778,6,30466,0,08621516,5,13861,0,2996649
9925,1,206953,6,309146,0,07699561,5,088965,0,2927579
9927,1,113023,6,303486,0,07509094,5,034536,0,2924923
9929,1,10119,6,277444,0,07759343,4,985764,0,272113
9931,1,089356,6,282404,0,08019261,4,977343,0,2689493
9933,1,077523,6,287364,0,08279179,4,950183,0,2651793
9935,1,06569,6,292325,0,08539097,4,934351,0,262622
9937,1,053857,6,297285,0,08570131,4,909405,0,2594583
9939,1,040102,6,279223,0,07964397,4,87557,0,253316
9941,1,023294,6,246395,0,07027615,4,735273,0,2312169
9943,1,010025,6,013287,0,0701481,4,712222,0,2197776
9945,0,998524,5,959646,0,07036847,4,654623,0,2203192
9947,0,9870234,5,906005,0,07058884,4,644228,0,216983
9949,0,9755227,5,868117,0,07080922,4,645304,0,214722
9951,0,9639696,5,813533,0,07102962,4,648355,0,2155122
9953,0,8751143,5,744253,0,07124973,4,632034,0,2163024
9955,0,7090091,5,688952,0,07147004,4,579727,0,2138671
9957,0,4847849,5,634675,0,0716902,4,487373,0,2129792
9959,0,3203887,5,565587,0,07058812,4,369994,0,203572
9961,0,2758905,5,458416,0,06968117,4,302785,0,1987948
9963,0,250302,5,254429,0,06979923,4,150299,0,1891323
9965,0,243435,5,241945,0,06914983,4,137238,0,1777102
9967,0,2410225,5,239844,0,0692696,4,140268,0,1786556
9969,0,23861,5,237743,0,06938939,4,138891,0,179601
9971,0,2361975,5,235641,0,06950916,4,137514,0,1787818
9973,0,2337851,5,23354,0,06962895,4,136137,0,1798658
9975,0,2313726,5,231439,0,06974873,4,13476,0,181184
9977,0,2289601,5,22934,0,06986851,4,128235,0,1825041
9979,0,2270589,5,32783,0,07690354,4,184781,0,1838241
9981,0,22553,5,372323,0,08033497,4,316154,0,1940976
9983,0,2250624,5,43584,0,0824597,4,396845,0,224066
9985,0,2237214,5,692388,0,08977293,4,555777,0,2266826
9987,0,2225031,5,844762,0,1009442,4,770477,0,2402258
9989,0,2209711,6,061095,0,1123859,4,88597,0,2797205
9991,0,2177415,6,331455,0,1183175,4,990451,0,2965307
9993,0,2149129,6,466533,0,1239963,5,159212,0,3488956
9995,0,2129779,6,689115,0,1305709,5,365708,0,3746674
9997,0,2094729,6,730456,0,1522675,5,478578,0,4331934
9999,0,2060622,6,812252,0,1722667,5,624774,0,4749354
10001,0,2032469,6,889879,0,1780509,5,731644,0,5053791
10003,0,2005309,6,895082,0,1772362,5,747749,0,5063232
10005,0,1978148,6,900286,0,1764215,5,766788,0,5072673
10007,0,1950987,6,905489,0,1756068,5,784343,0,5082114
10009,0,192059,6,910692,0,1754375,5,801755,0,5091555
10011,0,1889703,6,915895,0,1767684,5,816683,0,5100996
10013,0,1862706,6,921099,0,1780993,5,831708,0,5110437
10015,0,1835709,6,926299,0,1794302,5,848524,0,522617
10017,0,1737639,6,893237,0,1807612,5,788991,0,4629945
10019,0,166851,6,869354,0,1820921,5,722716,0,4607073
10021,0,1638017,6,869389,0,183423,5,720844,0,4605876
10023,0,1607524,6,869427,0,1847539,5,717416,0,4561329
10025,0,1577031,6,869464,0,1860848,5,704912,0,4507319
10027,0,1547645,6,890383,0,1874157,5,765404,0,4499798
10029,0,1521562,6,998061,0,2064026,5,755461,0,4464427
10031,0,1497366,6,948452,0,2116767,5,71517,0,5043411
10033,0,1480321,6,917731,0,2114651,5,752763,0,5412458
10035,0,1465955,7,023423,0,2135139,5,877427,0,5546749
10037,0,1467656,7,01483,0,1664446,5,841286,0,5749627
10039,0,1474886,7,012918,0,2128523,5,86895,0,5913186
10041,0,1453354,7,062452,0,2127797,5,81656,0,6120656
10043,0,1434394,6,997958,0,196593,5,794438,0,6195856
10045,0,1404273,6,799118,0,1889928,5,702804,0,6125708
10047,0,1368118,6,661723,0,1893463,5,670602,0,5596004
10049,0,132355,6,602965,0,1928193,5,633348,0,4934815
10051,0,1271704,6,472975,0,1602776,5,59713,0,4924681
10053,0,1247826,6,322617,0,1626127,5,584282,0,4880269
10055,0,122431,6,215433,0,1815344,5,586583,0,4881743
10057,0,1198739,6,166561,0,1828076,5,521833,0,4778496
10059,0,1175777,6,175581,0,1842146,5,521095,0,4736624
10061,0,1152503,6,205379,0,1857342,5,520759,0,4737769
10063,0,1129692,6,212714,0,1876122,5,542381,0,4792042
10065,0,1106883,6,213902,0,1874222,5,590944,0,4908818
10067,0,1083904,6,292846,0,1869454,5,600318,0,5215859
10069,0,1060494,6,38765,0,1988885,5,621821,0,5225204
10071,0,1018819,6,378437,0,2001279,5,617346,0,5217699
10073,0,0984717,6,334379,0,1697009,5,629623,0,5190297
10075,0,09650811,6,300804,0,1632476,5,590022,0,5497266
10077,0,09451864,6,316413,0,1631546,5,606204,0,5754393
10079,0,09252917,6,334929,0,1630589,5,60174,0,5850385
10081,0,09053969,6,353445,0,1629632,5,603294,0,5946377
10083,0,08855022,6,360554,0,1628675,5,604847,0,6042369
10085,0,08656076,6,376933,0,1627718,5,6064,0,6081942
10087,0,08457128,6,393312,0,1629415,5,594765,0,5966555
10089,0,08258181,6,411617,0,1634709,5,575904,0,593059
10091,0,08167488,6,569785,0,1805658,5,671289,0,5855592
10093,0,08084951,6,585006,0,2018123,5,747048,0,6153412
10095,0,08253605,6,644429,0,2079198,5,837025,0,6199121
10097,0,08740256,6,700778,0,2093397,5,879959,0,6219364
10099,0,08744112,6,780298,0,216016,5,878933,0,6180026
10101,0,08392268,6,812824,0,181379,5,821012,0,5869673
10103,0,08040332,6,8269,0,1629413,5,741883,0,5837723
10105,0,07787696,6,762898,0,1591607,5,715172,0,5114916
10107,0,0771609,6,770507,0,1560741,5,687368,0,5079082
10109,0,07713187,6,727635,0,1531935,5,704577,0,5080298
10111,0,08039971,6,796039,0,1851,5,692819,0,5036638
10113,0,08404205,6,811524,0,2165091,5,708181,0,5043111
10115,0,08410747,6,798586,0,218649,5,703366,0,5039288
10117,0,08417288,6,785649,0,220789,5,698551,0,5158798
10119,0,0842383,6,772711,0,2229279,5,693267,0,5031642
10121,0,08372123,6,74172,0,2178652,5,599849,0,4869147
10123,0,08381587,6,603048,0,2117077,5,595311,0,4799712
10125,0,08404926,6,620285,0,2139248,5,590774,0,4827389
10127,0,08479621,6,741083,0,2203171,5,822015,0,5263951
10129,0,09234872,6,746134,0,2378361,5,9087,0,5364614
10131,0,09767146,6,81453,0,2389103,5,972075,0,5258563
10133,0,1011831,6,895131,0,2407304,6,032433,0,5906024
10135,0,1047683,7,08223,0,2416666,6,104717,0,6131902
10137,0,1094045,7,083321,0,2678531,6,117338,0,6304536
10139,0,1135259,7,079061,0,2770391,6,126267,0,6301795
10141,0,1154766,7,122915,0,2783759,6,140254,0,6359684
10143,0,1159687,7,119321,0,2786587,6,14682,0,6434055
10145,0,1156832,7,115196,0,2784164,6,14512,0,6400509
10147,0,1153977,7,111071,0,2781741,6,14425,0,6422569
10149,0,1151122,7,106946,0,2779317,6,141719,0,6444629
10151,0,1148267,7,10282,0,2776895,6,140019,0,6431462
10153,0,1145412,7,098695,0,2774471,6,138319,0,6393974
10155,0,1142557,7,09457,0,2772048,6,146917,0,6409698
10157,0,1139702,7,090445,0,2769625,6,143145,0,6425421
10159,0,1136847,7,08632,0,2767202,6,139372,0,6441146
10161,0,1133992,7,082195,0,2769587,6,1356,0,6456869
10163,0,1131136,7,07807,0,278444,6,131828,0,6372725
10165,0,1128281,7,073945,0,2759933,6,128118,0,6244342
10167,0,1125426,7,06982,0,275751,6,124284,0,6115959
10169,0,1122571,7,065695,0,2755087,6,120512,0,5987576
10171,0,1119716,7,06157,0,2752664,6,11674,0,5866111
10173,0,1116861,7,057445,0,2750241,6,112967,0,5811983
10175,0,1114006,7,053319,0,2747818,6,109195,0,5836505
10177,0,1111151,7,049194,0,2745395,6,105423,0,569648
10179,0,1103183,6,905427,0,2247552,6,047654,0,5592587
10181,0,1091492,6,832082,0,2095707,5,944939,0,5282729
10183,0,1069188,6,763241,0,190294,5,750655,0,5254702
10185,0,1055619,6,696342,0,1677228,5,560638,0,5097792
10187,0,1033083,6,575217,0,1469481,5,462523,0,4915008
10189,0,1010221,6,45939,0,1025108,5,387074,0,481315
10191,0,1004484,6,377215,0,09790608,5,319896,0,4543335
10193,0,0998747,6,229684,0,09054411,5,215954,0,4490893
10195,0,09842338,6,094884,0,0874417,5,10642,0,3692265
10197,0,09822446,6,02958,0,08428772,5,041178,0,3654926
10199,0,09799913,5,972672,0,08112936,4,995097,0,3212873
10201,0,09756435,5,887037,0,0778907,4,935353,0,3227329
10203,0,09746537,5,877827,0,07489859,4,92964,0,3244749
10205,0,0973664,5,868616,0,07190648,4,919801,0,3262169
10207,0,09726743,5,859406,0,06891438,4,913244,0,3279589
10209,0,09716845,5,850195,0,06592226,4,910799,0,3297009
10211,0,09706948,5,840984,0,06456636,4,90679,0,328996
10213,0,09751388,5,83356,0,06541526,4,901022,0,3270864
10215,0,09810654,5,876593,0,06587818,5,015492,0,3404676
10217,0,09827896,5,974453,0,08362785,5,073012,0,3743526
10219,0,09836198,6,266874,0,1045012,5,109612,0,3768654
10221,0,09837566,6,270565,0,1028547,5,117825,0,3909561
10223,0,09831999,6,260633,0,101186,5,155613,0,4062726
10225,0,09826432,6,238726,0,09951725,5,162554,0,4170901
10227,0,098098,6,113176,0,09368747,5,141679,0,4249297
10229,0,09723543,5,990899,0,07761621,5,047939,0,4223871
10231,0,09522018,5,881552,0,07045813,4,864121,0,3666819
10233,0,09374159,5,750912,0,06802084,4,691709,0,351912
10235,0,09239338,5,734688,0,06905199,4,703316,0,3107137
10237,0,08875214,5,762264,0,05321611,4,663843,0,2886508
10239,0,08449352,5,794197,0,05354434,4,492157,0,3033989
10241,0,0833399,5,756999,0,05377739,4,447575,0,2870243
10243,0,08207035,5,569885,0,05354192,4,430223,0,2629079
10245,0,08184226,5,570426,0,05331227,4,420116,0,2322992
10247,0,08162409,5,575334,0,05311663,4,399713,0,2208518
10249,0,08143903,5,562879,0,05295312,4,392744,0,2186402
10251,0,08122483,5,541322,0,05279087,4,38992,0,2171932
10253,0,08104855,5,440126,0,05262799,4,387089,0,216944
10255,0,08083601,5,414148,0,05246492,4,384258,0,2167453
10257,0,08059079,5,388144,0,05133471,4,381435,0,2121898
10259,0,08037359,5,362055,0,04831799,4,318941,0,2068563
10261,0,0801876,5,335815,0,04498938,4,270347,0,2016021
10263,0,07995535,5,309387,0,04041602,4,26193,0,1982126
10265,0,07972293,5,28268,0,0384702,4,234972,0,1948231
10267,0,07950742,5,255812,0,03531523,4,212181,0,1914335
10269,0,07933509,5,283366,0,03397876,4,210412,0,18072
10271,0,07922909,5,346341,0,03801093,4,225574,0,1798703
10273,0,07910907,5,355722,0,04819196,4,349014,0,1794579
10275,0,07655819,5,298275,0,02973959,4,385943,0,1653644
10277,0,07616624,5,287023,0,02669762,4,389173,0,1577845
10279,0,0757743,5,289368,0,03198523,4,383049,0,1610512
10281,0,07538235,5,291713,0,04631327,4,376926,0,1627645
10283,0,07499041,5,294058,0,0461644,4,370802,0,1621644
10285,0,07459846,5,296402,0,04601552,4,377531,0,1634798
10287,0,07420652,5,298748,0,04586665,4,405952,0,1609643
10289,0,07390469,5,301106,0,04581182,4,414204,0,1609812
10291,0,0725241,5,412067,0,04839097,4,413399,0,184593
10293,0,07107311,5,528066,0,05804594,4,364441,0,1706124
10295,0,06706736,5,188057,0,05852575,4,207268,0,1555956
10297,0,05988164,5,21428,0,05738358,4,083149,0,1398924
10299,0,05622166,4,938237,0,04969014,3,968682,0,1300571
10301,0,05545383,4,779872,0,04173734,3,959572,0,1292049
10303,0,05474817,4,746802,0,04155516,3,948711,0,130485
10305,0,0540425,4,713732,0,04137297,3,944201,0,1285968
10307,0,05333684,4,680661,0,04119078,3,93969,0,1267086
10309,0,05263117,4,647591,0,0410086,3,935179,0,1248205
10311,0,04818539,4,563026,0,03614948,3,930018,0,1223975
10313,0,04409195,4,549994,0,03665029,3,900517,0,1207134
10315,0,04354376,4,550472,0,03506114,3,869213,0,1207219
10317,0,04299557,4,55095,0,03347199,3,837909,0,1217757
10319,0,04244738,4,551427,0,03226293,3,806606,0,1239485
10321,0,04189919,4,551905,0,03129439,3,775301,0,1261212
10323,0,041351,4,552382,0,03032586,3,760888,0,127452
10325,0,04080281,4,55286,0,02935732,3,750522,0,1264155
10327,0,03974108,4,414284,0,02782691,3,621841,0,1174545
10329,0,03187377,4,399944,0,02631344,3,56984,0,09761512
10331,0,02623625,4,349712,0,02425808,3,40033,0,08399451
10333,0,02240985,4,117191,0,02024871,3,184782,0,08362956
10335,0,01850981,3,883384,0,01849697,3,130689,0,07719014
10337,0,01355887,3,76964,0,0175556,3,040871,0,06611876
10339,0,009122618,3,654869,0,01650746,2,986731,0,06618953
10341,0,006857171,3,555236,0,0147018,2,895002,0,06142396
10343,0,006062161,3,55179,0,01445484,2,853078,0,05886057
10345,0,006044805,3,535335,0,01447764,2,850178,0,05825775
10347,0,006027449,3,524329,0,01450044,2,847279,0,05765494
10349,0,006010093,3,52005,0,01452324,2,844379,0,05705212
10351,0,005992737,3,515771,0,01454604,2,841479,0,05644931
10353,0,005975381,3,511492,0,01456884,2,838579,0,05584649
10355,0,005958024,3,507213,0,01459164,2,83568,0,05538688
10357,0,005940668,3,502934,0,01461443,2,83278,0,05561381
10359,0,005923312,3,498655,0,01463723,2,82988,0,05584073
10361,0,005905956,3,494376,0,01466003,2,827712,0,05601745
10363,0,0058886,3,490097,0,01468283,2,824081,0,05547545
10365,0,005871244,3,485818,0,01470563,2,821181,0,05493346
10367,0,005853888,3,481539,0,01472843,2,818282,0,05439146
10369,0,005836532,3,47726,0,01475123,2,815382,0,05384947
10371,0,005819175,3,472981,0,01477403,2,812482,0,05330747
10373,0,005801819,3,468702,0,01479683,2,809582,0,05276548
10375,0,005784463,3,464423,0,01481963,2,806683,0,05222348
10377,0,005767107,3,460144,0,01484243,2,803783,0,05168149
10379,0,00574975,3,455865,0,01486522,2,800883,0,05113949
10381,0,005732394,3,451586,0,01488802,2,797984,0,05059749
10383,0,005715038,3,447307,0,01491082,2,795084,0,0500555
10385,0,005697682,3,448798,0,01493362,2,887789,0,0495135
10387,0,005980744,3,562016,0,01536847,2,958932,0,0570456
10389,0,00599779,3,585026,0,0154657,3,000822,0,06169692
10391,0,006014498,3,585338,0,01562346,3,010283,0,06236495
10393,0,006031206,3,597331,0,01586434,3,014927,0,06303537
10395,0,006047915,3,595073,0,01614048,3,01957,0,06563367
10397,0,006064623,3,592815,0,01641661,3,023741,0,06562837
10399,0,006155515,3,588379,0,01669369,3,053287,0,06956401
10401,0,006821606,3,693805,0,01793571,3,156833,0,07415482
10403,0,00730632,3,744944,0,01949779,3,219709,0,08507764
10405,0,007939345,3,794777,0,02076283,3,318394,0,08834432
10407,0,008488079,4,011904,0,0215654,3,364611,0,09365963
10409,0,008917541,4,182974,0,0218726,3,375926,0,09633994
10411,0,008911798,4,181511,0,02186714,3,372638,0,09629778
10413,0,008362676,4,176232,0,02186213,3,349941,0,09568118
10415,0,0076653,4,09317,0,02183094,3,256232,0,08974204
10417,0,007388157,3,921462,0,01514939,3,15844,0,0768796
10419,0,007200416,3,661751,0,01400292,3,139511,0,07490543
10421,0,007082021,3,649335,0,01023413,3,073636,0,07485408
10423,0,007032973,3,639943,0,01000789,3,017282,0,06839066
10425,0,006983925,3,603914,0,009859687,2,992158,0,06838126
10427,0,006934877,3,513288,0,009711811,2,954778,0,06837185
10429,0,006885829,3,422662,0,009601903,2,938566,0,06836244
10431,0,006836781,3,353825,0,009491996,2,925871,0,06835303
10433,0,006787733,3,347521,0,009382088,2,913176,0,06834362
10435,0,006496812,3,331415,0,009219044,2,87948,0,06681091
10437,0,00640849,3,324828,0,009122211,2,84162,0,06508389
10439,0,006320169,3,33129,0,009025379,2,801899,0,06732348
10441,0,006231848,3,352484,0,008928547,2,790043,0,06477574
10443,0,006235078,3,373697,0,008831714,2,781785,0,06305639
10445,0,006238307,3,39491,0,008734881,2,777771,0,06183021
10447,0,006241537,3,416122,0,008638049,2,77785,0,06200647
10449,0,006244766,3,460535,0,008541216,2,777928,0,06218274
10451,0,006247996,3,482095,0,008444384,2,789596,0,062359
10453,0,006251225,3,5397,0,008347551,2,778084,0,06253526
10455,0,006254455,3,551253,0,008449652,2,774049,0,06329556
10457,0,006257684,3,562806,0,008694881,2,743344,0,06517151
10459,0,006260914,3,545549,0,01059912,2,758929,0,06510767
10461,0,006264144,3,528522,0,01195704,2,763009,0,06490896
10463,0,006267373,3,537859,0,01178709,2,759144,0,06471024
10465,0,006270603,3,537463,0,01161713,2,768168,0,0646035
10467,0,006705958,3,537514,0,01144718,2,793354,0,06556217
10469,0,007881524,3,539727,0,0147843,2,984537,0,06942985
10471,0,008967557,3,59641,0,0172217,3,088522,0,07137942
10473,0,00961359,3,603252,0,01688386,3,120413,0,07457837
10475,0,009797927,3,683248,0,01662959,3,04454,0,0694851
10477,0,01007294,3,620821,0,01621082,3,032306,0,06565706
10479,0,01026396,3,616502,0,0162456,3,039636,0,06539851
10481,0,010371,3,570579,0,01602707,3,039311,0,06313564
10483,0,01047804,3,54486,0,01580855,3,065758,0,06284246
10485,0,01058508,3,522132,0,01559002,3,044013,0,06355534
10487,0,01069212,3,52194,0,01537149,3,038337,0,0640346
10489,0,01070905,3,506845,0,01512183,2,975883,0,06250546
10491,0,01072219,3,475448,0,01113695,2,8607,0,06027297
10493,0,01163489,3,52087,0,0125292,2,891226,0,06127726
10495,0,01287828,3,51149,0,01388198,2,940626,0,0611072
10497,0,01489197,3,696441,0,01416916,2,951963,0,06159689
10499,0,01474005,3,600464,0,01468776,2,937328,0,06107143
10501,0,0148734,3,586515,0,01522331,2,95666,0,06002893
10503,0,01500674,3,572566,0,01575885,2,945019,0,05898643
10505,0,01514008,3,558618,0,01629439,2,93296,0,05794393
10507,0,01527342,3,544669,0,01682993,2,920901,0,05690143
10509,0,01540676,3,53072,0,01736548,2,908843,0,05803607
10511,0,0155401,3,516771,0,01790102,2,897175,0,05655399
10513,0,01568055,3,502822,0,01843943,2,905053,0,05704346
10515,0,01585266,3,499261,0,01897972,2,894669,0,05772939
10517,0,01602478,3,495699,0,019137,2,89181,0,05841532
10519,0,0161969,3,492138,0,01904643,2,910604,0,05910124
10521,0,01636902,3,488576,0,01895587,2,929398,0,05978717
10523,0,01654113,3,488501,0,0188653,2,948192,0,06096697
10525,0,01671325,3,503422,0,01877473,2,962465,0,06194086
10527,0,01764387,3,535912,0,01894458,3,064504,0,06343061
10529,0,01915589,3,628619,0,01946693,3,097864,0,07651589
10531,0,02064626,3,80829,0,02605381,3,208929,0,0903032
10533,0,02454983,4,226234,0,02982123,3,28634,0,09264801
10535,0,03003643,4,474157,0,03033221,3,329475,0,1027014
10537,0,03596122,4,556284,0,03109705,3,394242,0,1256737
10539,0,04120236,4,755805,0,03325772,3,569258,0,1367
10541,0,04337892,4,836422,0,03527506,3,630026,0,1400224
10543,0,04663283,4,870387,0,03685789,3,768438,0,1524644
10545,0,04993203,4,921354,0,03665631,3,872306,0,1624519
10547,0,05219919,4,945543,0,03644899,3,880884,0,1645883
10549,0,05365704,5,106148,0,03624168,3,925104,0,168357
10551,0,05440494,5,159558,0,03603438,4,092475,0,1675637
10553,0,05540365,5,244814,0,03582707,4,252782,0,1688374
10555,0,05590932,5,239698,0,03561976,4,260437,0,1676541
10557,0,056415,5,242946,0,03541245,4,315026,0,1664708
10559,0,05692067,5,246664,0,03533268,4,314021,0,1652875
10561,0,05742634,5,2495,0,03533866,4,371961,0,1697806
10563,0,05793201,5,252254,0,03534463,4,397393,0,1696033
10565,0,05843769,5,308065,0,03535396,4,446279,0,1694261
10567,0,062746,5,351716,0,03536458,4,486109,0,171141
10569,0,06741376,5,371261,0,03537105,4,48957,0,1714049
10571,0,06808664,5,367012,0,03537587,4,508535,0,1716688
10573,0,06875952,5,362762,0,03538068,4,534492,0,1719327
10575,0,06943239,5,358513,0,0353855,4,536676,0,1721966
10577,0,07010528,5,354264,0,03539031,4,538861,0,1738922
10579,0,07077815,5,350015,0,03539513,4,541047,0,176119
10581,0,07145103,5,345766,0,03539995,4,543231,0,1752953
10583,0,07154702,5,350659,0,03540715,4,571867,0,1744717
10585,0,071643,5,347375,0,03438628,4,54622,0,173648
10587,0,07143857,5,281241,0,03216661,4,541261,0,1671769
10589,0,07149982,5,281238,0,02834841,4,466504,0,1669646
10591,0,07156107,5,28031,0,02646409,4,451995,0,1655461
10593,0,07162232,5,279383,0,02510768,4,443203,0,1649467
10595,0,07168357,5,278455,0,02460494,4,409882,0,1648294
10597,0,07174482,5,277528,0,0241022,4,395984,0,1647122
10599,0,07173188,5,2766,0,02357716,4,372782,0,1647048
10601,0,07114375,5,183212,0,01861514,4,204633,0,1537458
10603,0,070737,5,06556,0,016616,4,047629,0,1429741
10605,0,07018193,4,785987,0,01533685,4,044179,0,130223
10607,0,06971115,4,698643,0,01451461,3,835002,0,1133806
10609,0,06935965,4,619534,0,0141607,3,844305,0,1114664
10611,0,06944335,4,621004,0,01400729,3,874119,0,1118223
10613,0,06952704,4,622473,0,01385387,3,814449,0,1121781
10615,0,06961074,4,623943,0,01370045,3,813826,0,113498
10617,0,06969444,4,625412,0,01354704,3,834411,0,1138421
10619,0,07051113,4,626882,0,01339362,3,855028,0,1144179
10621,0,07082771,4,628352,0,0132402,3,868297,0,1149057
10623,0,07107376,4,629796,0,01308679,3,871978,0,1182111
10625,0,07124927,4,631215,0,01293337,3,876765,0,1250603
10627,0,07142479,4,755759,0,01307347,3,880242,0,1300358
10629,0,0716003,4,94394,0,01307451,3,908571,0,1305163
10631,0,07236945,4,970267,0,01307555,4,032928,0,1298816
10633,0,07265649,4,967255,0,01806283,4,055398,0,1314773
10635,0,07284546,4,963339,0,0180434,4,077379,0,1317937
10637,0,07293635,4,957112,0,01802396,4,081776,0,1319458
10639,0,07302725,4,950885,0,01800452,4,086173,0,132098
10641,0,07311814,4,944658,0,01798508,4,09057,0,1322502
10643,0,07320902,4,93843,0,01796564,4,094967,0,1324024
10645,0,07329991,4,932203,0,0179462,4,099364,0,1325546
10647,0,0733908,4,925976,0,01792676,4,075417,0,1327068
10649,0,0734817,4,919748,0,01790732,4,028671,0,132859
10651,0,07357259,4,913521,0,01788788,4,028198,0,1330112
10653,0,07366348,4,907294,0,01786844,4,006762,0,1331634
10655,0,07375437,4,901067,0,01784901,3,997189,0,1236534
10657,0,07384527,4,894839,0,01782957,3,975103,0,1216597
10659,0,07393616,4,879771,0,01781013,3,941584,0,1183764
10661,0,07402705,4,781526,0,01779069,3,908066,0,1183642
10663,0,07411794,4,742618,0,01777125,3,897419,0,118352
10665,0,07420883,4,742685,0,01775181,3,898306,0,1183398
10667,0,07388545,4,801075,0,01734326,3,988446,0,1182757
10669,0,07283971,4,780286,0,01653381,3,970052,0,1169527
10671,0,07181716,4,642441,0,01521434,3,922979,0,1096315
10673,0,07119121,4,515193,0,01540616,3,862937,0,09827758
10675,0,07539052,4,476946,0,01559798,3,854361,0,09526616
10677,0,0806831,4,517143,0,0157898,3,837709,0,1078325
10679,0,08279163,4,54483,0,01598162,3,846595,0,09665555
10681,0,08842391,4,610929,0,01617344,3,885733,0,1041993
10683,0,09293465,4,691475,0,03738846,3,973564,0,1154545
10685,0,1014169,4,77776,0,04277841,4,059425,0,1200463
10687,0,1064293,4,802465,0,04279346,4,091123,0,1269764
10689,0,1083425,4,819616,0,04280851,4,12761,0,1333892
10691,0,1093937,4,864693,0,04347174,4,169652,0,1350451
10693,0,1086722,4,774584,0,04347773,4,136104,0,1299693
10695,0,107663,4,754137,0,04246689,4,132006,0,1265671
10697,0,1058834,4,748515,0,04205618,4,121007,0,1230708
10699,0,1060195,4,746888,0,04214357,4,132438,0,1229844
10701,0,1061557,4,745261,0,04223096,4,12595,0,1226462
10703,0,1062918,4,743634,0,04231836,4,130313,0,1213351
10705,0,1064279,4,742007,0,04240575,4,12696,0,120024
10707,0,106564,4,74038,0,04249314,4,104271,0,1187128
10709,0,1067001,4,747222,0,04258053,4,092745,0,1174144
10711,0,1068363,4,786351,0,04266793,4,091735,0,1173482
10713,0,1069724,4,825479,0,04275532,4,102128,0,117282
10715,0,1074594,4,877716,0,04284271,4,189202,0,1239241
10717,0,1133685,4,913517,0,04293485,4,263692,0,1296756
10719,0,1163495,5,034872,0,04302688,4,307105,0,1407948
10721,0,1199455,5,062679,0,04311881,4,326416,0,1438753
10723,0,1278887,5,216625,0,04321073,4,428774,0,1651938
10725,0,1294499,5,244066,0,04330706,4,510558,0,1658084
10727,0,1290182,5,12073,0,04139196,4,436581,0,1571361
10729,0,1280051,4,949575,0,03816726,4,346313,0,1513468
10731,0,1270137,4,882389,0,03541538,4,312121,0,1463081
10733,0,123609,4,884456,0,03398304,4,221092,0,1396668
10735,0,1186214,4,763137,0,03385508,4,165234,0,1240197
10737,0,1131955,4,747208,0,03279893,4,114274,0,1229752
10739,0,1084533,4,835267,0,02888709,4,001295,0,1065177
10741,0,1067757,4,74353,0,02920718,3,971577,0,09832373
10743,0,1040207,4,700347,0,0249,3,845145,0,09768413
10745,0,109337,4,607229,0,02508931,3,77186,0,09773308
10747,0,107209,4,567878,0,02518977,3,762696,0,09472567
10749,0,1058903,4,528417,0,02207222,3,729155,0,09193307
10751,0,1052816,4,41014,0,01804874,3,592423,0,07823005
10753,0,1044221,4,304884,0,01755671,3,536968,0,07415017
10755,0,1040556,4,293188,0,01761047,3,503356,0,0682504
10757,0,1036891,4,281491,0,01766424,3,489956,0,06828682
10759,0,1033226,4,252225,0,017718,3,500175,0,06832325
10761,0,1029561,4,250704,0,01777176,3,502859,0,06835968
10763,0,1025896,4,247431,0,01782552,3,458956,0,06839611
10765,0,1022231,4,008633,0,01787928,3,438108,0,06843188
10767,0,09805392,3,954142,0,0179326,3,399589,0,06094114
10769,0,09352534,3,915094,0,01776139,3,397303,0,05882828
10771,0,09299163,3,914203,0,01787218,3,419219,0,05861757
10773,0,09245793,3,913312,0,01799588,3,424742,0,06069085
10775,0,09192422,3,912421,0,0181325,3,430026,0,06403887
10777,0,09139051,3,91153,0,01830095,3,446491,0,06386366
10779,0,09085944,3,929195,0,01846711,3,444975,0,06207563
10781,0,09033101,3,919823,0,01859914,3,443458,0,06028758
10783,0,09037947,3,910452,0,01873118,3,433388,0,06015136
10785,0,09042793,3,902273,0,01887336,3,440374,0,06037106
10787,0,09047639,3,895376,0,01900702,3,447361,0,06059077
10789,0,09052484,3,889834,0,01906296,3,454347,0,06081047
10791,0,0905733,3,884292,0,0191189,3,461333,0,06103018
10793,0,09062176,4,006264,0,01931432,3,491608,0,0661547
10795,0,09084959,4,266204,0,01939342,3,607515,0,07048053
10797,0,09096587,4,470752,0,01983495,3,68622,0,07299893
10799,0,09097061,4,480104,0,02037715,3,696162,0,07365854
10801,0,09097534,4,480523,0,02091935,3,718437,0,07496657
10803,0,09098008,4,479577,0,02146154,3,73105,0,07544476
10805,0,09098481,4,47863,0,02200374,3,732012,0,07570259
10807,0,09098954,4,477683,0,02254594,3,735927,0,07629695
10809,0,09099428,4,50489,0,02308813,3,748985,0,07695655
10811,0,09099901,4,535753,0,02363033,3,78901,0,07761615
10813,0,09100375,4,544776,0,02374767,3,806668,0,07827576
10815,0,09100848,4,553337,0,02386502,3,829345,0,07893535
10817,0,09101322,4,561896,0,02403534,3,831569,0,07959495
10819,0,09028496,4,57042,0,02434559,3,813989,0,08025456
10821,0,09005682,4,578602,0,02431567,3,817012,0,08091416
10823,0,08989921,4,580515,0,02428575,3,81995,0,08157376
10825,0,08981213,4,567414,0,02425583,3,819841,0,08223337
10827,0,08972505,4,186006,0,02266083,3,74232,0,07904819
10829,0,09041908,4,113815,0,02300385,3,76728,0,09659699
10831,0,09032389,4,10581,0,02331839,3,672357,0,09314604
10833,0,0907108,4,094782,0,02363292,3,611456,0,09160323
10835,0,09119578,4,089955,0,02394746,3,538965,0,08013434
10837,0,09177884,4,087535,0,02426199,3,579123,0,08167157
10839,0,0923619,4,102587,0,02457653,3,600567,0,08105248
10841,0,09719564,4,131082,0,02667762,3,643236,0,08474605
10843,0,09957185,4,154065,0,02987895,3,736606,0,09494852
10845,0,1031596,4,218015,0,02975082,3,8096,0,1034746
10847,0,1076831,4,455641,0,02961016,3,955691,0,1201462
10849,0,109184,4,660814,0,03120528,4,062561,0,1256469
10851,0,1108366,4,800144,0,03343119,4,195181,0,1268799
10853,0,1143889,4,877605,0,03381184,4,257495,0,1460394
10855,0,1153322,4,939246,0,0354806,4,26905,0,1496988
10857,0,1162754,4,948274,0,03730711,4,280605,0,1486251
10859,0,1172187,5,00701,0,03913362,4,29216,0,1456068
10861,0,1212499,5,042396,0,04127506,4,303714,0,142597
10863,0,1220604,5,07991,0,04569138,4,426359,0,1396092
10865,0,122871,5,204599,0,04876877,4,478829,0,1541679
10867,0,1236636,5,139969,0,04750978,4,408581,0,1539968
10869,0,1244384,5,231367,0,04665843,4,478214,0,1855898
10871,0,1315989,5,303565,0,04602091,4,508837,0,1892115
10873,0,1320625,5,303572,0,0453781,4,46897,0,1914908
10875,0,1281787,5,20387,0,04473462,4,424204,0,193775
10877,0,1232017,5,087876,0,0440908,4,421368,0,1955891
10879,0,1214927,5,092675,0,04344732,4,395956,0,1898237
10881,0,1163439,5,033416,0,0427664,4,364605,0,1511614
10883,0,1123167,4,958657,0,03726751,4,222844,0,1510539
10885,0,1080834,4,950883,0,02593649,4,065411,0,1275845
10887,0,1111985,4,931325,0,02602906,4,058066,0,1261782
10889,0,1098075,4,907236,0,02611631,4,059143,0,128764
10891,0,1091785,4,888691,0,02619264,4,05619,0,1298106
10893,0,1094115,4,875534,0,0262692,4,047586,0,1306277
10895,0,1096445,4,862376,0,02634575,4,029949,0,1310957
10897,0,1098774,4,849218,0,02625934,4,011101,0,1315637
10899,0,1101104,4,83606,0,02564478,3,995154,0,1320317
10901,0,1103434,4,822902,0,02503022,3,979207,0,1324998
10903,0,1105763,4,811926,0,0244156,3,984238,0,1391888
10905,0,1152393,4,800498,0,02380104,3,9828,0,1408516
10907,0,1156829,4,798407,0,02318647,3,972253,0,1429967
10909,0,1161265,4,867728,0,0225719,3,969374,0,140295
10911,0,1165701,4,93705,0,02195733,3,966495,0,1374021
10913,0,1170137,4,980371,0,02134276,3,981438,0,1345093
10915,0,1171065,4,848326,0,02062797,3,900696,0,1248457
10917,0,111777,4,796963,0,01987904,3,892505,0,1161387
10919,0,1190335,4,907738,0,01940113,3,925486,0,1147983
10921,0,1209632,4,865668,0,02740704,3,983543,0,118201
10923,0,1188482,5,088478,0,02752125,4,02225,0,09960169
10925,0,1297089,5,179762,0,02001799,4,040427,0,09998008
10927,0,1358152,5,16274,0,01911225,4,068295,0,100586
10929,0,1399639,5,421419,0,01839516,4,09006,0,1012187
10931,0,1456016,5,438293,0,01835942,4,122876,0,1047849
10933,0,1573976,5,434289,0,01942109,4,197767,0,1209862
10935,0,1776859,5,427081,0,02145088,4,279982,0,1214507
10937,0,2040553,5,418212,0,02819659,4,379444,0,1219357
10939,0,2049694,5,412783,0,02827315,4,386277,0,1223118
10941,0,2058834,5,407354,0,02834971,4,399238,0,1226878
10943,0,2067975,5,401925,0,02837785,4,409134,0,1299382
10945,0,1995949,5,386882,0,02488195,4,399803,0,1400265
10947,0,2008688,5,38246,0,02485378,4,39891,0,1392765
10949,0,2021426,5,378037,0,02482561,4,382584,0,1385265
10951,0,2034164,5,373615,0,02494704,4,431463,0,1377765
10953,0,2046902,5,369193,0,02618811,4,436503,0,1449104
10955,0,205964,5,36477,0,02711423,4,441544,0,1449438
10957,0,2072378,5,360348,0,02804953,4,485202,0,1548167
10959,0,2103917,5,356699,0,02907981,4,594901,0,1552734
10961,0,2154258,5,353219,0,03159204,4,664988,0,1566994
10963,0,2223276,5,349148,0,03477846,4,688781,0,1636402
10965,0,2273977,5,34513,0,04013419,4,83264,0,1785188
10967,0,2287682,5,376073,0,04035274,4,854907,0,1784552
10969,0,2301387,5,377242,0,0405661,4,867602,0,1801701
10971,0,2315092,5,343878,0,04077929,4,857314,0,191243
10973,0,2328797,5,295229,0,04091778,4,840795,0,1928341
10975,0,2342502,5,338432,0,04098057,4,836225,0,1941608
10977,0,2434358,5,425214,0,04224355,4,881045,0,1986654
10979,0,2477186,5,42461,0,04821852,4,909402,0,2061837
10981,0,2483261,5,42955,0,04847636,4,908623,0,2120299
10983,0,2489336,5,434262,0,0487342,4,907843,0,2178762
10985,0,2495411,5,428505,0,04899203,4,907063,0,2161045
10987,0,2501485,5,422749,0,04924987,4,906284,0,2179319
10989,0,250756,5,416993,0,04950771,4,905504,0,2114673
10991,0,2513635,5,411237,0,04976555,4,904725,0,2091488
10993,0,2519709,5,366488,0,04716254,4,907398,0,2074893
10995,0,252399,5,325496,0,03292876,4,774397,0,1995928
10997,0,2589839,5,285875,0,0331105,4,793588,0,1989561
10999,0,271447,5,334536,0,03369597,4,812846,0,209919
11001,0,2802719,5,406981,0,03428476,4,817789,0,214519
11003,0,2887937,5,409474,0,03447203,4,851726,0,2131493
11005,0,2970948,5,507226,0,03505296,4,964001,0,2309536
11007,0,3016767,5,658455,0,03738232,5,042452,0,2332164
11009,0,3053455,5,972772,0,06986298,5,10936,0,2384559
11011,0,3169838,6,040178,0,09041201,5,14278,0,2364975
11013,0,325086,6,163381,0,05197324,5,142907,0,2411299
11015,0,3291422,6,338557,0,04691751,5,276666,0,2684945
11017,0,3353487,6,477656,0,04677187,5,340407,0,276727
11019,0,3447146,6,488797,0,04662623,5,456314,0,2837958
11021,0,3541003,6,500943,0,04648059,5,567752,0,2897389
11023,0,360326,6,51303,0,04633496,5,63019,0,3018062
11025,0,3675579,6,519163,0,04618932,5,69651,0,2928799
11027,0,3693267,6,523786,0,04604368,5,714379,0,2837792
11029,0,3703144,6,513611,0,04623355,5,669064,0,2355536
11031,0,3714977,6,558505,0,04681614,5,665384,0,2360212
11033,0,3844084,6,617697,0,05465239,5,664669,0,2423111
11035,0,3884297,6,683172,0,05660894,5,722636,0,2828117
11037,0,3936708,6,804774,0,05869268,5,806676,0,2941482
11039,0,3968011,7,011454,0,06681439,5,899276,0,3069883
11041,0,3923503,6,952921,0,06717543,5,844436,0,2926198
11043,0,3903569,6,79773,0,06748381,5,821393,0,2854721
11045,0,3871521,6,56573,0,06630082,5,798811,0,2705927
11047,0,3830115,6,559493,0,05684474,5,73833,0,2593607
11049,0,3818934,6,326076,0,04421504,5,619427,0,2436613
11051,0,3806237,6,222812,0,04091508,5,522828,0,2365944
11053,0,3774543,6,098437,0,03787456,5,509626,0,2362886
11055,0,3768939,6,0984,0,03845408,5,389735,0,2367407
11057,0,3763336,6,117255,0,03903361,5,361763,0,2371929
11059,0,3757732,6,16335,0,03961313,5,356709,0,237645
11061,0,3721249,6,126141,0,04019238,5,341673,0,224293
11063,0,3716972,6,064023,0,04077122,5,329569,0,2081452
11065,0,3712696,6,03573,0,04135051,5,252826,0,2058629
11067,0,370842,6,038652,0,04276407,5,259668,0,2037347
11069,0,3807171,6,031194,0,04501084,5,320629,0,2062697
11071,0,3844328,6,070505,0,04725762,5,39408,0,2133265
11073,0,3995813,6,136073,0,04885125,5,43497,0,2191796
11075,0,4074663,6,222438,0,05045392,5,437933,0,2262677
11077,0,4215932,6,239267,0,05204957,5,438375,0,2611323
11079,0,4301211,6,235808,0,05433257,5,52229,0,2617981
11081,0,4374737,6,297327,0,0578937,5,534433,0,2620758
11083,0,4532271,6,429386,0,06341069,5,664112,0,2715667
11085,0,4553733,6,533039,0,07240236,5,767512,0,2998513
11087,0,4531289,6,685764,0,0754475,5,740712,0,3118437
11089,0,4636868,6,820248,0,07505479,5,746923,0,3088799
11091,0,4697552,6,839103,0,08298871,5,82804,0,3290706
11093,0,4721637,7,036932,0,09087657,6,003795,0,3724251
11095,0,4772446,7,114761,0,09917056,6,076841,0,4045986
11097,0,4792358,7,268744,0,1069136,6,12532,0,408505
11099,0,4805378,7,321611,0,1173591,6,192997,0,4265256
11101,0,480134,7,335234,0,1195016,6,197769,0,4255493
11103,0,4797302,7,350818,0,1252465,6,18232,0,4217538
11105,0,4748965,7,362926,0,1285617,6,152143,0,4181744
11107,0,4742821,7,372353,0,1283983,6,137736,0,4173077
11109,0,4736677,7,381778,0,1282349,6,134228,0,4164409
11111,0,4730532,7,375008,0,1280715,6,139595,0,4155742
11113,0,4724388,7,379183,0,1279081,6,127212,0,4147074
11115,0,4718244,7,392809,0,1277446,6,129287,0,4138407
11117,0,47121,7,406435,0,1275812,6,149946,0,4129739
11119,0,4609379,7,3726,0,1241063,6,101202,0,3886943
11121,0,4553775,7,329254,0,1219567,5,9647,0,3866019
11123,0,4495146,7,314585,0,1182349,5,918056,0,3860671
11125,0,437058,7,18862,0,1181145,5,877,0,3509858
11127,0,4305903,7,179072,0,1181693,5,790487,0,3206977
11129,0,42608,7,164537,0,1142035,5,752939,0,3070728
11131,0,4200809,7,031893,0,1141445,5,708627,0,275623
11133,0,4079233,6,943301,0,1110427,5,645007,0,2715513
11135,0,390456,6,935386,0,1006149,5,686979,0,2558889
11137,0,3654745,6,921041,0,09107356,5,682804,0,2696377
11139,0,3666241,6,950337,0,09131203,5,760345,0,2768461
11141,0,3668023,6,995924,0,09265097,5,804974,0,3248539
11143,0,3664186,7,043232,0,0965815,5,882472,0,3273858
11145,0,3662485,7,089015,0,09939266,6,043708,0,335822
11147,0,3656152,7,143071,0,1022146,6,083479,0,3443531
11149,0,3643053,7,147569,0,1049716,6,077988,0,3454089
11151,0,3629953,7,166315,0,1077287,6,072496,0,3463299
11153,0,3616853,7,194557,0,1104857,6,067005,0,344435
11155,0,3603753,7,161062,0,1132427,6,061514,0,3433427
11157,0,3590654,7,166639,0,1134694,6,001732,0,3405127
11159,0,3558753,7,180079,0,1060635,5,970866,0,3382329
11161,0,3508051,7,193477,0,1027106,5,911489,0,3355341
11163,0,3438671,7,207061,0,1032512,5,873251,0,3354739
11165,0,3387608,7,22038,0,1037918,5,862919,0,3290513
11167,0,3373542,7,223943,0,1043324,5,855191,0,334092
11169,0,3359475,7,203944,0,104873,5,86708,0,3395121
11171,0,3345408,7,183948,0,1054594,5,875754,0,3449322
11173,0,3333903,7,16395,0,106017,5,868473,0,3423198
11175,0,3322397,7,118993,0,1065747,5,836856,0,3407323
11177,0,3232741,7,0187,0,1071853,5,716364,0,3296629
11179,0,3192676,6,994976,0,1077209,5,66397,0,3256492
11181,0,3189931,7,181152,0,1082565,5,664923,0,3254778
11183,0,3187186,7,273834,0,1087921,5,66232,0,325283
11185,0,3190262,7,289089,0,109387,5,684912,0,3342036
11187,0,3190449,7,277821,0,109974,5,678833,0,3391469
11189,0,3193886,7,268294,0,1105577,5,725029,0,3409345
11191,0,3189162,7,280272,0,1130102,5,78336,0,3594391
11193,0,3186028,7,321723,0,1130084,5,821861,0,349759
11195,0,318147,7,417457,0,1128117,5,954913,0,3720559
11197,0,3115646,7,460364,0,1132121,5,942204,0,371188
11199,0,2992556,7,563789,0,1178174,5,842228,0,3823715
11201,0,2906325,7,678624,0,1196882,6,056748,0,3919241
11203,0,2820229,7,66021,0,1210164,5,845015,0,3971216
11205,0,2736339,7,641953,0,1212095,5,868245,0,3812833
11207,0,2689641,7,439243,0,1200069,5,848472,0,3721355
11209,0,2652074,7,348978,0,1176913,5,670516,0,3567488
11211,0,2534812,7,215522,0,1176016,5,620526,0,3304082
11213,0,2452911,7,141988,0,1169304,5,484493,0,3221745
11215,0,241147,7,081467,0,1180332,5,498812,0,2989725
11217,0,2348526,7,079553,0,1044215,5,472953,0,3052798
11219,0,2258846,7,093338,0,1026433,5,479212,0,3165093
11221,0,2307664,7,063152,0,101422,5,523952,0,3026162
11223,0,2345843,6,999967,0,1001626,5,455564,0,3238545
11225,0,2373959,7,003822,0,09909803,5,482584,0,3180077
11227,0,2456706,7,004516,0,09789561,5,509327,0,30459
11229,0,2539454,7,00605,0,0966932,5,53607,0,2976381
11231,0,2622201,7,041788,0,09746084,5,550044,0,2887112
11233,0,2587674,7,113753,0,09405514,5,703445,0,3339961
11235,0,2642041,7,128526,0,11521,5,709383,0,3330312
11237,0,268421,7,117095,0,1139158,5,583403,0,3253508
11239,0,2747487,7,095404,0,08083604,5,630013,0,3181635
11241,0,2844069,7,093079,0,08244801,5,621365,0,3319447
11243,0,2940651,7,090754,0,08459299,5,611212,0,3312501
11245,0,340602,7,105807,0,08616667,5,674026,0,3549243
11247,0,3613758,7,141493,0,09370799,5,915074,0,3644943
11249,0,3705247,7,203448,0,09682143,6,000022,0,373503
11251,0,378341,7,258052,0,0975465,6,026399,0,3825124
11253,0,3811297,7,437407,0,1079508,6,173301,0,4044667
11255,0,381694,7,646204,0,1133256,6,269618,0,413284
11257,0,3816691,7,835404,0,1209716,6,33983,0,458019
11259,0,3816667,8,123364,0,1218137,6,360052,0,4625004
11261,0,3815269,8,192025,0,1223613,6,376753,0,5092065
11263,0,3810768,8,180238,0,1226369,6,354424,0,5114732
11265,0,3806268,8,168451,0,1229126,6,351749,0,5007828
11267,0,3802222,8,159328,0,1231378,6,337268,0,515968
11269,0,3697227,8,300946,0,1260966,6,380342,0,4933964
11271,0,359975,8,036496,0,1286337,6,316098,0,502633
11273,0,3455753,7,871063,0,1277956,6,300775,0,5049577
11275,0,3372047,7,933248,0,1269681,6,25924,0,5017635
11277,0,3225923,7,988163,0,1264072,6,204417,0,4790028
11279,0,3135788,8,006317,0,1256566,6,16539,0,4359894
11281,0,3057406,7,949608,0,125012,6,125902,0,4133572
11283,0,2895016,7,82522,0,1232492,5,967136,0,3963982
11285,0,2831044,7,694805,0,120111,5,805035,0,3803349
11287,0,2772191,7,34778,0,0814116,5,708472,0,3587303
11289,0,266137,7,161161,0,06189946,5,688396,0,334203
11291,0,2596444,6,722255,0,05851399,5,557769,0,3335416
11293,0,2568115,6,683322,0,05487332,5,460649,0,3311622
11295,0,2513064,6,644379,0,05496826,5,448091,0,3299049
11297,0,2488908,6,63107,0,05266765,5,383353,0,3141541
11299,0,2471645,6,516489,0,05219397,5,381278,0,2901241
11301,0,2471439,6,553867,0,05173217,5,379228,0,2911797
11303,0,2471234,6,591245,0,05127036,5,377179,0,2922352
11305,0,2471228,6,641778,0,05603919,5,372226,0,322212
11307,0,2508844,6,652755,0,06294094,5,379142,0,3254875
11309,0,2631707,6,658099,0,06282349,5,497919,0,3448688
11311,0,2768791,6,684009,0,0626801,5,611973,0,3879954
11313,0,3072045,6,674954,0,09116798,5,69747,0,3884715
11315,0,40543,6,680461,0,1117421,5,829142,0,40959
11317,0,5788811,6,694365,0,112552,5,920714,0,4227195
11319,0,7345583,6,728537,0,1131066,5,946328,0,5042046
11321,0,8760651,6,767303,0,1135461,5,980206,0,5147893
11323,0,9840226,6,818769,0,1253857,6,030948,0,51353
11325,1,021612,6,925195,0,1269027,6,093239,0,5474107
11327,1,023135,7,009199,0,1285926,6,094479,0,5122319
11329,1,023068,7,008092,0,129154,6,098962,0,5258548
11331,1,023001,7,006985,0,1297155,6,103445,0,5725185
11333,1,022933,7,005878,0,1302769,6,107928,0,5615236
11335,1,019683,6,954456,0,1295981,6,037809,0,5398914
11337,1,017866,6,937167,0,1297649,5,969703,0,5187261
11339,1,015374,7,009623,0,1227691,5,903649,0,4855819
11341,1,013853,6,976396,0,1227713,5,786062,0,4510872
11343,1,012894,6,952909,0,1229504,5,794184,0,4192293
11345,1,011721,6,929176,0,119887,5,723159,0,4081967
11347,1,011154,6,821003,0,105786,5,716586,0,3978123
11349,1,011265,6,799451,0,127343,5,73305,0,3951608
11351,1,011379,6,77797,0,1306225,5,734929,0,42489
11353,1,011565,6,776106,0,1312312,5,737682,0,425109
11355,1,011752,6,795207,0,1318399,5,726285,0,4253281
11357,1,011938,6,814307,0,1324486,5,714888,0,4255472
11359,1,012933,6,833407,0,1330573,5,689472,0,4243274
11361,1,014006,6,881942,0,1344848,5,692408,0,4211441
11363,1,016143,6,908473,0,1354257,5,681639,0,4179609
11365,1,018588,6,935245,0,1356487,5,67909,0,4158259
11367,1,021445,6,95246,0,1372582,5,724102,0,4341156
11369,1,023066,6,977586,0,138825,5,669047,0,4356134
11371,1,02445,6,891982,0,1399308,5,664599,0,424779
11373,1,025006,6,953144,0,1417511,5,678167,0,4234607
11375,1,025468,6,952756,0,1401478,5,686241,0,4187721
11377,1,027629,6,940122,0,1385465,5,694207,0,4054029
11379,1,030682,6,927852,0,1372336,5,860035,0,4141937
11381,1,031774,6,928035,0,1359468,5,902935,0,4317288
11383,1,032561,6,896698,0,1594726,5,99988,0,4156663
11385,1,032277,6,810553,0,1583641,5,918949,0,3965614
11387,1,031793,6,722562,0,1588421,5,858719,0,3978053
11389,1,030985,6,683052,0,1591413,5,767393,0,3544427
11391,1,030993,6,612489,0,1222018,5,694131,0,3474527
11393,1,030842,6,542289,0,1182219,5,620545,0,3191741
11395,1,030836,6,437653,0,1146122,5,488479,0,3238207
11397,1,030911,6,541472,0,1109255,5,473145,0,3170671
11399,1,030941,6,426968,0,108939,5,439219,0,3080155
11401,1,030923,6,291924,0,1085754,5,413727,0,3031254
11403,1,031195,6,34338,0,1082119,5,401181,0,3035676
11405,1,031467,6,389535,0,1078457,5,380456,0,3121387
11407,1,031739,6,394385,0,107477,5,359879,0,3056704
11409,1,03201,6,354091,0,1071083,5,339281,0,2971289
11411,1,038821,6,396713,0,1067396,5,414784,0,29586
11413,1,041734,6,432909,0,1068241,5,395423,0,2945912
11415,1,044648,6,469105,0,1069085,5,374937,0,293691
11417,1,061838,6,39062,0,1086543,5,274343,0,3011736
11419,1,076952,6,231168,0,1116479,5,240037,0,2912485
11421,1,086842,6,165395,0,1132359,5,140771,0,2878738
11423,1,088614,5,99915,0,1309742,5,058755,0,2762283
11425,1,125032,5,987615,0,1304663,5,129884,0,27466
11427,1,125915,5,976474,0,1019039,5,14322,0,2734682
11429,1,125818,5,96491,0,09770546,5,117279,0,2742517
11431,1,121878,5,949615,0,09760094,5,088425,0,2745138
11433,1,117938,5,917357,0,09178369,4,877542,0,2191871
11435,1,113998,5,896271,0,09035331,4,840095,0,2054061
11437,1,110058,5,879725,0,08898272,4,822798,0,2057477
11439,1,106118,5,859663,0,08219917,4,818517,0,1999258
11441,1,102178,5,826591,0,07191237,4,78868,0,194886
11443,1,098237,5,795986,0,06946887,4,776539,0,1912002
11445,1,057418,5,689897,0,07016761,4,756657,0,1867782
11447,1,042363,5,531233,0,06769388,4,613094,0,180792
11449,1,038932,5,499109,0,06763858,4,497516,0,1690761
11451,1,036834,5,460587,0,06497337,4,479781,0,1605605
11453,1,039763,5,428291,0,05719585,4,343815,0,1406884
11455,1,044917,5,387988,0,05544753,4,223632,0,1401055
11457,1,101451,5,272006,0,0529155,4,17981,0,1403813
11459,1,157964,4,964847,0,05088042,3,957119,0,1406577
11461,1,214613,4,930972,0,04940696,3,838216,0,1412611
11463,1,271573,4,899457,0,04899238,3,839636,0,1406071
11465,1,328533,4,867942,0,0485778,3,841056,0,1410607
11467,1,519127,4,864227,0,05057291,3,830595,0,1411425
11469,1,62534,4,862084,0,04587813,3,858056,0,1413744
11471,1,646443,4,86839,0,04101699,3,755109,0,1324224
11473,1,667463,4,830246,0,03883222,3,652536,0,127327
11475,1,689717,4,84159,0,03855635,3,658111,0,1231931
11477,1,711971,4,86398,0,03834632,3,663686,0,1182646
11479,1,749053,4,8184,0,03850368,3,672308,0,1135832
11481,1,798013,4,81535,0,03870898,3,71986,0,114463
11483,1,811611,4,853892,0,03890292,3,714247,0,1291824
11485,1,825273,4,886871,0,03920021,3,712801,0,128643
11487,1,829057,5,033185,0,03927593,3,769418,0,1281036
11489,1,832441,5,112936,0,03964772,3,845708,0,1313213
11491,1,909345,5,104911,0,04052602,3,869898,0,1360302
11493,2,067858,5,095569,0,04161955,3,889756,0,1378154
11495,2,072952,5,087663,0,04051048,3,905534,0,1322344
11497,2,075878,5,058633,0,03854593,3,859987,0,1302843
11499,2,078803,5,03145,0,03788589,3,851687,0,1283342
11501,2,081728,5,026796,0,03714602,3,843387,0,1263841
11503,2,084654,5,025673,0,03585667,3,797819,0,1244341
11505,2,087559,4,976184,0,03456732,3,781797,0,122484
11507,2,086703,4,888271,0,03323961,3,593346,0,1174411
11509,2,077321,4,434293,0,03182463,3,493139,0,1098748
11511,2,066518,4,261443,0,03046107,3,46899,0,09411316
11513,2,039097,4,175758,0,02564249,3,400562,0,08734838
11515,1,943776,4,167781,0,0246718,3,376167,0,07999814
11517,1,77323,4,166802,0,02375849,3,324939,0,0752546
11519,1,620458,4,165823,0,02211338,3,257751,0,07371796
11521,1,481856,4,163908,0,01908705,3,18074,0,06506117
11523,1,376803,4,152967,0,01770619,3,078689,0,06320122
11525,1,342118,4,134955,0,01770599,3,007409,0,05930026
11527,1,3435,4,065776,0,01660642,2,912553,0,05365204
11529,1,346472,4,020378,0,0166176,2,880792,0,05306687
11531,1,388157,4,047798,0,0166465,2,87103,0,0540002
11533,1,400861,4,032035,0,01666776,2,878808,0,05449784
11535,1,413558,4,040312,0,01667904,2,883288,0,05482819
11537,1,426248,4,260719,0,01669315,2,859275,0,05293576
11539,1,430988,4,260229,0,01670433,2,881032,0,05319723
11541,1,435727,4,232189,0,0163752,2,879637,0,04867831
11543,1,440467,4,204149,0,01602642,2,878241,0,0489642
11545,1,445207,4,172163,0,01438955,2,807113,0,04925009
11547,1,449804,4,123067,0,01400767,2,786742,0,04689325
11549,1,454399,4,06971,0,007451186,2,740856,0,04735072
11551,1,458992,4,049157,0,007233644,2,709286,0,04507091
11553,1,463512,4,053676,0,007144982,2,717329,0,04412894
11555,1,468033,4,058194,0,007056321,2,714679,0,04389302
11557,1,537416,4,064314,0,006967659,2,71734,0,04369017
11559,1,605024,4,066939,0,006661056,2,722595,0,04348748
11561,1,625867,4,091591,0,006232965,2,729315,0,04328591
11563,1,633169,4,019864,0,006141151,2,733178,0,039961
11565,1,640162,3,624023,0,006049338,2,775069,0,03875788
11567,1,654873,3,661905,0,005957525,2,829932,0,03695723
11569,1,678547,3,693112,0,006232485,2,830537,0,04207501
11571,1,691007,3,70892,0,006075697,2,836712,0,0414449
11573,1,701232,3,658659,0,006094162,2,815922,0,0420937
11575,1,703787,3,640751,0,00602719,2,777492,0,04189527
11577,1,704643,3,619816,0,005785172,2,721081,0,04222262
11579,1,704548,3,626642,0,006102282,2,595502,0,04137211
11581,1,706354,3,592323,0,005876595,2,558793,0,03962373
11583,1,708474,3,604119,0,005664395,2,585144,0,03908112
11585,1,743805,3,82414,0,005729544,2,632196,0,04428129
11587,1,777705,3,784933,0,005823284,2,688916,0,04851032
11589,1,792774,3,835471,0,00600666,2,765559,0,04813031
11591,1,797043,3,824329,0,006147566,2,817082,0,05142875
11593,1,801312,3,804899,0,006143475,2,83782,0,05176168
11595,1,805577,3,722878,0,006144848,2,842136,0,05304375
11597,1,809844,3,712207,0,006146222,2,84219,0,05378641
11599,1,814115,3,711841,0,006213037,2,835727,0,05383649
11601,1,818387,3,707875,0,006408679,2,842169,0,05394452
11603,1,822658,3,713899,0,00836898,2,846354,0,05403724
11605,1,882397,3,745768,0,01219065,2,872442,0,05405834
11607,1,944795,3,803253,0,01213937,2,894679,0,05531747
11609,1,94802,3,919225,0,01207891,2,941501,0,05544339
11611,1,944705,3,903512,0,0118753,2,941295,0,05410644
11613,1,945288,3,922868,0,01182215,2,935739,0,05294325
11615,1,94587,3,942224,0,011769,2,938576,0,05136392
11617,1,932176,3,95967,0,01171586,2,952274,0,05046451
11619,1,920072,3,974473,0,01166271,2,941617,0,04742275
11621,1,931915,3,798469,0,01161384,2,988205,0,0501095
11623,1,942461,3,980824,0,009461048,3,01579,0,05195865
11625,1,907018,3,946061,0,007385112,3,013309,0,05218525
11627,1,895981,3,860486,0,007362974,3,014361,0,05216918
11629,1,885924,4,080636,0,00740286,3,021349,0,05266018
11631,1,87971,4,004051,0,007525673,3,03073,0,05157197
11633,1,873496,3,999498,0,007500873,3,029864,0,05075414
11635,1,867282,3,999598,0,007476073,3,038069,0,05042325
11637,1,861068,3,999698,0,007451273,3,046273,0,05009235
11639,1,854855,3,999798,0,007426473,3,054477,0,04976144
11641,1,848641,3,999898,0,007401673,3,062681,0,04943055
11643,1,842427,3,999998,0,007376873,3,070886,0,04909964
11645,1,836213,4,000097,0,007352073,3,07909,0,04886488
11647,1,829999,4,000197,0,007327273,3,054537,0,04871335
11649,1,823785,4,000297,0,007302472,3,038852,0,0485618
11651,1,817572,4,000397,0,007277672,3,038465,0,04850831
11653,1,811358,4,000581,0,007241589,3,038079,0,04825873
11655,1,805144,3,972117,0,007223134,3,007708,0,04711424
11657,1,748138,4,006602,0,007101,2,965648,0,04677978
11659,1,691133,4,023259,0,007077352,2,987558,0,04727111
11661,1,634127,4,035067,0,007053704,2,998046,0,04880246
11663,1,577121,4,065252,0,007030055,3,007757,0,04992628
11665,1,520116,4,071479,0,006950501,3,015777,0,04562295
11667,1,329431,4,077532,0,006928896,3,025302,0,04518738
11669,1,222919,4,074805,0,006614238,3,010604,0,04474997
11671,1,26018,4,072495,0,006594224,3,017824,0,04565212
11673,1,297441,4,02338,0,006596875,3,020077,0,05288349
11675,1,442436,3,995118,0,006622192,3,051271,0,05282185
11677,1,621906,3,966868,0,006647509,3,095775,0,0527663
11679,1,721011,3,877339,0,006673078,3,146917,0,05271531
11681,1,859539,3,720413,0,006698143,3,223579,0,04976578
11683,1,918828,3,836676,0,006723459,3,253314,0,0507623
11685,1,99691,3,846874,0,006748776,3,155401,0,05210917
11687,2,006416,3,854451,0,006774093,3,146096,0,05212161
11689,2,004091,3,855448,0,006761926,3,0685,0,05059568
11691,1,928245,3,811364,0,006749759,3,026777,0,04904707
11693,1,77079,3,781358,0,006737592,2,962036,0,04555035
11695,1,766755,3,748141,0,006725424,2,963663,0,03961363
11697,1,764888,3,755024,0,006719647,3,004426,0,03945252
11699,1,764294,3,81472,0,007048209,3,032457,0,04009623
11701,1,761472,3,846715,0,007556631,3,043057,0,04088243
11703,1,758649,3,884262,0,00757324,3,079805,0,04456338
11705,1,75566,3,905396,0,00758985,3,086862,0,04225155
11707,1,752671,3,938205,0,007557164,3,08901,0,04173379
11709,1,749679,3,931427,0,00752448,3,13235,0,04199254
11711,1,746661,3,924156,0,007582595,3,169039,0,04659769
11713,1,743618,3,915677,0,007581554,3,170296,0,04661313
11715,1,740575,3,907198,0,007575933,3,169348,0,04630647
11717,1,737532,3,898719,0,007566355,3,173093,0,04544508
11719,1,734496,3,89024,0,007562093,3,175196,0,04458368
11721,1,731469,3,881761,0,00755783,3,180779,0,04372228
11723,1,728512,3,873282,0,007553568,3,175094,0,04286089
11725,1,725465,3,862924,0,007549305,3,173484,0,04199949
11727,1,722419,3,852566,0,007545043,3,171874,0,04113809
11729,1,719372,3,842208,0,00754078,3,169857,0,03973578
11731,1,677613,3,821676,0,007518036,3,133564,0,03930782
11733,1,664835,3,785344,0,007259667,3,074427,0,03820453
11735,1,652063,3,776382,0,006373583,3,061202,0,0355238
11737,1,639296,3,768377,0,006312278,3,047426,0,03400813
11739,1,634477,3,769457,0,006250973,3,03994,0,03411725
11741,1,629657,3,763297,0,006189668,3,031074,0,03422637
11743,1,624838,3,756578,0,006128363,3,029517,0,03353681
11745,1,620018,3,711822,0,00604911,3,028,0,03269131
11747,1,615199,3,667067,0,005796504,3,054308,0,03210288
11749,1,610379,3,655493,0,005581654,3,067446,0,03260112
11751,1,60556,3,740982,0,005480496,3,069596,0,03321495
11753,1,60074,3,745135,0,005379338,3,073148,0,03364405
11755,1,595921,3,749288,0,005278181,3,081921,0,03407314
11757,1,526238,3,774415,0,005154707,3,057074,0,03451107
11759,1,457522,3,720164,0,00449119,2,975979,0,03367015
11761,1,435494,3,676989,0,004115988,2,93914,0,02598867
11763,1,425943,3,636351,0,003918324,2,941898,0,02555119
11765,1,416391,3,628509,0,00372066,2,935549,0,02423637
11767,1,398711,3,634184,0,003381145,2,862621,0,0231811
11769,1,373304,3,631104,0,003323778,2,773934,0,0222629
11771,1,359346,3,601922,0,003266136,2,726468,0,02139993
11773,1,348197,3,513247,0,00319971,2,682282,0,02059218
11775,1,344811,3,439317,0,003151741,2,68044,0,01978443
11777,1,341425,3,410054,0,003136274,2,66568,0,01943311
11779,1,338039,3,539807,0,003120807,2,648056,0,01904356
11781,1,334653,3,537071,0,003105341,2,651814,0,01859376
11783,1,33126,3,479849,0,003089874,2,641834,0,01814396
11785,1,295144,3,36214,0,003079414,2,590587,0,01769624
11787,1,26214,3,273286,0,003071602,2,58538,0,01724773
11789,1,249178,3,373784,0,003065333,2,585503,0,0175598
11791,1,244611,3,280016,0,003049867,2,565669,0,01634821
11793,1,240045,3,275112,0,002969269,2,556682,0,01606081
11795,1,235478,3,270209,0,002872246,2,538962,0,01594106
11797,1,230912,3,265309,0,002775223,2,521241,0,01560438
11799,1,226345,3,258679,0,002676943,2,448463,0,01523299
11801,1,221779,3,251014,0,002499585,2,443487,0,01485792
11803,1,217212,3,244045,0,00241682,2,35466,0,01460721
11805,1,157178,3,219009,0,002390261,2,304687,0,01319958
11807,1,094484,3,164986,0,002363703,2,267436,0,01146838
11809,1,090965,3,141629,0,002337144,2,245148,0,01089875
11811,1,087446,3,087239,0,002310586,2,229517,0,01032912
11813,1,083927,3,032849,0,002284027,2,227028,0,009759482
11815,1,080407,2,978459,0,002224127,2,224539,0,009189849
11817,1,076888,2,924069,0,002157887,2,22205,0,008902504
11819,1,073369,2,905137,0,002091648,2,202531,0,008680657
11821,1,037257,2,861674,0,001397043,2,119145,0,008458809
11823,1,014785,2,777879,0,001384759,2,094123,0,008243961
11825,1,003655,2,744622,0,001372475,2,028771,0,008015113
11827,1,003654,2,743845,0,001360191,2,004123,0,007413581
11829,1,003653,2,712153,0,001360191,1,98703,0,007243921
11831,1,003653,2,698989,0,001360191,1,940274,0,006471092
11833,1,003652,2,697361,0,001360191,1,934831,0,006275846
11835,1,003651,2,695734,0,001360191,1,933432,0,0060806
11837,1,003651,2,685231,0,001360191,1,932032,0,005885354
11839,1,00365,2,664332,0,001360191,1,930633,0,005690108
11841,1,003649,2,643433,0,001360191,1,929234,0,005494861
11843,1,003649,2,622535,0,00134814,1,927835,0,005299615
11845,1,003648,2,601635,0,001298698,1,926436,0,005104369
11847,1,003647,2,580736,0,001249257,1,925037,0,004909123
11849,1,003646,2,559838,0,001199816,1,918578,0,004713877
11851,1,003646,2,538939,0,001150374,1,911613,0,004573421
11853,1,003645,2,51804,0,001100933,1,904648,0,004458549
11855,1,003644,2,497141,0,001051492,1,897683,0,004343677
11857,1,003644,2,414293,0,00100205,1,831408,0,004228805
11859,1,003643,2,382639,0,0009526091,1,829831,0,004113933
11861,1,003642,2,349718,0,0009031677,1,798365,0,003999061
11863,1,003641,2,314908,0,0008537264,1,770223,0,003787971
11865,1,003641,2,213941,0,0008042851,1,736734,0,003472906
11867,1,00364,2,203765,0,0007548438,1,727149,0,002956662
11869,1,003639,2,128697,0,0007054024,1,676422,0,002761416
11871,0,943997,2,102857,0,0006559611,1,629836,0,002224068
11873,0,8843547,2,090341,0,0003577227,1,585489,0,002028039
11875,0,7169784,2,042514,0,0003324303,1,504303,0,001953896
11877,0,5151268,1,995807,0,0003071378,1,457832,0,001877734
11879,0,3788123,1,947629,0,0002818453,1,441697,0,001791216
11881,0,191197,1,87647,0,000272123,1,350686,0,001705142
11883,0,1181827,1,817039,0,0002613121,1,316207,0,001463369
11885,0,02631223,1,816067,0,0002059679,1,28629,0,001353303
11887,0,01289417,1,815093,0,0001806755,1,245942,0,001243885
11889,0,0117084,1,70591,0,0001594318,1,220528,0,001200488
11891,0,01052264,1,620818,0,0001394642,1,201537,0,001146873
11893,0,009336879,1,535726,0,0001164806,1,196273,0,0009972254
11895,0,008151115,1,482824,9,915085E-05,1,176746,0,0007948865
11897,0,006965352,1,474709,1,322392E-05,1,167341,0,0003829448
11899,0,004506377,1,386318,8,817872E-06,1,12904,0,0003004268
11901,0,004275911,1,370512,5,132821E-06,1,10721,0,0002473933
11903,0,004045445,1,357145,2,419156E-06,1,089542,0,0002403291
11905,0,0039821,1,343621,0,1,06794,0,0001642329
11907,0,003918755,1,332613,0,1,055866,0,0001416454
11909,0,003857579,1,318502,0,1,055458,0,0001011783
11911,0,003823185,1,247833,0,1,030063,1,137853E-05
11913,0,003813404,1,242022,0,1,02773,1,137796E-05
11915,0,003803622,1,241083,0,1,025565,1,137739E-05
11917,0,003793841,1,23886,0,1,013973,1,137683E-05
11919,0,003776504,1,234429,0,1,013654,8,596475E-06
11921,0,003751612,1,171607,0,0,987868,5,530235E-06
11923,0,003655676,1,139976,0,0,9846247,0
11925,0,003649564,1,139849,0,0,9821156,0
